employee_id,usia,lama_bekerja_tahun,level_jabatan,department_name,project_budget,durasi_hari,kpi_category,rata_kpi_value
1,38,9,Manager,Operations,75000000.0,203,Efficiency,91.02
1,38,9,Manager,Operations,75000000.0,203,HR,94.265
1,38,9,Manager,Operations,75000000.0,203,Innovation,96.66
1,38,9,Manager,Operations,75000000.0,203,Performance,93.34
1,38,9,Manager,Operations,75000000.0,203,Project,91.8
1,38,9,Manager,Operations,75000000.0,203,Quality,90.3
1,38,9,Manager,Operations,75000000.0,203,Technical,98.0
1,38,9,Manager,Operations,82017929.0,114,Attendance,94.65
1,38,9,Manager,Operations,82017929.0,114,HR,96.41
1,38,9,Manager,Operations,82017929.0,114,Innovation,91.89
1,38,9,Manager,Operations,82017929.0,114,Project,87.16
1,38,9,Manager,Operations,82017929.0,114,Quality,91.92
1,38,9,Manager,Operations,82017929.0,114,Teamwork,94.61
1,38,9,Manager,Operations,82017929.0,114,Technical,92.78
1,38,9,Manager,Operations,110000000.0,199,Attendance,89.19
1,38,9,Manager,Operations,110000000.0,199,Development,90.18
1,38,9,Manager,Operations,110000000.0,199,HR,91.92
1,38,9,Manager,Operations,110000000.0,199,Quality,92.045
1,38,9,Manager,Operations,110000000.0,199,Teamwork,94.66
1,38,9,Manager,Operations,110000000.0,199,Technical,87.83
1,38,9,Manager,Operations,110000000.0,199,Time Management,98.0
1,38,9,Manager,Operations,140000000.0,211,Attendance,98.0
1,38,9,Manager,Operations,140000000.0,211,Development,92.29
1,38,9,Manager,Operations,140000000.0,211,HR,94.49000000000001
1,38,9,Manager,Operations,140000000.0,211,Innovation,93.91
1,38,9,Manager,Operations,140000000.0,211,Quality,89.94
1,38,9,Manager,Operations,204675132.0,174,Attendance,98.0
1,38,9,Manager,Operations,204675132.0,174,Development,92.01
1,38,9,Manager,Operations,204675132.0,174,HR,98.0
1,38,9,Manager,Operations,204675132.0,174,Quality,92.91499999999999
1,38,9,Manager,Operations,204675132.0,174,Teamwork,93.8
1,38,9,Manager,Operations,204675132.0,174,Technical,95.72
1,38,9,Manager,Operations,204675132.0,174,Time Management,92.52
1,38,9,Manager,Operations,206368642.0,46,Attendance,98.0
1,38,9,Manager,Operations,206368642.0,46,Development,96.37
1,38,9,Manager,Operations,206368642.0,46,Efficiency,98.0
1,38,9,Manager,Operations,206368642.0,46,Innovation,89.85
1,38,9,Manager,Operations,206368642.0,46,Quality,90.07
1,38,9,Manager,Operations,206368642.0,46,Technical,94.23
1,38,9,Manager,Operations,300000000.0,242,Development,94.34
1,38,9,Manager,Operations,300000000.0,242,Efficiency,97.76
1,38,9,Manager,Operations,300000000.0,242,Finance,88.57499999999999
1,38,9,Manager,Operations,300000000.0,242,HR,96.28000000000002
1,38,9,Manager,Operations,300000000.0,242,Innovation,90.935
1,38,9,Manager,Operations,300000000.0,242,Teamwork,90.14
1,38,9,Manager,Operations,300000000.0,242,Technical,90.67
1,38,9,Manager,Operations,300000000.0,242,Time Management,88.52
1,38,9,Manager,Operations,472961951.0,350,Efficiency,93.28
1,38,9,Manager,Operations,472961951.0,350,Finance,94.97
1,38,9,Manager,Operations,472961951.0,350,Performance,94.155
1,38,9,Manager,Operations,472961951.0,350,Quality,88.24
1,38,9,Manager,Operations,472961951.0,350,Technical,96.215
1,38,9,Manager,Operations,472961951.0,350,Time Management,98.0
2,28,2,Staff,IT,50000000.0,211,HR,77.96
2,28,2,Staff,IT,50000000.0,211,Performance,74.45
2,28,2,Staff,IT,60000000.0,214,Development,62.38
2,28,2,Staff,IT,60000000.0,214,Efficiency,68.225
2,28,2,Staff,IT,60000000.0,214,HR,77.435
2,28,2,Staff,IT,60000000.0,214,Innovation,66.37
2,28,2,Staff,IT,60000000.0,214,Performance,67.02
2,28,2,Staff,IT,60000000.0,214,Quality,66.418
2,28,2,Staff,IT,60000000.0,214,Time Management,69.97
2,28,2,Staff,IT,90000000.0,244,Attendance,75.2
2,28,2,Staff,IT,90000000.0,244,HR,72.59
2,28,2,Staff,IT,90000000.0,244,Project,70.33
2,28,2,Staff,IT,90000000.0,244,Quality,63.8
2,28,2,Staff,IT,90000000.0,244,Technical,81.54
2,28,2,Staff,IT,90000000.0,244,Time Management,72.18
2,28,2,Staff,IT,110000000.0,199,Development,59.8
2,28,2,Staff,IT,110000000.0,199,Efficiency,74.04
2,28,2,Staff,IT,110000000.0,199,Finance,66.75
2,28,2,Staff,IT,110000000.0,199,Performance,75.49
2,28,2,Staff,IT,110000000.0,199,Quality,67.61
2,28,2,Staff,IT,110000000.0,199,Teamwork,73.12
2,28,2,Staff,IT,110000000.0,199,Technical,71.02
2,28,2,Staff,IT,110000000.0,199,Time Management,72.53
2,28,2,Staff,IT,120000000.0,152,Development,62.99
2,28,2,Staff,IT,120000000.0,152,Finance,67.83
2,28,2,Staff,IT,120000000.0,152,HR,72.88
2,28,2,Staff,IT,120000000.0,152,Performance,64.75
2,28,2,Staff,IT,120000000.0,152,Time Management,64.12
2,28,2,Staff,IT,180000000.0,193,Attendance,70.64
2,28,2,Staff,IT,180000000.0,193,Efficiency,68.82
2,28,2,Staff,IT,180000000.0,193,Project,69.99
2,28,2,Staff,IT,180000000.0,193,Quality,63.3
2,28,2,Staff,IT,180000000.0,193,Teamwork,81.08
2,28,2,Staff,IT,180000000.0,193,Technical,72.37
2,28,2,Staff,IT,180000000.0,193,Time Management,70.25
2,28,2,Staff,IT,250000000.0,291,Attendance,66.03
2,28,2,Staff,IT,250000000.0,291,Development,64.26
2,28,2,Staff,IT,250000000.0,291,Efficiency,72.0
2,28,2,Staff,IT,250000000.0,291,Finance,69.3
2,28,2,Staff,IT,250000000.0,291,HR,66.695
2,28,2,Staff,IT,250000000.0,291,Performance,72.0
2,28,2,Staff,IT,250000000.0,291,Quality,69.32
2,28,2,Staff,IT,250000000.0,291,Teamwork,70.38
2,28,2,Staff,IT,250000000.0,291,Technical,62.77333333333333
2,28,2,Staff,IT,300000000.0,242,Attendance,71.81
2,28,2,Staff,IT,300000000.0,242,HR,63.24
2,28,2,Staff,IT,300000000.0,242,Time Management,61.73
3,22,4,Staff,Procurement,120000000.0,152,Finance,58.87
3,22,4,Staff,Procurement,120000000.0,152,HR,73.22
3,22,4,Staff,Procurement,120000000.0,152,Innovation,62.3
3,22,4,Staff,Procurement,120000000.0,152,Performance,58.77
3,22,4,Staff,Procurement,120000000.0,152,Quality,55.01
3,22,4,Staff,Procurement,120000000.0,152,Technical,54.42
3,22,4,Staff,Procurement,120000000.0,152,Time Management,61.72
3,22,4,Staff,Procurement,150000000.0,274,Attendance,70.52
3,22,4,Staff,Procurement,150000000.0,274,HR,66.6
3,22,4,Staff,Procurement,150000000.0,274,Innovation,65.37
3,22,4,Staff,Procurement,150000000.0,274,Performance,67.28
3,22,4,Staff,Procurement,150000000.0,274,Quality,60.51
3,22,4,Staff,Procurement,150000000.0,274,Teamwork,61.26
3,22,4,Staff,Procurement,150000000.0,274,Technical,63.62
3,22,4,Staff,Procurement,150000000.0,274,Time Management,64.02
3,22,4,Staff,Procurement,170000000.0,229,Attendance,69.54
3,22,4,Staff,Procurement,170000000.0,229,Efficiency,69.53
3,22,4,Staff,Procurement,170000000.0,229,Finance,55.56
3,22,4,Staff,Procurement,170000000.0,229,Innovation,58.61
3,22,4,Staff,Procurement,170000000.0,229,Project,58.87
3,22,4,Staff,Procurement,170000000.0,229,Quality,60.91
3,22,4,Staff,Procurement,170000000.0,229,Teamwork,64.73
3,22,4,Staff,Procurement,170000000.0,229,Technical,68.5
3,22,4,Staff,Procurement,170000000.0,229,Time Management,63.519999999999996
3,22,4,Staff,Procurement,190000000.0,241,Attendance,70.63499999999999
3,22,4,Staff,Procurement,190000000.0,241,Development,58.02
3,22,4,Staff,Procurement,190000000.0,241,Efficiency,64.72
3,22,4,Staff,Procurement,190000000.0,241,Finance,62.64
3,22,4,Staff,Procurement,190000000.0,241,HR,62.26
3,22,4,Staff,Procurement,190000000.0,241,Innovation,58.51
3,22,4,Staff,Procurement,190000000.0,241,Quality,61.292500000000004
3,22,4,Staff,Procurement,190000000.0,241,Teamwork,65.78
3,22,4,Staff,Procurement,190000000.0,241,Technical,61.35
3,22,4,Staff,Procurement,190000000.0,241,Time Management,58.16
3,22,4,Staff,Procurement,200000000.0,167,Development,68.13
3,22,4,Staff,Procurement,200000000.0,167,Efficiency,66.68
3,22,4,Staff,Procurement,200000000.0,167,Finance,61.98
3,22,4,Staff,Procurement,200000000.0,167,HR,64.63
3,22,4,Staff,Procurement,200000000.0,167,Performance,57.83
3,22,4,Staff,Procurement,200000000.0,167,Project,69.75
3,22,4,Staff,Procurement,200000000.0,167,Quality,60.93666666666667
3,22,4,Staff,Procurement,206368642.0,46,Attendance,66.94
3,22,4,Staff,Procurement,206368642.0,46,Efficiency,65.4
3,22,4,Staff,Procurement,206368642.0,46,Project,71.75
3,22,4,Staff,Procurement,206368642.0,46,Quality,62.879999999999995
3,22,4,Staff,Procurement,206368642.0,46,Technical,67.55
3,22,4,Staff,Procurement,369461833.0,321,Attendance,79.84
3,22,4,Staff,Procurement,369461833.0,321,Finance,54.15
3,22,4,Staff,Procurement,369461833.0,321,Innovation,57.6
3,22,4,Staff,Procurement,369461833.0,321,Performance,61.63
3,22,4,Staff,Procurement,369461833.0,321,Quality,65.60499999999999
3,22,4,Staff,Procurement,369461833.0,321,Technical,60.77
3,22,4,Staff,Procurement,472961951.0,350,Attendance,65.83
3,22,4,Staff,Procurement,472961951.0,350,Quality,60.39
3,22,4,Staff,Procurement,472961951.0,350,Teamwork,71.18
4,37,8,Manager,Operations,95000000.0,211,Finance,90.37
4,37,8,Manager,Operations,95000000.0,211,Quality,91.84
4,37,8,Manager,Operations,95000000.0,211,Technical,95.59
4,37,8,Manager,Operations,110000000.0,199,HR,94.07
4,37,8,Manager,Operations,110000000.0,199,Quality,92.16
4,37,8,Manager,Operations,278244747.0,88,Efficiency,97.05
4,37,8,Manager,Operations,278244747.0,88,Finance,94.13
4,37,8,Manager,Operations,278244747.0,88,HR,88.29
4,37,8,Manager,Operations,278244747.0,88,Innovation,96.05
4,37,8,Manager,Operations,278244747.0,88,Performance,91.3
4,37,8,Manager,Operations,278244747.0,88,Quality,92.84
4,37,8,Manager,Operations,278244747.0,88,Teamwork,98.0
4,37,8,Manager,Operations,278244747.0,88,Time Management,94.64
4,37,8,Manager,Operations,291868109.0,256,Attendance,98.0
4,37,8,Manager,Operations,291868109.0,256,Development,87.77
4,37,8,Manager,Operations,291868109.0,256,Efficiency,91.85
4,37,8,Manager,Operations,291868109.0,256,Finance,96.62
4,37,8,Manager,Operations,291868109.0,256,HR,96.53999999999999
4,37,8,Manager,Operations,291868109.0,256,Project,97.48
4,37,8,Manager,Operations,291868109.0,256,Quality,95.345
4,37,8,Manager,Operations,300000000.0,242,Attendance,96.69
4,37,8,Manager,Operations,300000000.0,242,Development,89.55
4,37,8,Manager,Operations,300000000.0,242,HR,96.005
4,37,8,Manager,Operations,300000000.0,242,Teamwork,98.0
4,37,8,Manager,Operations,300000000.0,242,Technical,90.33
4,37,8,Manager,Operations,355280620.0,347,Attendance,96.78
4,37,8,Manager,Operations,355280620.0,347,Development,86.515
4,37,8,Manager,Operations,355280620.0,347,Efficiency,94.79
4,37,8,Manager,Operations,355280620.0,347,HR,91.59
4,37,8,Manager,Operations,355280620.0,347,Innovation,91.06
4,37,8,Manager,Operations,355280620.0,347,Quality,97.81
4,37,8,Manager,Operations,355280620.0,347,Teamwork,95.94
4,37,8,Manager,Operations,355280620.0,347,Technical,94.95
4,37,8,Manager,Operations,355280620.0,347,Time Management,97.55
4,37,8,Manager,Operations,365962025.0,249,HR,96.83500000000001
4,37,8,Manager,Operations,365962025.0,249,Innovation,90.005
4,37,8,Manager,Operations,365962025.0,249,Project,92.21
4,37,8,Manager,Operations,365962025.0,249,Quality,94.58999999999999
4,37,8,Manager,Operations,365962025.0,249,Technical,97.55
4,37,8,Manager,Operations,365962025.0,249,Time Management,95.39
4,37,8,Manager,Operations,400000000.0,259,Efficiency,92.61
4,37,8,Manager,Operations,400000000.0,259,HR,98.0
4,37,8,Manager,Operations,400000000.0,259,Innovation,91.07
4,37,8,Manager,Operations,400000000.0,259,Performance,93.82
4,37,8,Manager,Operations,400000000.0,259,Project,87.39
4,37,8,Manager,Operations,400000000.0,259,Quality,90.55
4,37,8,Manager,Operations,400000000.0,259,Technical,84.84
4,37,8,Manager,Operations,400000000.0,259,Time Management,95.28999999999999
5,45,15,Director,Quality Assurance,120000000.0,152,Development,98.0
5,45,15,Director,Quality Assurance,120000000.0,152,HR,98.0
5,45,15,Director,Quality Assurance,120000000.0,152,Project,98.0
5,45,15,Director,Quality Assurance,120000000.0,152,Quality,98.0
5,45,15,Director,Quality Assurance,120000000.0,152,Teamwork,98.0
5,45,15,Director,Quality Assurance,120000000.0,152,Technical,98.0
5,45,15,Director,Quality Assurance,120000000.0,152,Time Management,98.0
5,45,15,Director,Quality Assurance,170000000.0,229,Development,98.0
5,45,15,Director,Quality Assurance,170000000.0,229,HR,98.0
5,45,15,Director,Quality Assurance,170000000.0,229,Quality,98.0
5,45,15,Director,Quality Assurance,204675132.0,174,Attendance,98.0
5,45,15,Director,Quality Assurance,204675132.0,174,Efficiency,98.0
5,45,15,Director,Quality Assurance,204675132.0,174,Finance,98.0
5,45,15,Director,Quality Assurance,204675132.0,174,Innovation,98.0
5,45,15,Director,Quality Assurance,204675132.0,174,Project,98.0
5,45,15,Director,Quality Assurance,204675132.0,174,Quality,98.0
5,45,15,Director,Quality Assurance,220000000.0,225,Attendance,98.0
5,45,15,Director,Quality Assurance,220000000.0,225,Finance,98.0
5,45,15,Director,Quality Assurance,220000000.0,225,HR,98.0
5,45,15,Director,Quality Assurance,220000000.0,225,Performance,98.0
5,45,15,Director,Quality Assurance,220000000.0,225,Quality,98.0
5,45,15,Director,Quality Assurance,375514309.0,335,Attendance,98.0
5,45,15,Director,Quality Assurance,375514309.0,335,Development,98.0
5,45,15,Director,Quality Assurance,375514309.0,335,Project,98.0
5,45,15,Director,Quality Assurance,375514309.0,335,Quality,98.0
5,45,15,Director,Quality Assurance,375514309.0,335,Teamwork,98.0
5,45,15,Director,Quality Assurance,375514309.0,335,Technical,98.0
5,45,15,Director,Quality Assurance,377293102.0,80,HR,98.0
5,45,15,Director,Quality Assurance,377293102.0,80,Performance,98.0
5,45,15,Director,Quality Assurance,377293102.0,80,Quality,98.0
5,45,15,Director,Quality Assurance,377293102.0,80,Time Management,98.0
5,45,15,Director,Quality Assurance,397696244.0,106,Attendance,98.0
5,45,15,Director,Quality Assurance,397696244.0,106,Efficiency,98.0
5,45,15,Director,Quality Assurance,397696244.0,106,HR,98.0
5,45,15,Director,Quality Assurance,397696244.0,106,Project,98.0
5,45,15,Director,Quality Assurance,397696244.0,106,Quality,98.0
5,45,15,Director,Quality Assurance,404564658.0,71,HR,98.0
5,45,15,Director,Quality Assurance,404564658.0,71,Project,98.0
5,45,15,Director,Quality Assurance,404564658.0,71,Quality,98.0
5,45,15,Director,Quality Assurance,404564658.0,71,Teamwork,98.0
5,45,15,Director,Quality Assurance,404564658.0,71,Technical,98.0
6,39,9,Manager,Procurement,88214342.0,149,Attendance,97.28
6,39,9,Manager,Procurement,88214342.0,149,Performance,89.52
6,39,9,Manager,Procurement,88214342.0,149,Quality,85.08
6,39,9,Manager,Procurement,88214342.0,149,Teamwork,91.24
6,39,9,Manager,Procurement,180000000.0,193,Attendance,97.15
6,39,9,Manager,Procurement,180000000.0,193,Efficiency,84.78
6,39,9,Manager,Procurement,180000000.0,193,Finance,87.28
6,39,9,Manager,Procurement,180000000.0,193,HR,87.80000000000001
6,39,9,Manager,Procurement,180000000.0,193,Innovation,81.84
6,39,9,Manager,Procurement,180000000.0,193,Performance,86.44999999999999
6,39,9,Manager,Procurement,180000000.0,193,Quality,87.26
6,39,9,Manager,Procurement,250000000.0,291,Development,80.94
6,39,9,Manager,Procurement,250000000.0,291,Efficiency,89.02
6,39,9,Manager,Procurement,250000000.0,291,HR,96.705
6,39,9,Manager,Procurement,250000000.0,291,Performance,86.87
6,39,9,Manager,Procurement,250000000.0,291,Project,92.81
6,39,9,Manager,Procurement,250000000.0,291,Quality,87.55
6,39,9,Manager,Procurement,250000000.0,291,Teamwork,88.65
6,39,9,Manager,Procurement,250000000.0,291,Technical,86.09
6,39,9,Manager,Procurement,250000000.0,291,Time Management,90.32
6,39,9,Manager,Procurement,365962025.0,249,Attendance,89.99
6,39,9,Manager,Procurement,365962025.0,249,Development,87.92
6,39,9,Manager,Procurement,365962025.0,249,Efficiency,92.73
6,39,9,Manager,Procurement,365962025.0,249,Finance,90.055
6,39,9,Manager,Procurement,365962025.0,249,HR,90.3
6,39,9,Manager,Procurement,365962025.0,249,Quality,86.54666666666667
6,39,9,Manager,Procurement,365962025.0,249,Technical,86.05
6,39,9,Manager,Procurement,365962025.0,249,Time Management,84.56
6,39,9,Manager,Procurement,377293102.0,80,Attendance,93.265
6,39,9,Manager,Procurement,377293102.0,80,Efficiency,90.47
6,39,9,Manager,Procurement,377293102.0,80,Finance,84.26
6,39,9,Manager,Procurement,377293102.0,80,HR,90.595
6,39,9,Manager,Procurement,377293102.0,80,Quality,79.9
6,39,9,Manager,Procurement,377293102.0,80,Technical,93.14
6,39,9,Manager,Procurement,377293102.0,80,Time Management,94.0
6,39,9,Manager,Procurement,400000000.0,259,Attendance,96.41
6,39,9,Manager,Procurement,400000000.0,259,Innovation,85.03
6,39,9,Manager,Procurement,400000000.0,259,Performance,89.39
6,39,9,Manager,Procurement,400000000.0,259,Quality,90.79666666666667
6,39,9,Manager,Procurement,400000000.0,259,Technical,97.33
6,39,9,Manager,Procurement,466447298.0,297,Attendance,89.44
6,39,9,Manager,Procurement,466447298.0,297,Development,88.51
6,39,9,Manager,Procurement,466447298.0,297,Finance,87.81
6,39,9,Manager,Procurement,466447298.0,297,HR,96.79
6,39,9,Manager,Procurement,466447298.0,297,Innovation,85.77
6,39,9,Manager,Procurement,466447298.0,297,Performance,94.64
6,39,9,Manager,Procurement,466447298.0,297,Project,88.87
6,39,9,Manager,Procurement,466447298.0,297,Quality,89.572
6,39,9,Manager,Procurement,466447298.0,297,Time Management,94.94
6,39,9,Manager,Procurement,493794225.0,102,Attendance,97.97
7,26,5,Staff,Operations,82017929.0,114,Attendance,68.08
7,26,5,Staff,Operations,82017929.0,114,Development,61.49
7,26,5,Staff,Operations,82017929.0,114,Project,63.13
7,26,5,Staff,Operations,82017929.0,114,Quality,65.61
7,26,5,Staff,Operations,82017929.0,114,Teamwork,65.84
7,26,5,Staff,Operations,82017929.0,114,Technical,65.99000000000001
7,26,5,Staff,Operations,82017929.0,114,Time Management,69.77
7,26,5,Staff,Operations,134037811.0,31,Development,67.19
7,26,5,Staff,Operations,134037811.0,31,HR,69.395
7,26,5,Staff,Operations,134037811.0,31,Innovation,67.33
7,26,5,Staff,Operations,134037811.0,31,Performance,69.89
7,26,5,Staff,Operations,134037811.0,31,Quality,68.58
7,26,5,Staff,Operations,134037811.0,31,Technical,66.05
7,26,5,Staff,Operations,140000000.0,211,Attendance,72.83
7,26,5,Staff,Operations,140000000.0,211,Efficiency,67.1
7,26,5,Staff,Operations,140000000.0,211,Finance,65.83
7,26,5,Staff,Operations,140000000.0,211,HR,69.65
7,26,5,Staff,Operations,140000000.0,211,Innovation,63.99
7,26,5,Staff,Operations,140000000.0,211,Performance,69.025
7,26,5,Staff,Operations,140000000.0,211,Teamwork,72.13
7,26,5,Staff,Operations,140000000.0,211,Technical,65.69
7,26,5,Staff,Operations,200000000.0,167,Attendance,70.56
7,26,5,Staff,Operations,200000000.0,167,Development,61.55
7,26,5,Staff,Operations,200000000.0,167,HR,68.82666666666667
7,26,5,Staff,Operations,200000000.0,167,Innovation,58.09
7,26,5,Staff,Operations,200000000.0,167,Quality,58.64
7,26,5,Staff,Operations,200000000.0,167,Teamwork,60.8
7,26,5,Staff,Operations,200000000.0,167,Time Management,61.99
7,26,5,Staff,Operations,220000000.0,225,Efficiency,70.03
7,26,5,Staff,Operations,220000000.0,225,Project,67.44
7,26,5,Staff,Operations,220000000.0,225,Technical,59.89
7,26,5,Staff,Operations,278244747.0,88,Attendance,80.665
7,26,5,Staff,Operations,278244747.0,88,Efficiency,76.01
7,26,5,Staff,Operations,278244747.0,88,Performance,61.84
7,26,5,Staff,Operations,278244747.0,88,Quality,65.03
7,26,5,Staff,Operations,278244747.0,88,Technical,67.62
7,26,5,Staff,Operations,375514309.0,335,Efficiency,67.97
7,26,5,Staff,Operations,375514309.0,335,Finance,53.7
7,26,5,Staff,Operations,375514309.0,335,Performance,71.49000000000001
7,26,5,Staff,Operations,375514309.0,335,Quality,64.79
7,26,5,Staff,Operations,397696244.0,106,Attendance,73.0
7,26,5,Staff,Operations,397696244.0,106,Efficiency,74.13
7,26,5,Staff,Operations,397696244.0,106,HR,69.1
7,26,5,Staff,Operations,397696244.0,106,Innovation,61.245000000000005
7,26,5,Staff,Operations,397696244.0,106,Project,63.12
7,26,5,Staff,Operations,397696244.0,106,Quality,64.925
7,26,5,Staff,Operations,397696244.0,106,Teamwork,70.5
7,26,5,Staff,Operations,397696244.0,106,Time Management,63.98
8,32,7,Manager,Quality Assurance,110000000.0,199,Attendance,98.0
8,32,7,Manager,Quality Assurance,110000000.0,199,Development,93.91
8,32,7,Manager,Quality Assurance,110000000.0,199,Efficiency,97.44
8,32,7,Manager,Quality Assurance,110000000.0,199,Finance,96.98
8,32,7,Manager,Quality Assurance,110000000.0,199,HR,97.26
8,32,7,Manager,Quality Assurance,110000000.0,199,Performance,92.28
8,32,7,Manager,Quality Assurance,110000000.0,199,Project,98.0
8,32,7,Manager,Quality Assurance,110000000.0,199,Quality,92.93666666666667
8,32,7,Manager,Quality Assurance,110000000.0,199,Teamwork,95.705
8,32,7,Manager,Quality Assurance,110000000.0,199,Time Management,94.025
8,32,7,Manager,Quality Assurance,130000000.0,303,Innovation,90.2
8,32,7,Manager,Quality Assurance,130000000.0,303,Quality,89.995
8,32,7,Manager,Quality Assurance,134037811.0,31,Finance,88.12
8,32,7,Manager,Quality Assurance,134037811.0,31,Quality,97.8
8,32,7,Manager,Quality Assurance,134037811.0,31,Technical,96.66
8,32,7,Manager,Quality Assurance,150000000.0,274,Efficiency,98.0
8,32,7,Manager,Quality Assurance,150000000.0,274,Time Management,92.98
8,32,7,Manager,Quality Assurance,190000000.0,241,HR,95.94999999999999
8,32,7,Manager,Quality Assurance,190000000.0,241,Innovation,91.22
8,32,7,Manager,Quality Assurance,190000000.0,241,Quality,98.0
8,32,7,Manager,Quality Assurance,250000000.0,291,Efficiency,96.45
8,32,7,Manager,Quality Assurance,250000000.0,291,HR,95.80333333333333
8,32,7,Manager,Quality Assurance,250000000.0,291,Innovation,93.18
8,32,7,Manager,Quality Assurance,250000000.0,291,Quality,94.63666666666666
8,32,7,Manager,Quality Assurance,250000000.0,291,Teamwork,95.68
8,32,7,Manager,Quality Assurance,250000000.0,291,Technical,91.16
8,32,7,Manager,Quality Assurance,250000000.0,291,Time Management,96.2
8,32,7,Manager,Quality Assurance,365962025.0,249,Attendance,98.0
8,32,7,Manager,Quality Assurance,365962025.0,249,Finance,92.45
8,32,7,Manager,Quality Assurance,365962025.0,249,HR,96.50999999999999
8,32,7,Manager,Quality Assurance,365962025.0,249,Innovation,89.03
8,32,7,Manager,Quality Assurance,365962025.0,249,Performance,95.24
8,32,7,Manager,Quality Assurance,365962025.0,249,Quality,90.89
8,32,7,Manager,Quality Assurance,365962025.0,249,Time Management,93.99
8,32,7,Manager,Quality Assurance,377293102.0,80,Attendance,97.07333333333334
8,32,7,Manager,Quality Assurance,377293102.0,80,Efficiency,96.53
8,32,7,Manager,Quality Assurance,377293102.0,80,HR,94.685
8,32,7,Manager,Quality Assurance,377293102.0,80,Innovation,91.1
8,32,7,Manager,Quality Assurance,377293102.0,80,Performance,98.0
8,32,7,Manager,Quality Assurance,377293102.0,80,Project,98.0
8,32,7,Manager,Quality Assurance,377293102.0,80,Quality,93.425
8,32,7,Manager,Quality Assurance,377293102.0,80,Teamwork,94.67666666666666
8,32,7,Manager,Quality Assurance,377293102.0,80,Time Management,92.46
9,28,5,Staff,Finance,50000000.0,211,Development,61.16
9,28,5,Staff,Finance,50000000.0,211,Quality,68.7825
9,28,5,Staff,Finance,50000000.0,211,Teamwork,72.935
9,28,5,Staff,Finance,50000000.0,211,Time Management,68.545
9,28,5,Staff,Finance,60000000.0,214,Attendance,69.23
9,28,5,Staff,Finance,60000000.0,214,Innovation,61.63
9,28,5,Staff,Finance,60000000.0,214,Quality,68.23
9,28,5,Staff,Finance,60000000.0,214,Teamwork,75.96
9,28,5,Staff,Finance,60000000.0,214,Technical,55.39
9,28,5,Staff,Finance,60000000.0,214,Time Management,60.01
9,28,5,Staff,Finance,82017929.0,114,Development,64.28
9,28,5,Staff,Finance,82017929.0,114,Efficiency,65.7
9,28,5,Staff,Finance,82017929.0,114,Quality,61.69
9,28,5,Staff,Finance,82017929.0,114,Technical,63.59
9,28,5,Staff,Finance,95000000.0,211,Attendance,69.54
9,28,5,Staff,Finance,95000000.0,211,Development,65.77
9,28,5,Staff,Finance,95000000.0,211,Efficiency,71.67
9,28,5,Staff,Finance,95000000.0,211,Finance,70.62
9,28,5,Staff,Finance,95000000.0,211,HR,78.07
9,28,5,Staff,Finance,95000000.0,211,Innovation,59.56
9,28,5,Staff,Finance,95000000.0,211,Performance,77.01
9,28,5,Staff,Finance,95000000.0,211,Project,69.64
9,28,5,Staff,Finance,95000000.0,211,Quality,67.77666666666667
9,28,5,Staff,Finance,95000000.0,211,Technical,74.34
9,28,5,Staff,Finance,95000000.0,211,Time Management,67.25
9,28,5,Staff,Finance,120000000.0,152,Attendance,80.24
9,28,5,Staff,Finance,120000000.0,152,Development,65.76
9,28,5,Staff,Finance,120000000.0,152,Finance,66.21000000000001
9,28,5,Staff,Finance,120000000.0,152,HR,68.28
9,28,5,Staff,Finance,120000000.0,152,Innovation,65.1
9,28,5,Staff,Finance,120000000.0,152,Performance,72.38499999999999
9,28,5,Staff,Finance,120000000.0,152,Project,77.17
9,28,5,Staff,Finance,120000000.0,152,Quality,75.44
9,28,5,Staff,Finance,120000000.0,152,Technical,77.07
9,28,5,Staff,Finance,200000000.0,167,Attendance,75.14
9,28,5,Staff,Finance,200000000.0,167,HR,72.72
9,28,5,Staff,Finance,200000000.0,167,Innovation,56.98
9,28,5,Staff,Finance,200000000.0,167,Performance,72.81
9,28,5,Staff,Finance,200000000.0,167,Quality,60.91
9,28,5,Staff,Finance,200000000.0,167,Time Management,66.94
9,28,5,Staff,Finance,300000000.0,242,Finance,59.59
9,28,5,Staff,Finance,300000000.0,242,Performance,73.92
9,28,5,Staff,Finance,300000000.0,242,Project,60.88
9,28,5,Staff,Finance,300000000.0,242,Teamwork,70.7
9,28,5,Staff,Finance,493794225.0,102,Attendance,74.74
9,28,5,Staff,Finance,493794225.0,102,Development,61.974999999999994
9,28,5,Staff,Finance,493794225.0,102,Finance,65.71
9,28,5,Staff,Finance,493794225.0,102,HR,68.15
9,28,5,Staff,Finance,493794225.0,102,Project,74.02
9,28,5,Staff,Finance,493794225.0,102,Teamwork,69.12
10,33,6,Senior Staff,Quality Assurance,80000000.0,138,Attendance,71.975
10,33,6,Senior Staff,Quality Assurance,80000000.0,138,Development,57.81
10,33,6,Senior Staff,Quality Assurance,80000000.0,138,Efficiency,72.24000000000001
10,33,6,Senior Staff,Quality Assurance,80000000.0,138,HR,75.31666666666666
10,33,6,Senior Staff,Quality Assurance,80000000.0,138,Innovation,65.93
10,33,6,Senior Staff,Quality Assurance,80000000.0,138,Performance,65.65
10,33,6,Senior Staff,Quality Assurance,80000000.0,138,Quality,68.86
10,33,6,Senior Staff,Quality Assurance,80000000.0,138,Teamwork,69.16666666666667
10,33,6,Senior Staff,Quality Assurance,80000000.0,138,Technical,68.46333333333332
10,33,6,Senior Staff,Quality Assurance,88214342.0,149,Efficiency,69.55
10,33,6,Senior Staff,Quality Assurance,88214342.0,149,HR,75.95
10,33,6,Senior Staff,Quality Assurance,88214342.0,149,Technical,70.78
10,33,6,Senior Staff,Quality Assurance,110000000.0,199,HR,71.55
10,33,6,Senior Staff,Quality Assurance,110000000.0,199,Performance,75.2
10,33,6,Senior Staff,Quality Assurance,110000000.0,199,Quality,66.06
10,33,6,Senior Staff,Quality Assurance,110000000.0,199,Teamwork,81.29
10,33,6,Senior Staff,Quality Assurance,110000000.0,199,Technical,73.81
10,33,6,Senior Staff,Quality Assurance,120000000.0,152,Efficiency,72.09
10,33,6,Senior Staff,Quality Assurance,120000000.0,152,Finance,64.49
10,33,6,Senior Staff,Quality Assurance,120000000.0,152,HR,65.09
10,33,6,Senior Staff,Quality Assurance,120000000.0,152,Project,68.16
10,33,6,Senior Staff,Quality Assurance,120000000.0,152,Quality,66.69
10,33,6,Senior Staff,Quality Assurance,120000000.0,152,Teamwork,74.43
10,33,6,Senior Staff,Quality Assurance,120000000.0,152,Technical,74.9
10,33,6,Senior Staff,Quality Assurance,178776637.0,118,Development,61.62
10,33,6,Senior Staff,Quality Assurance,178776637.0,118,Efficiency,69.33
10,33,6,Senior Staff,Quality Assurance,178776637.0,118,HR,75.30000000000001
10,33,6,Senior Staff,Quality Assurance,178776637.0,118,Performance,73.81
10,33,6,Senior Staff,Quality Assurance,178776637.0,118,Quality,70.95666666666666
10,33,6,Senior Staff,Quality Assurance,178776637.0,118,Technical,67.31
10,33,6,Senior Staff,Quality Assurance,178776637.0,118,Time Management,70.35
10,33,6,Senior Staff,Quality Assurance,278244747.0,88,Efficiency,67.94999999999999
10,33,6,Senior Staff,Quality Assurance,278244747.0,88,HR,73.12
10,33,6,Senior Staff,Quality Assurance,278244747.0,88,Quality,67.79
10,33,6,Senior Staff,Quality Assurance,278244747.0,88,Teamwork,70.245
10,33,6,Senior Staff,Quality Assurance,278244747.0,88,Technical,67.95
10,33,6,Senior Staff,Quality Assurance,291862333.0,334,Attendance,75.48
10,33,6,Senior Staff,Quality Assurance,291862333.0,334,Efficiency,70.76
10,33,6,Senior Staff,Quality Assurance,291862333.0,334,Finance,68.49
10,33,6,Senior Staff,Quality Assurance,291862333.0,334,Performance,83.44
10,33,6,Senior Staff,Quality Assurance,291862333.0,334,Quality,66.64666666666666
10,33,6,Senior Staff,Quality Assurance,291862333.0,334,Teamwork,73.775
10,33,6,Senior Staff,Quality Assurance,291862333.0,334,Time Management,71.74
10,33,6,Senior Staff,Quality Assurance,472961951.0,350,Attendance,72.11
10,33,6,Senior Staff,Quality Assurance,472961951.0,350,Development,72.17
10,33,6,Senior Staff,Quality Assurance,472961951.0,350,Finance,71.35333333333334
10,33,6,Senior Staff,Quality Assurance,472961951.0,350,HR,72.11500000000001
10,33,6,Senior Staff,Quality Assurance,472961951.0,350,Innovation,66.81
10,33,6,Senior Staff,Quality Assurance,472961951.0,350,Performance,67.7
10,33,6,Senior Staff,Quality Assurance,472961951.0,350,Project,70.985
10,33,6,Senior Staff,Quality Assurance,472961951.0,350,Quality,61.15
10,33,6,Senior Staff,Quality Assurance,472961951.0,350,Teamwork,74.13
10,33,6,Senior Staff,Quality Assurance,472961951.0,350,Time Management,68.84
11,28,2,Staff,Research & Development,110000000.0,199,Development,64.77
11,28,2,Staff,Research & Development,110000000.0,199,Finance,64.0
11,28,2,Staff,Research & Development,110000000.0,199,HR,81.14
11,28,2,Staff,Research & Development,110000000.0,199,Performance,63.13
11,28,2,Staff,Research & Development,110000000.0,199,Quality,66.41
11,28,2,Staff,Research & Development,110000000.0,199,Technical,64.19
11,28,2,Staff,Research & Development,110000000.0,199,Time Management,70.75
11,28,2,Staff,Research & Development,170000000.0,229,Development,59.61
11,28,2,Staff,Research & Development,170000000.0,229,Finance,71.8
11,28,2,Staff,Research & Development,170000000.0,229,HR,63.32
11,28,2,Staff,Research & Development,170000000.0,229,Quality,63.735
11,28,2,Staff,Research & Development,178776637.0,118,Finance,74.065
11,28,2,Staff,Research & Development,178776637.0,118,HR,74.8
11,28,2,Staff,Research & Development,178776637.0,118,Innovation,73.615
11,28,2,Staff,Research & Development,178776637.0,118,Performance,68.51
11,28,2,Staff,Research & Development,178776637.0,118,Quality,71.5325
11,28,2,Staff,Research & Development,178776637.0,118,Teamwork,68.95
11,28,2,Staff,Research & Development,178776637.0,118,Technical,71.63
11,28,2,Staff,Research & Development,178776637.0,118,Time Management,72.99
11,28,2,Staff,Research & Development,206368642.0,46,Attendance,72.76
11,28,2,Staff,Research & Development,206368642.0,46,Innovation,65.9
11,28,2,Staff,Research & Development,206368642.0,46,Performance,68.6
11,28,2,Staff,Research & Development,206368642.0,46,Project,74.8
11,28,2,Staff,Research & Development,206368642.0,46,Quality,74.24
11,28,2,Staff,Research & Development,206368642.0,46,Technical,72.56
11,28,2,Staff,Research & Development,250000000.0,291,Finance,61.78
11,28,2,Staff,Research & Development,250000000.0,291,HR,73.45
11,28,2,Staff,Research & Development,250000000.0,291,Performance,69.53
11,28,2,Staff,Research & Development,250000000.0,291,Quality,64.3875
11,28,2,Staff,Research & Development,250000000.0,291,Teamwork,70.4
11,28,2,Staff,Research & Development,250000000.0,291,Time Management,62.58
11,28,2,Staff,Research & Development,291862333.0,334,Finance,61.98
11,28,2,Staff,Research & Development,291862333.0,334,HR,71.06
11,28,2,Staff,Research & Development,291862333.0,334,Performance,70.44
11,28,2,Staff,Research & Development,291862333.0,334,Quality,71.83
11,28,2,Staff,Research & Development,300000000.0,242,Attendance,70.88
11,28,2,Staff,Research & Development,300000000.0,242,Quality,67.02
11,28,2,Staff,Research & Development,300000000.0,242,Teamwork,69.79
11,28,2,Staff,Research & Development,300000000.0,242,Technical,70.51
11,28,2,Staff,Research & Development,365962025.0,249,Attendance,74.1
11,28,2,Staff,Research & Development,365962025.0,249,Development,67.96
11,28,2,Staff,Research & Development,365962025.0,249,Efficiency,67.53
11,28,2,Staff,Research & Development,365962025.0,249,HR,69.11
11,28,2,Staff,Research & Development,365962025.0,249,Project,69.55
11,28,2,Staff,Research & Development,365962025.0,249,Quality,65.14
11,28,2,Staff,Research & Development,365962025.0,249,Teamwork,71.56
11,28,2,Staff,Research & Development,365962025.0,249,Technical,72.60666666666667
11,28,2,Staff,Research & Development,365962025.0,249,Time Management,71.185
12,33,8,Manager,Finance,120000000.0,152,Attendance,98.0
12,33,8,Manager,Finance,120000000.0,152,Finance,92.11
12,33,8,Manager,Finance,120000000.0,152,Innovation,96.22
12,33,8,Manager,Finance,120000000.0,152,Project,98.0
12,33,8,Manager,Finance,120000000.0,152,Quality,98.0
12,33,8,Manager,Finance,120000000.0,152,Technical,98.0
12,33,8,Manager,Finance,120000000.0,152,Time Management,98.0
12,33,8,Manager,Finance,134037811.0,31,Attendance,98.0
12,33,8,Manager,Finance,134037811.0,31,Finance,97.98
12,33,8,Manager,Finance,134037811.0,31,HR,98.0
12,33,8,Manager,Finance,134037811.0,31,Performance,98.0
12,33,8,Manager,Finance,134037811.0,31,Quality,95.85
12,33,8,Manager,Finance,134037811.0,31,Teamwork,98.0
12,33,8,Manager,Finance,134037811.0,31,Technical,98.0
12,33,8,Manager,Finance,140000000.0,211,Attendance,98.0
12,33,8,Manager,Finance,140000000.0,211,Development,98.0
12,33,8,Manager,Finance,140000000.0,211,HR,98.0
12,33,8,Manager,Finance,140000000.0,211,Innovation,93.67
12,33,8,Manager,Finance,140000000.0,211,Project,93.13
12,33,8,Manager,Finance,140000000.0,211,Technical,95.95
12,33,8,Manager,Finance,200000000.0,167,Development,86.81
12,33,8,Manager,Finance,200000000.0,167,Innovation,84.17
12,33,8,Manager,Finance,200000000.0,167,Quality,92.76
12,33,8,Manager,Finance,200000000.0,167,Technical,89.89
12,33,8,Manager,Finance,200000000.0,167,Time Management,87.56
12,33,8,Manager,Finance,206368642.0,46,Development,97.1
12,33,8,Manager,Finance,206368642.0,46,Innovation,87.27
12,33,8,Manager,Finance,206368642.0,46,Performance,98.0
12,33,8,Manager,Finance,206368642.0,46,Time Management,98.0
12,33,8,Manager,Finance,278244747.0,88,Efficiency,92.56
12,33,8,Manager,Finance,278244747.0,88,Finance,93.25
12,33,8,Manager,Finance,278244747.0,88,HR,97.06333333333333
12,33,8,Manager,Finance,278244747.0,88,Innovation,95.62
12,33,8,Manager,Finance,278244747.0,88,Project,94.78000000000002
12,33,8,Manager,Finance,278244747.0,88,Quality,85.38
12,33,8,Manager,Finance,278244747.0,88,Technical,98.0
12,33,8,Manager,Finance,278244747.0,88,Time Management,98.0
12,33,8,Manager,Finance,377293102.0,80,Attendance,97.5
12,33,8,Manager,Finance,377293102.0,80,Development,88.3
12,33,8,Manager,Finance,377293102.0,80,HR,98.0
12,33,8,Manager,Finance,377293102.0,80,Quality,89.895
12,33,8,Manager,Finance,377293102.0,80,Technical,91.56
12,33,8,Manager,Finance,377293102.0,80,Time Management,94.36
12,33,8,Manager,Finance,385820825.0,138,Attendance,98.0
12,33,8,Manager,Finance,385820825.0,138,Development,97.45
12,33,8,Manager,Finance,385820825.0,138,Efficiency,90.405
12,33,8,Manager,Finance,385820825.0,138,HR,87.805
12,33,8,Manager,Finance,385820825.0,138,Performance,95.17
12,33,8,Manager,Finance,385820825.0,138,Time Management,88.27
13,34,8,Senior Staff,Finance,50000000.0,211,Attendance,73.57
13,34,8,Senior Staff,Finance,50000000.0,211,HR,72.055
13,34,8,Senior Staff,Finance,50000000.0,211,Innovation,68.55
13,34,8,Senior Staff,Finance,50000000.0,211,Project,79.56
13,34,8,Senior Staff,Finance,50000000.0,211,Quality,68.38749999999999
13,34,8,Senior Staff,Finance,50000000.0,211,Technical,69.98
13,34,8,Senior Staff,Finance,50000000.0,211,Time Management,74.715
13,34,8,Senior Staff,Finance,80000000.0,138,Attendance,69.61
13,34,8,Senior Staff,Finance,80000000.0,138,Finance,59.85
13,34,8,Senior Staff,Finance,80000000.0,138,HR,65.1
13,34,8,Senior Staff,Finance,80000000.0,138,Innovation,63.11
13,34,8,Senior Staff,Finance,80000000.0,138,Performance,59.725
13,34,8,Senior Staff,Finance,80000000.0,138,Quality,60.675
13,34,8,Senior Staff,Finance,80000000.0,138,Technical,61.4
13,34,8,Senior Staff,Finance,80000000.0,138,Time Management,70.3
13,34,8,Senior Staff,Finance,90000000.0,244,Development,72.5
13,34,8,Senior Staff,Finance,90000000.0,244,Efficiency,66.54
13,34,8,Senior Staff,Finance,90000000.0,244,Innovation,64.79
13,34,8,Senior Staff,Finance,90000000.0,244,Performance,69.72
13,34,8,Senior Staff,Finance,90000000.0,244,Quality,73.185
13,34,8,Senior Staff,Finance,90000000.0,244,Teamwork,71.76
13,34,8,Senior Staff,Finance,90000000.0,244,Technical,69.02
13,34,8,Senior Staff,Finance,90000000.0,244,Time Management,75.92
13,34,8,Senior Staff,Finance,140000000.0,211,Performance,75.19
13,34,8,Senior Staff,Finance,140000000.0,211,Time Management,74.33
13,34,8,Senior Staff,Finance,178776637.0,118,Finance,65.51
13,34,8,Senior Staff,Finance,178776637.0,118,Innovation,66.5
13,34,8,Senior Staff,Finance,178776637.0,118,Performance,66.45
13,34,8,Senior Staff,Finance,178776637.0,118,Quality,69.63
13,34,8,Senior Staff,Finance,206368642.0,46,Innovation,65.65
13,34,8,Senior Staff,Finance,206368642.0,46,Quality,64.09
13,34,8,Senior Staff,Finance,278244747.0,88,Performance,68.26
13,34,8,Senior Staff,Finance,278244747.0,88,Quality,67.33
13,34,8,Senior Staff,Finance,278244747.0,88,Technical,73.21
14,44,15,Director,Design,110000000.0,199,Development,98.0
14,44,15,Director,Design,110000000.0,199,Efficiency,98.0
14,44,15,Director,Design,110000000.0,199,Innovation,98.0
14,44,15,Director,Design,110000000.0,199,Quality,98.0
14,44,15,Director,Design,120000000.0,152,Attendance,98.0
14,44,15,Director,Design,120000000.0,152,Finance,98.0
14,44,15,Director,Design,120000000.0,152,HR,98.0
14,44,15,Director,Design,120000000.0,152,Performance,98.0
14,44,15,Director,Design,120000000.0,152,Project,98.0
14,44,15,Director,Design,120000000.0,152,Quality,98.0
14,44,15,Director,Design,120000000.0,152,Technical,98.0
14,44,15,Director,Design,130000000.0,303,Performance,98.0
14,44,15,Director,Design,130000000.0,303,Project,98.0
14,44,15,Director,Design,140000000.0,211,Attendance,98.0
14,44,15,Director,Design,140000000.0,211,Development,98.0
14,44,15,Director,Design,140000000.0,211,Efficiency,98.0
14,44,15,Director,Design,140000000.0,211,HR,98.0
14,44,15,Director,Design,140000000.0,211,Performance,98.0
14,44,15,Director,Design,140000000.0,211,Project,98.0
14,44,15,Director,Design,140000000.0,211,Quality,98.0
14,44,15,Director,Design,355280620.0,347,Attendance,98.0
14,44,15,Director,Design,355280620.0,347,Finance,98.0
14,44,15,Director,Design,355280620.0,347,HR,98.0
14,44,15,Director,Design,355280620.0,347,Performance,98.0
14,44,15,Director,Design,355280620.0,347,Quality,98.0
14,44,15,Director,Design,355280620.0,347,Teamwork,98.0
14,44,15,Director,Design,369461833.0,321,Finance,98.0
14,44,15,Director,Design,369461833.0,321,HR,98.0
14,44,15,Director,Design,369461833.0,321,Project,98.0
14,44,15,Director,Design,369461833.0,321,Quality,98.0
14,44,15,Director,Design,369461833.0,321,Teamwork,98.0
14,44,15,Director,Design,369461833.0,321,Technical,98.0
14,44,15,Director,Design,385820825.0,138,Efficiency,98.0
14,44,15,Director,Design,385820825.0,138,HR,98.0
14,44,15,Director,Design,385820825.0,138,Quality,98.0
14,44,15,Director,Design,385820825.0,138,Technical,98.0
14,44,15,Director,Design,500000000.0,356,Development,98.0
14,44,15,Director,Design,500000000.0,356,Efficiency,98.0
14,44,15,Director,Design,500000000.0,356,HR,98.0
14,44,15,Director,Design,500000000.0,356,Innovation,98.0
14,44,15,Director,Design,500000000.0,356,Quality,98.0
14,44,15,Director,Design,500000000.0,356,Teamwork,98.0
14,44,15,Director,Design,500000000.0,356,Technical,98.0
15,31,2,Staff,IT,50000000.0,211,Development,66.48
15,31,2,Staff,IT,50000000.0,211,HR,75.61
15,31,2,Staff,IT,50000000.0,211,Performance,65.63
15,31,2,Staff,IT,50000000.0,211,Project,72.87
15,31,2,Staff,IT,50000000.0,211,Teamwork,66.02
15,31,2,Staff,IT,75000000.0,203,Attendance,73.05
15,31,2,Staff,IT,75000000.0,203,Development,64.94
15,31,2,Staff,IT,75000000.0,203,Finance,67.02
15,31,2,Staff,IT,75000000.0,203,HR,71.45333333333333
15,31,2,Staff,IT,75000000.0,203,Performance,67.4
15,31,2,Staff,IT,75000000.0,203,Project,69.95
15,31,2,Staff,IT,75000000.0,203,Quality,71.07
15,31,2,Staff,IT,80000000.0,138,Attendance,68.47
15,31,2,Staff,IT,80000000.0,138,Finance,64.6
15,31,2,Staff,IT,80000000.0,138,Innovation,59.5
15,31,2,Staff,IT,80000000.0,138,Quality,68.2
15,31,2,Staff,IT,80000000.0,138,Teamwork,69.42
15,31,2,Staff,IT,130000000.0,303,HR,76.68
15,31,2,Staff,IT,130000000.0,303,Teamwork,64.79
15,31,2,Staff,IT,180000000.0,193,Attendance,77.61
15,31,2,Staff,IT,180000000.0,193,Efficiency,73.935
15,31,2,Staff,IT,180000000.0,193,HR,69.46
15,31,2,Staff,IT,180000000.0,193,Innovation,58.35
15,31,2,Staff,IT,180000000.0,193,Project,65.81
15,31,2,Staff,IT,180000000.0,193,Quality,65.28
15,31,2,Staff,IT,180000000.0,193,Technical,67.2
15,31,2,Staff,IT,404564658.0,71,Teamwork,74.01
15,31,2,Staff,IT,404564658.0,71,Technical,80.86
15,31,2,Staff,IT,466447298.0,297,Attendance,77.29
15,31,2,Staff,IT,466447298.0,297,Efficiency,67.88
15,31,2,Staff,IT,466447298.0,297,HR,76.86
15,31,2,Staff,IT,466447298.0,297,Innovation,65.07
15,31,2,Staff,IT,466447298.0,297,Project,71.89
15,31,2,Staff,IT,466447298.0,297,Quality,71.9
15,31,2,Staff,IT,466447298.0,297,Teamwork,71.64
15,31,2,Staff,IT,493794225.0,102,Performance,73.25
15,31,2,Staff,IT,493794225.0,102,Quality,66.42
15,31,2,Staff,IT,493794225.0,102,Technical,65.14
16,31,5,Staff,IT,60000000.0,214,Attendance,78.16
16,31,5,Staff,IT,60000000.0,214,HR,72.16
16,31,5,Staff,IT,60000000.0,214,Performance,75.67
16,31,5,Staff,IT,120000000.0,152,Efficiency,65.24
16,31,5,Staff,IT,120000000.0,152,HR,64.42
16,31,5,Staff,IT,120000000.0,152,Performance,77.65
16,31,5,Staff,IT,120000000.0,152,Project,68.55
16,31,5,Staff,IT,120000000.0,152,Quality,69.69
16,31,5,Staff,IT,120000000.0,152,Teamwork,75.57
16,31,5,Staff,IT,140000000.0,211,Attendance,70.59
16,31,5,Staff,IT,140000000.0,211,Finance,71.8
16,31,5,Staff,IT,140000000.0,211,HR,73.60333333333334
16,31,5,Staff,IT,140000000.0,211,Innovation,75.22
16,31,5,Staff,IT,140000000.0,211,Project,74.02
16,31,5,Staff,IT,140000000.0,211,Quality,70.018
16,31,5,Staff,IT,140000000.0,211,Teamwork,77.91
16,31,5,Staff,IT,200000000.0,167,Attendance,75.55
16,31,5,Staff,IT,200000000.0,167,HR,73.31
16,31,5,Staff,IT,200000000.0,167,Project,70.43
16,31,5,Staff,IT,200000000.0,167,Time Management,73.42
16,31,5,Staff,IT,220000000.0,225,Attendance,75.77
16,31,5,Staff,IT,220000000.0,225,HR,72.64500000000001
16,31,5,Staff,IT,220000000.0,225,Innovation,61.94
16,31,5,Staff,IT,220000000.0,225,Project,70.06
16,31,5,Staff,IT,220000000.0,225,Quality,63.61
16,31,5,Staff,IT,220000000.0,225,Teamwork,71.79
16,31,5,Staff,IT,220000000.0,225,Technical,65.31
16,31,5,Staff,IT,220000000.0,225,Time Management,71.48
16,31,5,Staff,IT,278244747.0,88,Development,69.95
16,31,5,Staff,IT,278244747.0,88,Finance,67.61
16,31,5,Staff,IT,278244747.0,88,HR,77.34
16,31,5,Staff,IT,278244747.0,88,Quality,75.14
16,31,5,Staff,IT,397696244.0,106,Innovation,71.32
16,31,5,Staff,IT,397696244.0,106,Quality,71.605
16,31,5,Staff,IT,400000000.0,259,Finance,68.09
16,31,5,Staff,IT,400000000.0,259,HR,69.82499999999999
16,31,5,Staff,IT,400000000.0,259,Quality,73.75
17,37,7,Manager,Marketing,50000000.0,211,Efficiency,98.0
17,37,7,Manager,Marketing,50000000.0,211,Finance,92.71
17,37,7,Manager,Marketing,50000000.0,211,HR,98.0
17,37,7,Manager,Marketing,50000000.0,211,Quality,95.83
17,37,7,Manager,Marketing,60000000.0,214,HR,94.35499999999999
17,37,7,Manager,Marketing,60000000.0,214,Innovation,86.92
17,37,7,Manager,Marketing,60000000.0,214,Teamwork,97.86500000000001
17,37,7,Manager,Marketing,60000000.0,214,Technical,94.26
17,37,7,Manager,Marketing,60000000.0,214,Time Management,98.0
17,37,7,Manager,Marketing,278244747.0,88,Performance,95.99
17,37,7,Manager,Marketing,278244747.0,88,Quality,92.22
17,37,7,Manager,Marketing,278244747.0,88,Technical,98.0
17,37,7,Manager,Marketing,300000000.0,242,Attendance,94.275
17,37,7,Manager,Marketing,300000000.0,242,Development,89.54
17,37,7,Manager,Marketing,300000000.0,242,Innovation,89.91
17,37,7,Manager,Marketing,300000000.0,242,Performance,94.18
17,37,7,Manager,Marketing,300000000.0,242,Project,89.67
17,37,7,Manager,Marketing,300000000.0,242,Quality,91.73833333333334
17,37,7,Manager,Marketing,300000000.0,242,Teamwork,87.27
17,37,7,Manager,Marketing,300000000.0,242,Time Management,84.0
17,37,7,Manager,Marketing,369461833.0,321,Attendance,98.0
17,37,7,Manager,Marketing,369461833.0,321,Development,95.54
17,37,7,Manager,Marketing,369461833.0,321,HR,97.99000000000001
17,37,7,Manager,Marketing,369461833.0,321,Performance,96.66
17,37,7,Manager,Marketing,369461833.0,321,Project,88.7
17,37,7,Manager,Marketing,369461833.0,321,Quality,91.92
17,37,7,Manager,Marketing,369461833.0,321,Technical,95.58500000000001
17,37,7,Manager,Marketing,369461833.0,321,Time Management,97.42
17,37,7,Manager,Marketing,397696244.0,106,Attendance,98.0
17,37,7,Manager,Marketing,397696244.0,106,HR,91.72
17,37,7,Manager,Marketing,397696244.0,106,Project,97.28
17,37,7,Manager,Marketing,397696244.0,106,Quality,89.62333333333333
17,37,7,Manager,Marketing,404564658.0,71,Attendance,98.0
17,37,7,Manager,Marketing,404564658.0,71,Development,96.79
17,37,7,Manager,Marketing,404564658.0,71,Finance,98.0
17,37,7,Manager,Marketing,404564658.0,71,HR,98.0
17,37,7,Manager,Marketing,404564658.0,71,Quality,93.41
17,37,7,Manager,Marketing,404564658.0,71,Technical,98.0
17,37,7,Manager,Marketing,472961951.0,350,Attendance,98.0
17,37,7,Manager,Marketing,472961951.0,350,HR,98.0
17,37,7,Manager,Marketing,472961951.0,350,Performance,95.83
17,37,7,Manager,Marketing,472961951.0,350,Project,93.03
17,37,7,Manager,Marketing,472961951.0,350,Quality,97.15333333333332
17,37,7,Manager,Marketing,472961951.0,350,Teamwork,98.0
17,37,7,Manager,Marketing,472961951.0,350,Technical,95.63
17,37,7,Manager,Marketing,472961951.0,350,Time Management,98.0
18,23,2,Staff,Legal,88214342.0,149,Attendance,71.19
18,23,2,Staff,Legal,90000000.0,244,Development,56.55
18,23,2,Staff,Legal,90000000.0,244,Efficiency,59.31
18,23,2,Staff,Legal,90000000.0,244,Project,68.48
18,23,2,Staff,Legal,355280620.0,347,HR,59.67
18,23,2,Staff,Legal,355280620.0,347,Performance,60.92
18,23,2,Staff,Legal,355280620.0,347,Technical,61.49
18,23,2,Staff,Legal,355280620.0,347,Time Management,63.3
18,23,2,Staff,Legal,365962025.0,249,Finance,57.93
18,23,2,Staff,Legal,365962025.0,249,Performance,59.09
18,23,2,Staff,Legal,365962025.0,249,Project,62.39
18,23,2,Staff,Legal,365962025.0,249,Quality,63.37
18,23,2,Staff,Legal,375514309.0,335,Attendance,65.81
18,23,2,Staff,Legal,375514309.0,335,Efficiency,57.95
18,23,2,Staff,Legal,375514309.0,335,HR,61.8
18,23,2,Staff,Legal,375514309.0,335,Performance,60.9
18,23,2,Staff,Legal,375514309.0,335,Technical,65.68
18,23,2,Staff,Legal,375514309.0,335,Time Management,61.605000000000004
18,23,2,Staff,Legal,385820825.0,138,Attendance,61.6
18,23,2,Staff,Legal,385820825.0,138,Efficiency,68.7
18,23,2,Staff,Legal,385820825.0,138,Finance,59.16
18,23,2,Staff,Legal,385820825.0,138,HR,58.662499999999994
18,23,2,Staff,Legal,385820825.0,138,Innovation,61.5
18,23,2,Staff,Legal,385820825.0,138,Project,56.7
18,23,2,Staff,Legal,385820825.0,138,Quality,57.94
18,23,2,Staff,Legal,385820825.0,138,Technical,56.65
18,23,2,Staff,Legal,385820825.0,138,Time Management,58.98
18,23,2,Staff,Legal,400000000.0,259,Development,60.230000000000004
18,23,2,Staff,Legal,400000000.0,259,Efficiency,64.44
18,23,2,Staff,Legal,400000000.0,259,HR,60.62
18,23,2,Staff,Legal,400000000.0,259,Innovation,56.62
18,23,2,Staff,Legal,400000000.0,259,Quality,62.62
18,23,2,Staff,Legal,400000000.0,259,Teamwork,61.71
18,23,2,Staff,Legal,400000000.0,259,Technical,57.1
18,23,2,Staff,Legal,500000000.0,356,HR,65.6
18,23,2,Staff,Legal,500000000.0,356,Performance,61.68000000000001
18,23,2,Staff,Legal,500000000.0,356,Project,54.42
18,23,2,Staff,Legal,500000000.0,356,Quality,57.06
18,23,2,Staff,Legal,500000000.0,356,Teamwork,60.38
18,23,2,Staff,Legal,500000000.0,356,Time Management,66.06
19,25,3,Staff,Human Resources,80000000.0,138,Attendance,73.3
19,25,3,Staff,Human Resources,80000000.0,138,Efficiency,67.23
19,25,3,Staff,Human Resources,80000000.0,138,HR,64.69
19,25,3,Staff,Human Resources,80000000.0,138,Innovation,59.44
19,25,3,Staff,Human Resources,80000000.0,138,Performance,62.12
19,25,3,Staff,Human Resources,80000000.0,138,Quality,57.824999999999996
19,25,3,Staff,Human Resources,80000000.0,138,Teamwork,72.72
19,25,3,Staff,Human Resources,80000000.0,138,Technical,67.64
19,25,3,Staff,Human Resources,134037811.0,31,Efficiency,65.99
19,25,3,Staff,Human Resources,134037811.0,31,Finance,62.41
19,25,3,Staff,Human Resources,134037811.0,31,HR,64.265
19,25,3,Staff,Human Resources,134037811.0,31,Performance,59.52
19,25,3,Staff,Human Resources,134037811.0,31,Project,64.275
19,25,3,Staff,Human Resources,134037811.0,31,Quality,62.425
19,25,3,Staff,Human Resources,134037811.0,31,Technical,68.2
19,25,3,Staff,Human Resources,134037811.0,31,Time Management,58.76
19,25,3,Staff,Human Resources,140000000.0,211,Efficiency,65.29
19,25,3,Staff,Human Resources,140000000.0,211,HR,69.92
19,25,3,Staff,Human Resources,140000000.0,211,Innovation,60.06
19,25,3,Staff,Human Resources,140000000.0,211,Performance,70.24000000000001
19,25,3,Staff,Human Resources,140000000.0,211,Project,61.38
19,25,3,Staff,Human Resources,140000000.0,211,Quality,65.4225
19,25,3,Staff,Human Resources,140000000.0,211,Teamwork,62.77
19,25,3,Staff,Human Resources,140000000.0,211,Time Management,61.65
19,25,3,Staff,Human Resources,178776637.0,118,Efficiency,57.03
19,25,3,Staff,Human Resources,178776637.0,118,Finance,67.55
19,25,3,Staff,Human Resources,178776637.0,118,HR,59.44
19,25,3,Staff,Human Resources,178776637.0,118,Quality,66.42
19,25,3,Staff,Human Resources,178776637.0,118,Teamwork,66.87
19,25,3,Staff,Human Resources,178776637.0,118,Technical,67.35
19,25,3,Staff,Human Resources,178776637.0,118,Time Management,65.1
19,25,3,Staff,Human Resources,190000000.0,241,Attendance,69.16
19,25,3,Staff,Human Resources,190000000.0,241,Efficiency,72.14
19,25,3,Staff,Human Resources,190000000.0,241,Finance,58.37
19,25,3,Staff,Human Resources,190000000.0,241,Innovation,59.56
19,25,3,Staff,Human Resources,190000000.0,241,Performance,58.88
19,25,3,Staff,Human Resources,190000000.0,241,Project,68.54
19,25,3,Staff,Human Resources,190000000.0,241,Teamwork,63.72
19,25,3,Staff,Human Resources,190000000.0,241,Technical,63.875
19,25,3,Staff,Human Resources,190000000.0,241,Time Management,63.41
19,25,3,Staff,Human Resources,375514309.0,335,Development,61.84
19,25,3,Staff,Human Resources,375514309.0,335,Efficiency,67.71
19,25,3,Staff,Human Resources,375514309.0,335,Project,65.16
19,25,3,Staff,Human Resources,404564658.0,71,HR,58.9
19,25,3,Staff,Human Resources,404564658.0,71,Innovation,63.01
19,25,3,Staff,Human Resources,404564658.0,71,Project,68.75
19,25,3,Staff,Human Resources,404564658.0,71,Quality,62.73
19,25,3,Staff,Human Resources,404564658.0,71,Technical,64.23
19,25,3,Staff,Human Resources,404564658.0,71,Time Management,63.31333333333333
19,25,3,Staff,Human Resources,500000000.0,356,Efficiency,61.25
19,25,3,Staff,Human Resources,500000000.0,356,Finance,63.42
19,25,3,Staff,Human Resources,500000000.0,356,HR,67.02000000000001
19,25,3,Staff,Human Resources,500000000.0,356,Innovation,64.52
19,25,3,Staff,Human Resources,500000000.0,356,Quality,61.35
20,30,4,Staff,Finance,50000000.0,211,Development,67.26
20,30,4,Staff,Finance,50000000.0,211,Finance,73.07
20,30,4,Staff,Finance,50000000.0,211,HR,70.79
20,30,4,Staff,Finance,50000000.0,211,Project,68.35
20,30,4,Staff,Finance,50000000.0,211,Quality,68.765
20,30,4,Staff,Finance,110000000.0,199,Development,61.29
20,30,4,Staff,Finance,110000000.0,199,Quality,60.79
20,30,4,Staff,Finance,110000000.0,199,Teamwork,71.59
20,30,4,Staff,Finance,110000000.0,199,Technical,68.83
20,30,4,Staff,Finance,134037811.0,31,Attendance,72.04
20,30,4,Staff,Finance,134037811.0,31,Development,58.23
20,30,4,Staff,Finance,134037811.0,31,Efficiency,75.6
20,30,4,Staff,Finance,134037811.0,31,HR,71.05
20,30,4,Staff,Finance,134037811.0,31,Innovation,70.21
20,30,4,Staff,Finance,134037811.0,31,Performance,71.63
20,30,4,Staff,Finance,134037811.0,31,Project,66.68
20,30,4,Staff,Finance,134037811.0,31,Quality,72.36
20,30,4,Staff,Finance,134037811.0,31,Teamwork,80.64
20,30,4,Staff,Finance,140000000.0,211,Attendance,76.19
20,30,4,Staff,Finance,140000000.0,211,Development,69.17
20,30,4,Staff,Finance,140000000.0,211,Finance,66.65
20,30,4,Staff,Finance,140000000.0,211,HR,73.19
20,30,4,Staff,Finance,140000000.0,211,Innovation,69.45
20,30,4,Staff,Finance,140000000.0,211,Project,63.32
20,30,4,Staff,Finance,140000000.0,211,Quality,69.08000000000001
20,30,4,Staff,Finance,140000000.0,211,Teamwork,70.85
20,30,4,Staff,Finance,140000000.0,211,Technical,75.69
20,30,4,Staff,Finance,140000000.0,211,Time Management,63.83
20,30,4,Staff,Finance,204675132.0,174,Attendance,69.14
20,30,4,Staff,Finance,204675132.0,174,Efficiency,65.025
20,30,4,Staff,Finance,204675132.0,174,Finance,66.49
20,30,4,Staff,Finance,204675132.0,174,Project,67.62
20,30,4,Staff,Finance,204675132.0,174,Quality,71.775
20,30,4,Staff,Finance,204675132.0,174,Teamwork,70.87
20,30,4,Staff,Finance,278244747.0,88,Development,69.275
20,30,4,Staff,Finance,278244747.0,88,Efficiency,66.3
20,30,4,Staff,Finance,278244747.0,88,Finance,63.59
20,30,4,Staff,Finance,278244747.0,88,HR,72.5
20,30,4,Staff,Finance,278244747.0,88,Performance,65.355
20,30,4,Staff,Finance,278244747.0,88,Project,65.2
20,30,4,Staff,Finance,278244747.0,88,Quality,58.46
20,30,4,Staff,Finance,278244747.0,88,Teamwork,68.48
20,30,4,Staff,Finance,291862333.0,334,HR,62.1
20,30,4,Staff,Finance,291862333.0,334,Innovation,71.16
20,30,4,Staff,Finance,291862333.0,334,Performance,70.94
20,30,4,Staff,Finance,291862333.0,334,Quality,69.57
20,30,4,Staff,Finance,291862333.0,334,Technical,68.45
20,30,4,Staff,Finance,385820825.0,138,Efficiency,66.23
20,30,4,Staff,Finance,385820825.0,138,HR,67.59
20,30,4,Staff,Finance,385820825.0,138,Innovation,66.55
20,30,4,Staff,Finance,385820825.0,138,Project,68.21
20,30,4,Staff,Finance,385820825.0,138,Technical,69.41
21,24,4,Staff,Quality Assurance,90000000.0,244,Attendance,73.64
21,24,4,Staff,Quality Assurance,90000000.0,244,Efficiency,69.77
21,24,4,Staff,Quality Assurance,90000000.0,244,Finance,71.56
21,24,4,Staff,Quality Assurance,90000000.0,244,HR,66.745
21,24,4,Staff,Quality Assurance,90000000.0,244,Quality,67.7675
21,24,4,Staff,Quality Assurance,90000000.0,244,Teamwork,71.18
21,24,4,Staff,Quality Assurance,90000000.0,244,Technical,70.75
21,24,4,Staff,Quality Assurance,134037811.0,31,Attendance,72.38
21,24,4,Staff,Quality Assurance,134037811.0,31,Efficiency,69.36
21,24,4,Staff,Quality Assurance,134037811.0,31,Finance,65.59
21,24,4,Staff,Quality Assurance,134037811.0,31,HR,74.9
21,24,4,Staff,Quality Assurance,134037811.0,31,Performance,77.52000000000001
21,24,4,Staff,Quality Assurance,134037811.0,31,Quality,67.2
21,24,4,Staff,Quality Assurance,134037811.0,31,Technical,74.37
21,24,4,Staff,Quality Assurance,134037811.0,31,Time Management,77.8
21,24,4,Staff,Quality Assurance,150000000.0,274,Development,63.64
21,24,4,Staff,Quality Assurance,150000000.0,274,HR,65.87
21,24,4,Staff,Quality Assurance,150000000.0,274,Project,68.84
21,24,4,Staff,Quality Assurance,150000000.0,274,Teamwork,70.38
21,24,4,Staff,Quality Assurance,178776637.0,118,Attendance,65.24
21,24,4,Staff,Quality Assurance,178776637.0,118,Finance,70.28
21,24,4,Staff,Quality Assurance,178776637.0,118,HR,64.45
21,24,4,Staff,Quality Assurance,178776637.0,118,Performance,74.76
21,24,4,Staff,Quality Assurance,178776637.0,118,Project,63.65
21,24,4,Staff,Quality Assurance,178776637.0,118,Quality,66.75999999999999
21,24,4,Staff,Quality Assurance,178776637.0,118,Technical,70.54
21,24,4,Staff,Quality Assurance,178776637.0,118,Time Management,70.72
21,24,4,Staff,Quality Assurance,204675132.0,174,Efficiency,65.45
21,24,4,Staff,Quality Assurance,204675132.0,174,Innovation,52.334999999999994
21,24,4,Staff,Quality Assurance,204675132.0,174,Project,67.61
21,24,4,Staff,Quality Assurance,204675132.0,174,Quality,69.0
21,24,4,Staff,Quality Assurance,204675132.0,174,Teamwork,72.27
21,24,4,Staff,Quality Assurance,204675132.0,174,Technical,70.03
21,24,4,Staff,Quality Assurance,204675132.0,174,Time Management,78.88
21,24,4,Staff,Quality Assurance,369461833.0,321,HR,61.37
21,24,4,Staff,Quality Assurance,369461833.0,321,Innovation,67.86
21,24,4,Staff,Quality Assurance,369461833.0,321,Quality,62.12
21,24,4,Staff,Quality Assurance,385820825.0,138,Development,64.76
21,24,4,Staff,Quality Assurance,385820825.0,138,Performance,71.05
21,24,4,Staff,Quality Assurance,385820825.0,138,Quality,60.39
21,24,4,Staff,Quality Assurance,385820825.0,138,Teamwork,72.19999999999999
21,24,4,Staff,Quality Assurance,385820825.0,138,Technical,62.73
21,24,4,Staff,Quality Assurance,397696244.0,106,Attendance,65.705
21,24,4,Staff,Quality Assurance,397696244.0,106,Efficiency,61.22
21,24,4,Staff,Quality Assurance,397696244.0,106,HR,67.06
21,24,4,Staff,Quality Assurance,397696244.0,106,Innovation,67.12
21,24,4,Staff,Quality Assurance,397696244.0,106,Performance,73.42
21,24,4,Staff,Quality Assurance,397696244.0,106,Project,70.07
21,24,4,Staff,Quality Assurance,397696244.0,106,Quality,64.39750000000001
21,24,4,Staff,Quality Assurance,397696244.0,106,Teamwork,74.57
21,24,4,Staff,Quality Assurance,397696244.0,106,Time Management,78.0
22,37,10,Manager,Procurement,90000000.0,244,Attendance,92.48
22,37,10,Manager,Procurement,90000000.0,244,Finance,84.95
22,37,10,Manager,Procurement,90000000.0,244,Quality,91.32
22,37,10,Manager,Procurement,90000000.0,244,Time Management,98.0
22,37,10,Manager,Procurement,140000000.0,211,Efficiency,85.9
22,37,10,Manager,Procurement,140000000.0,211,Finance,93.4
22,37,10,Manager,Procurement,140000000.0,211,HR,94.4425
22,37,10,Manager,Procurement,140000000.0,211,Performance,95.36
22,37,10,Manager,Procurement,140000000.0,211,Project,93.82
22,37,10,Manager,Procurement,140000000.0,211,Quality,91.375
22,37,10,Manager,Procurement,140000000.0,211,Teamwork,89.24
22,37,10,Manager,Procurement,140000000.0,211,Technical,91.51
22,37,10,Manager,Procurement,170000000.0,229,Attendance,87.41499999999999
22,37,10,Manager,Procurement,170000000.0,229,Development,81.57
22,37,10,Manager,Procurement,190000000.0,241,Finance,90.61
22,37,10,Manager,Procurement,190000000.0,241,HR,91.77
22,37,10,Manager,Procurement,190000000.0,241,Quality,91.11
22,37,10,Manager,Procurement,200000000.0,167,HR,96.69
22,37,10,Manager,Procurement,200000000.0,167,Technical,92.08
22,37,10,Manager,Procurement,355280620.0,347,Performance,89.31
22,37,10,Manager,Procurement,355280620.0,347,Teamwork,91.01
22,37,10,Manager,Procurement,377293102.0,80,Efficiency,87.67
22,37,10,Manager,Procurement,377293102.0,80,HR,91.4
22,37,10,Manager,Procurement,377293102.0,80,Innovation,84.85
22,37,10,Manager,Procurement,377293102.0,80,Quality,89.84
22,37,10,Manager,Procurement,377293102.0,80,Technical,90.8
22,37,10,Manager,Procurement,500000000.0,356,Development,83.7
22,37,10,Manager,Procurement,500000000.0,356,Efficiency,90.63
22,37,10,Manager,Procurement,500000000.0,356,Finance,85.33
22,37,10,Manager,Procurement,500000000.0,356,HR,92.66
22,37,10,Manager,Procurement,500000000.0,356,Performance,92.84
22,37,10,Manager,Procurement,500000000.0,356,Project,89.51
22,37,10,Manager,Procurement,500000000.0,356,Quality,90.82
22,37,10,Manager,Procurement,500000000.0,356,Teamwork,93.25
22,37,10,Manager,Procurement,500000000.0,356,Time Management,92.6
23,24,2,Staff,Quality Assurance,90000000.0,244,Efficiency,66.22
23,24,2,Staff,Quality Assurance,90000000.0,244,HR,66.92
23,24,2,Staff,Quality Assurance,90000000.0,244,Innovation,65.6
23,24,2,Staff,Quality Assurance,90000000.0,244,Quality,54.58
23,24,2,Staff,Quality Assurance,90000000.0,244,Teamwork,72.53999999999999
23,24,2,Staff,Quality Assurance,140000000.0,211,Development,70.0
23,24,2,Staff,Quality Assurance,140000000.0,211,Finance,63.63
23,24,2,Staff,Quality Assurance,140000000.0,211,HR,69.7875
23,24,2,Staff,Quality Assurance,140000000.0,211,Innovation,62.754999999999995
23,24,2,Staff,Quality Assurance,140000000.0,211,Performance,74.19
23,24,2,Staff,Quality Assurance,140000000.0,211,Project,67.08
23,24,2,Staff,Quality Assurance,140000000.0,211,Teamwork,60.11
23,24,2,Staff,Quality Assurance,140000000.0,211,Technical,74.05
23,24,2,Staff,Quality Assurance,140000000.0,211,Time Management,64.21000000000001
23,24,2,Staff,Quality Assurance,170000000.0,229,Attendance,59.12
23,24,2,Staff,Quality Assurance,170000000.0,229,Finance,61.6
23,24,2,Staff,Quality Assurance,170000000.0,229,Performance,66.91
23,24,2,Staff,Quality Assurance,170000000.0,229,Quality,61.61666666666667
23,24,2,Staff,Quality Assurance,200000000.0,167,HR,71.2
23,24,2,Staff,Quality Assurance,200000000.0,167,Project,60.31
23,24,2,Staff,Quality Assurance,200000000.0,167,Teamwork,77.0
23,24,2,Staff,Quality Assurance,278244747.0,88,Efficiency,64.245
23,24,2,Staff,Quality Assurance,278244747.0,88,Finance,68.47
23,24,2,Staff,Quality Assurance,278244747.0,88,HR,70.24333333333334
23,24,2,Staff,Quality Assurance,278244747.0,88,Performance,65.92
23,24,2,Staff,Quality Assurance,278244747.0,88,Project,64.9
23,24,2,Staff,Quality Assurance,278244747.0,88,Quality,69.5525
23,24,2,Staff,Quality Assurance,278244747.0,88,Teamwork,66.98
23,24,2,Staff,Quality Assurance,278244747.0,88,Time Management,63.955
23,24,2,Staff,Quality Assurance,291862333.0,334,Efficiency,68.43
23,24,2,Staff,Quality Assurance,291862333.0,334,Quality,60.68
23,24,2,Staff,Quality Assurance,385820825.0,138,Attendance,69.02
23,24,2,Staff,Quality Assurance,385820825.0,138,Development,66.42
23,24,2,Staff,Quality Assurance,385820825.0,138,Finance,63.05
23,24,2,Staff,Quality Assurance,385820825.0,138,HR,71.11
23,24,2,Staff,Quality Assurance,385820825.0,138,Innovation,67.18
23,24,2,Staff,Quality Assurance,385820825.0,138,Performance,65.24
23,24,2,Staff,Quality Assurance,385820825.0,138,Quality,62.251999999999995
23,24,2,Staff,Quality Assurance,385820825.0,138,Time Management,68.34
23,24,2,Staff,Quality Assurance,400000000.0,259,Finance,63.97
23,24,2,Staff,Quality Assurance,400000000.0,259,Performance,65.345
23,24,2,Staff,Quality Assurance,400000000.0,259,Project,65.45
23,24,2,Staff,Quality Assurance,400000000.0,259,Quality,62.78
23,24,2,Staff,Quality Assurance,400000000.0,259,Teamwork,67.92
23,24,2,Staff,Quality Assurance,400000000.0,259,Technical,61.32
24,37,8,Manager,Legal,50000000.0,211,Development,81.63
24,37,8,Manager,Legal,50000000.0,211,HR,95.34
24,37,8,Manager,Legal,50000000.0,211,Innovation,89.33
24,37,8,Manager,Legal,50000000.0,211,Performance,88.115
24,37,8,Manager,Legal,50000000.0,211,Project,90.75666666666666
24,37,8,Manager,Legal,50000000.0,211,Quality,84.445
24,37,8,Manager,Legal,75000000.0,203,Finance,90.53
24,37,8,Manager,Legal,75000000.0,203,HR,90.16499999999999
24,37,8,Manager,Legal,75000000.0,203,Performance,92.19666666666667
24,37,8,Manager,Legal,75000000.0,203,Project,87.185
24,37,8,Manager,Legal,75000000.0,203,Quality,91.84
24,37,8,Manager,Legal,120000000.0,152,HR,90.94
24,37,8,Manager,Legal,120000000.0,152,Performance,90.785
24,37,8,Manager,Legal,120000000.0,152,Project,84.44
24,37,8,Manager,Legal,120000000.0,152,Quality,88.26
24,37,8,Manager,Legal,120000000.0,152,Teamwork,96.06
24,37,8,Manager,Legal,120000000.0,152,Time Management,91.01
24,37,8,Manager,Legal,204675132.0,174,Efficiency,83.89
24,37,8,Manager,Legal,204675132.0,174,HR,95.01
24,37,8,Manager,Legal,204675132.0,174,Quality,88.265
24,37,8,Manager,Legal,204675132.0,174,Teamwork,98.0
24,37,8,Manager,Legal,377293102.0,80,Attendance,87.38
24,37,8,Manager,Legal,377293102.0,80,HR,85.24
24,37,8,Manager,Legal,377293102.0,80,Performance,94.31
24,37,8,Manager,Legal,377293102.0,80,Project,86.56
24,37,8,Manager,Legal,377293102.0,80,Quality,87.77
24,37,8,Manager,Legal,385820825.0,138,Development,82.31
24,37,8,Manager,Legal,385820825.0,138,Efficiency,92.23
24,37,8,Manager,Legal,385820825.0,138,Finance,84.56
24,37,8,Manager,Legal,385820825.0,138,HR,89.05
24,37,8,Manager,Legal,385820825.0,138,Quality,90.48
24,37,8,Manager,Legal,385820825.0,138,Time Management,95.78
24,37,8,Manager,Legal,404564658.0,71,HR,88.27
24,37,8,Manager,Legal,404564658.0,71,Project,93.96
24,37,8,Manager,Legal,404564658.0,71,Teamwork,87.85
24,37,8,Manager,Legal,472961951.0,350,Attendance,92.445
24,37,8,Manager,Legal,472961951.0,350,Efficiency,92.27
24,37,8,Manager,Legal,472961951.0,350,Finance,83.26
24,37,8,Manager,Legal,472961951.0,350,Innovation,84.73
24,37,8,Manager,Legal,472961951.0,350,Quality,89.4
24,37,8,Manager,Legal,472961951.0,350,Time Management,91.32666666666667
25,27,4,Staff,Design,82017929.0,114,Attendance,73.76
25,27,4,Staff,Design,82017929.0,114,Development,63.36
25,27,4,Staff,Design,82017929.0,114,Finance,57.2
25,27,4,Staff,Design,82017929.0,114,HR,61.85
25,27,4,Staff,Design,82017929.0,114,Teamwork,71.44
25,27,4,Staff,Design,82017929.0,114,Technical,68.46
25,27,4,Staff,Design,90000000.0,244,Finance,64.69
25,27,4,Staff,Design,90000000.0,244,Innovation,67.53
25,27,4,Staff,Design,90000000.0,244,Performance,64.79
25,27,4,Staff,Design,90000000.0,244,Project,65.78
25,27,4,Staff,Design,90000000.0,244,Quality,69.89
25,27,4,Staff,Design,134037811.0,31,Attendance,66.59
25,27,4,Staff,Design,134037811.0,31,Finance,60.05
25,27,4,Staff,Design,134037811.0,31,Innovation,67.99
25,27,4,Staff,Design,134037811.0,31,Performance,68.39
25,27,4,Staff,Design,134037811.0,31,Quality,65.90666666666667
25,27,4,Staff,Design,134037811.0,31,Time Management,70.3
25,27,4,Staff,Design,180000000.0,193,Attendance,64.38
25,27,4,Staff,Design,180000000.0,193,Development,65.19
25,27,4,Staff,Design,180000000.0,193,Efficiency,70.38
25,27,4,Staff,Design,180000000.0,193,HR,74.31
25,27,4,Staff,Design,180000000.0,193,Innovation,59.035
25,27,4,Staff,Design,180000000.0,193,Performance,64.92
25,27,4,Staff,Design,180000000.0,193,Project,69.78
25,27,4,Staff,Design,180000000.0,193,Quality,64.58500000000001
25,27,4,Staff,Design,180000000.0,193,Teamwork,73.67
25,27,4,Staff,Design,190000000.0,241,Development,65.46
25,27,4,Staff,Design,190000000.0,241,HR,70.21
25,27,4,Staff,Design,190000000.0,241,Performance,69.075
25,27,4,Staff,Design,190000000.0,241,Quality,61.075
25,27,4,Staff,Design,190000000.0,241,Teamwork,71.49
25,27,4,Staff,Design,190000000.0,241,Time Management,65.41499999999999
25,27,4,Staff,Design,206368642.0,46,Attendance,70.79
25,27,4,Staff,Design,206368642.0,46,Development,62.975
25,27,4,Staff,Design,206368642.0,46,HR,64.64
25,27,4,Staff,Design,206368642.0,46,Project,66.56
25,27,4,Staff,Design,206368642.0,46,Technical,61.53
25,27,4,Staff,Design,220000000.0,225,Attendance,70.7
25,27,4,Staff,Design,220000000.0,225,Efficiency,67.79
25,27,4,Staff,Design,220000000.0,225,Finance,58.95
25,27,4,Staff,Design,220000000.0,225,HR,66.92666666666666
25,27,4,Staff,Design,220000000.0,225,Quality,64.98333333333333
25,27,4,Staff,Design,220000000.0,225,Time Management,67.99
25,27,4,Staff,Design,500000000.0,356,Efficiency,66.05
25,27,4,Staff,Design,500000000.0,356,HR,71.64
25,27,4,Staff,Design,500000000.0,356,Performance,64.6
25,27,4,Staff,Design,500000000.0,356,Quality,68.11
26,31,5,Staff,Design,50000000.0,211,Attendance,72.48500000000001
26,31,5,Staff,Design,50000000.0,211,Development,62.99
26,31,5,Staff,Design,50000000.0,211,Efficiency,73.44
26,31,5,Staff,Design,50000000.0,211,Finance,70.05
26,31,5,Staff,Design,50000000.0,211,Performance,72.595
26,31,5,Staff,Design,50000000.0,211,Quality,66.51
26,31,5,Staff,Design,50000000.0,211,Teamwork,68.06
26,31,5,Staff,Design,50000000.0,211,Time Management,68.49
26,31,5,Staff,Design,82017929.0,114,Attendance,70.05
26,31,5,Staff,Design,82017929.0,114,Efficiency,68.99
26,31,5,Staff,Design,82017929.0,114,HR,70.56
26,31,5,Staff,Design,82017929.0,114,Performance,76.12
26,31,5,Staff,Design,82017929.0,114,Project,63.3
26,31,5,Staff,Design,82017929.0,114,Quality,61.94
26,31,5,Staff,Design,82017929.0,114,Time Management,62.39
26,31,5,Staff,Design,110000000.0,199,Attendance,76.78
26,31,5,Staff,Design,110000000.0,199,Development,59.39
26,31,5,Staff,Design,110000000.0,199,Efficiency,63.17
26,31,5,Staff,Design,110000000.0,199,Finance,66.30499999999999
26,31,5,Staff,Design,110000000.0,199,HR,73.49000000000001
26,31,5,Staff,Design,110000000.0,199,Project,68.99
26,31,5,Staff,Design,110000000.0,199,Quality,59.66
26,31,5,Staff,Design,140000000.0,211,HR,69.25
26,31,5,Staff,Design,206368642.0,46,Attendance,74.155
26,31,5,Staff,Design,206368642.0,46,Efficiency,63.08
26,31,5,Staff,Design,206368642.0,46,Project,67.92
26,31,5,Staff,Design,206368642.0,46,Quality,66.05
26,31,5,Staff,Design,206368642.0,46,Teamwork,74.36
26,31,5,Staff,Design,355280620.0,347,Development,63.8
26,31,5,Staff,Design,355280620.0,347,Efficiency,72.11
26,31,5,Staff,Design,355280620.0,347,HR,67.88499999999999
26,31,5,Staff,Design,355280620.0,347,Innovation,64.41
26,31,5,Staff,Design,355280620.0,347,Performance,63.28
26,31,5,Staff,Design,355280620.0,347,Teamwork,67.72
26,31,5,Staff,Design,375514309.0,335,Attendance,73.86
26,31,5,Staff,Design,375514309.0,335,Development,59.12
26,31,5,Staff,Design,375514309.0,335,Finance,66.12
26,31,5,Staff,Design,375514309.0,335,HR,68.81
26,31,5,Staff,Design,375514309.0,335,Project,71.37
26,31,5,Staff,Design,375514309.0,335,Quality,66.25666666666667
26,31,5,Staff,Design,375514309.0,335,Technical,70.33500000000001
26,31,5,Staff,Design,375514309.0,335,Time Management,61.74
26,31,5,Staff,Design,377293102.0,80,Attendance,64.8
26,31,5,Staff,Design,377293102.0,80,Efficiency,71.93
26,31,5,Staff,Design,377293102.0,80,Quality,58.91
26,31,5,Staff,Design,377293102.0,80,Technical,70.01
26,31,5,Staff,Design,377293102.0,80,Time Management,65.86
27,23,4,Staff,Finance,75000000.0,203,Attendance,61.92
27,23,4,Staff,Finance,75000000.0,203,Development,60.17
27,23,4,Staff,Finance,75000000.0,203,Performance,65.62
27,23,4,Staff,Finance,75000000.0,203,Project,72.8
27,23,4,Staff,Finance,75000000.0,203,Quality,63.935
27,23,4,Staff,Finance,75000000.0,203,Technical,67.92
27,23,4,Staff,Finance,75000000.0,203,Time Management,58.27
27,23,4,Staff,Finance,134037811.0,31,Finance,71.0
27,23,4,Staff,Finance,134037811.0,31,Project,72.17
27,23,4,Staff,Finance,134037811.0,31,Quality,71.26
27,23,4,Staff,Finance,134037811.0,31,Time Management,78.88
27,23,4,Staff,Finance,178776637.0,118,Attendance,76.4
27,23,4,Staff,Finance,178776637.0,118,Development,62.08
27,23,4,Staff,Finance,178776637.0,118,Efficiency,63.95
27,23,4,Staff,Finance,178776637.0,118,Finance,70.205
27,23,4,Staff,Finance,178776637.0,118,HR,67.93
27,23,4,Staff,Finance,178776637.0,118,Innovation,65.35
27,23,4,Staff,Finance,178776637.0,118,Performance,62.75
27,23,4,Staff,Finance,178776637.0,118,Project,71.21
27,23,4,Staff,Finance,178776637.0,118,Quality,67.45
27,23,4,Staff,Finance,178776637.0,118,Teamwork,67.365
27,23,4,Staff,Finance,178776637.0,118,Technical,66.725
27,23,4,Staff,Finance,291862333.0,334,Development,67.37
27,23,4,Staff,Finance,291862333.0,334,Efficiency,71.77
27,23,4,Staff,Finance,291862333.0,334,Finance,69.66
27,23,4,Staff,Finance,291862333.0,334,HR,67.85
27,23,4,Staff,Finance,291862333.0,334,Innovation,60.05
27,23,4,Staff,Finance,291862333.0,334,Project,71.57
27,23,4,Staff,Finance,291862333.0,334,Quality,67.66666666666667
27,23,4,Staff,Finance,291862333.0,334,Teamwork,76.55
27,23,4,Staff,Finance,291862333.0,334,Time Management,71.82
27,23,4,Staff,Finance,291868109.0,256,Attendance,69.54
27,23,4,Staff,Finance,291868109.0,256,Efficiency,65.7
27,23,4,Staff,Finance,291868109.0,256,Finance,61.215
27,23,4,Staff,Finance,291868109.0,256,Innovation,50.99
27,23,4,Staff,Finance,291868109.0,256,Quality,62.74
27,23,4,Staff,Finance,355280620.0,347,HR,64.885
27,23,4,Staff,Finance,355280620.0,347,Innovation,51.32
27,23,4,Staff,Finance,355280620.0,347,Performance,56.99
27,23,4,Staff,Finance,355280620.0,347,Quality,61.21
27,23,4,Staff,Finance,355280620.0,347,Teamwork,65.915
27,23,4,Staff,Finance,355280620.0,347,Technical,62.58
27,23,4,Staff,Finance,466447298.0,297,Attendance,68.44
27,23,4,Staff,Finance,466447298.0,297,Development,60.98
27,23,4,Staff,Finance,466447298.0,297,Efficiency,70.78
27,23,4,Staff,Finance,466447298.0,297,HR,72.14
27,23,4,Staff,Finance,466447298.0,297,Performance,71.9
27,23,4,Staff,Finance,466447298.0,297,Quality,67.54333333333334
27,23,4,Staff,Finance,472961951.0,350,Attendance,66.79
27,23,4,Staff,Finance,472961951.0,350,Development,65.35
27,23,4,Staff,Finance,472961951.0,350,Finance,62.21
28,31,1,Staff,Procurement,80000000.0,138,Development,37.61
28,31,1,Staff,Procurement,80000000.0,138,Efficiency,58.22
28,31,1,Staff,Procurement,80000000.0,138,Finance,38.87
28,31,1,Staff,Procurement,80000000.0,138,HR,52.09
28,31,1,Staff,Procurement,80000000.0,138,Quality,46.59
28,31,1,Staff,Procurement,80000000.0,138,Teamwork,50.735
28,31,1,Staff,Procurement,80000000.0,138,Time Management,46.81
28,31,1,Staff,Procurement,95000000.0,211,Development,42.32
28,31,1,Staff,Procurement,95000000.0,211,Efficiency,50.35
28,31,1,Staff,Procurement,95000000.0,211,HR,51.26
28,31,1,Staff,Procurement,95000000.0,211,Quality,43.8
28,31,1,Staff,Procurement,110000000.0,199,HR,46.94
28,31,1,Staff,Procurement,110000000.0,199,Innovation,46.59
28,31,1,Staff,Procurement,110000000.0,199,Performance,39.745000000000005
28,31,1,Staff,Procurement,110000000.0,199,Quality,42.545
28,31,1,Staff,Procurement,110000000.0,199,Technical,43.455
28,31,1,Staff,Procurement,178776637.0,118,Attendance,60.85
28,31,1,Staff,Procurement,178776637.0,118,Efficiency,45.93000000000001
28,31,1,Staff,Procurement,178776637.0,118,Finance,48.83
28,31,1,Staff,Procurement,178776637.0,118,HR,48.495000000000005
28,31,1,Staff,Procurement,178776637.0,118,Performance,52.36
28,31,1,Staff,Procurement,178776637.0,118,Project,45.25
28,31,1,Staff,Procurement,178776637.0,118,Quality,47.5
28,31,1,Staff,Procurement,178776637.0,118,Teamwork,41.245
28,31,1,Staff,Procurement,178776637.0,118,Time Management,43.59
28,31,1,Staff,Procurement,291868109.0,256,Attendance,60.35
28,31,1,Staff,Procurement,291868109.0,256,Development,34.78
28,31,1,Staff,Procurement,291868109.0,256,HR,49.13
28,31,1,Staff,Procurement,291868109.0,256,Innovation,38.47
28,31,1,Staff,Procurement,291868109.0,256,Quality,40.64
28,31,1,Staff,Procurement,291868109.0,256,Teamwork,49.29
28,31,1,Staff,Procurement,400000000.0,259,Development,54.03
28,31,1,Staff,Procurement,400000000.0,259,Efficiency,51.25
28,31,1,Staff,Procurement,400000000.0,259,HR,47.13
28,31,1,Staff,Procurement,400000000.0,259,Quality,47.66
28,31,1,Staff,Procurement,466447298.0,297,Development,32.63
28,31,1,Staff,Procurement,466447298.0,297,Efficiency,46.85
28,31,1,Staff,Procurement,466447298.0,297,HR,42.11
28,31,1,Staff,Procurement,466447298.0,297,Quality,43.86
28,31,1,Staff,Procurement,500000000.0,356,Attendance,51.27
28,31,1,Staff,Procurement,500000000.0,356,Development,49.01
28,31,1,Staff,Procurement,500000000.0,356,HR,53.6
28,31,1,Staff,Procurement,500000000.0,356,Project,40.03
28,31,1,Staff,Procurement,500000000.0,356,Quality,40.77
28,31,1,Staff,Procurement,500000000.0,356,Technical,45.73
29,35,6,Senior Staff,Design,75000000.0,203,Attendance,65.44
29,35,6,Senior Staff,Design,75000000.0,203,Finance,75.39
29,35,6,Senior Staff,Design,75000000.0,203,Project,71.6
29,35,6,Senior Staff,Design,75000000.0,203,Quality,64.075
29,35,6,Senior Staff,Design,75000000.0,203,Teamwork,67.55
29,35,6,Senior Staff,Design,75000000.0,203,Time Management,70.73
29,35,6,Senior Staff,Design,90000000.0,244,Attendance,60.13
29,35,6,Senior Staff,Design,90000000.0,244,Efficiency,65.21000000000001
29,35,6,Senior Staff,Design,90000000.0,244,Innovation,62.61
29,35,6,Senior Staff,Design,90000000.0,244,Performance,66.21
29,35,6,Senior Staff,Design,90000000.0,244,Quality,68.7
29,35,6,Senior Staff,Design,95000000.0,211,Attendance,75.37
29,35,6,Senior Staff,Design,95000000.0,211,HR,68.69
29,35,6,Senior Staff,Design,95000000.0,211,Innovation,65.05
29,35,6,Senior Staff,Design,95000000.0,211,Teamwork,72.38
29,35,6,Senior Staff,Design,95000000.0,211,Technical,61.64
29,35,6,Senior Staff,Design,110000000.0,199,Attendance,73.85
29,35,6,Senior Staff,Design,110000000.0,199,Development,56.754999999999995
29,35,6,Senior Staff,Design,110000000.0,199,Efficiency,75.37
29,35,6,Senior Staff,Design,110000000.0,199,Finance,67.5
29,35,6,Senior Staff,Design,110000000.0,199,HR,67.55
29,35,6,Senior Staff,Design,110000000.0,199,Project,64.71
29,35,6,Senior Staff,Design,110000000.0,199,Quality,66.58666666666666
29,35,6,Senior Staff,Design,110000000.0,199,Teamwork,75.63
29,35,6,Senior Staff,Design,110000000.0,199,Technical,66.32
29,35,6,Senior Staff,Design,190000000.0,241,Development,65.22000000000001
29,35,6,Senior Staff,Design,190000000.0,241,Efficiency,65.41499999999999
29,35,6,Senior Staff,Design,190000000.0,241,HR,71.515
29,35,6,Senior Staff,Design,190000000.0,241,Innovation,62.77
29,35,6,Senior Staff,Design,190000000.0,241,Project,70.49
29,35,6,Senior Staff,Design,190000000.0,241,Quality,60.775
29,35,6,Senior Staff,Design,190000000.0,241,Technical,63.19
29,35,6,Senior Staff,Design,355280620.0,347,Attendance,68.13
29,35,6,Senior Staff,Design,355280620.0,347,Development,62.52
29,35,6,Senior Staff,Design,355280620.0,347,Finance,55.89
29,35,6,Senior Staff,Design,355280620.0,347,Teamwork,79.36
29,35,6,Senior Staff,Design,400000000.0,259,Development,68.31333333333333
29,35,6,Senior Staff,Design,400000000.0,259,HR,68.305
29,35,6,Senior Staff,Design,400000000.0,259,Performance,73.41499999999999
29,35,6,Senior Staff,Design,400000000.0,259,Project,67.22
29,35,6,Senior Staff,Design,400000000.0,259,Quality,66.40333333333334
29,35,6,Senior Staff,Design,400000000.0,259,Time Management,72.61
29,35,6,Senior Staff,Design,404564658.0,71,Project,73.86
30,34,8,Manager,Procurement,60000000.0,214,Development,80.24
30,34,8,Manager,Procurement,60000000.0,214,HR,97.01
30,34,8,Manager,Procurement,60000000.0,214,Project,87.0
30,34,8,Manager,Procurement,60000000.0,214,Technical,90.52
30,34,8,Manager,Procurement,130000000.0,303,Efficiency,89.045
30,34,8,Manager,Procurement,130000000.0,303,Finance,89.16
30,34,8,Manager,Procurement,130000000.0,303,HR,90.73
30,34,8,Manager,Procurement,130000000.0,303,Innovation,89.27
30,34,8,Manager,Procurement,130000000.0,303,Performance,91.33
30,34,8,Manager,Procurement,130000000.0,303,Project,89.58500000000001
30,34,8,Manager,Procurement,130000000.0,303,Quality,85.96333333333332
30,34,8,Manager,Procurement,130000000.0,303,Teamwork,92.02
30,34,8,Manager,Procurement,130000000.0,303,Time Management,95.99
30,34,8,Manager,Procurement,140000000.0,211,Attendance,92.7
30,34,8,Manager,Procurement,140000000.0,211,Development,85.64
30,34,8,Manager,Procurement,140000000.0,211,Efficiency,89.68
30,34,8,Manager,Procurement,140000000.0,211,Finance,92.69
30,34,8,Manager,Procurement,140000000.0,211,HR,87.575
30,34,8,Manager,Procurement,140000000.0,211,Performance,89.77
30,34,8,Manager,Procurement,140000000.0,211,Project,87.92
30,34,8,Manager,Procurement,140000000.0,211,Quality,85.51
30,34,8,Manager,Procurement,140000000.0,211,Teamwork,87.235
30,34,8,Manager,Procurement,140000000.0,211,Technical,96.12
30,34,8,Manager,Procurement,140000000.0,211,Time Management,95.75
30,34,8,Manager,Procurement,178776637.0,118,Attendance,98.0
30,34,8,Manager,Procurement,178776637.0,118,Development,89.66
30,34,8,Manager,Procurement,178776637.0,118,Innovation,88.515
30,34,8,Manager,Procurement,178776637.0,118,Performance,86.26
30,34,8,Manager,Procurement,178776637.0,118,Project,84.78
30,34,8,Manager,Procurement,178776637.0,118,Quality,88.31
30,34,8,Manager,Procurement,178776637.0,118,Technical,91.61
30,34,8,Manager,Procurement,200000000.0,167,Development,87.52
30,34,8,Manager,Procurement,200000000.0,167,Finance,81.58
30,34,8,Manager,Procurement,200000000.0,167,Technical,87.59
30,34,8,Manager,Procurement,300000000.0,242,Development,88.735
30,34,8,Manager,Procurement,300000000.0,242,Finance,84.13
30,34,8,Manager,Procurement,300000000.0,242,HR,90.12
30,34,8,Manager,Procurement,300000000.0,242,Innovation,88.39
30,34,8,Manager,Procurement,300000000.0,242,Performance,83.07
30,34,8,Manager,Procurement,300000000.0,242,Project,87.01
30,34,8,Manager,Procurement,300000000.0,242,Quality,86.475
30,34,8,Manager,Procurement,300000000.0,242,Time Management,95.69
30,34,8,Manager,Procurement,397696244.0,106,Finance,82.57
30,34,8,Manager,Procurement,397696244.0,106,Innovation,84.11
30,34,8,Manager,Procurement,397696244.0,106,Technical,86.43
30,34,8,Manager,Procurement,400000000.0,259,Development,85.21
30,34,8,Manager,Procurement,400000000.0,259,Innovation,93.13
30,34,8,Manager,Procurement,400000000.0,259,Quality,87.86
31,31,5,Senior Staff,Quality Assurance,60000000.0,214,Development,68.16
31,31,5,Senior Staff,Quality Assurance,60000000.0,214,Finance,81.92
31,31,5,Senior Staff,Quality Assurance,60000000.0,214,HR,74.88
31,31,5,Senior Staff,Quality Assurance,60000000.0,214,Quality,65.92
31,31,5,Senior Staff,Quality Assurance,134037811.0,31,Attendance,70.94
31,31,5,Senior Staff,Quality Assurance,134037811.0,31,HR,79.87
31,31,5,Senior Staff,Quality Assurance,134037811.0,31,Innovation,67.79
31,31,5,Senior Staff,Quality Assurance,134037811.0,31,Performance,71.61
31,31,5,Senior Staff,Quality Assurance,134037811.0,31,Project,65.11
31,31,5,Senior Staff,Quality Assurance,134037811.0,31,Teamwork,76.78
31,31,5,Senior Staff,Quality Assurance,190000000.0,241,Attendance,70.39
31,31,5,Senior Staff,Quality Assurance,190000000.0,241,Development,70.55
31,31,5,Senior Staff,Quality Assurance,190000000.0,241,Performance,62.98
31,31,5,Senior Staff,Quality Assurance,190000000.0,241,Quality,68.46
31,31,5,Senior Staff,Quality Assurance,300000000.0,242,Attendance,75.45
31,31,5,Senior Staff,Quality Assurance,300000000.0,242,HR,73.00999999999999
31,31,5,Senior Staff,Quality Assurance,300000000.0,242,Performance,65.28
31,31,5,Senior Staff,Quality Assurance,300000000.0,242,Quality,65.76
31,31,5,Senior Staff,Quality Assurance,355280620.0,347,Efficiency,65.41
31,31,5,Senior Staff,Quality Assurance,355280620.0,347,Finance,70.98
31,31,5,Senior Staff,Quality Assurance,355280620.0,347,HR,70.15
31,31,5,Senior Staff,Quality Assurance,355280620.0,347,Innovation,61.41
31,31,5,Senior Staff,Quality Assurance,355280620.0,347,Project,71.43
31,31,5,Senior Staff,Quality Assurance,355280620.0,347,Quality,60.05
31,31,5,Senior Staff,Quality Assurance,397696244.0,106,Performance,62.02
31,31,5,Senior Staff,Quality Assurance,404564658.0,71,Development,68.38
31,31,5,Senior Staff,Quality Assurance,404564658.0,71,HR,75.745
31,31,5,Senior Staff,Quality Assurance,404564658.0,71,Quality,68.32
31,31,5,Senior Staff,Quality Assurance,404564658.0,71,Time Management,72.4
31,31,5,Senior Staff,Quality Assurance,472961951.0,350,Innovation,72.15
31,31,5,Senior Staff,Quality Assurance,472961951.0,350,Project,72.19
31,31,5,Senior Staff,Quality Assurance,472961951.0,350,Quality,67.19
31,31,5,Senior Staff,Quality Assurance,472961951.0,350,Teamwork,71.96
31,31,5,Senior Staff,Quality Assurance,472961951.0,350,Time Management,69.73
32,41,13,Senior Manager,Human Resources,110000000.0,199,Efficiency,98.0
32,41,13,Senior Manager,Human Resources,110000000.0,199,HR,98.0
32,41,13,Senior Manager,Human Resources,110000000.0,199,Performance,98.0
32,41,13,Senior Manager,Human Resources,110000000.0,199,Project,98.0
32,41,13,Senior Manager,Human Resources,110000000.0,199,Quality,98.0
32,41,13,Senior Manager,Human Resources,110000000.0,199,Teamwork,98.0
32,41,13,Senior Manager,Human Resources,134037811.0,31,Efficiency,98.0
32,41,13,Senior Manager,Human Resources,134037811.0,31,HR,98.0
32,41,13,Senior Manager,Human Resources,134037811.0,31,Project,98.0
32,41,13,Senior Manager,Human Resources,134037811.0,31,Quality,98.0
32,41,13,Senior Manager,Human Resources,134037811.0,31,Teamwork,98.0
32,41,13,Senior Manager,Human Resources,134037811.0,31,Time Management,98.0
32,41,13,Senior Manager,Human Resources,200000000.0,167,Attendance,98.0
32,41,13,Senior Manager,Human Resources,200000000.0,167,Development,98.0
32,41,13,Senior Manager,Human Resources,200000000.0,167,HR,98.0
32,41,13,Senior Manager,Human Resources,200000000.0,167,Performance,98.0
32,41,13,Senior Manager,Human Resources,200000000.0,167,Project,98.0
32,41,13,Senior Manager,Human Resources,200000000.0,167,Quality,98.0
32,41,13,Senior Manager,Human Resources,220000000.0,225,Finance,98.0
32,41,13,Senior Manager,Human Resources,220000000.0,225,Performance,98.0
32,41,13,Senior Manager,Human Resources,220000000.0,225,Project,98.0
32,41,13,Senior Manager,Human Resources,220000000.0,225,Quality,98.0
32,41,13,Senior Manager,Human Resources,291862333.0,334,Attendance,98.0
32,41,13,Senior Manager,Human Resources,291862333.0,334,Development,98.0
32,41,13,Senior Manager,Human Resources,291862333.0,334,HR,98.0
32,41,13,Senior Manager,Human Resources,291862333.0,334,Project,98.0
32,41,13,Senior Manager,Human Resources,300000000.0,242,Development,93.71
32,41,13,Senior Manager,Human Resources,300000000.0,242,Efficiency,98.0
32,41,13,Senior Manager,Human Resources,300000000.0,242,Finance,97.53
32,41,13,Senior Manager,Human Resources,300000000.0,242,HR,98.0
32,41,13,Senior Manager,Human Resources,300000000.0,242,Performance,98.0
32,41,13,Senior Manager,Human Resources,300000000.0,242,Project,97.19666666666667
32,41,13,Senior Manager,Human Resources,300000000.0,242,Quality,97.535
32,41,13,Senior Manager,Human Resources,300000000.0,242,Teamwork,98.0
32,41,13,Senior Manager,Human Resources,300000000.0,242,Technical,98.0
32,41,13,Senior Manager,Human Resources,385820825.0,138,Attendance,98.0
32,41,13,Senior Manager,Human Resources,385820825.0,138,Development,98.0
32,41,13,Senior Manager,Human Resources,385820825.0,138,Efficiency,98.0
32,41,13,Senior Manager,Human Resources,385820825.0,138,HR,98.0
32,41,13,Senior Manager,Human Resources,385820825.0,138,Innovation,98.0
32,41,13,Senior Manager,Human Resources,385820825.0,138,Performance,98.0
32,41,13,Senior Manager,Human Resources,385820825.0,138,Quality,98.0
32,41,13,Senior Manager,Human Resources,385820825.0,138,Teamwork,98.0
32,41,13,Senior Manager,Human Resources,385820825.0,138,Time Management,98.0
32,41,13,Senior Manager,Human Resources,400000000.0,259,Efficiency,98.0
32,41,13,Senior Manager,Human Resources,400000000.0,259,HR,97.44
32,41,13,Senior Manager,Human Resources,400000000.0,259,Project,98.0
32,41,13,Senior Manager,Human Resources,400000000.0,259,Quality,98.0
33,23,1,Staff,Marketing,120000000.0,152,Development,45.58
33,23,1,Staff,Marketing,120000000.0,152,Finance,44.65
33,23,1,Staff,Marketing,120000000.0,152,Innovation,41.47
33,23,1,Staff,Marketing,120000000.0,152,Performance,50.03
33,23,1,Staff,Marketing,120000000.0,152,Project,56.24
33,23,1,Staff,Marketing,120000000.0,152,Quality,51.14
33,23,1,Staff,Marketing,120000000.0,152,Teamwork,49.1
33,23,1,Staff,Marketing,120000000.0,152,Time Management,56.61
33,23,1,Staff,Marketing,130000000.0,303,Finance,55.64
33,23,1,Staff,Marketing,130000000.0,303,HR,40.12
33,23,1,Staff,Marketing,130000000.0,303,Performance,54.57
33,23,1,Staff,Marketing,130000000.0,303,Quality,48.87
33,23,1,Staff,Marketing,130000000.0,303,Technical,55.88
33,23,1,Staff,Marketing,130000000.0,303,Time Management,47.15
33,23,1,Staff,Marketing,134037811.0,31,Finance,45.47
33,23,1,Staff,Marketing,134037811.0,31,HR,49.76
33,23,1,Staff,Marketing,134037811.0,31,Innovation,43.24
33,23,1,Staff,Marketing,190000000.0,241,Development,45.254999999999995
33,23,1,Staff,Marketing,190000000.0,241,Performance,49.37
33,23,1,Staff,Marketing,190000000.0,241,Quality,50.93
33,23,1,Staff,Marketing,190000000.0,241,Time Management,52.4
33,23,1,Staff,Marketing,365962025.0,249,Efficiency,53.85
33,23,1,Staff,Marketing,365962025.0,249,Quality,39.58
33,23,1,Staff,Marketing,365962025.0,249,Teamwork,54.095
33,23,1,Staff,Marketing,365962025.0,249,Technical,50.185
33,23,1,Staff,Marketing,375514309.0,335,Attendance,51.74
33,23,1,Staff,Marketing,375514309.0,335,Finance,45.66
33,23,1,Staff,Marketing,375514309.0,335,HR,47.55
33,23,1,Staff,Marketing,375514309.0,335,Project,46.35
33,23,1,Staff,Marketing,375514309.0,335,Quality,53.68666666666667
33,23,1,Staff,Marketing,375514309.0,335,Technical,53.69
33,23,1,Staff,Marketing,385820825.0,138,HR,48.8
33,23,1,Staff,Marketing,385820825.0,138,Project,45.79
33,23,1,Staff,Marketing,385820825.0,138,Quality,57.19
33,23,1,Staff,Marketing,385820825.0,138,Time Management,43.6
33,23,1,Staff,Marketing,466447298.0,297,Efficiency,52.44
33,23,1,Staff,Marketing,466447298.0,297,HR,50.48
33,23,1,Staff,Marketing,466447298.0,297,Performance,55.7
33,23,1,Staff,Marketing,466447298.0,297,Project,57.06
33,23,1,Staff,Marketing,466447298.0,297,Quality,49.9525
33,23,1,Staff,Marketing,466447298.0,297,Teamwork,53.21
33,23,1,Staff,Marketing,466447298.0,297,Technical,41.04
33,23,1,Staff,Marketing,466447298.0,297,Time Management,58.9
34,25,2,Staff,Quality Assurance,60000000.0,214,Development,59.28
34,25,2,Staff,Quality Assurance,60000000.0,214,Efficiency,64.97
34,25,2,Staff,Quality Assurance,60000000.0,214,Performance,74.06
34,25,2,Staff,Quality Assurance,60000000.0,214,Quality,62.3
34,25,2,Staff,Quality Assurance,60000000.0,214,Technical,71.49
34,25,2,Staff,Quality Assurance,60000000.0,214,Time Management,66.005
34,25,2,Staff,Quality Assurance,82017929.0,114,Development,65.18
34,25,2,Staff,Quality Assurance,82017929.0,114,HR,68.37
34,25,2,Staff,Quality Assurance,82017929.0,114,Innovation,59.4
34,25,2,Staff,Quality Assurance,82017929.0,114,Performance,65.79
34,25,2,Staff,Quality Assurance,82017929.0,114,Quality,69.33
34,25,2,Staff,Quality Assurance,82017929.0,114,Technical,63.54
34,25,2,Staff,Quality Assurance,82017929.0,114,Time Management,66.87
34,25,2,Staff,Quality Assurance,110000000.0,199,Attendance,73.29
34,25,2,Staff,Quality Assurance,110000000.0,199,Development,65.19
34,25,2,Staff,Quality Assurance,110000000.0,199,Efficiency,60.31
34,25,2,Staff,Quality Assurance,110000000.0,199,Finance,58.46
34,25,2,Staff,Quality Assurance,110000000.0,199,Performance,69.49
34,25,2,Staff,Quality Assurance,110000000.0,199,Quality,61.99
34,25,2,Staff,Quality Assurance,110000000.0,199,Teamwork,76.77
34,25,2,Staff,Quality Assurance,110000000.0,199,Technical,73.75
34,25,2,Staff,Quality Assurance,110000000.0,199,Time Management,80.83
34,25,2,Staff,Quality Assurance,150000000.0,274,Efficiency,66.48
34,25,2,Staff,Quality Assurance,150000000.0,274,HR,67.655
34,25,2,Staff,Quality Assurance,150000000.0,274,Innovation,58.62
34,25,2,Staff,Quality Assurance,150000000.0,274,Performance,68.01
34,25,2,Staff,Quality Assurance,150000000.0,274,Project,74.84
34,25,2,Staff,Quality Assurance,150000000.0,274,Quality,65.28
34,25,2,Staff,Quality Assurance,150000000.0,274,Technical,61.12
34,25,2,Staff,Quality Assurance,178776637.0,118,Attendance,65.65
34,25,2,Staff,Quality Assurance,178776637.0,118,HR,64.335
34,25,2,Staff,Quality Assurance,178776637.0,118,Innovation,57.14
34,25,2,Staff,Quality Assurance,178776637.0,118,Technical,66.54
34,25,2,Staff,Quality Assurance,178776637.0,118,Time Management,75.85
34,25,2,Staff,Quality Assurance,200000000.0,167,Attendance,65.68
34,25,2,Staff,Quality Assurance,200000000.0,167,Efficiency,61.99
34,25,2,Staff,Quality Assurance,200000000.0,167,Finance,70.26
34,25,2,Staff,Quality Assurance,200000000.0,167,HR,66.535
34,25,2,Staff,Quality Assurance,200000000.0,167,Quality,63.67
34,25,2,Staff,Quality Assurance,200000000.0,167,Technical,67.47999999999999
34,25,2,Staff,Quality Assurance,200000000.0,167,Time Management,65.215
34,25,2,Staff,Quality Assurance,369461833.0,321,Finance,59.29
34,25,2,Staff,Quality Assurance,369461833.0,321,HR,64.99
34,25,2,Staff,Quality Assurance,369461833.0,321,Innovation,63.705
34,25,2,Staff,Quality Assurance,369461833.0,321,Performance,72.36
34,25,2,Staff,Quality Assurance,369461833.0,321,Project,68.5
34,25,2,Staff,Quality Assurance,369461833.0,321,Quality,67.27
34,25,2,Staff,Quality Assurance,369461833.0,321,Technical,60.46
34,25,2,Staff,Quality Assurance,369461833.0,321,Time Management,70.095
34,25,2,Staff,Quality Assurance,377293102.0,80,Attendance,71.17
34,25,2,Staff,Quality Assurance,377293102.0,80,Project,66.76
34,25,2,Staff,Quality Assurance,377293102.0,80,Quality,64.04666666666667
34,25,2,Staff,Quality Assurance,377293102.0,80,Time Management,59.96
35,23,5,Staff,Operations,50000000.0,211,Attendance,64.32
35,23,5,Staff,Operations,50000000.0,211,Efficiency,76.31
35,23,5,Staff,Operations,50000000.0,211,HR,65.785
35,23,5,Staff,Operations,50000000.0,211,Performance,67.72
35,23,5,Staff,Operations,50000000.0,211,Quality,71.69200000000001
35,23,5,Staff,Operations,50000000.0,211,Teamwork,73.16
35,23,5,Staff,Operations,88214342.0,149,Finance,67.76
35,23,5,Staff,Operations,88214342.0,149,HR,74.84
35,23,5,Staff,Operations,88214342.0,149,Quality,66.455
35,23,5,Staff,Operations,120000000.0,152,Development,59.42
35,23,5,Staff,Operations,120000000.0,152,Efficiency,56.9
35,23,5,Staff,Operations,120000000.0,152,Innovation,66.34
35,23,5,Staff,Operations,120000000.0,152,Performance,70.7
35,23,5,Staff,Operations,120000000.0,152,Quality,64.07000000000001
35,23,5,Staff,Operations,120000000.0,152,Teamwork,66.99
35,23,5,Staff,Operations,120000000.0,152,Technical,57.23
35,23,5,Staff,Operations,120000000.0,152,Time Management,64.9
35,23,5,Staff,Operations,206368642.0,46,Finance,68.76
35,23,5,Staff,Operations,206368642.0,46,HR,65.285
35,23,5,Staff,Operations,206368642.0,46,Performance,69.995
35,23,5,Staff,Operations,206368642.0,46,Project,70.14
35,23,5,Staff,Operations,206368642.0,46,Quality,62.53
35,23,5,Staff,Operations,206368642.0,46,Teamwork,73.78
35,23,5,Staff,Operations,206368642.0,46,Technical,72.12
35,23,5,Staff,Operations,206368642.0,46,Time Management,72.99
35,23,5,Staff,Operations,365962025.0,249,Attendance,74.17
35,23,5,Staff,Operations,365962025.0,249,Development,58.95
35,23,5,Staff,Operations,365962025.0,249,Finance,66.28
35,23,5,Staff,Operations,365962025.0,249,HR,70.39333333333333
35,23,5,Staff,Operations,365962025.0,249,Performance,68.04
35,23,5,Staff,Operations,365962025.0,249,Quality,68.99
35,23,5,Staff,Operations,365962025.0,249,Technical,66.42
35,23,5,Staff,Operations,365962025.0,249,Time Management,60.0
35,23,5,Staff,Operations,369461833.0,321,Efficiency,58.64
35,23,5,Staff,Operations,369461833.0,321,Innovation,63.14
35,23,5,Staff,Operations,369461833.0,321,Technical,70.12
35,23,5,Staff,Operations,404564658.0,71,Development,66.23
35,23,5,Staff,Operations,404564658.0,71,Efficiency,69.27
35,23,5,Staff,Operations,404564658.0,71,Finance,69.68
35,23,5,Staff,Operations,404564658.0,71,HR,64.23
35,23,5,Staff,Operations,404564658.0,71,Performance,66.01
35,23,5,Staff,Operations,404564658.0,71,Project,66.66499999999999
35,23,5,Staff,Operations,404564658.0,71,Quality,66.88
35,23,5,Staff,Operations,404564658.0,71,Teamwork,60.06
35,23,5,Staff,Operations,472961951.0,350,Performance,60.78
35,23,5,Staff,Operations,472961951.0,350,Project,67.35
35,23,5,Staff,Operations,472961951.0,350,Quality,61.105000000000004
36,25,5,Staff,Human Resources,88214342.0,149,Development,73.87
36,25,5,Staff,Human Resources,88214342.0,149,Efficiency,66.1
36,25,5,Staff,Human Resources,88214342.0,149,HR,66.495
36,25,5,Staff,Human Resources,88214342.0,149,Quality,66.11
36,25,5,Staff,Human Resources,88214342.0,149,Teamwork,68.63
36,25,5,Staff,Human Resources,88214342.0,149,Technical,70.09
36,25,5,Staff,Human Resources,88214342.0,149,Time Management,67.22
36,25,5,Staff,Human Resources,90000000.0,244,Efficiency,58.39
36,25,5,Staff,Human Resources,90000000.0,244,HR,67.62
36,25,5,Staff,Human Resources,90000000.0,244,Performance,70.67
36,25,5,Staff,Human Resources,90000000.0,244,Project,67.54
36,25,5,Staff,Human Resources,90000000.0,244,Teamwork,67.76
36,25,5,Staff,Human Resources,134037811.0,31,Efficiency,74.19
36,25,5,Staff,Human Resources,134037811.0,31,Finance,61.99
36,25,5,Staff,Human Resources,134037811.0,31,HR,64.77
36,25,5,Staff,Human Resources,134037811.0,31,Performance,59.74
36,25,5,Staff,Human Resources,134037811.0,31,Quality,62.300000000000004
36,25,5,Staff,Human Resources,134037811.0,31,Technical,66.185
36,25,5,Staff,Human Resources,178776637.0,118,Development,57.28
36,25,5,Staff,Human Resources,178776637.0,118,Efficiency,62.93
36,25,5,Staff,Human Resources,178776637.0,118,Finance,61.27
36,25,5,Staff,Human Resources,178776637.0,118,HR,64.49
36,25,5,Staff,Human Resources,178776637.0,118,Performance,62.03
36,25,5,Staff,Human Resources,178776637.0,118,Project,60.32
36,25,5,Staff,Human Resources,204675132.0,174,Development,62.07
36,25,5,Staff,Human Resources,204675132.0,174,Efficiency,66.36
36,25,5,Staff,Human Resources,204675132.0,174,Performance,65.01
36,25,5,Staff,Human Resources,204675132.0,174,Project,59.27
36,25,5,Staff,Human Resources,204675132.0,174,Time Management,63.95
36,25,5,Staff,Human Resources,278244747.0,88,Attendance,67.25
36,25,5,Staff,Human Resources,278244747.0,88,Efficiency,65.82
36,25,5,Staff,Human Resources,278244747.0,88,Finance,62.13666666666668
36,25,5,Staff,Human Resources,278244747.0,88,HR,64.0
36,25,5,Staff,Human Resources,278244747.0,88,Innovation,57.54
36,25,5,Staff,Human Resources,278244747.0,88,Performance,65.1
36,25,5,Staff,Human Resources,278244747.0,88,Project,64.79
36,25,5,Staff,Human Resources,278244747.0,88,Quality,64.08
36,25,5,Staff,Human Resources,278244747.0,88,Teamwork,64.64
36,25,5,Staff,Human Resources,278244747.0,88,Time Management,68.63
36,25,5,Staff,Human Resources,375514309.0,335,Attendance,73.17500000000001
36,25,5,Staff,Human Resources,375514309.0,335,Development,63.49
36,25,5,Staff,Human Resources,375514309.0,335,Finance,63.63
36,25,5,Staff,Human Resources,375514309.0,335,HR,65.75999999999999
36,25,5,Staff,Human Resources,375514309.0,335,Innovation,66.38
36,25,5,Staff,Human Resources,375514309.0,335,Quality,64.075
36,25,5,Staff,Human Resources,375514309.0,335,Teamwork,73.545
36,25,5,Staff,Human Resources,375514309.0,335,Time Management,75.31
36,25,5,Staff,Human Resources,404564658.0,71,Efficiency,67.28
36,25,5,Staff,Human Resources,404564658.0,71,HR,65.86
36,25,5,Staff,Human Resources,404564658.0,71,Performance,55.45
36,25,5,Staff,Human Resources,404564658.0,71,Quality,60.85
37,43,10,Senior Manager,Operations,50000000.0,211,Development,98.0
37,43,10,Senior Manager,Operations,50000000.0,211,Finance,98.0
37,43,10,Senior Manager,Operations,50000000.0,211,HR,98.0
37,43,10,Senior Manager,Operations,50000000.0,211,Project,98.0
37,43,10,Senior Manager,Operations,50000000.0,211,Quality,98.0
37,43,10,Senior Manager,Operations,50000000.0,211,Teamwork,98.0
37,43,10,Senior Manager,Operations,50000000.0,211,Time Management,98.0
37,43,10,Senior Manager,Operations,150000000.0,274,Finance,98.0
37,43,10,Senior Manager,Operations,150000000.0,274,Innovation,95.19
37,43,10,Senior Manager,Operations,150000000.0,274,Project,98.0
37,43,10,Senior Manager,Operations,150000000.0,274,Quality,98.0
37,43,10,Senior Manager,Operations,204675132.0,174,Finance,98.0
37,43,10,Senior Manager,Operations,204675132.0,174,HR,98.0
37,43,10,Senior Manager,Operations,204675132.0,174,Innovation,98.0
37,43,10,Senior Manager,Operations,204675132.0,174,Quality,98.0
37,43,10,Senior Manager,Operations,204675132.0,174,Technical,98.0
37,43,10,Senior Manager,Operations,204675132.0,174,Time Management,98.0
37,43,10,Senior Manager,Operations,291868109.0,256,Attendance,98.0
37,43,10,Senior Manager,Operations,291868109.0,256,Development,98.0
37,43,10,Senior Manager,Operations,291868109.0,256,Finance,98.0
37,43,10,Senior Manager,Operations,291868109.0,256,HR,98.0
37,43,10,Senior Manager,Operations,291868109.0,256,Innovation,98.0
37,43,10,Senior Manager,Operations,291868109.0,256,Project,98.0
37,43,10,Senior Manager,Operations,291868109.0,256,Quality,98.0
37,43,10,Senior Manager,Operations,291868109.0,256,Teamwork,98.0
37,43,10,Senior Manager,Operations,291868109.0,256,Technical,98.0
37,43,10,Senior Manager,Operations,291868109.0,256,Time Management,98.0
37,43,10,Senior Manager,Operations,365962025.0,249,Attendance,98.0
37,43,10,Senior Manager,Operations,365962025.0,249,Efficiency,98.0
37,43,10,Senior Manager,Operations,365962025.0,249,HR,98.0
37,43,10,Senior Manager,Operations,365962025.0,249,Performance,98.0
37,43,10,Senior Manager,Operations,365962025.0,249,Project,98.0
37,43,10,Senior Manager,Operations,365962025.0,249,Quality,98.0
37,43,10,Senior Manager,Operations,365962025.0,249,Teamwork,98.0
37,43,10,Senior Manager,Operations,365962025.0,249,Technical,98.0
37,43,10,Senior Manager,Operations,365962025.0,249,Time Management,98.0
37,43,10,Senior Manager,Operations,377293102.0,80,Attendance,98.0
37,43,10,Senior Manager,Operations,377293102.0,80,Development,98.0
37,43,10,Senior Manager,Operations,377293102.0,80,Finance,98.0
37,43,10,Senior Manager,Operations,377293102.0,80,HR,98.0
37,43,10,Senior Manager,Operations,377293102.0,80,Innovation,98.0
37,43,10,Senior Manager,Operations,377293102.0,80,Performance,98.0
37,43,10,Senior Manager,Operations,377293102.0,80,Project,98.0
37,43,10,Senior Manager,Operations,377293102.0,80,Quality,98.0
37,43,10,Senior Manager,Operations,377293102.0,80,Teamwork,98.0
37,43,10,Senior Manager,Operations,377293102.0,80,Technical,98.0
37,43,10,Senior Manager,Operations,400000000.0,259,Innovation,98.0
37,43,10,Senior Manager,Operations,400000000.0,259,Performance,98.0
37,43,10,Senior Manager,Operations,400000000.0,259,Teamwork,98.0
37,43,10,Senior Manager,Operations,404564658.0,71,Development,98.0
37,43,10,Senior Manager,Operations,404564658.0,71,Efficiency,98.0
37,43,10,Senior Manager,Operations,404564658.0,71,Innovation,98.0
37,43,10,Senior Manager,Operations,404564658.0,71,Project,98.0
38,32,8,Manager,Procurement,80000000.0,138,Development,83.24
38,32,8,Manager,Procurement,80000000.0,138,Efficiency,89.22
38,32,8,Manager,Procurement,80000000.0,138,Innovation,84.735
38,32,8,Manager,Procurement,80000000.0,138,Project,88.21
38,32,8,Manager,Procurement,80000000.0,138,Quality,85.885
38,32,8,Manager,Procurement,80000000.0,138,Technical,85.92
38,32,8,Manager,Procurement,82017929.0,114,Attendance,97.35
38,32,8,Manager,Procurement,82017929.0,114,Development,86.48
38,32,8,Manager,Procurement,82017929.0,114,Finance,90.67
38,32,8,Manager,Procurement,82017929.0,114,HR,92.74
38,32,8,Manager,Procurement,82017929.0,114,Innovation,83.34
38,32,8,Manager,Procurement,82017929.0,114,Project,91.88
38,32,8,Manager,Procurement,82017929.0,114,Quality,87.60666666666667
38,32,8,Manager,Procurement,82017929.0,114,Teamwork,93.66
38,32,8,Manager,Procurement,82017929.0,114,Technical,91.39500000000001
38,32,8,Manager,Procurement,130000000.0,303,Finance,85.54
38,32,8,Manager,Procurement,130000000.0,303,Innovation,89.08
38,32,8,Manager,Procurement,130000000.0,303,Quality,87.6
38,32,8,Manager,Procurement,150000000.0,274,Attendance,95.69
38,32,8,Manager,Procurement,150000000.0,274,Finance,91.06
38,32,8,Manager,Procurement,150000000.0,274,Innovation,86.28
38,32,8,Manager,Procurement,150000000.0,274,Performance,91.99
38,32,8,Manager,Procurement,150000000.0,274,Project,98.0
38,32,8,Manager,Procurement,150000000.0,274,Teamwork,92.68
38,32,8,Manager,Procurement,180000000.0,193,Development,94.63
38,32,8,Manager,Procurement,180000000.0,193,Finance,83.16
38,32,8,Manager,Procurement,180000000.0,193,HR,91.81
38,32,8,Manager,Procurement,180000000.0,193,Performance,86.81
38,32,8,Manager,Procurement,180000000.0,193,Quality,87.6
38,32,8,Manager,Procurement,180000000.0,193,Teamwork,93.08
38,32,8,Manager,Procurement,180000000.0,193,Technical,91.14
38,32,8,Manager,Procurement,369461833.0,321,Efficiency,94.47
38,32,8,Manager,Procurement,369461833.0,321,Finance,79.11
38,32,8,Manager,Procurement,369461833.0,321,HR,91.29499999999999
38,32,8,Manager,Procurement,369461833.0,321,Innovation,89.89
38,32,8,Manager,Procurement,369461833.0,321,Performance,90.52
38,32,8,Manager,Procurement,369461833.0,321,Teamwork,96.67
38,32,8,Manager,Procurement,369461833.0,321,Technical,96.34
38,32,8,Manager,Procurement,369461833.0,321,Time Management,91.11
38,32,8,Manager,Procurement,404564658.0,71,Development,90.53999999999999
38,32,8,Manager,Procurement,404564658.0,71,Efficiency,92.57333333333334
38,32,8,Manager,Procurement,404564658.0,71,Finance,87.6
38,32,8,Manager,Procurement,404564658.0,71,HR,88.67
38,32,8,Manager,Procurement,404564658.0,71,Project,85.02
38,32,8,Manager,Procurement,404564658.0,71,Quality,88.33
38,32,8,Manager,Procurement,404564658.0,71,Teamwork,93.78999999999999
38,32,8,Manager,Procurement,404564658.0,71,Technical,97.95
38,32,8,Manager,Procurement,466447298.0,297,Attendance,95.74
38,32,8,Manager,Procurement,466447298.0,297,Development,80.32
38,32,8,Manager,Procurement,466447298.0,297,Efficiency,91.38
38,32,8,Manager,Procurement,466447298.0,297,HR,94.94
38,32,8,Manager,Procurement,466447298.0,297,Innovation,85.37
38,32,8,Manager,Procurement,466447298.0,297,Quality,85.61666666666667
38,32,8,Manager,Procurement,466447298.0,297,Teamwork,92.47999999999999
38,32,8,Manager,Procurement,466447298.0,297,Technical,91.14
39,35,9,Manager,Operations,88214342.0,149,Attendance,98.0
39,35,9,Manager,Operations,88214342.0,149,HR,94.96
39,35,9,Manager,Operations,88214342.0,149,Quality,98.0
39,35,9,Manager,Operations,88214342.0,149,Teamwork,94.53
39,35,9,Manager,Operations,90000000.0,244,Finance,89.81
39,35,9,Manager,Operations,90000000.0,244,HR,92.48
39,35,9,Manager,Operations,90000000.0,244,Performance,93.91999999999999
39,35,9,Manager,Operations,90000000.0,244,Quality,91.785
39,35,9,Manager,Operations,90000000.0,244,Teamwork,98.0
39,35,9,Manager,Operations,90000000.0,244,Technical,94.97
39,35,9,Manager,Operations,90000000.0,244,Time Management,94.63
39,35,9,Manager,Operations,178776637.0,118,Attendance,98.0
39,35,9,Manager,Operations,178776637.0,118,HR,97.23
39,35,9,Manager,Operations,178776637.0,118,Innovation,89.09
39,35,9,Manager,Operations,178776637.0,118,Performance,95.71
39,35,9,Manager,Operations,178776637.0,118,Project,91.26
39,35,9,Manager,Operations,178776637.0,118,Quality,92.922
39,35,9,Manager,Operations,178776637.0,118,Teamwork,91.62
39,35,9,Manager,Operations,178776637.0,118,Time Management,96.07
39,35,9,Manager,Operations,365962025.0,249,Finance,92.57
39,35,9,Manager,Operations,365962025.0,249,HR,95.425
39,35,9,Manager,Operations,365962025.0,249,Innovation,82.38
39,35,9,Manager,Operations,365962025.0,249,Performance,98.0
39,35,9,Manager,Operations,365962025.0,249,Quality,87.5
39,35,9,Manager,Operations,365962025.0,249,Teamwork,90.58
39,35,9,Manager,Operations,365962025.0,249,Technical,85.75
39,35,9,Manager,Operations,375514309.0,335,Development,87.18
39,35,9,Manager,Operations,375514309.0,335,Finance,89.05
39,35,9,Manager,Operations,375514309.0,335,HR,94.94
39,35,9,Manager,Operations,375514309.0,335,Innovation,93.16
39,35,9,Manager,Operations,375514309.0,335,Project,97.66
39,35,9,Manager,Operations,375514309.0,335,Quality,90.56
39,35,9,Manager,Operations,377293102.0,80,Finance,95.91
39,35,9,Manager,Operations,377293102.0,80,Quality,94.9
39,35,9,Manager,Operations,377293102.0,80,Technical,97.53
39,35,9,Manager,Operations,397696244.0,106,Attendance,98.0
39,35,9,Manager,Operations,397696244.0,106,Efficiency,95.58
39,35,9,Manager,Operations,397696244.0,106,HR,95.29
39,35,9,Manager,Operations,397696244.0,106,Innovation,87.68
39,35,9,Manager,Operations,397696244.0,106,Quality,91.83714285714287
39,35,9,Manager,Operations,397696244.0,106,Technical,88.3
39,35,9,Manager,Operations,397696244.0,106,Time Management,94.66499999999999
39,35,9,Manager,Operations,400000000.0,259,HR,94.76
39,35,9,Manager,Operations,400000000.0,259,Innovation,89.9
39,35,9,Manager,Operations,400000000.0,259,Performance,92.69
40,32,7,Senior Staff,Operations,90000000.0,244,Attendance,75.37
40,32,7,Senior Staff,Operations,90000000.0,244,Efficiency,66.57
40,32,7,Senior Staff,Operations,90000000.0,244,Finance,63.27
40,32,7,Senior Staff,Operations,90000000.0,244,Quality,61.39
40,32,7,Senior Staff,Operations,90000000.0,244,Technical,68.25
40,32,7,Senior Staff,Operations,90000000.0,244,Time Management,64.73
40,32,7,Senior Staff,Operations,170000000.0,229,Development,68.33500000000001
40,32,7,Senior Staff,Operations,170000000.0,229,Efficiency,75.88
40,32,7,Senior Staff,Operations,170000000.0,229,HR,76.845
40,32,7,Senior Staff,Operations,170000000.0,229,Innovation,69.22
40,32,7,Senior Staff,Operations,170000000.0,229,Performance,69.45
40,32,7,Senior Staff,Operations,170000000.0,229,Project,72.3
40,32,7,Senior Staff,Operations,170000000.0,229,Quality,62.26
40,32,7,Senior Staff,Operations,170000000.0,229,Time Management,67.33
40,32,7,Senior Staff,Operations,178776637.0,118,Development,59.76
40,32,7,Senior Staff,Operations,178776637.0,118,HR,70.54
40,32,7,Senior Staff,Operations,178776637.0,118,Performance,76.53
40,32,7,Senior Staff,Operations,178776637.0,118,Technical,71.57666666666667
40,32,7,Senior Staff,Operations,206368642.0,46,Attendance,71.19
40,32,7,Senior Staff,Operations,206368642.0,46,Efficiency,66.33
40,32,7,Senior Staff,Operations,206368642.0,46,Time Management,73.97
40,32,7,Senior Staff,Operations,220000000.0,225,Attendance,78.99
40,32,7,Senior Staff,Operations,220000000.0,225,Development,71.45
40,32,7,Senior Staff,Operations,220000000.0,225,Finance,63.875
40,32,7,Senior Staff,Operations,220000000.0,225,HR,78.055
40,32,7,Senior Staff,Operations,220000000.0,225,Quality,63.973333333333336
40,32,7,Senior Staff,Operations,220000000.0,225,Time Management,71.46
40,32,7,Senior Staff,Operations,250000000.0,291,Attendance,79.03
40,32,7,Senior Staff,Operations,250000000.0,291,Development,65.95
40,32,7,Senior Staff,Operations,250000000.0,291,Efficiency,66.56
40,32,7,Senior Staff,Operations,250000000.0,291,HR,79.94
40,32,7,Senior Staff,Operations,250000000.0,291,Innovation,72.18
40,32,7,Senior Staff,Operations,250000000.0,291,Project,66.295
40,32,7,Senior Staff,Operations,250000000.0,291,Quality,67.715
40,32,7,Senior Staff,Operations,250000000.0,291,Teamwork,76.1
40,32,7,Senior Staff,Operations,250000000.0,291,Technical,69.75
40,32,7,Senior Staff,Operations,400000000.0,259,Attendance,75.46000000000001
40,32,7,Senior Staff,Operations,400000000.0,259,Finance,65.79
40,32,7,Senior Staff,Operations,400000000.0,259,HR,73.6
40,32,7,Senior Staff,Operations,400000000.0,259,Innovation,68.28999999999999
40,32,7,Senior Staff,Operations,400000000.0,259,Quality,63.67
40,32,7,Senior Staff,Operations,400000000.0,259,Teamwork,67.96
40,32,7,Senior Staff,Operations,400000000.0,259,Technical,55.72
40,32,7,Senior Staff,Operations,400000000.0,259,Time Management,74.18
40,32,7,Senior Staff,Operations,472961951.0,350,Development,69.43
40,32,7,Senior Staff,Operations,472961951.0,350,Efficiency,67.025
40,32,7,Senior Staff,Operations,472961951.0,350,Finance,71.81
40,32,7,Senior Staff,Operations,472961951.0,350,HR,75.32
40,32,7,Senior Staff,Operations,472961951.0,350,Innovation,63.95
40,32,7,Senior Staff,Operations,472961951.0,350,Project,73.96
40,32,7,Senior Staff,Operations,472961951.0,350,Quality,67.245
40,32,7,Senior Staff,Operations,472961951.0,350,Technical,68.57
41,22,4,Staff,Finance,88214342.0,149,Development,54.459999999999994
41,22,4,Staff,Finance,88214342.0,149,Efficiency,70.36500000000001
41,22,4,Staff,Finance,88214342.0,149,HR,63.68
41,22,4,Staff,Finance,88214342.0,149,Project,67.41
41,22,4,Staff,Finance,88214342.0,149,Quality,61.20333333333334
41,22,4,Staff,Finance,88214342.0,149,Technical,66.85
41,22,4,Staff,Finance,88214342.0,149,Time Management,64.08500000000001
41,22,4,Staff,Finance,134037811.0,31,Efficiency,66.595
41,22,4,Staff,Finance,134037811.0,31,HR,74.15
41,22,4,Staff,Finance,134037811.0,31,Performance,70.52
41,22,4,Staff,Finance,134037811.0,31,Quality,66.50666666666666
41,22,4,Staff,Finance,134037811.0,31,Teamwork,66.77
41,22,4,Staff,Finance,178776637.0,118,Development,62.94
41,22,4,Staff,Finance,178776637.0,118,Efficiency,63.23
41,22,4,Staff,Finance,178776637.0,118,Finance,76.005
41,22,4,Staff,Finance,178776637.0,118,HR,65.33
41,22,4,Staff,Finance,178776637.0,118,Performance,72.45
41,22,4,Staff,Finance,178776637.0,118,Teamwork,71.325
41,22,4,Staff,Finance,178776637.0,118,Technical,69.17
41,22,4,Staff,Finance,178776637.0,118,Time Management,62.88
41,22,4,Staff,Finance,180000000.0,193,Development,73.0
41,22,4,Staff,Finance,180000000.0,193,HR,73.02
41,22,4,Staff,Finance,180000000.0,193,Innovation,68.07
41,22,4,Staff,Finance,180000000.0,193,Quality,74.22
41,22,4,Staff,Finance,204675132.0,174,Finance,62.28
41,22,4,Staff,Finance,204675132.0,174,HR,61.2
41,22,4,Staff,Finance,397696244.0,106,Efficiency,66.41
41,22,4,Staff,Finance,397696244.0,106,HR,60.27
41,22,4,Staff,Finance,397696244.0,106,Project,64.78
41,22,4,Staff,Finance,397696244.0,106,Quality,65.535
41,22,4,Staff,Finance,397696244.0,106,Time Management,63.88
41,22,4,Staff,Finance,466447298.0,297,Attendance,76.73
41,22,4,Staff,Finance,466447298.0,297,Efficiency,66.08
41,22,4,Staff,Finance,466447298.0,297,Finance,63.14
41,22,4,Staff,Finance,466447298.0,297,HR,54.93
41,22,4,Staff,Finance,466447298.0,297,Project,64.27
41,22,4,Staff,Finance,466447298.0,297,Quality,62.53
41,22,4,Staff,Finance,466447298.0,297,Teamwork,64.225
41,22,4,Staff,Finance,466447298.0,297,Technical,65.54
41,22,4,Staff,Finance,466447298.0,297,Time Management,70.34
41,22,4,Staff,Finance,493794225.0,102,Attendance,73.59
41,22,4,Staff,Finance,493794225.0,102,Development,65.5
41,22,4,Staff,Finance,493794225.0,102,Project,64.35
41,22,4,Staff,Finance,493794225.0,102,Quality,53.28
42,37,8,Manager,Human Resources,60000000.0,214,Development,88.595
42,37,8,Manager,Human Resources,60000000.0,214,Innovation,91.82
42,37,8,Manager,Human Resources,60000000.0,214,Performance,93.28
42,37,8,Manager,Human Resources,60000000.0,214,Technical,91.81
42,37,8,Manager,Human Resources,75000000.0,203,Development,87.26
42,37,8,Manager,Human Resources,75000000.0,203,HR,93.21
42,37,8,Manager,Human Resources,75000000.0,203,Project,89.43
42,37,8,Manager,Human Resources,80000000.0,138,Attendance,93.19
42,37,8,Manager,Human Resources,80000000.0,138,Finance,91.04
42,37,8,Manager,Human Resources,80000000.0,138,Innovation,93.8
42,37,8,Manager,Human Resources,80000000.0,138,Performance,82.82
42,37,8,Manager,Human Resources,80000000.0,138,Project,89.77
42,37,8,Manager,Human Resources,80000000.0,138,Quality,83.9
42,37,8,Manager,Human Resources,80000000.0,138,Technical,90.63
42,37,8,Manager,Human Resources,90000000.0,244,Attendance,95.69
42,37,8,Manager,Human Resources,90000000.0,244,Finance,87.44
42,37,8,Manager,Human Resources,90000000.0,244,HR,88.31
42,37,8,Manager,Human Resources,90000000.0,244,Performance,95.58000000000001
42,37,8,Manager,Human Resources,90000000.0,244,Quality,90.73
42,37,8,Manager,Human Resources,120000000.0,152,Attendance,97.88
42,37,8,Manager,Human Resources,120000000.0,152,Development,92.88
42,37,8,Manager,Human Resources,120000000.0,152,HR,96.45
42,37,8,Manager,Human Resources,120000000.0,152,Performance,85.45
42,37,8,Manager,Human Resources,120000000.0,152,Project,95.89
42,37,8,Manager,Human Resources,120000000.0,152,Quality,86.64
42,37,8,Manager,Human Resources,120000000.0,152,Teamwork,95.64500000000001
42,37,8,Manager,Human Resources,120000000.0,152,Technical,94.41
42,37,8,Manager,Human Resources,355280620.0,347,Attendance,94.63
42,37,8,Manager,Human Resources,355280620.0,347,Development,89.0
42,37,8,Manager,Human Resources,355280620.0,347,Efficiency,87.81
42,37,8,Manager,Human Resources,355280620.0,347,Finance,87.29
42,37,8,Manager,Human Resources,355280620.0,347,HR,94.25
42,37,8,Manager,Human Resources,355280620.0,347,Project,91.16
42,37,8,Manager,Human Resources,355280620.0,347,Quality,88.0475
42,37,8,Manager,Human Resources,355280620.0,347,Time Management,94.44
42,37,8,Manager,Human Resources,397696244.0,106,Development,89.525
42,37,8,Manager,Human Resources,397696244.0,106,Efficiency,86.88
42,37,8,Manager,Human Resources,397696244.0,106,Quality,88.9925
42,37,8,Manager,Human Resources,397696244.0,106,Teamwork,88.25
42,37,8,Manager,Human Resources,397696244.0,106,Technical,95.22
42,37,8,Manager,Human Resources,397696244.0,106,Time Management,93.045
42,37,8,Manager,Human Resources,472961951.0,350,Efficiency,87.61
42,37,8,Manager,Human Resources,472961951.0,350,Performance,93.54
42,37,8,Manager,Human Resources,472961951.0,350,Quality,89.59
42,37,8,Manager,Human Resources,472961951.0,350,Time Management,96.45
43,39,6,Manager,IT,50000000.0,211,Development,98.0
43,39,6,Manager,IT,50000000.0,211,Teamwork,98.0
43,39,6,Manager,IT,50000000.0,211,Time Management,96.49
43,39,6,Manager,IT,60000000.0,214,Efficiency,97.77
43,39,6,Manager,IT,60000000.0,214,Finance,98.0
43,39,6,Manager,IT,60000000.0,214,Project,98.0
43,39,6,Manager,IT,134037811.0,31,Quality,97.89500000000001
43,39,6,Manager,IT,150000000.0,274,Development,98.0
43,39,6,Manager,IT,150000000.0,274,Efficiency,95.44333333333333
43,39,6,Manager,IT,150000000.0,274,Finance,89.99
43,39,6,Manager,IT,150000000.0,274,HR,96.79333333333334
43,39,6,Manager,IT,150000000.0,274,Innovation,96.84
43,39,6,Manager,IT,150000000.0,274,Performance,97.87
43,39,6,Manager,IT,150000000.0,274,Quality,97.46999999999998
43,39,6,Manager,IT,150000000.0,274,Teamwork,97.935
43,39,6,Manager,IT,150000000.0,274,Technical,94.14
43,39,6,Manager,IT,150000000.0,274,Time Management,96.34
43,39,6,Manager,IT,278244747.0,88,Attendance,98.0
43,39,6,Manager,IT,278244747.0,88,Finance,98.0
43,39,6,Manager,IT,278244747.0,88,HR,98.0
43,39,6,Manager,IT,278244747.0,88,Performance,98.0
43,39,6,Manager,IT,278244747.0,88,Project,98.0
43,39,6,Manager,IT,278244747.0,88,Quality,98.0
43,39,6,Manager,IT,278244747.0,88,Technical,98.0
43,39,6,Manager,IT,355280620.0,347,Attendance,98.0
43,39,6,Manager,IT,355280620.0,347,Efficiency,92.17
43,39,6,Manager,IT,355280620.0,347,HR,95.81
43,39,6,Manager,IT,355280620.0,347,Project,95.46
43,39,6,Manager,IT,355280620.0,347,Quality,98.0
43,39,6,Manager,IT,355280620.0,347,Teamwork,98.0
43,39,6,Manager,IT,355280620.0,347,Technical,98.0
43,39,6,Manager,IT,355280620.0,347,Time Management,98.0
43,39,6,Manager,IT,375514309.0,335,Attendance,98.0
43,39,6,Manager,IT,375514309.0,335,Development,93.33
43,39,6,Manager,IT,375514309.0,335,HR,98.0
43,39,6,Manager,IT,375514309.0,335,Innovation,94.3
43,39,6,Manager,IT,375514309.0,335,Quality,97.68
43,39,6,Manager,IT,397696244.0,106,Development,90.61
43,39,6,Manager,IT,397696244.0,106,Innovation,96.99
43,39,6,Manager,IT,397696244.0,106,Quality,92.15
44,36,6,Manager,Human Resources,50000000.0,211,Development,84.85
44,36,6,Manager,Human Resources,50000000.0,211,Efficiency,90.005
44,36,6,Manager,Human Resources,50000000.0,211,Finance,89.31666666666666
44,36,6,Manager,Human Resources,50000000.0,211,HR,92.36333333333334
44,36,6,Manager,Human Resources,50000000.0,211,Performance,89.50999999999999
44,36,6,Manager,Human Resources,50000000.0,211,Project,86.42
44,36,6,Manager,Human Resources,50000000.0,211,Quality,85.38
44,36,6,Manager,Human Resources,50000000.0,211,Teamwork,91.06
44,36,6,Manager,Human Resources,50000000.0,211,Technical,87.93
44,36,6,Manager,Human Resources,60000000.0,214,Attendance,92.69
44,36,6,Manager,Human Resources,60000000.0,214,Development,85.685
44,36,6,Manager,Human Resources,60000000.0,214,HR,84.07
44,36,6,Manager,Human Resources,60000000.0,214,Quality,81.92
44,36,6,Manager,Human Resources,60000000.0,214,Teamwork,88.55
44,36,6,Manager,Human Resources,60000000.0,214,Time Management,88.905
44,36,6,Manager,Human Resources,206368642.0,46,Development,86.78
44,36,6,Manager,Human Resources,206368642.0,46,Efficiency,92.39
44,36,6,Manager,Human Resources,206368642.0,46,Finance,85.37
44,36,6,Manager,Human Resources,206368642.0,46,HR,90.32
44,36,6,Manager,Human Resources,206368642.0,46,Innovation,85.26
44,36,6,Manager,Human Resources,206368642.0,46,Quality,84.285
44,36,6,Manager,Human Resources,206368642.0,46,Time Management,91.19
44,36,6,Manager,Human Resources,278244747.0,88,Attendance,95.16499999999999
44,36,6,Manager,Human Resources,278244747.0,88,Development,88.3
44,36,6,Manager,Human Resources,278244747.0,88,Efficiency,82.93
44,36,6,Manager,Human Resources,278244747.0,88,Project,91.29499999999999
44,36,6,Manager,Human Resources,278244747.0,88,Quality,96.05
44,36,6,Manager,Human Resources,278244747.0,88,Time Management,86.01
44,36,6,Manager,Human Resources,355280620.0,347,Performance,88.26
44,36,6,Manager,Human Resources,355280620.0,347,Quality,87.86500000000001
44,36,6,Manager,Human Resources,355280620.0,347,Teamwork,91.25
44,36,6,Manager,Human Resources,355280620.0,347,Time Management,92.21
44,36,6,Manager,Human Resources,385820825.0,138,Development,81.7
44,36,6,Manager,Human Resources,385820825.0,138,Finance,92.14
44,36,6,Manager,Human Resources,385820825.0,138,HR,98.0
44,36,6,Manager,Human Resources,385820825.0,138,Innovation,84.07
44,36,6,Manager,Human Resources,385820825.0,138,Project,90.35
44,36,6,Manager,Human Resources,385820825.0,138,Quality,87.62
44,36,6,Manager,Human Resources,472961951.0,350,Attendance,93.315
44,36,6,Manager,Human Resources,472961951.0,350,Finance,88.65
44,36,6,Manager,Human Resources,472961951.0,350,HR,90.16666666666667
44,36,6,Manager,Human Resources,472961951.0,350,Innovation,92.79
44,36,6,Manager,Human Resources,472961951.0,350,Performance,96.41
44,36,6,Manager,Human Resources,472961951.0,350,Quality,82.75
44,36,6,Manager,Human Resources,493794225.0,102,Innovation,93.45
44,36,6,Manager,Human Resources,493794225.0,102,Technical,92.19
45,30,2,Staff,Finance,60000000.0,214,Development,64.74
45,30,2,Staff,Finance,60000000.0,214,Innovation,59.21
45,30,2,Staff,Finance,60000000.0,214,Quality,57.77
45,30,2,Staff,Finance,60000000.0,214,Technical,54.69
45,30,2,Staff,Finance,60000000.0,214,Time Management,70.54
45,30,2,Staff,Finance,110000000.0,199,Development,59.82
45,30,2,Staff,Finance,110000000.0,199,Technical,61.41
45,30,2,Staff,Finance,120000000.0,152,Attendance,72.97
45,30,2,Staff,Finance,120000000.0,152,Efficiency,66.76
45,30,2,Staff,Finance,120000000.0,152,Teamwork,70.81
45,30,2,Staff,Finance,120000000.0,152,Technical,70.08
45,30,2,Staff,Finance,140000000.0,211,Development,71.39
45,30,2,Staff,Finance,140000000.0,211,HR,68.48
45,30,2,Staff,Finance,200000000.0,167,Development,62.38
45,30,2,Staff,Finance,200000000.0,167,Efficiency,61.08
45,30,2,Staff,Finance,200000000.0,167,Finance,65.8
45,30,2,Staff,Finance,200000000.0,167,HR,67.31
45,30,2,Staff,Finance,200000000.0,167,Performance,68.75
45,30,2,Staff,Finance,200000000.0,167,Project,62.53
45,30,2,Staff,Finance,200000000.0,167,Quality,62.02
45,30,2,Staff,Finance,200000000.0,167,Technical,66.05
45,30,2,Staff,Finance,206368642.0,46,Attendance,69.37
45,30,2,Staff,Finance,206368642.0,46,Development,64.46
45,30,2,Staff,Finance,206368642.0,46,Finance,64.15
45,30,2,Staff,Finance,206368642.0,46,HR,71.07
45,30,2,Staff,Finance,206368642.0,46,Innovation,65.345
45,30,2,Staff,Finance,206368642.0,46,Performance,69.91
45,30,2,Staff,Finance,206368642.0,46,Quality,66.44
45,30,2,Staff,Finance,400000000.0,259,Attendance,69.25
45,30,2,Staff,Finance,400000000.0,259,Finance,65.94
45,30,2,Staff,Finance,400000000.0,259,Innovation,64.99
45,30,2,Staff,Finance,400000000.0,259,Performance,64.84
45,30,2,Staff,Finance,400000000.0,259,Quality,65.89
45,30,2,Staff,Finance,400000000.0,259,Time Management,60.11
45,30,2,Staff,Finance,472961951.0,350,Attendance,75.81
45,30,2,Staff,Finance,472961951.0,350,Finance,60.15
45,30,2,Staff,Finance,472961951.0,350,HR,68.82333333333334
45,30,2,Staff,Finance,472961951.0,350,Project,63.6
45,30,2,Staff,Finance,472961951.0,350,Quality,68.84
45,30,2,Staff,Finance,472961951.0,350,Teamwork,62.08
46,32,10,Manager,IT,60000000.0,214,Efficiency,98.0
46,32,10,Manager,IT,60000000.0,214,Finance,92.57
46,32,10,Manager,IT,60000000.0,214,Performance,98.0
46,32,10,Manager,IT,60000000.0,214,Project,98.0
46,32,10,Manager,IT,60000000.0,214,Quality,97.69
46,32,10,Manager,IT,60000000.0,214,Technical,98.0
46,32,10,Manager,IT,60000000.0,214,Time Management,98.0
46,32,10,Manager,IT,90000000.0,244,Attendance,98.0
46,32,10,Manager,IT,90000000.0,244,Finance,96.88
46,32,10,Manager,IT,90000000.0,244,HR,98.0
46,32,10,Manager,IT,90000000.0,244,Performance,97.33500000000001
46,32,10,Manager,IT,90000000.0,244,Project,97.69
46,32,10,Manager,IT,90000000.0,244,Quality,98.0
46,32,10,Manager,IT,90000000.0,244,Time Management,97.83500000000001
46,32,10,Manager,IT,95000000.0,211,Development,98.0
46,32,10,Manager,IT,95000000.0,211,Quality,98.0
46,32,10,Manager,IT,278244747.0,88,Development,98.0
46,32,10,Manager,IT,278244747.0,88,Efficiency,98.0
46,32,10,Manager,IT,278244747.0,88,HR,98.0
46,32,10,Manager,IT,278244747.0,88,Innovation,98.0
46,32,10,Manager,IT,278244747.0,88,Performance,98.0
46,32,10,Manager,IT,278244747.0,88,Quality,98.0
46,32,10,Manager,IT,278244747.0,88,Teamwork,98.0
46,32,10,Manager,IT,278244747.0,88,Time Management,98.0
46,32,10,Manager,IT,365962025.0,249,Attendance,98.0
46,32,10,Manager,IT,365962025.0,249,Finance,98.0
46,32,10,Manager,IT,365962025.0,249,HR,98.0
46,32,10,Manager,IT,365962025.0,249,Performance,98.0
46,32,10,Manager,IT,365962025.0,249,Project,98.0
46,32,10,Manager,IT,365962025.0,249,Quality,98.0
46,32,10,Manager,IT,377293102.0,80,Attendance,98.0
46,32,10,Manager,IT,377293102.0,80,Finance,98.0
46,32,10,Manager,IT,377293102.0,80,HR,98.0
46,32,10,Manager,IT,377293102.0,80,Innovation,95.94
46,32,10,Manager,IT,377293102.0,80,Teamwork,98.0
46,32,10,Manager,IT,377293102.0,80,Technical,98.0
46,32,10,Manager,IT,377293102.0,80,Time Management,98.0
46,32,10,Manager,IT,404564658.0,71,Attendance,98.0
46,32,10,Manager,IT,404564658.0,71,Efficiency,98.0
46,32,10,Manager,IT,404564658.0,71,Finance,98.0
46,32,10,Manager,IT,404564658.0,71,Innovation,98.0
46,32,10,Manager,IT,404564658.0,71,Performance,98.0
46,32,10,Manager,IT,404564658.0,71,Project,98.0
46,32,10,Manager,IT,404564658.0,71,Quality,98.0
46,32,10,Manager,IT,404564658.0,71,Teamwork,98.0
46,32,10,Manager,IT,404564658.0,71,Technical,98.0
46,32,10,Manager,IT,472961951.0,350,Efficiency,98.0
46,32,10,Manager,IT,472961951.0,350,HR,98.0
46,32,10,Manager,IT,472961951.0,350,Innovation,96.16
46,32,10,Manager,IT,472961951.0,350,Project,98.0
46,32,10,Manager,IT,472961951.0,350,Quality,98.0
46,32,10,Manager,IT,472961951.0,350,Technical,98.0
46,32,10,Manager,IT,472961951.0,350,Time Management,98.0
47,25,2,Staff,Marketing,60000000.0,214,Quality,63.46
47,25,2,Staff,Marketing,60000000.0,214,Time Management,71.65
47,25,2,Staff,Marketing,88214342.0,149,Development,61.61
47,25,2,Staff,Marketing,88214342.0,149,Efficiency,68.54
47,25,2,Staff,Marketing,88214342.0,149,HR,69.59
47,25,2,Staff,Marketing,88214342.0,149,Innovation,56.73
47,25,2,Staff,Marketing,88214342.0,149,Quality,75.11
47,25,2,Staff,Marketing,88214342.0,149,Teamwork,68.02
47,25,2,Staff,Marketing,88214342.0,149,Technical,70.04
47,25,2,Staff,Marketing,140000000.0,211,Development,55.53
47,25,2,Staff,Marketing,140000000.0,211,Efficiency,64.72
47,25,2,Staff,Marketing,140000000.0,211,HR,61.644999999999996
47,25,2,Staff,Marketing,140000000.0,211,Innovation,59.53
47,25,2,Staff,Marketing,140000000.0,211,Quality,59.480000000000004
47,25,2,Staff,Marketing,190000000.0,241,Efficiency,69.74
47,25,2,Staff,Marketing,190000000.0,241,HR,60.46
47,25,2,Staff,Marketing,190000000.0,241,Innovation,61.54
47,25,2,Staff,Marketing,200000000.0,167,Development,61.08
47,25,2,Staff,Marketing,200000000.0,167,Finance,63.065
47,25,2,Staff,Marketing,200000000.0,167,HR,68.3
47,25,2,Staff,Marketing,200000000.0,167,Innovation,63.65
47,25,2,Staff,Marketing,200000000.0,167,Quality,61.22
47,25,2,Staff,Marketing,200000000.0,167,Technical,62.04
47,25,2,Staff,Marketing,200000000.0,167,Time Management,65.785
47,25,2,Staff,Marketing,206368642.0,46,Efficiency,70.29
47,25,2,Staff,Marketing,206368642.0,46,Finance,71.98
47,25,2,Staff,Marketing,206368642.0,46,Time Management,69.24
47,25,2,Staff,Marketing,250000000.0,291,Innovation,61.89
47,25,2,Staff,Marketing,250000000.0,291,Project,66.505
47,25,2,Staff,Marketing,250000000.0,291,Quality,58.42
47,25,2,Staff,Marketing,250000000.0,291,Technical,62.66
47,25,2,Staff,Marketing,493794225.0,102,Development,59.35
47,25,2,Staff,Marketing,493794225.0,102,HR,59.14
47,25,2,Staff,Marketing,493794225.0,102,Project,67.15
47,25,2,Staff,Marketing,493794225.0,102,Quality,67.75999999999999
47,25,2,Staff,Marketing,493794225.0,102,Teamwork,69.54
48,25,2,Staff,Procurement,80000000.0,138,Development,49.49
48,25,2,Staff,Procurement,80000000.0,138,Efficiency,62.7
48,25,2,Staff,Procurement,80000000.0,138,HR,61.769999999999996
48,25,2,Staff,Procurement,80000000.0,138,Innovation,53.42
48,25,2,Staff,Procurement,80000000.0,138,Quality,62.836666666666666
48,25,2,Staff,Procurement,120000000.0,152,Development,60.88
48,25,2,Staff,Procurement,120000000.0,152,Efficiency,68.19
48,25,2,Staff,Procurement,120000000.0,152,Finance,62.64
48,25,2,Staff,Procurement,120000000.0,152,HR,62.296666666666674
48,25,2,Staff,Procurement,120000000.0,152,Innovation,68.4
48,25,2,Staff,Procurement,120000000.0,152,Project,60.44
48,25,2,Staff,Procurement,120000000.0,152,Quality,54.195
48,25,2,Staff,Procurement,120000000.0,152,Teamwork,64.98
48,25,2,Staff,Procurement,120000000.0,152,Technical,56.86
48,25,2,Staff,Procurement,130000000.0,303,Attendance,63.59
48,25,2,Staff,Procurement,130000000.0,303,Finance,54.97
48,25,2,Staff,Procurement,130000000.0,303,HR,69.95
48,25,2,Staff,Procurement,130000000.0,303,Performance,63.099999999999994
48,25,2,Staff,Procurement,130000000.0,303,Project,57.22
48,25,2,Staff,Procurement,130000000.0,303,Teamwork,54.97
48,25,2,Staff,Procurement,130000000.0,303,Technical,70.61
48,25,2,Staff,Procurement,130000000.0,303,Time Management,55.17
48,25,2,Staff,Procurement,140000000.0,211,Efficiency,68.2
48,25,2,Staff,Procurement,140000000.0,211,Finance,63.31
48,25,2,Staff,Procurement,140000000.0,211,HR,65.45
48,25,2,Staff,Procurement,140000000.0,211,Project,59.43
48,25,2,Staff,Procurement,180000000.0,193,Attendance,65.125
48,25,2,Staff,Procurement,180000000.0,193,Development,58.25
48,25,2,Staff,Procurement,180000000.0,193,Efficiency,61.89
48,25,2,Staff,Procurement,180000000.0,193,Finance,54.38
48,25,2,Staff,Procurement,180000000.0,193,Innovation,62.04
48,25,2,Staff,Procurement,180000000.0,193,Quality,59.20333333333334
48,25,2,Staff,Procurement,180000000.0,193,Teamwork,62.91
48,25,2,Staff,Procurement,180000000.0,193,Time Management,57.25
48,25,2,Staff,Procurement,220000000.0,225,Efficiency,63.735
48,25,2,Staff,Procurement,220000000.0,225,HR,60.75
48,25,2,Staff,Procurement,220000000.0,225,Quality,59.33
48,25,2,Staff,Procurement,220000000.0,225,Teamwork,66.485
48,25,2,Staff,Procurement,220000000.0,225,Technical,61.15
48,25,2,Staff,Procurement,291862333.0,334,Attendance,62.15
48,25,2,Staff,Procurement,291862333.0,334,Finance,47.76
48,25,2,Staff,Procurement,291862333.0,334,HR,58.35
48,25,2,Staff,Procurement,291862333.0,334,Time Management,54.17
48,25,2,Staff,Procurement,300000000.0,242,Quality,60.94
48,25,2,Staff,Procurement,300000000.0,242,Teamwork,66.62
48,25,2,Staff,Procurement,300000000.0,242,Time Management,58.5
49,25,1,Staff,Research & Development,50000000.0,211,HR,59.67
49,25,1,Staff,Research & Development,50000000.0,211,Quality,53.66
49,25,1,Staff,Research & Development,80000000.0,138,Attendance,54.24
49,25,1,Staff,Research & Development,80000000.0,138,Development,50.09
49,25,1,Staff,Research & Development,80000000.0,138,Efficiency,56.29
49,25,1,Staff,Research & Development,80000000.0,138,Finance,51.33
49,25,1,Staff,Research & Development,80000000.0,138,HR,54.96
49,25,1,Staff,Research & Development,80000000.0,138,Innovation,49.61
49,25,1,Staff,Research & Development,80000000.0,138,Quality,48.34
49,25,1,Staff,Research & Development,80000000.0,138,Teamwork,65.05
49,25,1,Staff,Research & Development,90000000.0,244,Attendance,51.68
49,25,1,Staff,Research & Development,90000000.0,244,Development,48.29
49,25,1,Staff,Research & Development,90000000.0,244,Finance,42.8
49,25,1,Staff,Research & Development,90000000.0,244,HR,48.0
49,25,1,Staff,Research & Development,90000000.0,244,Project,59.07
49,25,1,Staff,Research & Development,90000000.0,244,Quality,51.96
49,25,1,Staff,Research & Development,90000000.0,244,Teamwork,54.39
49,25,1,Staff,Research & Development,90000000.0,244,Technical,56.85
49,25,1,Staff,Research & Development,204675132.0,174,Development,50.61
49,25,1,Staff,Research & Development,204675132.0,174,Efficiency,40.28
49,25,1,Staff,Research & Development,204675132.0,174,HR,64.58
49,25,1,Staff,Research & Development,204675132.0,174,Performance,50.41
49,25,1,Staff,Research & Development,204675132.0,174,Quality,56.01
49,25,1,Staff,Research & Development,204675132.0,174,Time Management,47.26
49,25,1,Staff,Research & Development,291862333.0,334,Attendance,68.09
49,25,1,Staff,Research & Development,291862333.0,334,Development,49.61
49,25,1,Staff,Research & Development,291862333.0,334,Project,58.21
49,25,1,Staff,Research & Development,291862333.0,334,Quality,53.85
49,25,1,Staff,Research & Development,291862333.0,334,Teamwork,50.23
49,25,1,Staff,Research & Development,291862333.0,334,Time Management,56.58
49,25,1,Staff,Research & Development,300000000.0,242,Development,47.76
49,25,1,Staff,Research & Development,300000000.0,242,Finance,55.6
49,25,1,Staff,Research & Development,300000000.0,242,HR,53.449999999999996
49,25,1,Staff,Research & Development,300000000.0,242,Innovation,51.4
49,25,1,Staff,Research & Development,300000000.0,242,Performance,46.65
49,25,1,Staff,Research & Development,300000000.0,242,Quality,49.58
49,25,1,Staff,Research & Development,300000000.0,242,Teamwork,48.12
49,25,1,Staff,Research & Development,300000000.0,242,Technical,45.22
49,25,1,Staff,Research & Development,385820825.0,138,Attendance,59.36
49,25,1,Staff,Research & Development,385820825.0,138,Development,48.27
49,25,1,Staff,Research & Development,385820825.0,138,Finance,50.56
49,25,1,Staff,Research & Development,385820825.0,138,HR,55.5
49,25,1,Staff,Research & Development,385820825.0,138,Innovation,47.87
49,25,1,Staff,Research & Development,385820825.0,138,Performance,53.82
49,25,1,Staff,Research & Development,385820825.0,138,Project,56.34
49,25,1,Staff,Research & Development,385820825.0,138,Time Management,60.32
49,25,1,Staff,Research & Development,500000000.0,356,Development,43.27
49,25,1,Staff,Research & Development,500000000.0,356,Efficiency,59.41
49,25,1,Staff,Research & Development,500000000.0,356,Finance,47.42
49,25,1,Staff,Research & Development,500000000.0,356,HR,58.14
49,25,1,Staff,Research & Development,500000000.0,356,Quality,43.303333333333335
49,25,1,Staff,Research & Development,500000000.0,356,Teamwork,56.87
49,25,1,Staff,Research & Development,500000000.0,356,Time Management,44.01
50,27,1,Staff,Research & Development,88214342.0,149,Attendance,55.72
50,27,1,Staff,Research & Development,88214342.0,149,Efficiency,53.54
50,27,1,Staff,Research & Development,88214342.0,149,Finance,49.08
50,27,1,Staff,Research & Development,88214342.0,149,HR,60.38
50,27,1,Staff,Research & Development,88214342.0,149,Performance,53.73
50,27,1,Staff,Research & Development,88214342.0,149,Project,51.73
50,27,1,Staff,Research & Development,88214342.0,149,Quality,56.70333333333334
50,27,1,Staff,Research & Development,88214342.0,149,Teamwork,57.35
50,27,1,Staff,Research & Development,88214342.0,149,Technical,55.26
50,27,1,Staff,Research & Development,140000000.0,211,Development,46.73
50,27,1,Staff,Research & Development,180000000.0,193,Attendance,55.68
50,27,1,Staff,Research & Development,180000000.0,193,Development,45.72
50,27,1,Staff,Research & Development,180000000.0,193,Efficiency,46.46
50,27,1,Staff,Research & Development,180000000.0,193,Innovation,51.14
50,27,1,Staff,Research & Development,180000000.0,193,Performance,53.78
50,27,1,Staff,Research & Development,180000000.0,193,Quality,49.995000000000005
50,27,1,Staff,Research & Development,180000000.0,193,Teamwork,54.760000000000005
50,27,1,Staff,Research & Development,180000000.0,193,Technical,50.364999999999995
50,27,1,Staff,Research & Development,180000000.0,193,Time Management,43.1
50,27,1,Staff,Research & Development,204675132.0,174,Finance,58.93
50,27,1,Staff,Research & Development,204675132.0,174,HR,51.81
50,27,1,Staff,Research & Development,204675132.0,174,Innovation,46.93
50,27,1,Staff,Research & Development,204675132.0,174,Quality,52.05
50,27,1,Staff,Research & Development,204675132.0,174,Technical,51.275000000000006
50,27,1,Staff,Research & Development,204675132.0,174,Time Management,56.305
50,27,1,Staff,Research & Development,365962025.0,249,Attendance,53.08
50,27,1,Staff,Research & Development,365962025.0,249,HR,57.315
50,27,1,Staff,Research & Development,365962025.0,249,Innovation,46.58
50,27,1,Staff,Research & Development,365962025.0,249,Quality,49.923333333333325
50,27,1,Staff,Research & Development,365962025.0,249,Teamwork,47.97
50,27,1,Staff,Research & Development,377293102.0,80,Development,48.91
50,27,1,Staff,Research & Development,377293102.0,80,Efficiency,51.63
50,27,1,Staff,Research & Development,377293102.0,80,HR,50.745
50,27,1,Staff,Research & Development,377293102.0,80,Innovation,54.265
50,27,1,Staff,Research & Development,377293102.0,80,Performance,57.15
50,27,1,Staff,Research & Development,377293102.0,80,Project,46.8
50,27,1,Staff,Research & Development,377293102.0,80,Quality,49.48666666666667
50,27,1,Staff,Research & Development,493794225.0,102,Attendance,57.71
50,27,1,Staff,Research & Development,493794225.0,102,HR,52.599999999999994
50,27,1,Staff,Research & Development,493794225.0,102,Innovation,43.02
50,27,1,Staff,Research & Development,493794225.0,102,Project,48.605000000000004
50,27,1,Staff,Research & Development,493794225.0,102,Quality,44.75
50,27,1,Staff,Research & Development,493794225.0,102,Technical,52.39
50,27,1,Staff,Research & Development,493794225.0,102,Time Management,56.1
50,27,1,Staff,Research & Development,500000000.0,356,Attendance,49.81
50,27,1,Staff,Research & Development,500000000.0,356,Development,46.26
50,27,1,Staff,Research & Development,500000000.0,356,Innovation,48.97
50,27,1,Staff,Research & Development,500000000.0,356,Performance,42.8
50,27,1,Staff,Research & Development,500000000.0,356,Quality,49.685
50,27,1,Staff,Research & Development,500000000.0,356,Teamwork,45.99
50,27,1,Staff,Research & Development,500000000.0,356,Technical,50.51
51,25,2,Staff,Design,200000000.0,167,Development,58.23
51,25,2,Staff,Design,200000000.0,167,HR,68.6
51,25,2,Staff,Design,200000000.0,167,Innovation,60.32
51,25,2,Staff,Design,200000000.0,167,Performance,61.03
51,25,2,Staff,Design,369461833.0,321,Development,55.12
51,25,2,Staff,Design,369461833.0,321,Efficiency,65.64
51,25,2,Staff,Design,369461833.0,321,Finance,55.82
51,25,2,Staff,Design,369461833.0,321,HR,61.7
51,25,2,Staff,Design,369461833.0,321,Performance,61.82
51,25,2,Staff,Design,369461833.0,321,Technical,64.56
51,25,2,Staff,Design,377293102.0,80,Attendance,63.13
51,25,2,Staff,Design,377293102.0,80,Development,63.365
51,25,2,Staff,Design,377293102.0,80,Finance,66.44
51,25,2,Staff,Design,377293102.0,80,Quality,60.58
51,25,2,Staff,Design,377293102.0,80,Technical,67.14
51,25,2,Staff,Design,377293102.0,80,Time Management,58.9
51,25,2,Staff,Design,397696244.0,106,Development,59.32
51,25,2,Staff,Design,397696244.0,106,HR,61.894999999999996
51,25,2,Staff,Design,397696244.0,106,Innovation,57.81
51,25,2,Staff,Design,397696244.0,106,Performance,64.19
51,25,2,Staff,Design,397696244.0,106,Quality,57.696000000000005
51,25,2,Staff,Design,397696244.0,106,Teamwork,62.64
51,25,2,Staff,Design,397696244.0,106,Time Management,62.16
51,25,2,Staff,Design,404564658.0,71,Attendance,69.03
51,25,2,Staff,Design,404564658.0,71,Development,60.07
51,25,2,Staff,Design,404564658.0,71,Efficiency,68.85
51,25,2,Staff,Design,404564658.0,71,HR,64.77
51,25,2,Staff,Design,404564658.0,71,Project,67.41
51,25,2,Staff,Design,404564658.0,71,Quality,59.03
51,25,2,Staff,Design,404564658.0,71,Teamwork,61.11
51,25,2,Staff,Design,404564658.0,71,Technical,71.64
51,25,2,Staff,Design,466447298.0,297,Attendance,79.21
51,25,2,Staff,Design,466447298.0,297,Development,59.64
51,25,2,Staff,Design,466447298.0,297,Efficiency,56.52
51,25,2,Staff,Design,466447298.0,297,Finance,59.02
51,25,2,Staff,Design,466447298.0,297,HR,67.4
51,25,2,Staff,Design,466447298.0,297,Quality,63.63333333333333
51,25,2,Staff,Design,466447298.0,297,Teamwork,77.31
51,25,2,Staff,Design,466447298.0,297,Technical,67.88
51,25,2,Staff,Design,500000000.0,356,Innovation,67.34
51,25,2,Staff,Design,500000000.0,356,Performance,64.61
51,25,2,Staff,Design,500000000.0,356,Project,59.45
51,25,2,Staff,Design,500000000.0,356,Technical,72.3
52,23,5,Staff,Operations,90000000.0,244,Efficiency,77.03
52,23,5,Staff,Operations,90000000.0,244,HR,67.85
52,23,5,Staff,Operations,90000000.0,244,Innovation,60.34
52,23,5,Staff,Operations,90000000.0,244,Performance,66.59
52,23,5,Staff,Operations,90000000.0,244,Project,70.04
52,23,5,Staff,Operations,90000000.0,244,Quality,64.51
52,23,5,Staff,Operations,90000000.0,244,Teamwork,60.769999999999996
52,23,5,Staff,Operations,90000000.0,244,Technical,74.85
52,23,5,Staff,Operations,110000000.0,199,Attendance,74.61
52,23,5,Staff,Operations,110000000.0,199,Development,64.4
52,23,5,Staff,Operations,110000000.0,199,Efficiency,61.93
52,23,5,Staff,Operations,110000000.0,199,Finance,74.98
52,23,5,Staff,Operations,110000000.0,199,HR,66.96
52,23,5,Staff,Operations,110000000.0,199,Innovation,62.04
52,23,5,Staff,Operations,110000000.0,199,Quality,65.39
52,23,5,Staff,Operations,110000000.0,199,Time Management,63.18
52,23,5,Staff,Operations,134037811.0,31,Attendance,72.1
52,23,5,Staff,Operations,134037811.0,31,Development,60.75
52,23,5,Staff,Operations,134037811.0,31,HR,68.77
52,23,5,Staff,Operations,134037811.0,31,Performance,59.38
52,23,5,Staff,Operations,134037811.0,31,Quality,67.88250000000001
52,23,5,Staff,Operations,134037811.0,31,Teamwork,75.21000000000001
52,23,5,Staff,Operations,206368642.0,46,Development,63.59
52,23,5,Staff,Operations,206368642.0,46,Efficiency,61.88
52,23,5,Staff,Operations,206368642.0,46,HR,71.975
52,23,5,Staff,Operations,206368642.0,46,Performance,71.65666666666667
52,23,5,Staff,Operations,206368642.0,46,Project,71.16
52,23,5,Staff,Operations,206368642.0,46,Quality,67.16333333333334
52,23,5,Staff,Operations,206368642.0,46,Time Management,70.465
52,23,5,Staff,Operations,278244747.0,88,Finance,62.67
52,23,5,Staff,Operations,278244747.0,88,HR,73.11
52,23,5,Staff,Operations,278244747.0,88,Innovation,62.91
52,23,5,Staff,Operations,278244747.0,88,Performance,64.975
52,23,5,Staff,Operations,278244747.0,88,Project,75.76
52,23,5,Staff,Operations,278244747.0,88,Quality,64.13
52,23,5,Staff,Operations,278244747.0,88,Time Management,63.989999999999995
52,23,5,Staff,Operations,300000000.0,242,Innovation,66.07
52,23,5,Staff,Operations,300000000.0,242,Project,60.34
52,23,5,Staff,Operations,300000000.0,242,Quality,64.63
52,23,5,Staff,Operations,300000000.0,242,Teamwork,61.615
52,23,5,Staff,Operations,300000000.0,242,Time Management,56.39
52,23,5,Staff,Operations,365962025.0,249,Attendance,65.4
52,23,5,Staff,Operations,365962025.0,249,Efficiency,73.41
52,23,5,Staff,Operations,365962025.0,249,Innovation,61.51
52,23,5,Staff,Operations,365962025.0,249,Quality,68.295
52,23,5,Staff,Operations,369461833.0,321,Development,62.24
52,23,5,Staff,Operations,369461833.0,321,Efficiency,70.94666666666666
52,23,5,Staff,Operations,369461833.0,321,Finance,64.33
52,23,5,Staff,Operations,369461833.0,321,HR,67.61666666666667
52,23,5,Staff,Operations,369461833.0,321,Performance,58.44
52,23,5,Staff,Operations,369461833.0,321,Project,65.01
52,23,5,Staff,Operations,369461833.0,321,Quality,63.163333333333334
52,23,5,Staff,Operations,369461833.0,321,Teamwork,60.79
52,23,5,Staff,Operations,369461833.0,321,Technical,68.93
52,23,5,Staff,Operations,369461833.0,321,Time Management,66.77
53,42,8,Senior Manager,Design,75000000.0,203,Attendance,98.0
53,42,8,Senior Manager,Design,75000000.0,203,Development,98.0
53,42,8,Senior Manager,Design,75000000.0,203,Finance,98.0
53,42,8,Senior Manager,Design,75000000.0,203,HR,98.0
53,42,8,Senior Manager,Design,75000000.0,203,Quality,98.0
53,42,8,Senior Manager,Design,120000000.0,152,Attendance,98.0
53,42,8,Senior Manager,Design,120000000.0,152,Finance,98.0
53,42,8,Senior Manager,Design,120000000.0,152,Quality,98.0
53,42,8,Senior Manager,Design,120000000.0,152,Teamwork,98.0
53,42,8,Senior Manager,Design,120000000.0,152,Time Management,98.0
53,42,8,Senior Manager,Design,140000000.0,211,Development,98.0
53,42,8,Senior Manager,Design,140000000.0,211,Finance,98.0
53,42,8,Senior Manager,Design,140000000.0,211,HR,98.0
53,42,8,Senior Manager,Design,140000000.0,211,Performance,98.0
53,42,8,Senior Manager,Design,140000000.0,211,Project,98.0
53,42,8,Senior Manager,Design,140000000.0,211,Teamwork,98.0
53,42,8,Senior Manager,Design,180000000.0,193,Development,98.0
53,42,8,Senior Manager,Design,180000000.0,193,Efficiency,98.0
53,42,8,Senior Manager,Design,180000000.0,193,Finance,96.13
53,42,8,Senior Manager,Design,180000000.0,193,HR,98.0
53,42,8,Senior Manager,Design,180000000.0,193,Innovation,94.54
53,42,8,Senior Manager,Design,180000000.0,193,Performance,98.0
53,42,8,Senior Manager,Design,180000000.0,193,Quality,97.795
53,42,8,Senior Manager,Design,190000000.0,241,Attendance,98.0
53,42,8,Senior Manager,Design,190000000.0,241,Development,98.0
53,42,8,Senior Manager,Design,190000000.0,241,Efficiency,98.0
53,42,8,Senior Manager,Design,190000000.0,241,Finance,98.0
53,42,8,Senior Manager,Design,190000000.0,241,HR,98.0
53,42,8,Senior Manager,Design,190000000.0,241,Quality,98.0
53,42,8,Senior Manager,Design,190000000.0,241,Teamwork,98.0
53,42,8,Senior Manager,Design,190000000.0,241,Technical,98.0
53,42,8,Senior Manager,Design,190000000.0,241,Time Management,98.0
53,42,8,Senior Manager,Design,250000000.0,291,Attendance,98.0
53,42,8,Senior Manager,Design,250000000.0,291,Efficiency,98.0
53,42,8,Senior Manager,Design,250000000.0,291,HR,98.0
53,42,8,Senior Manager,Design,250000000.0,291,Innovation,98.0
53,42,8,Senior Manager,Design,250000000.0,291,Project,98.0
53,42,8,Senior Manager,Design,250000000.0,291,Quality,98.0
53,42,8,Senior Manager,Design,250000000.0,291,Teamwork,98.0
53,42,8,Senior Manager,Design,250000000.0,291,Time Management,98.0
53,42,8,Senior Manager,Design,291868109.0,256,Development,98.0
53,42,8,Senior Manager,Design,291868109.0,256,Efficiency,98.0
53,42,8,Senior Manager,Design,291868109.0,256,Performance,98.0
53,42,8,Senior Manager,Design,291868109.0,256,Project,98.0
53,42,8,Senior Manager,Design,291868109.0,256,Quality,98.0
53,42,8,Senior Manager,Design,291868109.0,256,Teamwork,98.0
53,42,8,Senior Manager,Design,291868109.0,256,Time Management,98.0
53,42,8,Senior Manager,Design,385820825.0,138,Attendance,98.0
53,42,8,Senior Manager,Design,385820825.0,138,Development,98.0
53,42,8,Senior Manager,Design,385820825.0,138,Innovation,98.0
53,42,8,Senior Manager,Design,385820825.0,138,Performance,98.0
53,42,8,Senior Manager,Design,385820825.0,138,Project,98.0
53,42,8,Senior Manager,Design,385820825.0,138,Quality,97.18
53,42,8,Senior Manager,Design,385820825.0,138,Teamwork,98.0
53,42,8,Senior Manager,Design,385820825.0,138,Time Management,98.0
54,42,12,Director,Research & Development,82017929.0,114,Efficiency,98.0
54,42,12,Director,Research & Development,82017929.0,114,Quality,98.0
54,42,12,Director,Research & Development,82017929.0,114,Technical,98.0
54,42,12,Director,Research & Development,90000000.0,244,Attendance,98.0
54,42,12,Director,Research & Development,90000000.0,244,Finance,98.0
54,42,12,Director,Research & Development,90000000.0,244,HR,98.0
54,42,12,Director,Research & Development,90000000.0,244,Project,98.0
54,42,12,Director,Research & Development,90000000.0,244,Quality,98.0
54,42,12,Director,Research & Development,90000000.0,244,Teamwork,98.0
54,42,12,Director,Research & Development,90000000.0,244,Technical,98.0
54,42,12,Director,Research & Development,95000000.0,211,Attendance,98.0
54,42,12,Director,Research & Development,95000000.0,211,Development,98.0
54,42,12,Director,Research & Development,95000000.0,211,Efficiency,98.0
54,42,12,Director,Research & Development,95000000.0,211,Innovation,98.0
54,42,12,Director,Research & Development,95000000.0,211,Project,98.0
54,42,12,Director,Research & Development,95000000.0,211,Quality,98.0
54,42,12,Director,Research & Development,95000000.0,211,Technical,98.0
54,42,12,Director,Research & Development,95000000.0,211,Time Management,98.0
54,42,12,Director,Research & Development,140000000.0,211,Finance,98.0
54,42,12,Director,Research & Development,140000000.0,211,Project,98.0
54,42,12,Director,Research & Development,206368642.0,46,Attendance,98.0
54,42,12,Director,Research & Development,206368642.0,46,Development,98.0
54,42,12,Director,Research & Development,206368642.0,46,Finance,98.0
54,42,12,Director,Research & Development,206368642.0,46,Innovation,98.0
54,42,12,Director,Research & Development,206368642.0,46,Performance,98.0
54,42,12,Director,Research & Development,206368642.0,46,Project,98.0
54,42,12,Director,Research & Development,206368642.0,46,Quality,98.0
54,42,12,Director,Research & Development,206368642.0,46,Teamwork,98.0
54,42,12,Director,Research & Development,300000000.0,242,Attendance,98.0
54,42,12,Director,Research & Development,300000000.0,242,Development,98.0
54,42,12,Director,Research & Development,300000000.0,242,Efficiency,98.0
54,42,12,Director,Research & Development,300000000.0,242,HR,98.0
54,42,12,Director,Research & Development,300000000.0,242,Innovation,98.0
54,42,12,Director,Research & Development,300000000.0,242,Project,98.0
54,42,12,Director,Research & Development,300000000.0,242,Quality,98.0
54,42,12,Director,Research & Development,300000000.0,242,Teamwork,98.0
54,42,12,Director,Research & Development,300000000.0,242,Time Management,98.0
54,42,12,Director,Research & Development,375514309.0,335,Attendance,98.0
54,42,12,Director,Research & Development,375514309.0,335,Efficiency,98.0
54,42,12,Director,Research & Development,375514309.0,335,HR,98.0
54,42,12,Director,Research & Development,375514309.0,335,Quality,98.0
54,42,12,Director,Research & Development,375514309.0,335,Teamwork,98.0
54,42,12,Director,Research & Development,377293102.0,80,Efficiency,98.0
54,42,12,Director,Research & Development,377293102.0,80,HR,98.0
54,42,12,Director,Research & Development,377293102.0,80,Performance,98.0
54,42,12,Director,Research & Development,377293102.0,80,Project,98.0
54,42,12,Director,Research & Development,377293102.0,80,Quality,98.0
54,42,12,Director,Research & Development,377293102.0,80,Teamwork,98.0
54,42,12,Director,Research & Development,377293102.0,80,Technical,98.0
55,31,3,Staff,Finance,88214342.0,149,Finance,65.61
55,31,3,Staff,Finance,88214342.0,149,HR,64.08
55,31,3,Staff,Finance,88214342.0,149,Innovation,68.4
55,31,3,Staff,Finance,88214342.0,149,Performance,70.15
55,31,3,Staff,Finance,88214342.0,149,Quality,62.81666666666666
55,31,3,Staff,Finance,88214342.0,149,Technical,65.19
55,31,3,Staff,Finance,88214342.0,149,Time Management,69.745
55,31,3,Staff,Finance,120000000.0,152,Attendance,77.62
55,31,3,Staff,Finance,120000000.0,152,Development,59.86
55,31,3,Staff,Finance,120000000.0,152,Innovation,62.38
55,31,3,Staff,Finance,120000000.0,152,Project,69.825
55,31,3,Staff,Finance,120000000.0,152,Teamwork,75.93
55,31,3,Staff,Finance,130000000.0,303,Attendance,64.93
55,31,3,Staff,Finance,130000000.0,303,Development,61.42
55,31,3,Staff,Finance,130000000.0,303,HR,68.47
55,31,3,Staff,Finance,130000000.0,303,Project,61.58
55,31,3,Staff,Finance,130000000.0,303,Quality,59.559999999999995
55,31,3,Staff,Finance,130000000.0,303,Teamwork,73.29
55,31,3,Staff,Finance,130000000.0,303,Technical,67.63499999999999
55,31,3,Staff,Finance,130000000.0,303,Time Management,68.03
55,31,3,Staff,Finance,170000000.0,229,Attendance,67.04
55,31,3,Staff,Finance,170000000.0,229,Finance,56.05
55,31,3,Staff,Finance,170000000.0,229,HR,70.88
55,31,3,Staff,Finance,170000000.0,229,Project,64.775
55,31,3,Staff,Finance,170000000.0,229,Quality,64.405
55,31,3,Staff,Finance,170000000.0,229,Technical,54.46
55,31,3,Staff,Finance,355280620.0,347,Attendance,62.63
55,31,3,Staff,Finance,355280620.0,347,Development,62.576666666666675
55,31,3,Staff,Finance,355280620.0,347,HR,68.005
55,31,3,Staff,Finance,355280620.0,347,Innovation,61.93
55,31,3,Staff,Finance,355280620.0,347,Performance,60.14
55,31,3,Staff,Finance,355280620.0,347,Quality,62.925
55,31,3,Staff,Finance,355280620.0,347,Teamwork,68.3
55,31,3,Staff,Finance,355280620.0,347,Technical,63.07
55,31,3,Staff,Finance,355280620.0,347,Time Management,64.37
55,31,3,Staff,Finance,385820825.0,138,Attendance,65.35
55,31,3,Staff,Finance,385820825.0,138,Development,61.94
55,31,3,Staff,Finance,385820825.0,138,HR,65.3
55,31,3,Staff,Finance,385820825.0,138,Innovation,55.65
55,31,3,Staff,Finance,385820825.0,138,Project,60.019999999999996
55,31,3,Staff,Finance,385820825.0,138,Quality,63.56666666666666
55,31,3,Staff,Finance,385820825.0,138,Teamwork,64.25
55,31,3,Staff,Finance,385820825.0,138,Technical,63.13
55,31,3,Staff,Finance,385820825.0,138,Time Management,71.58
55,31,3,Staff,Finance,397696244.0,106,Finance,58.35
55,31,3,Staff,Finance,397696244.0,106,Performance,62.4
55,31,3,Staff,Finance,397696244.0,106,Quality,63.38
55,31,3,Staff,Finance,397696244.0,106,Teamwork,65.19
55,31,3,Staff,Finance,397696244.0,106,Technical,60.24
55,31,3,Staff,Finance,397696244.0,106,Time Management,67.82
55,31,3,Staff,Finance,493794225.0,102,Attendance,68.74
55,31,3,Staff,Finance,493794225.0,102,Development,62.57
55,31,3,Staff,Finance,493794225.0,102,Efficiency,67.76
55,31,3,Staff,Finance,493794225.0,102,Finance,64.41
55,31,3,Staff,Finance,493794225.0,102,Performance,67.25
55,31,3,Staff,Finance,493794225.0,102,Project,71.57
55,31,3,Staff,Finance,493794225.0,102,Quality,66.53999999999999
55,31,3,Staff,Finance,493794225.0,102,Technical,60.31
56,34,9,Manager,Marketing,60000000.0,214,Attendance,98.0
56,34,9,Manager,Marketing,60000000.0,214,Development,86.6
56,34,9,Manager,Marketing,60000000.0,214,Efficiency,95.91499999999999
56,34,9,Manager,Marketing,60000000.0,214,HR,96.23
56,34,9,Manager,Marketing,60000000.0,214,Performance,98.0
56,34,9,Manager,Marketing,60000000.0,214,Project,96.965
56,34,9,Manager,Marketing,60000000.0,214,Quality,95.05
56,34,9,Manager,Marketing,60000000.0,214,Time Management,95.33
56,34,9,Manager,Marketing,204675132.0,174,Efficiency,93.82
56,34,9,Manager,Marketing,204675132.0,174,HR,98.0
56,34,9,Manager,Marketing,204675132.0,174,Performance,98.0
56,34,9,Manager,Marketing,204675132.0,174,Quality,95.765
56,34,9,Manager,Marketing,204675132.0,174,Time Management,97.13333333333333
56,34,9,Manager,Marketing,278244747.0,88,Development,93.23
56,34,9,Manager,Marketing,278244747.0,88,HR,98.0
56,34,9,Manager,Marketing,278244747.0,88,Innovation,92.24
56,34,9,Manager,Marketing,278244747.0,88,Project,98.0
56,34,9,Manager,Marketing,278244747.0,88,Teamwork,98.0
56,34,9,Manager,Marketing,278244747.0,88,Technical,90.18
56,34,9,Manager,Marketing,278244747.0,88,Time Management,98.0
56,34,9,Manager,Marketing,291868109.0,256,Efficiency,98.0
56,34,9,Manager,Marketing,291868109.0,256,Finance,96.34
56,34,9,Manager,Marketing,291868109.0,256,Innovation,95.83
56,34,9,Manager,Marketing,291868109.0,256,Time Management,94.53
56,34,9,Manager,Marketing,355280620.0,347,Development,94.18
56,34,9,Manager,Marketing,355280620.0,347,Efficiency,98.0
56,34,9,Manager,Marketing,355280620.0,347,HR,98.0
56,34,9,Manager,Marketing,355280620.0,347,Performance,98.0
56,34,9,Manager,Marketing,355280620.0,347,Quality,94.25999999999999
56,34,9,Manager,Marketing,355280620.0,347,Teamwork,98.0
56,34,9,Manager,Marketing,355280620.0,347,Time Management,98.0
56,34,9,Manager,Marketing,377293102.0,80,Development,92.43
56,34,9,Manager,Marketing,377293102.0,80,Finance,96.18
56,34,9,Manager,Marketing,377293102.0,80,Performance,96.07
56,34,9,Manager,Marketing,377293102.0,80,Quality,98.0
56,34,9,Manager,Marketing,377293102.0,80,Teamwork,98.0
56,34,9,Manager,Marketing,377293102.0,80,Technical,95.01
56,34,9,Manager,Marketing,400000000.0,259,Development,91.99
56,34,9,Manager,Marketing,400000000.0,259,HR,98.0
56,34,9,Manager,Marketing,400000000.0,259,Quality,98.0
56,34,9,Manager,Marketing,400000000.0,259,Technical,98.0
56,34,9,Manager,Marketing,472961951.0,350,Efficiency,98.0
56,34,9,Manager,Marketing,472961951.0,350,Finance,98.0
56,34,9,Manager,Marketing,472961951.0,350,HR,95.6
56,34,9,Manager,Marketing,472961951.0,350,Innovation,94.96
56,34,9,Manager,Marketing,472961951.0,350,Quality,91.47999999999999
56,34,9,Manager,Marketing,472961951.0,350,Time Management,98.0
57,29,5,Staff,Research & Development,90000000.0,244,Attendance,75.39
57,29,5,Staff,Research & Development,90000000.0,244,Finance,73.57
57,29,5,Staff,Research & Development,90000000.0,244,HR,73.43
57,29,5,Staff,Research & Development,90000000.0,244,Teamwork,82.7
57,29,5,Staff,Research & Development,90000000.0,244,Technical,76.0
57,29,5,Staff,Research & Development,95000000.0,211,Attendance,74.695
57,29,5,Staff,Research & Development,95000000.0,211,Development,67.63499999999999
57,29,5,Staff,Research & Development,95000000.0,211,Efficiency,76.04
57,29,5,Staff,Research & Development,95000000.0,211,HR,68.73
57,29,5,Staff,Research & Development,95000000.0,211,Innovation,63.69500000000001
57,29,5,Staff,Research & Development,95000000.0,211,Performance,70.315
57,29,5,Staff,Research & Development,95000000.0,211,Project,81.5
57,29,5,Staff,Research & Development,95000000.0,211,Quality,76.56
57,29,5,Staff,Research & Development,95000000.0,211,Teamwork,72.05000000000001
57,29,5,Staff,Research & Development,95000000.0,211,Time Management,59.92
57,29,5,Staff,Research & Development,120000000.0,152,Attendance,81.97
57,29,5,Staff,Research & Development,120000000.0,152,Finance,64.81
57,29,5,Staff,Research & Development,120000000.0,152,HR,67.91
57,29,5,Staff,Research & Development,120000000.0,152,Innovation,66.13
57,29,5,Staff,Research & Development,120000000.0,152,Performance,67.105
57,29,5,Staff,Research & Development,120000000.0,152,Project,65.38
57,29,5,Staff,Research & Development,120000000.0,152,Quality,64.07333333333334
57,29,5,Staff,Research & Development,140000000.0,211,Efficiency,78.01
57,29,5,Staff,Research & Development,140000000.0,211,Performance,83.89
57,29,5,Staff,Research & Development,170000000.0,229,Quality,65.39
57,29,5,Staff,Research & Development,170000000.0,229,Technical,68.12
57,29,5,Staff,Research & Development,170000000.0,229,Time Management,67.34
57,29,5,Staff,Research & Development,180000000.0,193,Innovation,70.19
57,29,5,Staff,Research & Development,180000000.0,193,Performance,73.61
57,29,5,Staff,Research & Development,180000000.0,193,Quality,66.48
57,29,5,Staff,Research & Development,291862333.0,334,Attendance,83.52
57,29,5,Staff,Research & Development,291862333.0,334,Efficiency,68.2
57,29,5,Staff,Research & Development,291862333.0,334,Finance,68.63
57,29,5,Staff,Research & Development,291862333.0,334,HR,83.87
57,29,5,Staff,Research & Development,291862333.0,334,Performance,75.59
57,29,5,Staff,Research & Development,291862333.0,334,Quality,70.07
57,29,5,Staff,Research & Development,291862333.0,334,Teamwork,82.405
57,29,5,Staff,Research & Development,291862333.0,334,Technical,73.37
57,29,5,Staff,Research & Development,291862333.0,334,Time Management,71.06
57,29,5,Staff,Research & Development,466447298.0,297,Efficiency,72.62
57,29,5,Staff,Research & Development,466447298.0,297,HR,75.98
57,29,5,Staff,Research & Development,466447298.0,297,Quality,78.18
58,28,4,Staff,Human Resources,90000000.0,244,Attendance,74.66
58,28,4,Staff,Human Resources,90000000.0,244,HR,62.47
58,28,4,Staff,Human Resources,90000000.0,244,Performance,63.31
58,28,4,Staff,Human Resources,90000000.0,244,Quality,56.37
58,28,4,Staff,Human Resources,95000000.0,211,Development,65.24
58,28,4,Staff,Human Resources,95000000.0,211,HR,68.24
58,28,4,Staff,Human Resources,95000000.0,211,Teamwork,68.64
58,28,4,Staff,Human Resources,134037811.0,31,Attendance,65.795
58,28,4,Staff,Human Resources,134037811.0,31,Efficiency,68.23
58,28,4,Staff,Human Resources,134037811.0,31,Finance,63.96
58,28,4,Staff,Human Resources,134037811.0,31,HR,67.59
58,28,4,Staff,Human Resources,134037811.0,31,Innovation,68.74
58,28,4,Staff,Human Resources,134037811.0,31,Project,63.42
58,28,4,Staff,Human Resources,134037811.0,31,Quality,68.52
58,28,4,Staff,Human Resources,150000000.0,274,Development,59.33
58,28,4,Staff,Human Resources,150000000.0,274,Efficiency,65.21
58,28,4,Staff,Human Resources,150000000.0,274,Finance,66.29
58,28,4,Staff,Human Resources,150000000.0,274,HR,73.65
58,28,4,Staff,Human Resources,150000000.0,274,Innovation,63.4
58,28,4,Staff,Human Resources,150000000.0,274,Quality,53.52
58,28,4,Staff,Human Resources,170000000.0,229,HR,62.85
58,28,4,Staff,Human Resources,170000000.0,229,Innovation,53.87
58,28,4,Staff,Human Resources,170000000.0,229,Project,61.34
58,28,4,Staff,Human Resources,170000000.0,229,Quality,66.49333333333333
58,28,4,Staff,Human Resources,355280620.0,347,Attendance,73.65
58,28,4,Staff,Human Resources,355280620.0,347,Development,63.730000000000004
58,28,4,Staff,Human Resources,355280620.0,347,Efficiency,73.72
58,28,4,Staff,Human Resources,355280620.0,347,Finance,62.83
58,28,4,Staff,Human Resources,355280620.0,347,HR,67.125
58,28,4,Staff,Human Resources,355280620.0,347,Quality,62.120000000000005
58,28,4,Staff,Human Resources,355280620.0,347,Teamwork,66.4
58,28,4,Staff,Human Resources,375514309.0,335,Attendance,73.74
58,28,4,Staff,Human Resources,375514309.0,335,Development,69.02
58,28,4,Staff,Human Resources,375514309.0,335,Innovation,63.35
58,28,4,Staff,Human Resources,404564658.0,71,Attendance,65.11
58,28,4,Staff,Human Resources,404564658.0,71,Development,59.35
58,28,4,Staff,Human Resources,404564658.0,71,Quality,61.47
59,35,10,Manager,Legal,82017929.0,114,Attendance,96.61
59,35,10,Manager,Legal,82017929.0,114,Development,94.82
59,35,10,Manager,Legal,82017929.0,114,Efficiency,91.91
59,35,10,Manager,Legal,82017929.0,114,Finance,90.68
59,35,10,Manager,Legal,82017929.0,114,HR,91.69999999999999
59,35,10,Manager,Legal,82017929.0,114,Performance,93.11
59,35,10,Manager,Legal,82017929.0,114,Quality,88.52
59,35,10,Manager,Legal,82017929.0,114,Teamwork,93.43
59,35,10,Manager,Legal,82017929.0,114,Time Management,96.47
59,35,10,Manager,Legal,110000000.0,199,Finance,89.65
59,35,10,Manager,Legal,110000000.0,199,Project,98.0
59,35,10,Manager,Legal,110000000.0,199,Quality,93.29
59,35,10,Manager,Legal,110000000.0,199,Technical,98.0
59,35,10,Manager,Legal,120000000.0,152,Attendance,96.2
59,35,10,Manager,Legal,120000000.0,152,HR,90.28
59,35,10,Manager,Legal,120000000.0,152,Performance,96.0
59,35,10,Manager,Legal,120000000.0,152,Teamwork,93.48
59,35,10,Manager,Legal,134037811.0,31,Efficiency,86.84
59,35,10,Manager,Legal,134037811.0,31,Finance,92.98
59,35,10,Manager,Legal,134037811.0,31,Performance,90.76
59,35,10,Manager,Legal,134037811.0,31,Project,96.66
59,35,10,Manager,Legal,134037811.0,31,Quality,90.265
59,35,10,Manager,Legal,134037811.0,31,Teamwork,86.99000000000001
59,35,10,Manager,Legal,150000000.0,274,Attendance,96.895
59,35,10,Manager,Legal,150000000.0,274,Development,88.06
59,35,10,Manager,Legal,150000000.0,274,Finance,95.37
59,35,10,Manager,Legal,150000000.0,274,HR,95.06
59,35,10,Manager,Legal,150000000.0,274,Performance,94.36
59,35,10,Manager,Legal,150000000.0,274,Project,92.71
59,35,10,Manager,Legal,150000000.0,274,Quality,91.725
59,35,10,Manager,Legal,250000000.0,291,Attendance,92.93
59,35,10,Manager,Legal,250000000.0,291,Efficiency,94.26
59,35,10,Manager,Legal,250000000.0,291,Innovation,86.54
59,35,10,Manager,Legal,250000000.0,291,Quality,91.82
59,35,10,Manager,Legal,369461833.0,321,Attendance,98.0
59,35,10,Manager,Legal,369461833.0,321,Efficiency,88.13
59,35,10,Manager,Legal,369461833.0,321,HR,88.8
59,35,10,Manager,Legal,369461833.0,321,Innovation,89.27
59,35,10,Manager,Legal,369461833.0,321,Quality,93.9
59,35,10,Manager,Legal,369461833.0,321,Teamwork,92.17
59,35,10,Manager,Legal,404564658.0,71,Attendance,97.25
59,35,10,Manager,Legal,404564658.0,71,Efficiency,87.37
59,35,10,Manager,Legal,404564658.0,71,Performance,89.52
59,35,10,Manager,Legal,404564658.0,71,Time Management,86.79
60,29,1,Staff,Procurement,50000000.0,211,Performance,41.68
60,29,1,Staff,Procurement,50000000.0,211,Quality,41.75
60,29,1,Staff,Procurement,50000000.0,211,Technical,48.2
60,29,1,Staff,Procurement,60000000.0,214,Development,56.65
60,29,1,Staff,Procurement,60000000.0,214,Efficiency,59.13
60,29,1,Staff,Procurement,60000000.0,214,Finance,46.77
60,29,1,Staff,Procurement,60000000.0,214,HR,49.81
60,29,1,Staff,Procurement,60000000.0,214,Quality,38.92
60,29,1,Staff,Procurement,60000000.0,214,Teamwork,45.56
60,29,1,Staff,Procurement,60000000.0,214,Time Management,44.04
60,29,1,Staff,Procurement,75000000.0,203,Attendance,57.26
60,29,1,Staff,Procurement,75000000.0,203,HR,49.81
60,29,1,Staff,Procurement,75000000.0,203,Project,53.58
60,29,1,Staff,Procurement,75000000.0,203,Quality,47.17
60,29,1,Staff,Procurement,120000000.0,152,Development,43.769999999999996
60,29,1,Staff,Procurement,120000000.0,152,Efficiency,44.725
60,29,1,Staff,Procurement,120000000.0,152,HR,48.605000000000004
60,29,1,Staff,Procurement,120000000.0,152,Project,53.24
60,29,1,Staff,Procurement,150000000.0,274,Efficiency,44.34
60,29,1,Staff,Procurement,150000000.0,274,HR,56.66
60,29,1,Staff,Procurement,150000000.0,274,Innovation,37.68
60,29,1,Staff,Procurement,150000000.0,274,Project,50.08
60,29,1,Staff,Procurement,150000000.0,274,Quality,43.99333333333333
60,29,1,Staff,Procurement,150000000.0,274,Technical,48.71
60,29,1,Staff,Procurement,150000000.0,274,Time Management,54.67
60,29,1,Staff,Procurement,180000000.0,193,Performance,47.45
60,29,1,Staff,Procurement,180000000.0,193,Project,53.46
60,29,1,Staff,Procurement,180000000.0,193,Quality,48.96
60,29,1,Staff,Procurement,180000000.0,193,Teamwork,49.33
60,29,1,Staff,Procurement,180000000.0,193,Technical,45.11
60,29,1,Staff,Procurement,180000000.0,193,Time Management,42.9
60,29,1,Staff,Procurement,291868109.0,256,Efficiency,52.64
60,29,1,Staff,Procurement,291868109.0,256,Finance,39.28
60,29,1,Staff,Procurement,291868109.0,256,HR,45.79
60,29,1,Staff,Procurement,291868109.0,256,Performance,48.894999999999996
60,29,1,Staff,Procurement,291868109.0,256,Quality,46.737500000000004
60,29,1,Staff,Procurement,291868109.0,256,Technical,54.09
60,29,1,Staff,Procurement,291868109.0,256,Time Management,42.224999999999994
60,29,1,Staff,Procurement,397696244.0,106,Innovation,41.07
60,29,1,Staff,Procurement,397696244.0,106,Project,43.63
60,29,1,Staff,Procurement,397696244.0,106,Technical,44.76
60,29,1,Staff,Procurement,397696244.0,106,Time Management,50.02
61,31,7,Senior Staff,Operations,90000000.0,244,Development,69.10499999999999
61,31,7,Senior Staff,Operations,90000000.0,244,Efficiency,66.56
61,31,7,Senior Staff,Operations,90000000.0,244,Finance,67.9
61,31,7,Senior Staff,Operations,90000000.0,244,HR,65.53
61,31,7,Senior Staff,Operations,90000000.0,244,Innovation,62.72
61,31,7,Senior Staff,Operations,90000000.0,244,Quality,68.505
61,31,7,Senior Staff,Operations,90000000.0,244,Teamwork,73.21666666666667
61,31,7,Senior Staff,Operations,90000000.0,244,Technical,68.0
61,31,7,Senior Staff,Operations,150000000.0,274,Development,67.88
61,31,7,Senior Staff,Operations,150000000.0,274,Finance,60.06
61,31,7,Senior Staff,Operations,150000000.0,274,Innovation,65.11
61,31,7,Senior Staff,Operations,150000000.0,274,Quality,68.855
61,31,7,Senior Staff,Operations,150000000.0,274,Teamwork,65.06
61,31,7,Senior Staff,Operations,150000000.0,274,Technical,63.87
61,31,7,Senior Staff,Operations,170000000.0,229,Development,77.77
61,31,7,Senior Staff,Operations,170000000.0,229,Finance,66.75
61,31,7,Senior Staff,Operations,170000000.0,229,HR,64.35333333333334
61,31,7,Senior Staff,Operations,170000000.0,229,Innovation,66.96
61,31,7,Senior Staff,Operations,170000000.0,229,Performance,70.27
61,31,7,Senior Staff,Operations,170000000.0,229,Project,69.88
61,31,7,Senior Staff,Operations,170000000.0,229,Quality,63.515
61,31,7,Senior Staff,Operations,170000000.0,229,Technical,66.18
61,31,7,Senior Staff,Operations,170000000.0,229,Time Management,70.72
61,31,7,Senior Staff,Operations,204675132.0,174,Development,71.8
61,31,7,Senior Staff,Operations,204675132.0,174,Project,65.17
61,31,7,Senior Staff,Operations,204675132.0,174,Quality,71.61
61,31,7,Senior Staff,Operations,250000000.0,291,Innovation,70.99
61,31,7,Senior Staff,Operations,250000000.0,291,Quality,65.2
61,31,7,Senior Staff,Operations,250000000.0,291,Technical,73.64
61,31,7,Senior Staff,Operations,278244747.0,88,Finance,68.53
61,31,7,Senior Staff,Operations,278244747.0,88,HR,68.265
61,31,7,Senior Staff,Operations,278244747.0,88,Innovation,65.79
61,31,7,Senior Staff,Operations,278244747.0,88,Performance,77.36
61,31,7,Senior Staff,Operations,278244747.0,88,Quality,75.07
61,31,7,Senior Staff,Operations,278244747.0,88,Teamwork,75.8
61,31,7,Senior Staff,Operations,278244747.0,88,Technical,63.04
61,31,7,Senior Staff,Operations,493794225.0,102,Attendance,79.28
61,31,7,Senior Staff,Operations,493794225.0,102,Innovation,64.41
61,31,7,Senior Staff,Operations,493794225.0,102,Quality,70.99
62,23,3,Staff,Operations,75000000.0,203,Attendance,70.8
62,23,3,Staff,Operations,75000000.0,203,Performance,58.24
62,23,3,Staff,Operations,75000000.0,203,Quality,60.12
62,23,3,Staff,Operations,120000000.0,152,Finance,67.12
62,23,3,Staff,Operations,130000000.0,303,Attendance,60.77
62,23,3,Staff,Operations,130000000.0,303,Efficiency,66.93
62,23,3,Staff,Operations,130000000.0,303,HR,74.51666666666667
62,23,3,Staff,Operations,130000000.0,303,Innovation,57.535
62,23,3,Staff,Operations,130000000.0,303,Project,59.98
62,23,3,Staff,Operations,130000000.0,303,Quality,64.26
62,23,3,Staff,Operations,130000000.0,303,Teamwork,72.66
62,23,3,Staff,Operations,200000000.0,167,Development,60.66
62,23,3,Staff,Operations,200000000.0,167,Efficiency,64.9
62,23,3,Staff,Operations,200000000.0,167,Innovation,60.34
62,23,3,Staff,Operations,200000000.0,167,Performance,61.675
62,23,3,Staff,Operations,200000000.0,167,Project,66.3
62,23,3,Staff,Operations,200000000.0,167,Quality,60.696666666666665
62,23,3,Staff,Operations,200000000.0,167,Teamwork,67.03
62,23,3,Staff,Operations,204675132.0,174,Efficiency,61.75
62,23,3,Staff,Operations,204675132.0,174,Finance,62.129999999999995
62,23,3,Staff,Operations,204675132.0,174,Performance,67.65
62,23,3,Staff,Operations,204675132.0,174,Quality,55.99
62,23,3,Staff,Operations,204675132.0,174,Teamwork,61.77
62,23,3,Staff,Operations,204675132.0,174,Technical,65.67
62,23,3,Staff,Operations,300000000.0,242,Attendance,63.38
62,23,3,Staff,Operations,300000000.0,242,Efficiency,65.23
62,23,3,Staff,Operations,300000000.0,242,Finance,61.61
62,23,3,Staff,Operations,300000000.0,242,HR,69.39500000000001
62,23,3,Staff,Operations,300000000.0,242,Innovation,53.78
62,23,3,Staff,Operations,300000000.0,242,Performance,65.5
62,23,3,Staff,Operations,300000000.0,242,Quality,58.61
62,23,3,Staff,Operations,300000000.0,242,Technical,69.7
62,23,3,Staff,Operations,466447298.0,297,Finance,62.19
62,23,3,Staff,Operations,466447298.0,297,HR,70.1
62,23,3,Staff,Operations,466447298.0,297,Innovation,60.64
62,23,3,Staff,Operations,466447298.0,297,Quality,60.052499999999995
62,23,3,Staff,Operations,466447298.0,297,Teamwork,69.965
62,23,3,Staff,Operations,466447298.0,297,Technical,60.74
62,23,3,Staff,Operations,493794225.0,102,Finance,62.39
62,23,3,Staff,Operations,493794225.0,102,Project,62.48
62,23,3,Staff,Operations,493794225.0,102,Quality,57.11
63,24,3,Staff,Finance,95000000.0,211,Attendance,71.24
63,24,3,Staff,Finance,95000000.0,211,Development,63.61
63,24,3,Staff,Finance,95000000.0,211,Efficiency,64.9
63,24,3,Staff,Finance,95000000.0,211,Finance,62.68
63,24,3,Staff,Finance,95000000.0,211,HR,66.955
63,24,3,Staff,Finance,95000000.0,211,Innovation,62.47
63,24,3,Staff,Finance,95000000.0,211,Project,65.36
63,24,3,Staff,Finance,95000000.0,211,Quality,64.0
63,24,3,Staff,Finance,95000000.0,211,Teamwork,71.85
63,24,3,Staff,Finance,95000000.0,211,Technical,65.305
63,24,3,Staff,Finance,95000000.0,211,Time Management,67.03
63,24,3,Staff,Finance,134037811.0,31,Finance,65.24
63,24,3,Staff,Finance,134037811.0,31,HR,66.995
63,24,3,Staff,Finance,134037811.0,31,Innovation,62.67
63,24,3,Staff,Finance,134037811.0,31,Performance,74.83
63,24,3,Staff,Finance,134037811.0,31,Quality,72.18
63,24,3,Staff,Finance,134037811.0,31,Teamwork,76.78
63,24,3,Staff,Finance,180000000.0,193,Development,61.32
63,24,3,Staff,Finance,180000000.0,193,Finance,67.86
63,24,3,Staff,Finance,180000000.0,193,HR,65.57000000000001
63,24,3,Staff,Finance,180000000.0,193,Innovation,57.44
63,24,3,Staff,Finance,180000000.0,193,Quality,63.5
63,24,3,Staff,Finance,180000000.0,193,Time Management,68.29
63,24,3,Staff,Finance,190000000.0,241,Attendance,72.14
63,24,3,Staff,Finance,190000000.0,241,Development,68.58
63,24,3,Staff,Finance,190000000.0,241,Efficiency,65.905
63,24,3,Staff,Finance,190000000.0,241,Finance,73.21
63,24,3,Staff,Finance,190000000.0,241,HR,62.7
63,24,3,Staff,Finance,190000000.0,241,Performance,63.43
63,24,3,Staff,Finance,190000000.0,241,Project,68.31
63,24,3,Staff,Finance,190000000.0,241,Quality,63.5
63,24,3,Staff,Finance,190000000.0,241,Technical,69.005
63,24,3,Staff,Finance,220000000.0,225,Development,54.28
63,24,3,Staff,Finance,220000000.0,225,Finance,59.79
63,24,3,Staff,Finance,220000000.0,225,HR,60.37
63,24,3,Staff,Finance,220000000.0,225,Innovation,65.71
63,24,3,Staff,Finance,220000000.0,225,Performance,57.89
63,24,3,Staff,Finance,220000000.0,225,Project,61.620000000000005
63,24,3,Staff,Finance,220000000.0,225,Quality,61.07
63,24,3,Staff,Finance,220000000.0,225,Teamwork,57.39
63,24,3,Staff,Finance,220000000.0,225,Technical,58.72
63,24,3,Staff,Finance,291862333.0,334,Development,71.69
63,24,3,Staff,Finance,291862333.0,334,Efficiency,67.075
63,24,3,Staff,Finance,291862333.0,334,Finance,65.19500000000001
63,24,3,Staff,Finance,291862333.0,334,HR,73.16499999999999
63,24,3,Staff,Finance,291862333.0,334,Project,71.22
63,24,3,Staff,Finance,291862333.0,334,Quality,63.585
63,24,3,Staff,Finance,291862333.0,334,Teamwork,74.37
63,24,3,Staff,Finance,291862333.0,334,Technical,71.04
63,24,3,Staff,Finance,291862333.0,334,Time Management,67.75
63,24,3,Staff,Finance,355280620.0,347,Development,59.22
63,24,3,Staff,Finance,355280620.0,347,HR,65.73
63,24,3,Staff,Finance,355280620.0,347,Innovation,61.39
63,24,3,Staff,Finance,355280620.0,347,Performance,64.625
63,24,3,Staff,Finance,355280620.0,347,Quality,64.2975
63,24,3,Staff,Finance,355280620.0,347,Technical,64.55
63,24,3,Staff,Finance,404564658.0,71,Efficiency,69.98
63,24,3,Staff,Finance,404564658.0,71,Finance,59.51
63,24,3,Staff,Finance,404564658.0,71,HR,72.2
63,24,3,Staff,Finance,404564658.0,71,Time Management,76.27
64,31,4,Staff,Marketing,82017929.0,114,Innovation,64.61
64,31,4,Staff,Marketing,82017929.0,114,Project,66.54
64,31,4,Staff,Marketing,82017929.0,114,Teamwork,71.52
64,31,4,Staff,Marketing,82017929.0,114,Time Management,63.43
64,31,4,Staff,Marketing,110000000.0,199,Attendance,70.955
64,31,4,Staff,Marketing,110000000.0,199,Development,66.38
64,31,4,Staff,Marketing,110000000.0,199,Efficiency,68.73
64,31,4,Staff,Marketing,110000000.0,199,Finance,63.52
64,31,4,Staff,Marketing,110000000.0,199,Innovation,68.41
64,31,4,Staff,Marketing,110000000.0,199,Performance,64.98
64,31,4,Staff,Marketing,110000000.0,199,Project,73.79
64,31,4,Staff,Marketing,110000000.0,199,Quality,63.120000000000005
64,31,4,Staff,Marketing,110000000.0,199,Teamwork,73.63
64,31,4,Staff,Marketing,110000000.0,199,Technical,64.78
64,31,4,Staff,Marketing,120000000.0,152,Efficiency,67.0
64,31,4,Staff,Marketing,120000000.0,152,HR,73.93
64,31,4,Staff,Marketing,120000000.0,152,Innovation,66.45
64,31,4,Staff,Marketing,120000000.0,152,Performance,73.27
64,31,4,Staff,Marketing,120000000.0,152,Project,71.44
64,31,4,Staff,Marketing,120000000.0,152,Quality,62.86
64,31,4,Staff,Marketing,120000000.0,152,Technical,68.22
64,31,4,Staff,Marketing,180000000.0,193,Attendance,64.55
64,31,4,Staff,Marketing,180000000.0,193,Finance,56.15
64,31,4,Staff,Marketing,180000000.0,193,HR,66.43666666666667
64,31,4,Staff,Marketing,180000000.0,193,Performance,62.81
64,31,4,Staff,Marketing,180000000.0,193,Project,59.37
64,31,4,Staff,Marketing,180000000.0,193,Quality,61.615
64,31,4,Staff,Marketing,180000000.0,193,Technical,63.74
64,31,4,Staff,Marketing,365962025.0,249,Development,65.4
64,31,4,Staff,Marketing,365962025.0,249,Finance,63.15
64,31,4,Staff,Marketing,365962025.0,249,Performance,58.76
64,31,4,Staff,Marketing,365962025.0,249,Quality,73.17999999999999
64,31,4,Staff,Marketing,365962025.0,249,Teamwork,71.78999999999999
64,31,4,Staff,Marketing,365962025.0,249,Technical,71.35
64,31,4,Staff,Marketing,377293102.0,80,Attendance,69.68
64,31,4,Staff,Marketing,377293102.0,80,Development,65.38
64,31,4,Staff,Marketing,377293102.0,80,Efficiency,66.16
64,31,4,Staff,Marketing,377293102.0,80,HR,70.7225
64,31,4,Staff,Marketing,377293102.0,80,Quality,66.68
64,31,4,Staff,Marketing,377293102.0,80,Teamwork,65.935
64,31,4,Staff,Marketing,377293102.0,80,Time Management,72.33
64,31,4,Staff,Marketing,404564658.0,71,Attendance,76.91
64,31,4,Staff,Marketing,493794225.0,102,Development,73.19
64,31,4,Staff,Marketing,493794225.0,102,Efficiency,64.08
64,31,4,Staff,Marketing,493794225.0,102,HR,70.43
64,31,4,Staff,Marketing,493794225.0,102,Innovation,51.92
64,31,4,Staff,Marketing,493794225.0,102,Quality,61.25333333333333
64,31,4,Staff,Marketing,493794225.0,102,Teamwork,64.46
65,38,8,Manager,IT,50000000.0,211,Teamwork,98.0
65,38,8,Manager,IT,50000000.0,211,Technical,98.0
65,38,8,Manager,IT,50000000.0,211,Time Management,97.32
65,38,8,Manager,IT,130000000.0,303,Attendance,98.0
65,38,8,Manager,IT,130000000.0,303,Development,98.0
65,38,8,Manager,IT,130000000.0,303,Finance,92.41
65,38,8,Manager,IT,130000000.0,303,Performance,98.0
65,38,8,Manager,IT,130000000.0,303,Quality,94.55000000000001
65,38,8,Manager,IT,130000000.0,303,Teamwork,98.0
65,38,8,Manager,IT,130000000.0,303,Technical,98.0
65,38,8,Manager,IT,140000000.0,211,Attendance,98.0
65,38,8,Manager,IT,140000000.0,211,Development,97.96
65,38,8,Manager,IT,140000000.0,211,Efficiency,98.0
65,38,8,Manager,IT,140000000.0,211,Finance,97.43
65,38,8,Manager,IT,140000000.0,211,HR,92.82
65,38,8,Manager,IT,140000000.0,211,Innovation,98.0
65,38,8,Manager,IT,140000000.0,211,Quality,93.7
65,38,8,Manager,IT,140000000.0,211,Technical,98.0
65,38,8,Manager,IT,140000000.0,211,Time Management,96.55
65,38,8,Manager,IT,250000000.0,291,Efficiency,98.0
65,38,8,Manager,IT,250000000.0,291,Finance,96.66
65,38,8,Manager,IT,369461833.0,321,Attendance,98.0
65,38,8,Manager,IT,369461833.0,321,HR,98.0
65,38,8,Manager,IT,369461833.0,321,Performance,98.0
65,38,8,Manager,IT,369461833.0,321,Project,98.0
65,38,8,Manager,IT,369461833.0,321,Quality,95.36500000000001
65,38,8,Manager,IT,369461833.0,321,Teamwork,96.21
65,38,8,Manager,IT,369461833.0,321,Technical,94.6
65,38,8,Manager,IT,369461833.0,321,Time Management,98.0
65,38,8,Manager,IT,404564658.0,71,Development,98.0
65,38,8,Manager,IT,404564658.0,71,Finance,98.0
65,38,8,Manager,IT,404564658.0,71,Performance,98.0
65,38,8,Manager,IT,404564658.0,71,Project,98.0
65,38,8,Manager,IT,404564658.0,71,Technical,98.0
65,38,8,Manager,IT,404564658.0,71,Time Management,98.0
65,38,8,Manager,IT,466447298.0,297,Finance,98.0
65,38,8,Manager,IT,466447298.0,297,HR,98.0
65,38,8,Manager,IT,466447298.0,297,Project,97.7
65,38,8,Manager,IT,466447298.0,297,Quality,97.055
65,38,8,Manager,IT,472961951.0,350,Development,98.0
65,38,8,Manager,IT,472961951.0,350,Efficiency,98.0
65,38,8,Manager,IT,472961951.0,350,Finance,98.0
65,38,8,Manager,IT,472961951.0,350,HR,98.0
65,38,8,Manager,IT,472961951.0,350,Innovation,98.0
65,38,8,Manager,IT,472961951.0,350,Project,98.0
65,38,8,Manager,IT,472961951.0,350,Quality,98.0
65,38,8,Manager,IT,472961951.0,350,Technical,98.0
66,32,7,Manager,Marketing,75000000.0,203,Development,91.29
66,32,7,Manager,Marketing,75000000.0,203,Efficiency,95.63
66,32,7,Manager,Marketing,75000000.0,203,HR,97.13
66,32,7,Manager,Marketing,75000000.0,203,Innovation,88.68
66,32,7,Manager,Marketing,75000000.0,203,Performance,88.88
66,32,7,Manager,Marketing,75000000.0,203,Quality,90.47
66,32,7,Manager,Marketing,75000000.0,203,Teamwork,98.0
66,32,7,Manager,Marketing,75000000.0,203,Technical,94.17333333333333
66,32,7,Manager,Marketing,75000000.0,203,Time Management,98.0
66,32,7,Manager,Marketing,95000000.0,211,Efficiency,95.91
66,32,7,Manager,Marketing,95000000.0,211,HR,98.0
66,32,7,Manager,Marketing,95000000.0,211,Project,94.24
66,32,7,Manager,Marketing,95000000.0,211,Quality,96.11
66,32,7,Manager,Marketing,95000000.0,211,Teamwork,98.0
66,32,7,Manager,Marketing,95000000.0,211,Technical,98.0
66,32,7,Manager,Marketing,95000000.0,211,Time Management,98.0
66,32,7,Manager,Marketing,134037811.0,31,HR,98.0
66,32,7,Manager,Marketing,134037811.0,31,Innovation,93.775
66,32,7,Manager,Marketing,134037811.0,31,Performance,98.0
66,32,7,Manager,Marketing,134037811.0,31,Project,93.92
66,32,7,Manager,Marketing,134037811.0,31,Quality,97.17
66,32,7,Manager,Marketing,134037811.0,31,Teamwork,94.62
66,32,7,Manager,Marketing,170000000.0,229,Attendance,98.0
66,32,7,Manager,Marketing,170000000.0,229,Development,92.02
66,32,7,Manager,Marketing,170000000.0,229,Innovation,94.97
66,32,7,Manager,Marketing,170000000.0,229,Performance,98.0
66,32,7,Manager,Marketing,170000000.0,229,Project,95.82
66,32,7,Manager,Marketing,170000000.0,229,Quality,93.34333333333332
66,32,7,Manager,Marketing,170000000.0,229,Teamwork,94.25
66,32,7,Manager,Marketing,170000000.0,229,Time Management,92.60499999999999
66,32,7,Manager,Marketing,206368642.0,46,Efficiency,89.46
66,32,7,Manager,Marketing,206368642.0,46,Finance,93.77
66,32,7,Manager,Marketing,206368642.0,46,HR,94.255
66,32,7,Manager,Marketing,206368642.0,46,Time Management,88.75
66,32,7,Manager,Marketing,220000000.0,225,Attendance,94.41
66,32,7,Manager,Marketing,220000000.0,225,Efficiency,96.65
66,32,7,Manager,Marketing,220000000.0,225,HR,97.9
66,32,7,Manager,Marketing,220000000.0,225,Innovation,95.85
66,32,7,Manager,Marketing,220000000.0,225,Performance,89.87
66,32,7,Manager,Marketing,220000000.0,225,Project,92.92
66,32,7,Manager,Marketing,220000000.0,225,Quality,91.84
66,32,7,Manager,Marketing,220000000.0,225,Time Management,98.0
66,32,7,Manager,Marketing,400000000.0,259,HR,96.84
66,32,7,Manager,Marketing,493794225.0,102,Attendance,93.74
66,32,7,Manager,Marketing,493794225.0,102,Development,92.12
66,32,7,Manager,Marketing,493794225.0,102,Finance,90.5
66,32,7,Manager,Marketing,493794225.0,102,HR,98.0
66,32,7,Manager,Marketing,493794225.0,102,Quality,93.355
66,32,7,Manager,Marketing,493794225.0,102,Time Management,95.5
67,41,9,Senior Manager,Design,88214342.0,149,Attendance,98.0
67,41,9,Senior Manager,Design,88214342.0,149,Efficiency,98.0
67,41,9,Senior Manager,Design,88214342.0,149,Finance,98.0
67,41,9,Senior Manager,Design,88214342.0,149,HR,98.0
67,41,9,Senior Manager,Design,88214342.0,149,Innovation,98.0
67,41,9,Senior Manager,Design,88214342.0,149,Quality,98.0
67,41,9,Senior Manager,Design,88214342.0,149,Teamwork,98.0
67,41,9,Senior Manager,Design,88214342.0,149,Technical,98.0
67,41,9,Senior Manager,Design,110000000.0,199,Development,98.0
67,41,9,Senior Manager,Design,110000000.0,199,Project,98.0
67,41,9,Senior Manager,Design,110000000.0,199,Quality,98.0
67,41,9,Senior Manager,Design,110000000.0,199,Teamwork,98.0
67,41,9,Senior Manager,Design,110000000.0,199,Technical,98.0
67,41,9,Senior Manager,Design,130000000.0,303,Efficiency,98.0
67,41,9,Senior Manager,Design,130000000.0,303,Quality,98.0
67,41,9,Senior Manager,Design,130000000.0,303,Technical,98.0
67,41,9,Senior Manager,Design,130000000.0,303,Time Management,98.0
67,41,9,Senior Manager,Design,170000000.0,229,Attendance,98.0
67,41,9,Senior Manager,Design,170000000.0,229,Development,98.0
67,41,9,Senior Manager,Design,170000000.0,229,Efficiency,98.0
67,41,9,Senior Manager,Design,170000000.0,229,Finance,98.0
67,41,9,Senior Manager,Design,170000000.0,229,HR,98.0
67,41,9,Senior Manager,Design,170000000.0,229,Project,98.0
67,41,9,Senior Manager,Design,170000000.0,229,Quality,97.964
67,41,9,Senior Manager,Design,170000000.0,229,Technical,98.0
67,41,9,Senior Manager,Design,180000000.0,193,Attendance,98.0
67,41,9,Senior Manager,Design,180000000.0,193,Efficiency,98.0
67,41,9,Senior Manager,Design,180000000.0,193,Finance,98.0
67,41,9,Senior Manager,Design,180000000.0,193,HR,98.0
67,41,9,Senior Manager,Design,180000000.0,193,Innovation,98.0
67,41,9,Senior Manager,Design,180000000.0,193,Time Management,98.0
67,41,9,Senior Manager,Design,369461833.0,321,Attendance,98.0
67,41,9,Senior Manager,Design,369461833.0,321,Finance,98.0
67,41,9,Senior Manager,Design,369461833.0,321,HR,98.0
67,41,9,Senior Manager,Design,369461833.0,321,Innovation,98.0
67,41,9,Senior Manager,Design,369461833.0,321,Project,98.0
67,41,9,Senior Manager,Design,369461833.0,321,Quality,98.0
67,41,9,Senior Manager,Design,369461833.0,321,Technical,98.0
67,41,9,Senior Manager,Design,369461833.0,321,Time Management,98.0
67,41,9,Senior Manager,Design,466447298.0,297,Development,98.0
67,41,9,Senior Manager,Design,466447298.0,297,Innovation,98.0
67,41,9,Senior Manager,Design,466447298.0,297,Teamwork,98.0
67,41,9,Senior Manager,Design,466447298.0,297,Technical,98.0
67,41,9,Senior Manager,Design,493794225.0,102,Efficiency,98.0
67,41,9,Senior Manager,Design,493794225.0,102,HR,98.0
67,41,9,Senior Manager,Design,493794225.0,102,Quality,97.95
67,41,9,Senior Manager,Design,493794225.0,102,Time Management,98.0
68,23,1,Staff,Research & Development,190000000.0,241,Attendance,56.23
68,23,1,Staff,Research & Development,190000000.0,241,Development,51.5
68,23,1,Staff,Research & Development,190000000.0,241,Efficiency,53.36
68,23,1,Staff,Research & Development,190000000.0,241,HR,45.74
68,23,1,Staff,Research & Development,190000000.0,241,Project,53.38
68,23,1,Staff,Research & Development,190000000.0,241,Teamwork,47.67
68,23,1,Staff,Research & Development,204675132.0,174,Attendance,59.78
68,23,1,Staff,Research & Development,204675132.0,174,Development,51.25
68,23,1,Staff,Research & Development,204675132.0,174,Innovation,57.8
68,23,1,Staff,Research & Development,204675132.0,174,Performance,59.57
68,23,1,Staff,Research & Development,204675132.0,174,Quality,59.105000000000004
68,23,1,Staff,Research & Development,204675132.0,174,Technical,43.06
68,23,1,Staff,Research & Development,204675132.0,174,Time Management,59.59
68,23,1,Staff,Research & Development,220000000.0,225,Development,32.77
68,23,1,Staff,Research & Development,220000000.0,225,Efficiency,45.65
68,23,1,Staff,Research & Development,220000000.0,225,HR,49.385
68,23,1,Staff,Research & Development,220000000.0,225,Performance,45.36
68,23,1,Staff,Research & Development,220000000.0,225,Teamwork,53.13
68,23,1,Staff,Research & Development,250000000.0,291,Development,49.870000000000005
68,23,1,Staff,Research & Development,250000000.0,291,Efficiency,57.435
68,23,1,Staff,Research & Development,250000000.0,291,Finance,52.13
68,23,1,Staff,Research & Development,250000000.0,291,HR,53.27
68,23,1,Staff,Research & Development,250000000.0,291,Performance,45.04
68,23,1,Staff,Research & Development,250000000.0,291,Project,48.95
68,23,1,Staff,Research & Development,250000000.0,291,Quality,44.42
68,23,1,Staff,Research & Development,250000000.0,291,Teamwork,43.89
68,23,1,Staff,Research & Development,250000000.0,291,Technical,51.18
68,23,1,Staff,Research & Development,250000000.0,291,Time Management,58.09
68,23,1,Staff,Research & Development,291862333.0,334,Attendance,65.3
68,23,1,Staff,Research & Development,291862333.0,334,Development,57.82
68,23,1,Staff,Research & Development,291862333.0,334,Performance,68.98
68,23,1,Staff,Research & Development,291862333.0,334,Quality,62.03
68,23,1,Staff,Research & Development,291862333.0,334,Teamwork,53.57
68,23,1,Staff,Research & Development,355280620.0,347,Attendance,54.51
68,23,1,Staff,Research & Development,355280620.0,347,Efficiency,54.31
68,23,1,Staff,Research & Development,355280620.0,347,Innovation,62.64
68,23,1,Staff,Research & Development,355280620.0,347,Technical,57.24
68,23,1,Staff,Research & Development,369461833.0,321,Attendance,61.03
68,23,1,Staff,Research & Development,369461833.0,321,Finance,50.09
68,23,1,Staff,Research & Development,369461833.0,321,HR,54.67
68,23,1,Staff,Research & Development,369461833.0,321,Performance,48.57
68,23,1,Staff,Research & Development,369461833.0,321,Quality,52.55
68,23,1,Staff,Research & Development,369461833.0,321,Teamwork,52.34
68,23,1,Staff,Research & Development,369461833.0,321,Time Management,52.58
68,23,1,Staff,Research & Development,400000000.0,259,Performance,54.29
68,23,1,Staff,Research & Development,400000000.0,259,Teamwork,60.29
69,29,2,Staff,Design,50000000.0,211,Attendance,64.905
69,29,2,Staff,Design,50000000.0,211,Development,61.83
69,29,2,Staff,Design,50000000.0,211,HR,67.525
69,29,2,Staff,Design,50000000.0,211,Innovation,60.75
69,29,2,Staff,Design,50000000.0,211,Quality,64.58333333333333
69,29,2,Staff,Design,50000000.0,211,Time Management,72.1
69,29,2,Staff,Design,80000000.0,138,Attendance,58.3
69,29,2,Staff,Design,80000000.0,138,Development,60.42
69,29,2,Staff,Design,80000000.0,138,Finance,59.36
69,29,2,Staff,Design,80000000.0,138,Project,66.96
69,29,2,Staff,Design,80000000.0,138,Quality,65.43
69,29,2,Staff,Design,80000000.0,138,Teamwork,71.39
69,29,2,Staff,Design,170000000.0,229,Attendance,72.25
69,29,2,Staff,Design,170000000.0,229,Efficiency,61.35
69,29,2,Staff,Design,170000000.0,229,Finance,57.94
69,29,2,Staff,Design,170000000.0,229,HR,67.64333333333333
69,29,2,Staff,Design,170000000.0,229,Innovation,60.12
69,29,2,Staff,Design,170000000.0,229,Performance,60.17
69,29,2,Staff,Design,170000000.0,229,Quality,56.75
69,29,2,Staff,Design,170000000.0,229,Teamwork,65.96
69,29,2,Staff,Design,170000000.0,229,Technical,59.52
69,29,2,Staff,Design,180000000.0,193,Attendance,61.13
69,29,2,Staff,Design,180000000.0,193,Development,55.32
69,29,2,Staff,Design,180000000.0,193,Efficiency,68.22
69,29,2,Staff,Design,180000000.0,193,Finance,64.83500000000001
69,29,2,Staff,Design,180000000.0,193,HR,58.62
69,29,2,Staff,Design,180000000.0,193,Performance,70.5
69,29,2,Staff,Design,180000000.0,193,Quality,59.08
69,29,2,Staff,Design,180000000.0,193,Teamwork,63.31
69,29,2,Staff,Design,180000000.0,193,Technical,73.99
69,29,2,Staff,Design,365962025.0,249,HR,64.05
69,29,2,Staff,Design,365962025.0,249,Innovation,61.92
69,29,2,Staff,Design,365962025.0,249,Project,62.64
69,29,2,Staff,Design,365962025.0,249,Quality,67.31
69,29,2,Staff,Design,369461833.0,321,Efficiency,65.88
69,29,2,Staff,Design,369461833.0,321,Performance,57.88
69,29,2,Staff,Design,369461833.0,321,Quality,58.77
69,29,2,Staff,Design,369461833.0,321,Time Management,63.24
69,29,2,Staff,Design,400000000.0,259,Development,58.260000000000005
69,29,2,Staff,Design,400000000.0,259,Efficiency,71.32
69,29,2,Staff,Design,400000000.0,259,HR,65.15
69,29,2,Staff,Design,400000000.0,259,Innovation,56.85
69,29,2,Staff,Design,400000000.0,259,Quality,57.53
69,29,2,Staff,Design,400000000.0,259,Technical,60.74
69,29,2,Staff,Design,400000000.0,259,Time Management,65.76
69,29,2,Staff,Design,472961951.0,350,Attendance,76.26
69,29,2,Staff,Design,472961951.0,350,HR,64.77
69,29,2,Staff,Design,472961951.0,350,Innovation,66.82
69,29,2,Staff,Design,472961951.0,350,Performance,66.9
69,29,2,Staff,Design,472961951.0,350,Quality,65.0
69,29,2,Staff,Design,472961951.0,350,Teamwork,63.61
69,29,2,Staff,Design,472961951.0,350,Technical,65.61
69,29,2,Staff,Design,472961951.0,350,Time Management,58.35
70,33,8,Manager,Human Resources,75000000.0,203,Efficiency,89.12
70,33,8,Manager,Human Resources,75000000.0,203,HR,95.29
70,33,8,Manager,Human Resources,75000000.0,203,Project,98.0
70,33,8,Manager,Human Resources,75000000.0,203,Quality,91.46
70,33,8,Manager,Human Resources,110000000.0,199,Attendance,94.89
70,33,8,Manager,Human Resources,110000000.0,199,Development,90.09
70,33,8,Manager,Human Resources,110000000.0,199,Efficiency,88.4
70,33,8,Manager,Human Resources,110000000.0,199,Finance,89.87
70,33,8,Manager,Human Resources,110000000.0,199,Innovation,82.06
70,33,8,Manager,Human Resources,110000000.0,199,Performance,92.35
70,33,8,Manager,Human Resources,110000000.0,199,Project,91.1
70,33,8,Manager,Human Resources,110000000.0,199,Quality,86.40666666666668
70,33,8,Manager,Human Resources,110000000.0,199,Teamwork,93.64
70,33,8,Manager,Human Resources,110000000.0,199,Technical,95.47
70,33,8,Manager,Human Resources,110000000.0,199,Time Management,98.0
70,33,8,Manager,Human Resources,200000000.0,167,Attendance,94.97
70,33,8,Manager,Human Resources,200000000.0,167,Development,91.99
70,33,8,Manager,Human Resources,200000000.0,167,Efficiency,98.0
70,33,8,Manager,Human Resources,200000000.0,167,Finance,89.84
70,33,8,Manager,Human Resources,200000000.0,167,HR,89.19
70,33,8,Manager,Human Resources,200000000.0,167,Performance,94.09
70,33,8,Manager,Human Resources,200000000.0,167,Project,86.8
70,33,8,Manager,Human Resources,200000000.0,167,Technical,89.85499999999999
70,33,8,Manager,Human Resources,220000000.0,225,Quality,91.97
70,33,8,Manager,Human Resources,300000000.0,242,Efficiency,91.09
70,33,8,Manager,Human Resources,300000000.0,242,Quality,88.74
70,33,8,Manager,Human Resources,397696244.0,106,Efficiency,95.44
70,33,8,Manager,Human Resources,397696244.0,106,Project,93.97
70,33,8,Manager,Human Resources,397696244.0,106,Teamwork,93.03
70,33,8,Manager,Human Resources,397696244.0,106,Technical,92.31
70,33,8,Manager,Human Resources,400000000.0,259,HR,89.56
70,33,8,Manager,Human Resources,400000000.0,259,Innovation,85.79
70,33,8,Manager,Human Resources,400000000.0,259,Performance,95.33
70,33,8,Manager,Human Resources,400000000.0,259,Project,92.14
70,33,8,Manager,Human Resources,493794225.0,102,Attendance,98.0
70,33,8,Manager,Human Resources,493794225.0,102,Development,90.43
70,33,8,Manager,Human Resources,493794225.0,102,Finance,88.74
70,33,8,Manager,Human Resources,493794225.0,102,HR,91.605
70,33,8,Manager,Human Resources,493794225.0,102,Performance,89.99000000000001
70,33,8,Manager,Human Resources,493794225.0,102,Project,92.59
70,33,8,Manager,Human Resources,493794225.0,102,Quality,88.73
70,33,8,Manager,Human Resources,493794225.0,102,Teamwork,98.0
71,30,5,Staff,IT,88214342.0,149,Attendance,85.59
71,30,5,Staff,IT,88214342.0,149,Project,76.53
71,30,5,Staff,IT,88214342.0,149,Quality,84.87
71,30,5,Staff,IT,190000000.0,241,Efficiency,72.14
71,30,5,Staff,IT,190000000.0,241,Performance,79.62
71,30,5,Staff,IT,190000000.0,241,Project,78.61
71,30,5,Staff,IT,190000000.0,241,Quality,72.1175
71,30,5,Staff,IT,190000000.0,241,Teamwork,76.03999999999999
71,30,5,Staff,IT,206368642.0,46,Attendance,72.9
71,30,5,Staff,IT,206368642.0,46,Development,63.17
71,30,5,Staff,IT,206368642.0,46,HR,77.13
71,30,5,Staff,IT,206368642.0,46,Project,82.34
71,30,5,Staff,IT,206368642.0,46,Quality,69.37
71,30,5,Staff,IT,206368642.0,46,Teamwork,82.58
71,30,5,Staff,IT,206368642.0,46,Time Management,74.33
71,30,5,Staff,IT,250000000.0,291,Attendance,75.775
71,30,5,Staff,IT,250000000.0,291,HR,66.05
71,30,5,Staff,IT,250000000.0,291,Performance,80.4
71,30,5,Staff,IT,250000000.0,291,Project,68.27
71,30,5,Staff,IT,250000000.0,291,Quality,75.545
71,30,5,Staff,IT,250000000.0,291,Teamwork,88.54
71,30,5,Staff,IT,250000000.0,291,Technical,68.97
71,30,5,Staff,IT,250000000.0,291,Time Management,69.0
71,30,5,Staff,IT,300000000.0,242,Attendance,70.18
71,30,5,Staff,IT,300000000.0,242,Development,65.91
71,30,5,Staff,IT,300000000.0,242,Efficiency,65.19
71,30,5,Staff,IT,300000000.0,242,Innovation,63.015
71,30,5,Staff,IT,300000000.0,242,Performance,70.42
71,30,5,Staff,IT,300000000.0,242,Project,66.45
71,30,5,Staff,IT,300000000.0,242,Quality,65.505
71,30,5,Staff,IT,300000000.0,242,Teamwork,73.44
71,30,5,Staff,IT,300000000.0,242,Technical,69.05
71,30,5,Staff,IT,365962025.0,249,HR,72.14
71,30,5,Staff,IT,365962025.0,249,Innovation,62.76
71,30,5,Staff,IT,365962025.0,249,Performance,71.54
71,30,5,Staff,IT,365962025.0,249,Quality,79.0
71,30,5,Staff,IT,365962025.0,249,Teamwork,76.0
71,30,5,Staff,IT,375514309.0,335,Attendance,76.44333333333333
71,30,5,Staff,IT,375514309.0,335,Development,72.49
71,30,5,Staff,IT,375514309.0,335,Finance,66.41
71,30,5,Staff,IT,375514309.0,335,HR,77.96
71,30,5,Staff,IT,375514309.0,335,Innovation,75.35
71,30,5,Staff,IT,375514309.0,335,Performance,77.37
71,30,5,Staff,IT,375514309.0,335,Project,78.32
71,30,5,Staff,IT,375514309.0,335,Quality,70.805
71,30,5,Staff,IT,375514309.0,335,Teamwork,77.135
71,30,5,Staff,IT,500000000.0,356,Development,63.8
71,30,5,Staff,IT,500000000.0,356,Efficiency,70.88
71,30,5,Staff,IT,500000000.0,356,Performance,66.54
71,30,5,Staff,IT,500000000.0,356,Teamwork,72.18
71,30,5,Staff,IT,500000000.0,356,Technical,69.49
72,28,5,Staff,Human Resources,180000000.0,193,Attendance,75.88
72,28,5,Staff,Human Resources,180000000.0,193,Development,68.56
72,28,5,Staff,Human Resources,180000000.0,193,Efficiency,68.57
72,28,5,Staff,Human Resources,180000000.0,193,Finance,61.63
72,28,5,Staff,Human Resources,180000000.0,193,HR,72.94
72,28,5,Staff,Human Resources,180000000.0,193,Innovation,61.52
72,28,5,Staff,Human Resources,180000000.0,193,Performance,64.26
72,28,5,Staff,Human Resources,180000000.0,193,Project,59.77
72,28,5,Staff,Human Resources,180000000.0,193,Quality,66.05250000000001
72,28,5,Staff,Human Resources,180000000.0,193,Technical,62.72
72,28,5,Staff,Human Resources,190000000.0,241,Development,63.39
72,28,5,Staff,Human Resources,190000000.0,241,Performance,65.18
72,28,5,Staff,Human Resources,190000000.0,241,Quality,68.59
72,28,5,Staff,Human Resources,190000000.0,241,Time Management,64.38
72,28,5,Staff,Human Resources,220000000.0,225,Finance,59.31
72,28,5,Staff,Human Resources,220000000.0,225,HR,65.34
72,28,5,Staff,Human Resources,220000000.0,225,Performance,65.35
72,28,5,Staff,Human Resources,220000000.0,225,Time Management,71.68
72,28,5,Staff,Human Resources,300000000.0,242,Attendance,69.81
72,28,5,Staff,Human Resources,300000000.0,242,Development,73.285
72,28,5,Staff,Human Resources,300000000.0,242,HR,62.34
72,28,5,Staff,Human Resources,300000000.0,242,Performance,59.91
72,28,5,Staff,Human Resources,300000000.0,242,Quality,55.09
72,28,5,Staff,Human Resources,300000000.0,242,Technical,65.23
72,28,5,Staff,Human Resources,300000000.0,242,Time Management,66.35
72,28,5,Staff,Human Resources,355280620.0,347,Efficiency,59.3
72,28,5,Staff,Human Resources,355280620.0,347,Finance,68.6
72,28,5,Staff,Human Resources,355280620.0,347,HR,65.77
72,28,5,Staff,Human Resources,355280620.0,347,Innovation,64.92
72,28,5,Staff,Human Resources,355280620.0,347,Performance,59.13
72,28,5,Staff,Human Resources,355280620.0,347,Quality,62.849999999999994
72,28,5,Staff,Human Resources,355280620.0,347,Teamwork,63.29
72,28,5,Staff,Human Resources,355280620.0,347,Time Management,61.525
72,28,5,Staff,Human Resources,369461833.0,321,Attendance,73.97
72,28,5,Staff,Human Resources,369461833.0,321,Finance,63.66
72,28,5,Staff,Human Resources,369461833.0,321,Performance,63.03
72,28,5,Staff,Human Resources,369461833.0,321,Quality,64.49
72,28,5,Staff,Human Resources,369461833.0,321,Technical,68.55
72,28,5,Staff,Human Resources,369461833.0,321,Time Management,70.83500000000001
72,28,5,Staff,Human Resources,377293102.0,80,Development,61.93
72,28,5,Staff,Human Resources,377293102.0,80,Efficiency,69.19
72,28,5,Staff,Human Resources,377293102.0,80,Finance,64.04
72,28,5,Staff,Human Resources,377293102.0,80,HR,66.76666666666667
72,28,5,Staff,Human Resources,377293102.0,80,Innovation,66.75999999999999
72,28,5,Staff,Human Resources,377293102.0,80,Project,60.6
72,28,5,Staff,Human Resources,377293102.0,80,Quality,64.15
72,28,5,Staff,Human Resources,377293102.0,80,Time Management,67.38
72,28,5,Staff,Human Resources,493794225.0,102,Attendance,70.63
72,28,5,Staff,Human Resources,493794225.0,102,Development,63.39
72,28,5,Staff,Human Resources,493794225.0,102,HR,66.49
72,28,5,Staff,Human Resources,493794225.0,102,Teamwork,63.84
73,44,13,Senior Manager,Human Resources,134037811.0,31,Attendance,98.0
73,44,13,Senior Manager,Human Resources,134037811.0,31,Development,98.0
73,44,13,Senior Manager,Human Resources,134037811.0,31,Finance,98.0
73,44,13,Senior Manager,Human Resources,134037811.0,31,Innovation,98.0
73,44,13,Senior Manager,Human Resources,134037811.0,31,Performance,98.0
73,44,13,Senior Manager,Human Resources,134037811.0,31,Teamwork,98.0
73,44,13,Senior Manager,Human Resources,180000000.0,193,Attendance,98.0
73,44,13,Senior Manager,Human Resources,180000000.0,193,Efficiency,98.0
73,44,13,Senior Manager,Human Resources,180000000.0,193,Finance,98.0
73,44,13,Senior Manager,Human Resources,180000000.0,193,Innovation,96.03
73,44,13,Senior Manager,Human Resources,180000000.0,193,Project,96.905
73,44,13,Senior Manager,Human Resources,180000000.0,193,Teamwork,98.0
73,44,13,Senior Manager,Human Resources,180000000.0,193,Technical,98.0
73,44,13,Senior Manager,Human Resources,180000000.0,193,Time Management,98.0
73,44,13,Senior Manager,Human Resources,206368642.0,46,Development,97.57333333333334
73,44,13,Senior Manager,Human Resources,206368642.0,46,Finance,97.89500000000001
73,44,13,Senior Manager,Human Resources,206368642.0,46,HR,98.0
73,44,13,Senior Manager,Human Resources,206368642.0,46,Innovation,97.85
73,44,13,Senior Manager,Human Resources,206368642.0,46,Performance,98.0
73,44,13,Senior Manager,Human Resources,206368642.0,46,Project,98.0
73,44,13,Senior Manager,Human Resources,206368642.0,46,Technical,98.0
73,44,13,Senior Manager,Human Resources,206368642.0,46,Time Management,98.0
73,44,13,Senior Manager,Human Resources,365962025.0,249,Attendance,98.0
73,44,13,Senior Manager,Human Resources,365962025.0,249,Development,98.0
73,44,13,Senior Manager,Human Resources,365962025.0,249,Quality,98.0
73,44,13,Senior Manager,Human Resources,365962025.0,249,Time Management,98.0
73,44,13,Senior Manager,Human Resources,385820825.0,138,Efficiency,98.0
73,44,13,Senior Manager,Human Resources,385820825.0,138,Finance,98.0
73,44,13,Senior Manager,Human Resources,385820825.0,138,HR,98.0
73,44,13,Senior Manager,Human Resources,385820825.0,138,Technical,98.0
73,44,13,Senior Manager,Human Resources,404564658.0,71,Finance,98.0
73,44,13,Senior Manager,Human Resources,404564658.0,71,HR,98.0
73,44,13,Senior Manager,Human Resources,404564658.0,71,Innovation,97.245
73,44,13,Senior Manager,Human Resources,404564658.0,71,Performance,98.0
73,44,13,Senior Manager,Human Resources,404564658.0,71,Project,98.0
73,44,13,Senior Manager,Human Resources,404564658.0,71,Quality,98.0
73,44,13,Senior Manager,Human Resources,404564658.0,71,Teamwork,98.0
73,44,13,Senior Manager,Human Resources,404564658.0,71,Technical,98.0
73,44,13,Senior Manager,Human Resources,404564658.0,71,Time Management,98.0
73,44,13,Senior Manager,Human Resources,466447298.0,297,Development,98.0
73,44,13,Senior Manager,Human Resources,466447298.0,297,Efficiency,98.0
73,44,13,Senior Manager,Human Resources,466447298.0,297,HR,98.0
73,44,13,Senior Manager,Human Resources,466447298.0,297,Innovation,98.0
73,44,13,Senior Manager,Human Resources,466447298.0,297,Performance,98.0
73,44,13,Senior Manager,Human Resources,466447298.0,297,Project,98.0
73,44,13,Senior Manager,Human Resources,466447298.0,297,Quality,98.0
73,44,13,Senior Manager,Human Resources,466447298.0,297,Technical,98.0
73,44,13,Senior Manager,Human Resources,500000000.0,356,Development,95.625
73,44,13,Senior Manager,Human Resources,500000000.0,356,Finance,98.0
73,44,13,Senior Manager,Human Resources,500000000.0,356,HR,98.0
73,44,13,Senior Manager,Human Resources,500000000.0,356,Innovation,92.07
73,44,13,Senior Manager,Human Resources,500000000.0,356,Performance,98.0
73,44,13,Senior Manager,Human Resources,500000000.0,356,Project,98.0
73,44,13,Senior Manager,Human Resources,500000000.0,356,Teamwork,98.0
73,44,13,Senior Manager,Human Resources,500000000.0,356,Technical,98.0
74,29,4,Staff,Marketing,134037811.0,31,Attendance,71.32
74,29,4,Staff,Marketing,134037811.0,31,Development,69.46
74,29,4,Staff,Marketing,134037811.0,31,Efficiency,71.98
74,29,4,Staff,Marketing,134037811.0,31,Finance,76.49
74,29,4,Staff,Marketing,134037811.0,31,HR,72.45
74,29,4,Staff,Marketing,134037811.0,31,Quality,71.38666666666667
74,29,4,Staff,Marketing,134037811.0,31,Teamwork,75.71000000000001
74,29,4,Staff,Marketing,140000000.0,211,Development,53.43
74,29,4,Staff,Marketing,140000000.0,211,Finance,61.65
74,29,4,Staff,Marketing,140000000.0,211,Project,65.95
74,29,4,Staff,Marketing,150000000.0,274,Attendance,80.725
74,29,4,Staff,Marketing,150000000.0,274,Development,67.74
74,29,4,Staff,Marketing,150000000.0,274,Efficiency,65.06
74,29,4,Staff,Marketing,150000000.0,274,Finance,68.24
74,29,4,Staff,Marketing,150000000.0,274,HR,68.195
74,29,4,Staff,Marketing,150000000.0,274,Innovation,67.63
74,29,4,Staff,Marketing,150000000.0,274,Performance,66.77
74,29,4,Staff,Marketing,150000000.0,274,Project,77.88
74,29,4,Staff,Marketing,150000000.0,274,Quality,66.86666666666666
74,29,4,Staff,Marketing,178776637.0,118,Attendance,69.52
74,29,4,Staff,Marketing,178776637.0,118,HR,65.51
74,29,4,Staff,Marketing,178776637.0,118,Performance,71.45
74,29,4,Staff,Marketing,178776637.0,118,Quality,68.64
74,29,4,Staff,Marketing,190000000.0,241,Development,54.23
74,29,4,Staff,Marketing,190000000.0,241,Efficiency,64.57
74,29,4,Staff,Marketing,190000000.0,241,Finance,59.19
74,29,4,Staff,Marketing,190000000.0,241,HR,66.97000000000001
74,29,4,Staff,Marketing,190000000.0,241,Quality,61.9275
74,29,4,Staff,Marketing,190000000.0,241,Technical,68.02
74,29,4,Staff,Marketing,200000000.0,167,Efficiency,65.4
74,29,4,Staff,Marketing,200000000.0,167,HR,68.9
74,29,4,Staff,Marketing,200000000.0,167,Innovation,64.72
74,29,4,Staff,Marketing,200000000.0,167,Project,63.91
74,29,4,Staff,Marketing,200000000.0,167,Quality,59.825
74,29,4,Staff,Marketing,200000000.0,167,Teamwork,74.435
74,29,4,Staff,Marketing,200000000.0,167,Time Management,77.48
74,29,4,Staff,Marketing,365962025.0,249,Attendance,76.98
74,29,4,Staff,Marketing,365962025.0,249,Development,69.55
74,29,4,Staff,Marketing,365962025.0,249,Finance,66.16499999999999
74,29,4,Staff,Marketing,365962025.0,249,HR,72.89500000000001
74,29,4,Staff,Marketing,365962025.0,249,Innovation,67.12
74,29,4,Staff,Marketing,365962025.0,249,Performance,74.94
74,29,4,Staff,Marketing,365962025.0,249,Project,70.655
74,29,4,Staff,Marketing,365962025.0,249,Quality,65.54
74,29,4,Staff,Marketing,365962025.0,249,Teamwork,63.57000000000001
74,29,4,Staff,Marketing,365962025.0,249,Technical,66.03
74,29,4,Staff,Marketing,400000000.0,259,Development,71.59
74,29,4,Staff,Marketing,400000000.0,259,Innovation,69.87
74,29,4,Staff,Marketing,400000000.0,259,Performance,69.7
74,29,4,Staff,Marketing,400000000.0,259,Time Management,70.01
75,22,1,Staff,Quality Assurance,50000000.0,211,Attendance,48.54
75,22,1,Staff,Quality Assurance,50000000.0,211,Efficiency,49.55
75,22,1,Staff,Quality Assurance,50000000.0,211,Finance,58.26
75,22,1,Staff,Quality Assurance,50000000.0,211,Innovation,41.62
75,22,1,Staff,Quality Assurance,50000000.0,211,Quality,47.55
75,22,1,Staff,Quality Assurance,50000000.0,211,Technical,47.0
75,22,1,Staff,Quality Assurance,82017929.0,114,Attendance,55.33
75,22,1,Staff,Quality Assurance,82017929.0,114,Efficiency,55.230000000000004
75,22,1,Staff,Quality Assurance,82017929.0,114,Finance,41.63
75,22,1,Staff,Quality Assurance,82017929.0,114,HR,47.88
75,22,1,Staff,Quality Assurance,82017929.0,114,Innovation,41.9
75,22,1,Staff,Quality Assurance,82017929.0,114,Performance,52.754999999999995
75,22,1,Staff,Quality Assurance,82017929.0,114,Quality,45.7
75,22,1,Staff,Quality Assurance,82017929.0,114,Technical,51.65
75,22,1,Staff,Quality Assurance,150000000.0,274,Development,43.77
75,22,1,Staff,Quality Assurance,150000000.0,274,Efficiency,53.525
75,22,1,Staff,Quality Assurance,150000000.0,274,HR,45.5
75,22,1,Staff,Quality Assurance,150000000.0,274,Performance,50.760000000000005
75,22,1,Staff,Quality Assurance,150000000.0,274,Quality,49.9975
75,22,1,Staff,Quality Assurance,150000000.0,274,Teamwork,52.47
75,22,1,Staff,Quality Assurance,150000000.0,274,Technical,50.629999999999995
75,22,1,Staff,Quality Assurance,170000000.0,229,Development,48.94
75,22,1,Staff,Quality Assurance,170000000.0,229,Efficiency,51.35
75,22,1,Staff,Quality Assurance,170000000.0,229,Innovation,48.6
75,22,1,Staff,Quality Assurance,170000000.0,229,Quality,47.825
75,22,1,Staff,Quality Assurance,170000000.0,229,Technical,43.89
75,22,1,Staff,Quality Assurance,206368642.0,46,HR,54.05
75,22,1,Staff,Quality Assurance,206368642.0,46,Innovation,48.55
75,22,1,Staff,Quality Assurance,206368642.0,46,Project,47.39
75,22,1,Staff,Quality Assurance,206368642.0,46,Quality,52.82
75,22,1,Staff,Quality Assurance,206368642.0,46,Time Management,60.7
75,22,1,Staff,Quality Assurance,278244747.0,88,Attendance,56.36
75,22,1,Staff,Quality Assurance,278244747.0,88,Efficiency,58.47
75,22,1,Staff,Quality Assurance,278244747.0,88,HR,53.92
75,22,1,Staff,Quality Assurance,278244747.0,88,Innovation,56.17
75,22,1,Staff,Quality Assurance,278244747.0,88,Quality,47.455
75,22,1,Staff,Quality Assurance,278244747.0,88,Teamwork,54.46
75,22,1,Staff,Quality Assurance,278244747.0,88,Time Management,55.59
75,22,1,Staff,Quality Assurance,291868109.0,256,Development,48.63
75,22,1,Staff,Quality Assurance,291868109.0,256,Project,52.22
75,22,1,Staff,Quality Assurance,291868109.0,256,Quality,46.535
75,22,1,Staff,Quality Assurance,404564658.0,71,Development,42.89
75,22,1,Staff,Quality Assurance,404564658.0,71,Innovation,41.11
75,22,1,Staff,Quality Assurance,404564658.0,71,Performance,52.66
75,22,1,Staff,Quality Assurance,404564658.0,71,Teamwork,51.4
75,22,1,Staff,Quality Assurance,404564658.0,71,Technical,44.84
75,22,1,Staff,Quality Assurance,404564658.0,71,Time Management,62.22
76,32,7,Manager,Design,90000000.0,244,Development,88.18
76,32,7,Manager,Design,90000000.0,244,Finance,93.53
76,32,7,Manager,Design,90000000.0,244,Project,89.26
76,32,7,Manager,Design,90000000.0,244,Quality,93.07
76,32,7,Manager,Design,90000000.0,244,Time Management,91.22
76,32,7,Manager,Design,110000000.0,199,Efficiency,88.57
76,32,7,Manager,Design,110000000.0,199,Finance,91.84
76,32,7,Manager,Design,110000000.0,199,HR,96.6175
76,32,7,Manager,Design,110000000.0,199,Innovation,93.85
76,32,7,Manager,Design,110000000.0,199,Quality,93.09666666666668
76,32,7,Manager,Design,110000000.0,199,Time Management,90.20500000000001
76,32,7,Manager,Design,120000000.0,152,Attendance,98.0
76,32,7,Manager,Design,120000000.0,152,Efficiency,94.75
76,32,7,Manager,Design,120000000.0,152,HR,94.09
76,32,7,Manager,Design,120000000.0,152,Innovation,86.62
76,32,7,Manager,Design,120000000.0,152,Performance,95.28
76,32,7,Manager,Design,120000000.0,152,Project,92.82
76,32,7,Manager,Design,120000000.0,152,Teamwork,92.07499999999999
76,32,7,Manager,Design,190000000.0,241,Innovation,86.11
76,32,7,Manager,Design,190000000.0,241,Quality,90.15
76,32,7,Manager,Design,190000000.0,241,Time Management,90.89
76,32,7,Manager,Design,250000000.0,291,Attendance,94.88
76,32,7,Manager,Design,250000000.0,291,Development,92.61
76,32,7,Manager,Design,250000000.0,291,Finance,95.23
76,32,7,Manager,Design,250000000.0,291,Quality,89.18
76,32,7,Manager,Design,250000000.0,291,Teamwork,92.81
76,32,7,Manager,Design,250000000.0,291,Technical,84.85
76,32,7,Manager,Design,369461833.0,321,Development,86.38
76,32,7,Manager,Design,369461833.0,321,HR,94.19
76,32,7,Manager,Design,369461833.0,321,Technical,94.61
76,32,7,Manager,Design,375514309.0,335,Efficiency,98.0
76,32,7,Manager,Design,375514309.0,335,Finance,91.83
76,32,7,Manager,Design,375514309.0,335,HR,97.77
76,32,7,Manager,Design,375514309.0,335,Innovation,86.33
76,32,7,Manager,Design,375514309.0,335,Performance,93.84
76,32,7,Manager,Design,375514309.0,335,Project,90.78999999999999
76,32,7,Manager,Design,375514309.0,335,Teamwork,93.82
76,32,7,Manager,Design,375514309.0,335,Technical,88.87
76,32,7,Manager,Design,375514309.0,335,Time Management,98.0
76,32,7,Manager,Design,493794225.0,102,Attendance,92.38
76,32,7,Manager,Design,493794225.0,102,Finance,88.48
76,32,7,Manager,Design,493794225.0,102,Quality,98.0
77,31,6,Senior Staff,Finance,60000000.0,214,Attendance,74.67
77,31,6,Senior Staff,Finance,60000000.0,214,Development,64.11
77,31,6,Senior Staff,Finance,60000000.0,214,HR,70.8
77,31,6,Senior Staff,Finance,60000000.0,214,Project,67.71
77,31,6,Senior Staff,Finance,60000000.0,214,Quality,62.186
77,31,6,Senior Staff,Finance,60000000.0,214,Teamwork,68.62
77,31,6,Senior Staff,Finance,82017929.0,114,Development,64.29
77,31,6,Senior Staff,Finance,82017929.0,114,Efficiency,67.63
77,31,6,Senior Staff,Finance,82017929.0,114,HR,61.730000000000004
77,31,6,Senior Staff,Finance,82017929.0,114,Innovation,62.91
77,31,6,Senior Staff,Finance,82017929.0,114,Quality,66.41
77,31,6,Senior Staff,Finance,82017929.0,114,Technical,77.31
77,31,6,Senior Staff,Finance,82017929.0,114,Time Management,70.115
77,31,6,Senior Staff,Finance,90000000.0,244,Quality,63.65
77,31,6,Senior Staff,Finance,90000000.0,244,Teamwork,76.59
77,31,6,Senior Staff,Finance,95000000.0,211,Attendance,72.03
77,31,6,Senior Staff,Finance,95000000.0,211,Performance,67.5
77,31,6,Senior Staff,Finance,95000000.0,211,Project,65.15
77,31,6,Senior Staff,Finance,95000000.0,211,Teamwork,79.0
77,31,6,Senior Staff,Finance,95000000.0,211,Technical,77.46
77,31,6,Senior Staff,Finance,95000000.0,211,Time Management,70.14
77,31,6,Senior Staff,Finance,180000000.0,193,Attendance,76.425
77,31,6,Senior Staff,Finance,180000000.0,193,Efficiency,67.73
77,31,6,Senior Staff,Finance,180000000.0,193,Innovation,64.62
77,31,6,Senior Staff,Finance,180000000.0,193,Performance,70.485
77,31,6,Senior Staff,Finance,180000000.0,193,Project,67.13
77,31,6,Senior Staff,Finance,180000000.0,193,Quality,68.83
77,31,6,Senior Staff,Finance,180000000.0,193,Time Management,81.17
77,31,6,Senior Staff,Finance,220000000.0,225,Attendance,72.48
77,31,6,Senior Staff,Finance,220000000.0,225,Finance,63.09
77,31,6,Senior Staff,Finance,220000000.0,225,Innovation,60.96
77,31,6,Senior Staff,Finance,220000000.0,225,Performance,59.81
77,31,6,Senior Staff,Finance,291868109.0,256,Attendance,74.27
77,31,6,Senior Staff,Finance,291868109.0,256,HR,63.885
77,31,6,Senior Staff,Finance,291868109.0,256,Teamwork,69.03
77,31,6,Senior Staff,Finance,369461833.0,321,Finance,70.3
77,31,6,Senior Staff,Finance,369461833.0,321,HR,69.53
77,31,6,Senior Staff,Finance,369461833.0,321,Project,70.62
77,31,6,Senior Staff,Finance,369461833.0,321,Quality,69.19
77,31,6,Senior Staff,Finance,369461833.0,321,Teamwork,69.94
77,31,6,Senior Staff,Finance,369461833.0,321,Time Management,68.52
78,37,8,Manager,Quality Assurance,88214342.0,149,Attendance,98.0
78,37,8,Manager,Quality Assurance,88214342.0,149,Efficiency,98.0
78,37,8,Manager,Quality Assurance,88214342.0,149,HR,97.95
78,37,8,Manager,Quality Assurance,88214342.0,149,Performance,97.965
78,37,8,Manager,Quality Assurance,88214342.0,149,Project,94.33
78,37,8,Manager,Quality Assurance,88214342.0,149,Quality,92.3
78,37,8,Manager,Quality Assurance,88214342.0,149,Teamwork,98.0
78,37,8,Manager,Quality Assurance,88214342.0,149,Technical,95.89
78,37,8,Manager,Quality Assurance,90000000.0,244,Development,91.695
78,37,8,Manager,Quality Assurance,90000000.0,244,Efficiency,92.64
78,37,8,Manager,Quality Assurance,90000000.0,244,Innovation,89.97999999999999
78,37,8,Manager,Quality Assurance,90000000.0,244,Performance,98.0
78,37,8,Manager,Quality Assurance,90000000.0,244,Project,94.46000000000001
78,37,8,Manager,Quality Assurance,90000000.0,244,Quality,94.31
78,37,8,Manager,Quality Assurance,95000000.0,211,Attendance,98.0
78,37,8,Manager,Quality Assurance,95000000.0,211,Efficiency,95.14
78,37,8,Manager,Quality Assurance,95000000.0,211,Finance,96.36
78,37,8,Manager,Quality Assurance,95000000.0,211,HR,98.0
78,37,8,Manager,Quality Assurance,95000000.0,211,Performance,97.92
78,37,8,Manager,Quality Assurance,95000000.0,211,Quality,94.83
78,37,8,Manager,Quality Assurance,110000000.0,199,Attendance,98.0
78,37,8,Manager,Quality Assurance,110000000.0,199,HR,98.0
78,37,8,Manager,Quality Assurance,110000000.0,199,Quality,95.84
78,37,8,Manager,Quality Assurance,110000000.0,199,Time Management,93.61
78,37,8,Manager,Quality Assurance,278244747.0,88,Attendance,95.2
78,37,8,Manager,Quality Assurance,278244747.0,88,Innovation,91.54
78,37,8,Manager,Quality Assurance,278244747.0,88,Project,94.88
78,37,8,Manager,Quality Assurance,278244747.0,88,Quality,97.38499999999999
78,37,8,Manager,Quality Assurance,278244747.0,88,Teamwork,94.69
78,37,8,Manager,Quality Assurance,278244747.0,88,Time Management,98.0
78,37,8,Manager,Quality Assurance,355280620.0,347,Attendance,98.0
78,37,8,Manager,Quality Assurance,355280620.0,347,Development,97.37
78,37,8,Manager,Quality Assurance,355280620.0,347,Efficiency,93.97
78,37,8,Manager,Quality Assurance,355280620.0,347,Performance,95.05
78,37,8,Manager,Quality Assurance,355280620.0,347,Quality,95.8
78,37,8,Manager,Quality Assurance,355280620.0,347,Teamwork,98.0
78,37,8,Manager,Quality Assurance,355280620.0,347,Technical,91.67
78,37,8,Manager,Quality Assurance,355280620.0,347,Time Management,98.0
78,37,8,Manager,Quality Assurance,369461833.0,321,Attendance,97.045
78,37,8,Manager,Quality Assurance,369461833.0,321,Development,94.73
78,37,8,Manager,Quality Assurance,369461833.0,321,HR,92.32
78,37,8,Manager,Quality Assurance,369461833.0,321,Innovation,92.445
78,37,8,Manager,Quality Assurance,369461833.0,321,Performance,98.0
78,37,8,Manager,Quality Assurance,369461833.0,321,Project,96.35
78,37,8,Manager,Quality Assurance,369461833.0,321,Quality,92.63
78,37,8,Manager,Quality Assurance,369461833.0,321,Technical,94.54
78,37,8,Manager,Quality Assurance,369461833.0,321,Time Management,94.64
78,37,8,Manager,Quality Assurance,385820825.0,138,Development,93.53
78,37,8,Manager,Quality Assurance,385820825.0,138,Quality,94.79
79,24,3,Staff,Design,90000000.0,244,Attendance,73.96333333333332
79,24,3,Staff,Design,90000000.0,244,Development,61.63
79,24,3,Staff,Design,90000000.0,244,Efficiency,69.79
79,24,3,Staff,Design,90000000.0,244,Finance,68.24
79,24,3,Staff,Design,90000000.0,244,HR,58.565
79,24,3,Staff,Design,90000000.0,244,Innovation,57.48
79,24,3,Staff,Design,90000000.0,244,Quality,63.83
79,24,3,Staff,Design,90000000.0,244,Technical,65.8
79,24,3,Staff,Design,90000000.0,244,Time Management,60.49
79,24,3,Staff,Design,130000000.0,303,Efficiency,62.61
79,24,3,Staff,Design,130000000.0,303,HR,65.73
79,24,3,Staff,Design,130000000.0,303,Quality,65.78
79,24,3,Staff,Design,130000000.0,303,Teamwork,68.42
79,24,3,Staff,Design,140000000.0,211,Attendance,69.69
79,24,3,Staff,Design,140000000.0,211,HR,65.85
79,24,3,Staff,Design,140000000.0,211,Innovation,62.48
79,24,3,Staff,Design,140000000.0,211,Quality,65.5
79,24,3,Staff,Design,140000000.0,211,Teamwork,65.98
79,24,3,Staff,Design,140000000.0,211,Time Management,66.14
79,24,3,Staff,Design,150000000.0,274,Efficiency,65.44
79,24,3,Staff,Design,150000000.0,274,Performance,64.95
79,24,3,Staff,Design,150000000.0,274,Project,63.48
79,24,3,Staff,Design,150000000.0,274,Quality,57.89
79,24,3,Staff,Design,150000000.0,274,Teamwork,63.49
79,24,3,Staff,Design,170000000.0,229,Attendance,74.46
79,24,3,Staff,Design,170000000.0,229,Efficiency,65.88
79,24,3,Staff,Design,170000000.0,229,HR,66.9
79,24,3,Staff,Design,170000000.0,229,Innovation,67.1
79,24,3,Staff,Design,170000000.0,229,Quality,58.045
79,24,3,Staff,Design,178776637.0,118,HR,59.79
79,24,3,Staff,Design,178776637.0,118,Project,67.54
79,24,3,Staff,Design,206368642.0,46,Attendance,72.28
79,24,3,Staff,Design,206368642.0,46,Finance,57.3
79,24,3,Staff,Design,206368642.0,46,HR,54.25
79,24,3,Staff,Design,206368642.0,46,Quality,66.01
79,24,3,Staff,Design,206368642.0,46,Teamwork,68.08
79,24,3,Staff,Design,206368642.0,46,Technical,68.6
79,24,3,Staff,Design,375514309.0,335,Development,58.31
79,24,3,Staff,Design,375514309.0,335,Project,68.95
79,24,3,Staff,Design,375514309.0,335,Quality,62.06
80,26,5,Staff,Quality Assurance,80000000.0,138,Attendance,74.17
80,26,5,Staff,Quality Assurance,80000000.0,138,Development,67.18
80,26,5,Staff,Quality Assurance,80000000.0,138,Efficiency,59.08
80,26,5,Staff,Quality Assurance,80000000.0,138,HR,77.72
80,26,5,Staff,Quality Assurance,80000000.0,138,Innovation,68.095
80,26,5,Staff,Quality Assurance,80000000.0,138,Performance,59.47
80,26,5,Staff,Quality Assurance,80000000.0,138,Project,65.29
80,26,5,Staff,Quality Assurance,80000000.0,138,Technical,66.79
80,26,5,Staff,Quality Assurance,80000000.0,138,Time Management,80.82
80,26,5,Staff,Quality Assurance,190000000.0,241,Attendance,72.14333333333333
80,26,5,Staff,Quality Assurance,190000000.0,241,Development,61.58
80,26,5,Staff,Quality Assurance,190000000.0,241,Efficiency,67.875
80,26,5,Staff,Quality Assurance,190000000.0,241,HR,73.03333333333333
80,26,5,Staff,Quality Assurance,190000000.0,241,Performance,66.595
80,26,5,Staff,Quality Assurance,190000000.0,241,Project,63.89
80,26,5,Staff,Quality Assurance,190000000.0,241,Quality,63.74
80,26,5,Staff,Quality Assurance,190000000.0,241,Technical,77.83
80,26,5,Staff,Quality Assurance,220000000.0,225,Development,69.54
80,26,5,Staff,Quality Assurance,220000000.0,225,Efficiency,65.75
80,26,5,Staff,Quality Assurance,220000000.0,225,Innovation,66.09
80,26,5,Staff,Quality Assurance,220000000.0,225,Performance,70.69
80,26,5,Staff,Quality Assurance,220000000.0,225,Quality,66.87
80,26,5,Staff,Quality Assurance,291862333.0,334,Attendance,74.05
80,26,5,Staff,Quality Assurance,291862333.0,334,HR,71.49
80,26,5,Staff,Quality Assurance,291862333.0,334,Innovation,73.34
80,26,5,Staff,Quality Assurance,291862333.0,334,Performance,71.38
80,26,5,Staff,Quality Assurance,291862333.0,334,Quality,66.43
80,26,5,Staff,Quality Assurance,291862333.0,334,Teamwork,70.83
80,26,5,Staff,Quality Assurance,291862333.0,334,Time Management,59.81
80,26,5,Staff,Quality Assurance,369461833.0,321,Development,65.55
80,26,5,Staff,Quality Assurance,369461833.0,321,Efficiency,71.47
80,26,5,Staff,Quality Assurance,369461833.0,321,HR,73.37
80,26,5,Staff,Quality Assurance,369461833.0,321,Performance,68.63
80,26,5,Staff,Quality Assurance,369461833.0,321,Quality,71.08
80,26,5,Staff,Quality Assurance,369461833.0,321,Teamwork,74.04499999999999
80,26,5,Staff,Quality Assurance,369461833.0,321,Technical,69.89
80,26,5,Staff,Quality Assurance,466447298.0,297,Development,58.94
80,26,5,Staff,Quality Assurance,466447298.0,297,HR,73.95
80,26,5,Staff,Quality Assurance,466447298.0,297,Innovation,63.224999999999994
80,26,5,Staff,Quality Assurance,466447298.0,297,Performance,69.27
80,26,5,Staff,Quality Assurance,466447298.0,297,Quality,59.35
80,26,5,Staff,Quality Assurance,466447298.0,297,Time Management,67.88
80,26,5,Staff,Quality Assurance,493794225.0,102,Development,63.38
80,26,5,Staff,Quality Assurance,493794225.0,102,Efficiency,68.06
80,26,5,Staff,Quality Assurance,493794225.0,102,Finance,68.32
80,26,5,Staff,Quality Assurance,493794225.0,102,HR,73.88
80,26,5,Staff,Quality Assurance,493794225.0,102,Performance,67.83
80,26,5,Staff,Quality Assurance,493794225.0,102,Project,71.48
80,26,5,Staff,Quality Assurance,493794225.0,102,Teamwork,69.23
80,26,5,Staff,Quality Assurance,493794225.0,102,Technical,70.39
80,26,5,Staff,Quality Assurance,500000000.0,356,HR,66.465
80,26,5,Staff,Quality Assurance,500000000.0,356,Innovation,61.49
80,26,5,Staff,Quality Assurance,500000000.0,356,Project,64.26
80,26,5,Staff,Quality Assurance,500000000.0,356,Quality,68.1
80,26,5,Staff,Quality Assurance,500000000.0,356,Time Management,65.51
81,36,9,Manager,Design,50000000.0,211,Attendance,98.0
81,36,9,Manager,Design,50000000.0,211,Finance,95.61
81,36,9,Manager,Design,50000000.0,211,Performance,92.4
81,36,9,Manager,Design,50000000.0,211,Quality,92.95
81,36,9,Manager,Design,50000000.0,211,Teamwork,95.98
81,36,9,Manager,Design,60000000.0,214,Efficiency,96.11
81,36,9,Manager,Design,60000000.0,214,HR,97.41
81,36,9,Manager,Design,60000000.0,214,Project,98.0
81,36,9,Manager,Design,60000000.0,214,Quality,94.08000000000001
81,36,9,Manager,Design,60000000.0,214,Teamwork,95.54
81,36,9,Manager,Design,82017929.0,114,Efficiency,94.895
81,36,9,Manager,Design,82017929.0,114,Finance,96.62
81,36,9,Manager,Design,82017929.0,114,HR,93.93
81,36,9,Manager,Design,82017929.0,114,Innovation,89.49000000000001
81,36,9,Manager,Design,82017929.0,114,Performance,94.02
81,36,9,Manager,Design,82017929.0,114,Project,93.63
81,36,9,Manager,Design,82017929.0,114,Quality,94.525
81,36,9,Manager,Design,82017929.0,114,Teamwork,96.51
81,36,9,Manager,Design,130000000.0,303,Finance,89.5
81,36,9,Manager,Design,130000000.0,303,HR,93.36
81,36,9,Manager,Design,130000000.0,303,Innovation,89.93
81,36,9,Manager,Design,130000000.0,303,Quality,89.69749999999999
81,36,9,Manager,Design,130000000.0,303,Teamwork,91.32
81,36,9,Manager,Design,130000000.0,303,Technical,95.03
81,36,9,Manager,Design,130000000.0,303,Time Management,96.72
81,36,9,Manager,Design,140000000.0,211,Attendance,97.45
81,36,9,Manager,Design,140000000.0,211,Finance,97.77
81,36,9,Manager,Design,140000000.0,211,Innovation,91.78
81,36,9,Manager,Design,140000000.0,211,Performance,90.67
81,36,9,Manager,Design,140000000.0,211,Project,98.0
81,36,9,Manager,Design,200000000.0,167,Technical,92.44
81,36,9,Manager,Design,369461833.0,321,Finance,89.23
81,36,9,Manager,Design,369461833.0,321,Performance,95.35
81,36,9,Manager,Design,369461833.0,321,Project,92.35
81,36,9,Manager,Design,369461833.0,321,Quality,90.80333333333334
81,36,9,Manager,Design,369461833.0,321,Teamwork,92.1
81,36,9,Manager,Design,369461833.0,321,Technical,96.08500000000001
81,36,9,Manager,Design,472961951.0,350,Performance,95.28
81,36,9,Manager,Design,472961951.0,350,Quality,92.555
81,36,9,Manager,Design,472961951.0,350,Teamwork,98.0
81,36,9,Manager,Design,472961951.0,350,Technical,94.79
82,33,8,Manager,Operations,80000000.0,138,Efficiency,91.16
82,33,8,Manager,Operations,80000000.0,138,Finance,88.24
82,33,8,Manager,Operations,80000000.0,138,Performance,96.11
82,33,8,Manager,Operations,80000000.0,138,Project,88.07
82,33,8,Manager,Operations,130000000.0,303,Attendance,94.78
82,33,8,Manager,Operations,130000000.0,303,Efficiency,97.9
82,33,8,Manager,Operations,130000000.0,303,Innovation,88.89500000000001
82,33,8,Manager,Operations,130000000.0,303,Performance,96.07
82,33,8,Manager,Operations,130000000.0,303,Project,90.48
82,33,8,Manager,Operations,130000000.0,303,Quality,92.05333333333334
82,33,8,Manager,Operations,130000000.0,303,Technical,98.0
82,33,8,Manager,Operations,134037811.0,31,Attendance,98.0
82,33,8,Manager,Operations,134037811.0,31,Finance,84.7
82,33,8,Manager,Operations,134037811.0,31,HR,95.77000000000001
82,33,8,Manager,Operations,134037811.0,31,Quality,95.2
82,33,8,Manager,Operations,150000000.0,274,Development,92.48
82,33,8,Manager,Operations,150000000.0,274,HR,89.91499999999999
82,33,8,Manager,Operations,150000000.0,274,Performance,94.17
82,33,8,Manager,Operations,150000000.0,274,Quality,90.92
82,33,8,Manager,Operations,178776637.0,118,Finance,87.55
82,33,8,Manager,Operations,178776637.0,118,HR,95.04
82,33,8,Manager,Operations,178776637.0,118,Performance,93.74
82,33,8,Manager,Operations,178776637.0,118,Project,88.9
82,33,8,Manager,Operations,178776637.0,118,Quality,89.66000000000001
82,33,8,Manager,Operations,178776637.0,118,Teamwork,98.0
82,33,8,Manager,Operations,178776637.0,118,Technical,93.33
82,33,8,Manager,Operations,291862333.0,334,Development,91.39
82,33,8,Manager,Operations,291862333.0,334,Project,90.63
82,33,8,Manager,Operations,291862333.0,334,Quality,94.27
82,33,8,Manager,Operations,385820825.0,138,Finance,96.0
82,33,8,Manager,Operations,385820825.0,138,HR,98.0
82,33,8,Manager,Operations,385820825.0,138,Innovation,88.89
82,33,8,Manager,Operations,385820825.0,138,Quality,92.43
82,33,8,Manager,Operations,400000000.0,259,Development,85.59
82,33,8,Manager,Operations,400000000.0,259,Innovation,84.2
82,33,8,Manager,Operations,400000000.0,259,Quality,87.93
83,29,6,Senior Staff,Procurement,75000000.0,203,Attendance,62.71
83,29,6,Senior Staff,Procurement,75000000.0,203,Efficiency,63.14
83,29,6,Senior Staff,Procurement,75000000.0,203,HR,61.8
83,29,6,Senior Staff,Procurement,75000000.0,203,Innovation,61.24
83,29,6,Senior Staff,Procurement,75000000.0,203,Project,64.2
83,29,6,Senior Staff,Procurement,75000000.0,203,Quality,65.28
83,29,6,Senior Staff,Procurement,75000000.0,203,Technical,67.76
83,29,6,Senior Staff,Procurement,88214342.0,149,Quality,69.08
83,29,6,Senior Staff,Procurement,170000000.0,229,Attendance,68.37
83,29,6,Senior Staff,Procurement,170000000.0,229,Efficiency,69.32333333333334
83,29,6,Senior Staff,Procurement,170000000.0,229,HR,61.93
83,29,6,Senior Staff,Procurement,170000000.0,229,Innovation,62.41
83,29,6,Senior Staff,Procurement,170000000.0,229,Performance,62.0
83,29,6,Senior Staff,Procurement,170000000.0,229,Quality,58.83
83,29,6,Senior Staff,Procurement,170000000.0,229,Teamwork,71.43
83,29,6,Senior Staff,Procurement,170000000.0,229,Time Management,60.05
83,29,6,Senior Staff,Procurement,178776637.0,118,Attendance,73.35
83,29,6,Senior Staff,Procurement,178776637.0,118,Development,60.23
83,29,6,Senior Staff,Procurement,178776637.0,118,HR,64.64
83,29,6,Senior Staff,Procurement,178776637.0,118,Performance,70.5
83,29,6,Senior Staff,Procurement,178776637.0,118,Quality,61.15
83,29,6,Senior Staff,Procurement,178776637.0,118,Teamwork,66.19
83,29,6,Senior Staff,Procurement,200000000.0,167,HR,61.41
83,29,6,Senior Staff,Procurement,200000000.0,167,Performance,58.17
83,29,6,Senior Staff,Procurement,200000000.0,167,Quality,63.45
83,29,6,Senior Staff,Procurement,200000000.0,167,Technical,62.32
83,29,6,Senior Staff,Procurement,204675132.0,174,Project,67.64
83,29,6,Senior Staff,Procurement,204675132.0,174,Quality,64.17666666666668
83,29,6,Senior Staff,Procurement,204675132.0,174,Teamwork,65.89
83,29,6,Senior Staff,Procurement,250000000.0,291,Efficiency,65.27
83,29,6,Senior Staff,Procurement,250000000.0,291,Innovation,58.46
83,29,6,Senior Staff,Procurement,250000000.0,291,Project,69.75
83,29,6,Senior Staff,Procurement,250000000.0,291,Quality,64.26333333333334
83,29,6,Senior Staff,Procurement,250000000.0,291,Teamwork,67.625
83,29,6,Senior Staff,Procurement,250000000.0,291,Time Management,58.01
83,29,6,Senior Staff,Procurement,397696244.0,106,Quality,60.42
83,29,6,Senior Staff,Procurement,397696244.0,106,Teamwork,74.41
84,23,5,Staff,Operations,75000000.0,203,HR,71.86
84,23,5,Staff,Operations,75000000.0,203,Innovation,59.31
84,23,5,Staff,Operations,75000000.0,203,Quality,63.295
84,23,5,Staff,Operations,75000000.0,203,Teamwork,74.74
84,23,5,Staff,Operations,110000000.0,199,Innovation,62.78
84,23,5,Staff,Operations,110000000.0,199,Performance,61.47
84,23,5,Staff,Operations,110000000.0,199,Quality,61.89
84,23,5,Staff,Operations,110000000.0,199,Teamwork,62.58
84,23,5,Staff,Operations,140000000.0,211,Attendance,66.2
84,23,5,Staff,Operations,140000000.0,211,Development,67.56
84,23,5,Staff,Operations,140000000.0,211,Efficiency,70.85499999999999
84,23,5,Staff,Operations,140000000.0,211,Finance,65.42
84,23,5,Staff,Operations,140000000.0,211,HR,67.78666666666668
84,23,5,Staff,Operations,140000000.0,211,Innovation,67.31
84,23,5,Staff,Operations,140000000.0,211,Performance,63.8
84,23,5,Staff,Operations,140000000.0,211,Project,72.94
84,23,5,Staff,Operations,140000000.0,211,Quality,66.58
84,23,5,Staff,Operations,140000000.0,211,Teamwork,65.4
84,23,5,Staff,Operations,140000000.0,211,Technical,64.25
84,23,5,Staff,Operations,140000000.0,211,Time Management,72.71
84,23,5,Staff,Operations,150000000.0,274,Development,63.61
84,23,5,Staff,Operations,150000000.0,274,Performance,63.52
84,23,5,Staff,Operations,150000000.0,274,Quality,54.14
84,23,5,Staff,Operations,178776637.0,118,Attendance,70.54
84,23,5,Staff,Operations,178776637.0,118,Innovation,74.44
84,23,5,Staff,Operations,178776637.0,118,Quality,61.26
84,23,5,Staff,Operations,178776637.0,118,Technical,65.34
84,23,5,Staff,Operations,180000000.0,193,Attendance,76.68
84,23,5,Staff,Operations,180000000.0,193,Development,59.76
84,23,5,Staff,Operations,180000000.0,193,Efficiency,64.75
84,23,5,Staff,Operations,180000000.0,193,Finance,69.18
84,23,5,Staff,Operations,180000000.0,193,HR,65.915
84,23,5,Staff,Operations,180000000.0,193,Innovation,66.17
84,23,5,Staff,Operations,180000000.0,193,Quality,65.71000000000001
84,23,5,Staff,Operations,180000000.0,193,Teamwork,70.91
84,23,5,Staff,Operations,180000000.0,193,Time Management,62.45
84,23,5,Staff,Operations,355280620.0,347,Attendance,73.44
84,23,5,Staff,Operations,355280620.0,347,Efficiency,70.89
84,23,5,Staff,Operations,355280620.0,347,Finance,64.78
84,23,5,Staff,Operations,355280620.0,347,HR,69.19
84,23,5,Staff,Operations,355280620.0,347,Quality,57.06
84,23,5,Staff,Operations,355280620.0,347,Teamwork,68.18
84,23,5,Staff,Operations,355280620.0,347,Technical,68.99
84,23,5,Staff,Operations,355280620.0,347,Time Management,72.08
84,23,5,Staff,Operations,385820825.0,138,Innovation,61.55
84,23,5,Staff,Operations,385820825.0,138,Quality,62.19
84,23,5,Staff,Operations,385820825.0,138,Teamwork,70.62
85,30,4,Staff,Finance,50000000.0,211,Innovation,61.83
85,30,4,Staff,Finance,50000000.0,211,Performance,78.75
85,30,4,Staff,Finance,50000000.0,211,Quality,73.25
85,30,4,Staff,Finance,50000000.0,211,Teamwork,73.79
85,30,4,Staff,Finance,50000000.0,211,Technical,72.23
85,30,4,Staff,Finance,50000000.0,211,Time Management,69.74
85,30,4,Staff,Finance,88214342.0,149,Efficiency,69.61
85,30,4,Staff,Finance,88214342.0,149,Finance,62.68
85,30,4,Staff,Finance,88214342.0,149,HR,62.82
85,30,4,Staff,Finance,88214342.0,149,Quality,61.08
85,30,4,Staff,Finance,88214342.0,149,Teamwork,74.0
85,30,4,Staff,Finance,88214342.0,149,Technical,76.57
85,30,4,Staff,Finance,88214342.0,149,Time Management,61.7
85,30,4,Staff,Finance,95000000.0,211,Development,61.31
85,30,4,Staff,Finance,95000000.0,211,Finance,63.47
85,30,4,Staff,Finance,95000000.0,211,HR,71.22333333333334
85,30,4,Staff,Finance,95000000.0,211,Performance,60.34
85,30,4,Staff,Finance,95000000.0,211,Quality,66.13
85,30,4,Staff,Finance,95000000.0,211,Teamwork,65.5
85,30,4,Staff,Finance,95000000.0,211,Technical,71.68
85,30,4,Staff,Finance,95000000.0,211,Time Management,66.49
85,30,4,Staff,Finance,130000000.0,303,Attendance,67.24000000000001
85,30,4,Staff,Finance,130000000.0,303,Efficiency,64.61
85,30,4,Staff,Finance,130000000.0,303,HR,69.02
85,30,4,Staff,Finance,130000000.0,303,Innovation,67.07
85,30,4,Staff,Finance,130000000.0,303,Quality,64.95333333333333
85,30,4,Staff,Finance,130000000.0,303,Technical,65.75
85,30,4,Staff,Finance,130000000.0,303,Time Management,53.98
85,30,4,Staff,Finance,140000000.0,211,Attendance,72.41
85,30,4,Staff,Finance,140000000.0,211,HR,71.84
85,30,4,Staff,Finance,140000000.0,211,Innovation,70.96
85,30,4,Staff,Finance,140000000.0,211,Performance,73.47
85,30,4,Staff,Finance,140000000.0,211,Quality,71.1925
85,30,4,Staff,Finance,140000000.0,211,Teamwork,67.43
85,30,4,Staff,Finance,140000000.0,211,Time Management,67.465
85,30,4,Staff,Finance,204675132.0,174,Development,64.68
85,30,4,Staff,Finance,204675132.0,174,Efficiency,73.13
85,30,4,Staff,Finance,204675132.0,174,Quality,67.83
85,30,4,Staff,Finance,204675132.0,174,Time Management,65.39
85,30,4,Staff,Finance,291862333.0,334,Attendance,75.57
85,30,4,Staff,Finance,291862333.0,334,Efficiency,62.56
85,30,4,Staff,Finance,291862333.0,334,Finance,68.15
85,30,4,Staff,Finance,291862333.0,334,HR,68.43
85,30,4,Staff,Finance,291862333.0,334,Innovation,72.59
85,30,4,Staff,Finance,291862333.0,334,Performance,67.655
85,30,4,Staff,Finance,291862333.0,334,Quality,69.45
85,30,4,Staff,Finance,291862333.0,334,Technical,69.61
85,30,4,Staff,Finance,291862333.0,334,Time Management,66.7
85,30,4,Staff,Finance,466447298.0,297,Development,63.04
85,30,4,Staff,Finance,466447298.0,297,Efficiency,60.81
85,30,4,Staff,Finance,466447298.0,297,Finance,64.73
85,30,4,Staff,Finance,466447298.0,297,HR,66.25999999999999
85,30,4,Staff,Finance,466447298.0,297,Innovation,60.34
85,30,4,Staff,Finance,466447298.0,297,Performance,69.95
85,30,4,Staff,Finance,466447298.0,297,Project,66.71000000000001
85,30,4,Staff,Finance,466447298.0,297,Quality,62.365
85,30,4,Staff,Finance,466447298.0,297,Technical,58.75
85,30,4,Staff,Finance,466447298.0,297,Time Management,69.98
86,28,1,Staff,Human Resources,110000000.0,199,Attendance,53.35
86,28,1,Staff,Human Resources,110000000.0,199,Development,48.02
86,28,1,Staff,Human Resources,110000000.0,199,Innovation,46.74
86,28,1,Staff,Human Resources,110000000.0,199,Performance,43.05
86,28,1,Staff,Human Resources,134037811.0,31,Attendance,65.98
86,28,1,Staff,Human Resources,134037811.0,31,Finance,56.63
86,28,1,Staff,Human Resources,134037811.0,31,Innovation,40.28
86,28,1,Staff,Human Resources,134037811.0,31,Quality,41.64
86,28,1,Staff,Human Resources,134037811.0,31,Technical,42.68
86,28,1,Staff,Human Resources,178776637.0,118,Development,40.61
86,28,1,Staff,Human Resources,178776637.0,118,Efficiency,41.15
86,28,1,Staff,Human Resources,178776637.0,118,Finance,54.2
86,28,1,Staff,Human Resources,178776637.0,118,HR,44.78
86,28,1,Staff,Human Resources,178776637.0,118,Quality,35.81
86,28,1,Staff,Human Resources,178776637.0,118,Teamwork,60.26
86,28,1,Staff,Human Resources,178776637.0,118,Technical,41.8
86,28,1,Staff,Human Resources,206368642.0,46,Development,43.86
86,28,1,Staff,Human Resources,206368642.0,46,Efficiency,54.745000000000005
86,28,1,Staff,Human Resources,206368642.0,46,Finance,53.11
86,28,1,Staff,Human Resources,206368642.0,46,HR,40.42
86,28,1,Staff,Human Resources,206368642.0,46,Performance,52.69
86,28,1,Staff,Human Resources,206368642.0,46,Project,44.05
86,28,1,Staff,Human Resources,206368642.0,46,Quality,52.94
86,28,1,Staff,Human Resources,300000000.0,242,Finance,51.82
86,28,1,Staff,Human Resources,300000000.0,242,HR,56.35
86,28,1,Staff,Human Resources,300000000.0,242,Project,59.26
86,28,1,Staff,Human Resources,355280620.0,347,Attendance,48.42
86,28,1,Staff,Human Resources,355280620.0,347,Development,47.3
86,28,1,Staff,Human Resources,355280620.0,347,Finance,50.37
86,28,1,Staff,Human Resources,355280620.0,347,HR,53.339999999999996
86,28,1,Staff,Human Resources,355280620.0,347,Innovation,38.93
86,28,1,Staff,Human Resources,355280620.0,347,Performance,40.51
86,28,1,Staff,Human Resources,355280620.0,347,Quality,47.36
86,28,1,Staff,Human Resources,355280620.0,347,Teamwork,41.03
86,28,1,Staff,Human Resources,397696244.0,106,Attendance,47.46
86,28,1,Staff,Human Resources,397696244.0,106,Efficiency,45.815
86,28,1,Staff,Human Resources,397696244.0,106,Innovation,37.625
86,28,1,Staff,Human Resources,397696244.0,106,Teamwork,48.92
86,28,1,Staff,Human Resources,397696244.0,106,Time Management,52.57
86,28,1,Staff,Human Resources,466447298.0,297,Attendance,52.51
86,28,1,Staff,Human Resources,466447298.0,297,HR,48.23
86,28,1,Staff,Human Resources,466447298.0,297,Quality,52.63
86,28,1,Staff,Human Resources,466447298.0,297,Time Management,54.39
87,30,6,Senior Staff,Operations,80000000.0,138,Finance,69.33500000000001
87,30,6,Senior Staff,Operations,80000000.0,138,HR,66.41499999999999
87,30,6,Senior Staff,Operations,80000000.0,138,Innovation,66.03
87,30,6,Senior Staff,Operations,80000000.0,138,Performance,68.46
87,30,6,Senior Staff,Operations,80000000.0,138,Project,63.32
87,30,6,Senior Staff,Operations,80000000.0,138,Quality,67.91
87,30,6,Senior Staff,Operations,80000000.0,138,Teamwork,70.54
87,30,6,Senior Staff,Operations,88214342.0,149,Attendance,74.42
87,30,6,Senior Staff,Operations,88214342.0,149,Efficiency,69.83000000000001
87,30,6,Senior Staff,Operations,88214342.0,149,Finance,69.7
87,30,6,Senior Staff,Operations,88214342.0,149,HR,70.61
87,30,6,Senior Staff,Operations,88214342.0,149,Innovation,67.01
87,30,6,Senior Staff,Operations,88214342.0,149,Quality,69.20333333333333
87,30,6,Senior Staff,Operations,88214342.0,149,Teamwork,65.18
87,30,6,Senior Staff,Operations,88214342.0,149,Time Management,66.215
87,30,6,Senior Staff,Operations,110000000.0,199,Attendance,76.39
87,30,6,Senior Staff,Operations,110000000.0,199,Development,61.4
87,30,6,Senior Staff,Operations,110000000.0,199,Efficiency,69.05
87,30,6,Senior Staff,Operations,110000000.0,199,Finance,73.92
87,30,6,Senior Staff,Operations,110000000.0,199,Quality,70.36
87,30,6,Senior Staff,Operations,110000000.0,199,Teamwork,74.57
87,30,6,Senior Staff,Operations,110000000.0,199,Technical,68.31
87,30,6,Senior Staff,Operations,110000000.0,199,Time Management,69.11
87,30,6,Senior Staff,Operations,134037811.0,31,Development,64.41
87,30,6,Senior Staff,Operations,134037811.0,31,HR,73.11
87,30,6,Senior Staff,Operations,134037811.0,31,Performance,68.9
87,30,6,Senior Staff,Operations,134037811.0,31,Project,73.14
87,30,6,Senior Staff,Operations,134037811.0,31,Quality,57.49
87,30,6,Senior Staff,Operations,134037811.0,31,Teamwork,69.935
87,30,6,Senior Staff,Operations,134037811.0,31,Technical,67.77
87,30,6,Senior Staff,Operations,150000000.0,274,Development,61.875
87,30,6,Senior Staff,Operations,150000000.0,274,HR,66.345
87,30,6,Senior Staff,Operations,150000000.0,274,Innovation,46.42
87,30,6,Senior Staff,Operations,150000000.0,274,Project,70.39
87,30,6,Senior Staff,Operations,150000000.0,274,Quality,59.15
87,30,6,Senior Staff,Operations,150000000.0,274,Teamwork,74.55
87,30,6,Senior Staff,Operations,204675132.0,174,Attendance,71.43
87,30,6,Senior Staff,Operations,204675132.0,174,Development,64.53
87,30,6,Senior Staff,Operations,204675132.0,174,Finance,67.62
87,30,6,Senior Staff,Operations,204675132.0,174,HR,72.12
87,30,6,Senior Staff,Operations,204675132.0,174,Innovation,61.0
87,30,6,Senior Staff,Operations,204675132.0,174,Performance,68.925
87,30,6,Senior Staff,Operations,204675132.0,174,Quality,61.385000000000005
87,30,6,Senior Staff,Operations,204675132.0,174,Teamwork,74.35
87,30,6,Senior Staff,Operations,204675132.0,174,Technical,72.53
87,30,6,Senior Staff,Operations,291868109.0,256,Development,65.51
87,30,6,Senior Staff,Operations,291868109.0,256,Finance,69.24
87,30,6,Senior Staff,Operations,291868109.0,256,Project,63.3
87,30,6,Senior Staff,Operations,291868109.0,256,Quality,67.57499999999999
87,30,6,Senior Staff,Operations,291868109.0,256,Teamwork,73.4
87,30,6,Senior Staff,Operations,291868109.0,256,Technical,67.24
87,30,6,Senior Staff,Operations,377293102.0,80,Attendance,76.06
87,30,6,Senior Staff,Operations,377293102.0,80,Development,64.65
87,30,6,Senior Staff,Operations,377293102.0,80,Efficiency,65.47
87,30,6,Senior Staff,Operations,377293102.0,80,HR,72.97
87,30,6,Senior Staff,Operations,377293102.0,80,Project,73.5
87,30,6,Senior Staff,Operations,377293102.0,80,Quality,72.53
87,30,6,Senior Staff,Operations,377293102.0,80,Teamwork,62.97
87,30,6,Senior Staff,Operations,377293102.0,80,Technical,71.62
88,31,3,Staff,IT,80000000.0,138,Attendance,76.58
88,31,3,Staff,IT,80000000.0,138,HR,71.48
88,31,3,Staff,IT,80000000.0,138,Performance,70.26
88,31,3,Staff,IT,80000000.0,138,Quality,65.41499999999999
88,31,3,Staff,IT,80000000.0,138,Technical,63.02
88,31,3,Staff,IT,88214342.0,149,Attendance,74.24
88,31,3,Staff,IT,88214342.0,149,HR,75.345
88,31,3,Staff,IT,88214342.0,149,Quality,66.53
88,31,3,Staff,IT,88214342.0,149,Time Management,78.69
88,31,3,Staff,IT,178776637.0,118,Finance,73.78
88,31,3,Staff,IT,178776637.0,118,Teamwork,69.73
88,31,3,Staff,IT,190000000.0,241,Finance,65.43
88,31,3,Staff,IT,190000000.0,241,HR,75.46
88,31,3,Staff,IT,190000000.0,241,Performance,70.82
88,31,3,Staff,IT,190000000.0,241,Project,65.05
88,31,3,Staff,IT,190000000.0,241,Quality,70.02666666666666
88,31,3,Staff,IT,190000000.0,241,Teamwork,69.84
88,31,3,Staff,IT,190000000.0,241,Technical,71.11
88,31,3,Staff,IT,220000000.0,225,Attendance,73.14
88,31,3,Staff,IT,220000000.0,225,Development,64.4
88,31,3,Staff,IT,220000000.0,225,Efficiency,66.18
88,31,3,Staff,IT,220000000.0,225,HR,72.84
88,31,3,Staff,IT,220000000.0,225,Performance,68.51
88,31,3,Staff,IT,220000000.0,225,Quality,68.25999999999999
88,31,3,Staff,IT,220000000.0,225,Teamwork,58.01
88,31,3,Staff,IT,220000000.0,225,Time Management,67.59
88,31,3,Staff,IT,365962025.0,249,Efficiency,59.87
88,31,3,Staff,IT,365962025.0,249,HR,77.5
88,31,3,Staff,IT,365962025.0,249,Performance,68.54
88,31,3,Staff,IT,365962025.0,249,Project,75.9
88,31,3,Staff,IT,365962025.0,249,Quality,67.5375
88,31,3,Staff,IT,365962025.0,249,Technical,71.52
88,31,3,Staff,IT,365962025.0,249,Time Management,65.54
88,31,3,Staff,IT,377293102.0,80,Development,59.29
88,31,3,Staff,IT,377293102.0,80,Finance,64.31
88,31,3,Staff,IT,377293102.0,80,Performance,71.95
88,31,3,Staff,IT,472961951.0,350,HR,73.6
88,31,3,Staff,IT,472961951.0,350,Innovation,67.09
88,31,3,Staff,IT,472961951.0,350,Quality,74.63
88,31,3,Staff,IT,472961951.0,350,Time Management,78.6
89,27,2,Staff,Legal,50000000.0,211,Attendance,58.91
89,27,2,Staff,Legal,50000000.0,211,Development,57.34
89,27,2,Staff,Legal,50000000.0,211,Finance,57.306666666666665
89,27,2,Staff,Legal,50000000.0,211,HR,65.49000000000001
89,27,2,Staff,Legal,50000000.0,211,Performance,56.97
89,27,2,Staff,Legal,50000000.0,211,Quality,59.595
89,27,2,Staff,Legal,50000000.0,211,Teamwork,61.519999999999996
89,27,2,Staff,Legal,50000000.0,211,Technical,59.98
89,27,2,Staff,Legal,82017929.0,114,Technical,65.46
89,27,2,Staff,Legal,90000000.0,244,Development,61.14
89,27,2,Staff,Legal,90000000.0,244,HR,64.875
89,27,2,Staff,Legal,90000000.0,244,Project,60.63
89,27,2,Staff,Legal,90000000.0,244,Quality,62.38
89,27,2,Staff,Legal,90000000.0,244,Teamwork,69.435
89,27,2,Staff,Legal,250000000.0,291,Development,55.99
89,27,2,Staff,Legal,250000000.0,291,Innovation,57.87
89,27,2,Staff,Legal,250000000.0,291,Performance,67.17
89,27,2,Staff,Legal,250000000.0,291,Project,63.23666666666667
89,27,2,Staff,Legal,250000000.0,291,Quality,61.72333333333333
89,27,2,Staff,Legal,250000000.0,291,Teamwork,63.59
89,27,2,Staff,Legal,250000000.0,291,Time Management,60.55
89,27,2,Staff,Legal,300000000.0,242,Attendance,64.24
89,27,2,Staff,Legal,300000000.0,242,Efficiency,61.13
89,27,2,Staff,Legal,300000000.0,242,HR,61.81
89,27,2,Staff,Legal,300000000.0,242,Innovation,54.55
89,27,2,Staff,Legal,300000000.0,242,Project,58.48
89,27,2,Staff,Legal,300000000.0,242,Quality,60.20666666666667
89,27,2,Staff,Legal,300000000.0,242,Technical,58.28
89,27,2,Staff,Legal,400000000.0,259,Attendance,73.82
89,27,2,Staff,Legal,400000000.0,259,Development,61.09
89,27,2,Staff,Legal,400000000.0,259,Efficiency,58.56
89,27,2,Staff,Legal,400000000.0,259,HR,62.16
89,27,2,Staff,Legal,400000000.0,259,Performance,53.7
89,27,2,Staff,Legal,400000000.0,259,Project,59.125
89,27,2,Staff,Legal,400000000.0,259,Quality,59.245000000000005
89,27,2,Staff,Legal,400000000.0,259,Teamwork,62.01
89,27,2,Staff,Legal,400000000.0,259,Technical,64.53999999999999
89,27,2,Staff,Legal,404564658.0,71,Attendance,63.809999999999995
89,27,2,Staff,Legal,404564658.0,71,Development,57.18
89,27,2,Staff,Legal,404564658.0,71,Efficiency,62.87
89,27,2,Staff,Legal,404564658.0,71,Finance,66.73
89,27,2,Staff,Legal,404564658.0,71,HR,62.56
89,27,2,Staff,Legal,404564658.0,71,Innovation,57.1
89,27,2,Staff,Legal,404564658.0,71,Quality,61.2775
89,27,2,Staff,Legal,404564658.0,71,Teamwork,62.94
89,27,2,Staff,Legal,466447298.0,297,Development,60.14
89,27,2,Staff,Legal,466447298.0,297,Finance,59.8
89,27,2,Staff,Legal,466447298.0,297,HR,63.68
89,27,2,Staff,Legal,466447298.0,297,Innovation,53.39
89,27,2,Staff,Legal,466447298.0,297,Performance,62.12
89,27,2,Staff,Legal,466447298.0,297,Teamwork,66.31
90,28,5,Staff,Finance,60000000.0,214,Quality,65.61500000000001
90,28,5,Staff,Finance,180000000.0,193,Efficiency,71.3
90,28,5,Staff,Finance,180000000.0,193,Finance,71.6
90,28,5,Staff,Finance,180000000.0,193,Teamwork,68.46
90,28,5,Staff,Finance,291862333.0,334,Development,74.11
90,28,5,Staff,Finance,291862333.0,334,HR,70.41
90,28,5,Staff,Finance,291862333.0,334,Quality,64.78
90,28,5,Staff,Finance,291862333.0,334,Teamwork,76.46
90,28,5,Staff,Finance,300000000.0,242,Attendance,71.19
90,28,5,Staff,Finance,300000000.0,242,HR,66.15
90,28,5,Staff,Finance,300000000.0,242,Quality,58.855000000000004
90,28,5,Staff,Finance,300000000.0,242,Time Management,62.56
90,28,5,Staff,Finance,355280620.0,347,Attendance,72.8
90,28,5,Staff,Finance,355280620.0,347,Finance,58.81
90,28,5,Staff,Finance,355280620.0,347,HR,65.13666666666667
90,28,5,Staff,Finance,355280620.0,347,Innovation,62.55666666666667
90,28,5,Staff,Finance,355280620.0,347,Performance,63.72
90,28,5,Staff,Finance,355280620.0,347,Quality,68.9
90,28,5,Staff,Finance,355280620.0,347,Teamwork,66.94
90,28,5,Staff,Finance,365962025.0,249,Attendance,65.74
90,28,5,Staff,Finance,365962025.0,249,Efficiency,63.8
90,28,5,Staff,Finance,365962025.0,249,Finance,60.57
90,28,5,Staff,Finance,365962025.0,249,HR,68.45333333333333
90,28,5,Staff,Finance,365962025.0,249,Project,70.61
90,28,5,Staff,Finance,365962025.0,249,Quality,60.47
90,28,5,Staff,Finance,365962025.0,249,Technical,57.34
90,28,5,Staff,Finance,365962025.0,249,Time Management,64.75
90,28,5,Staff,Finance,375514309.0,335,HR,64.89
90,28,5,Staff,Finance,375514309.0,335,Performance,74.18
90,28,5,Staff,Finance,375514309.0,335,Time Management,66.62
90,28,5,Staff,Finance,493794225.0,102,Attendance,72.015
90,28,5,Staff,Finance,493794225.0,102,Efficiency,64.05
90,28,5,Staff,Finance,493794225.0,102,Finance,61.7
90,28,5,Staff,Finance,493794225.0,102,HR,57.69
90,28,5,Staff,Finance,493794225.0,102,Innovation,60.77
90,28,5,Staff,Finance,493794225.0,102,Project,65.41
90,28,5,Staff,Finance,493794225.0,102,Quality,62.03
90,28,5,Staff,Finance,493794225.0,102,Time Management,60.49
91,37,9,Manager,Research & Development,50000000.0,211,Attendance,98.0
91,37,9,Manager,Research & Development,50000000.0,211,Efficiency,98.0
91,37,9,Manager,Research & Development,50000000.0,211,Finance,98.0
91,37,9,Manager,Research & Development,50000000.0,211,HR,98.0
91,37,9,Manager,Research & Development,50000000.0,211,Innovation,96.965
91,37,9,Manager,Research & Development,50000000.0,211,Performance,98.0
91,37,9,Manager,Research & Development,50000000.0,211,Project,98.0
91,37,9,Manager,Research & Development,50000000.0,211,Quality,98.0
91,37,9,Manager,Research & Development,50000000.0,211,Teamwork,98.0
91,37,9,Manager,Research & Development,50000000.0,211,Time Management,98.0
91,37,9,Manager,Research & Development,80000000.0,138,Attendance,98.0
91,37,9,Manager,Research & Development,80000000.0,138,Finance,90.21
91,37,9,Manager,Research & Development,80000000.0,138,Performance,98.0
91,37,9,Manager,Research & Development,80000000.0,138,Time Management,98.0
91,37,9,Manager,Research & Development,130000000.0,303,Attendance,98.0
91,37,9,Manager,Research & Development,130000000.0,303,Innovation,98.0
91,37,9,Manager,Research & Development,130000000.0,303,Project,98.0
91,37,9,Manager,Research & Development,130000000.0,303,Quality,97.22
91,37,9,Manager,Research & Development,130000000.0,303,Teamwork,98.0
91,37,9,Manager,Research & Development,150000000.0,274,Attendance,98.0
91,37,9,Manager,Research & Development,150000000.0,274,HR,98.0
91,37,9,Manager,Research & Development,150000000.0,274,Quality,98.0
91,37,9,Manager,Research & Development,178776637.0,118,Attendance,98.0
91,37,9,Manager,Research & Development,178776637.0,118,Development,98.0
91,37,9,Manager,Research & Development,178776637.0,118,HR,98.0
91,37,9,Manager,Research & Development,178776637.0,118,Project,98.0
91,37,9,Manager,Research & Development,178776637.0,118,Teamwork,98.0
91,37,9,Manager,Research & Development,206368642.0,46,Efficiency,98.0
91,37,9,Manager,Research & Development,206368642.0,46,Finance,98.0
91,37,9,Manager,Research & Development,206368642.0,46,HR,98.0
91,37,9,Manager,Research & Development,206368642.0,46,Innovation,98.0
91,37,9,Manager,Research & Development,206368642.0,46,Project,98.0
91,37,9,Manager,Research & Development,206368642.0,46,Time Management,98.0
91,37,9,Manager,Research & Development,472961951.0,350,Efficiency,98.0
91,37,9,Manager,Research & Development,472961951.0,350,Finance,98.0
91,37,9,Manager,Research & Development,472961951.0,350,Quality,98.0
91,37,9,Manager,Research & Development,472961951.0,350,Time Management,98.0
91,37,9,Manager,Research & Development,500000000.0,356,Attendance,97.79
91,37,9,Manager,Research & Development,500000000.0,356,Development,97.58
91,37,9,Manager,Research & Development,500000000.0,356,HR,95.19
91,37,9,Manager,Research & Development,500000000.0,356,Project,93.6
91,37,9,Manager,Research & Development,500000000.0,356,Teamwork,98.0
92,28,6,Senior Staff,Research & Development,60000000.0,214,Development,72.07
92,28,6,Senior Staff,Research & Development,60000000.0,214,Efficiency,74.075
92,28,6,Senior Staff,Research & Development,60000000.0,214,HR,79.07
92,28,6,Senior Staff,Research & Development,60000000.0,214,Quality,65.68
92,28,6,Senior Staff,Research & Development,60000000.0,214,Technical,69.14
92,28,6,Senior Staff,Research & Development,60000000.0,214,Time Management,67.23
92,28,6,Senior Staff,Research & Development,88214342.0,149,Innovation,71.29
92,28,6,Senior Staff,Research & Development,110000000.0,199,Quality,69.39
92,28,6,Senior Staff,Research & Development,190000000.0,241,Finance,74.21
92,28,6,Senior Staff,Research & Development,190000000.0,241,HR,76.2
92,28,6,Senior Staff,Research & Development,190000000.0,241,Quality,68.8
92,28,6,Senior Staff,Research & Development,190000000.0,241,Technical,68.87
92,28,6,Senior Staff,Research & Development,190000000.0,241,Time Management,72.57
92,28,6,Senior Staff,Research & Development,220000000.0,225,Development,71.87
92,28,6,Senior Staff,Research & Development,220000000.0,225,Efficiency,78.96
92,28,6,Senior Staff,Research & Development,220000000.0,225,Finance,68.64
92,28,6,Senior Staff,Research & Development,220000000.0,225,HR,79.095
92,28,6,Senior Staff,Research & Development,220000000.0,225,Innovation,63.43
92,28,6,Senior Staff,Research & Development,220000000.0,225,Quality,67.53
92,28,6,Senior Staff,Research & Development,220000000.0,225,Time Management,73.71
92,28,6,Senior Staff,Research & Development,291868109.0,256,Finance,77.92
92,28,6,Senior Staff,Research & Development,291868109.0,256,Innovation,67.74
92,28,6,Senior Staff,Research & Development,291868109.0,256,Quality,73.89
92,28,6,Senior Staff,Research & Development,291868109.0,256,Technical,81.22
92,28,6,Senior Staff,Research & Development,300000000.0,242,Attendance,74.34
92,28,6,Senior Staff,Research & Development,300000000.0,242,HR,72.42
92,28,6,Senior Staff,Research & Development,300000000.0,242,Innovation,66.89
92,28,6,Senior Staff,Research & Development,300000000.0,242,Performance,76.71
92,28,6,Senior Staff,Research & Development,300000000.0,242,Teamwork,69.66999999999999
92,28,6,Senior Staff,Research & Development,300000000.0,242,Technical,73.27
92,28,6,Senior Staff,Research & Development,500000000.0,356,Attendance,66.46
92,28,6,Senior Staff,Research & Development,500000000.0,356,HR,67.52
92,28,6,Senior Staff,Research & Development,500000000.0,356,Project,62.72
93,40,9,Senior Manager,Marketing,88214342.0,149,Attendance,98.0
93,40,9,Senior Manager,Marketing,88214342.0,149,Development,98.0
93,40,9,Senior Manager,Marketing,88214342.0,149,Efficiency,98.0
93,40,9,Senior Manager,Marketing,88214342.0,149,Finance,98.0
93,40,9,Senior Manager,Marketing,88214342.0,149,Innovation,98.0
93,40,9,Senior Manager,Marketing,88214342.0,149,Performance,98.0
93,40,9,Senior Manager,Marketing,88214342.0,149,Project,98.0
93,40,9,Senior Manager,Marketing,88214342.0,149,Quality,98.0
93,40,9,Senior Manager,Marketing,88214342.0,149,Teamwork,98.0
93,40,9,Senior Manager,Marketing,88214342.0,149,Technical,98.0
93,40,9,Senior Manager,Marketing,88214342.0,149,Time Management,98.0
93,40,9,Senior Manager,Marketing,110000000.0,199,Efficiency,98.0
93,40,9,Senior Manager,Marketing,110000000.0,199,Finance,98.0
93,40,9,Senior Manager,Marketing,110000000.0,199,HR,98.0
93,40,9,Senior Manager,Marketing,110000000.0,199,Quality,98.0
93,40,9,Senior Manager,Marketing,110000000.0,199,Teamwork,98.0
93,40,9,Senior Manager,Marketing,110000000.0,199,Technical,98.0
93,40,9,Senior Manager,Marketing,110000000.0,199,Time Management,98.0
93,40,9,Senior Manager,Marketing,120000000.0,152,Attendance,98.0
93,40,9,Senior Manager,Marketing,120000000.0,152,Development,97.71
93,40,9,Senior Manager,Marketing,120000000.0,152,HR,98.0
93,40,9,Senior Manager,Marketing,120000000.0,152,Performance,98.0
93,40,9,Senior Manager,Marketing,120000000.0,152,Project,98.0
93,40,9,Senior Manager,Marketing,120000000.0,152,Quality,98.0
93,40,9,Senior Manager,Marketing,120000000.0,152,Teamwork,98.0
93,40,9,Senior Manager,Marketing,120000000.0,152,Time Management,98.0
93,40,9,Senior Manager,Marketing,170000000.0,229,Attendance,98.0
93,40,9,Senior Manager,Marketing,170000000.0,229,Development,98.0
93,40,9,Senior Manager,Marketing,170000000.0,229,Efficiency,98.0
93,40,9,Senior Manager,Marketing,170000000.0,229,HR,98.0
93,40,9,Senior Manager,Marketing,170000000.0,229,Quality,98.0
93,40,9,Senior Manager,Marketing,170000000.0,229,Time Management,98.0
93,40,9,Senior Manager,Marketing,178776637.0,118,Attendance,98.0
93,40,9,Senior Manager,Marketing,178776637.0,118,Development,98.0
93,40,9,Senior Manager,Marketing,178776637.0,118,HR,98.0
93,40,9,Senior Manager,Marketing,178776637.0,118,Innovation,98.0
93,40,9,Senior Manager,Marketing,178776637.0,118,Quality,98.0
93,40,9,Senior Manager,Marketing,200000000.0,167,Performance,98.0
93,40,9,Senior Manager,Marketing,200000000.0,167,Quality,98.0
93,40,9,Senior Manager,Marketing,200000000.0,167,Teamwork,98.0
93,40,9,Senior Manager,Marketing,200000000.0,167,Technical,98.0
93,40,9,Senior Manager,Marketing,204675132.0,174,Development,98.0
93,40,9,Senior Manager,Marketing,204675132.0,174,HR,98.0
93,40,9,Senior Manager,Marketing,204675132.0,174,Teamwork,98.0
93,40,9,Senior Manager,Marketing,204675132.0,174,Technical,98.0
93,40,9,Senior Manager,Marketing,204675132.0,174,Time Management,98.0
93,40,9,Senior Manager,Marketing,466447298.0,297,Development,98.0
93,40,9,Senior Manager,Marketing,466447298.0,297,Innovation,98.0
93,40,9,Senior Manager,Marketing,466447298.0,297,Project,98.0
93,40,9,Senior Manager,Marketing,466447298.0,297,Quality,98.0
93,40,9,Senior Manager,Marketing,466447298.0,297,Teamwork,98.0
93,40,9,Senior Manager,Marketing,466447298.0,297,Technical,98.0
93,40,9,Senior Manager,Marketing,466447298.0,297,Time Management,98.0
94,29,6,Senior Staff,Operations,50000000.0,211,Teamwork,71.47
94,29,6,Senior Staff,Operations,50000000.0,211,Technical,71.29
94,29,6,Senior Staff,Operations,50000000.0,211,Time Management,72.18
94,29,6,Senior Staff,Operations,90000000.0,244,Efficiency,61.91
94,29,6,Senior Staff,Operations,90000000.0,244,Finance,61.75
94,29,6,Senior Staff,Operations,90000000.0,244,HR,66.33333333333333
94,29,6,Senior Staff,Operations,90000000.0,244,Project,69.69
94,29,6,Senior Staff,Operations,90000000.0,244,Quality,68.48
94,29,6,Senior Staff,Operations,90000000.0,244,Teamwork,69.19
94,29,6,Senior Staff,Operations,140000000.0,211,Efficiency,72.11
94,29,6,Senior Staff,Operations,140000000.0,211,Finance,63.83
94,29,6,Senior Staff,Operations,140000000.0,211,HR,67.43
94,29,6,Senior Staff,Operations,140000000.0,211,Performance,74.48
94,29,6,Senior Staff,Operations,140000000.0,211,Quality,68.43
94,29,6,Senior Staff,Operations,140000000.0,211,Technical,67.17
94,29,6,Senior Staff,Operations,140000000.0,211,Time Management,69.59
94,29,6,Senior Staff,Operations,178776637.0,118,Development,66.28
94,29,6,Senior Staff,Operations,178776637.0,118,Efficiency,65.54
94,29,6,Senior Staff,Operations,178776637.0,118,Finance,70.96
94,29,6,Senior Staff,Operations,178776637.0,118,HR,72.9
94,29,6,Senior Staff,Operations,178776637.0,118,Project,64.0
94,29,6,Senior Staff,Operations,178776637.0,118,Quality,64.6175
94,29,6,Senior Staff,Operations,178776637.0,118,Technical,67.93
94,29,6,Senior Staff,Operations,204675132.0,174,Finance,75.35
94,29,6,Senior Staff,Operations,204675132.0,174,Teamwork,76.77
94,29,6,Senior Staff,Operations,204675132.0,174,Time Management,73.44
94,29,6,Senior Staff,Operations,250000000.0,291,Attendance,68.18
94,29,6,Senior Staff,Operations,250000000.0,291,Finance,69.03
94,29,6,Senior Staff,Operations,250000000.0,291,Quality,68.17
94,29,6,Senior Staff,Operations,355280620.0,347,Development,67.765
94,29,6,Senior Staff,Operations,355280620.0,347,Finance,69.6
94,29,6,Senior Staff,Operations,355280620.0,347,HR,81.65
94,29,6,Senior Staff,Operations,355280620.0,347,Innovation,64.43
94,29,6,Senior Staff,Operations,355280620.0,347,Performance,65.74
94,29,6,Senior Staff,Operations,355280620.0,347,Project,65.43
94,29,6,Senior Staff,Operations,355280620.0,347,Quality,70.232
94,29,6,Senior Staff,Operations,355280620.0,347,Teamwork,74.64
94,29,6,Senior Staff,Operations,355280620.0,347,Technical,67.34
94,29,6,Senior Staff,Operations,400000000.0,259,Development,70.68
94,29,6,Senior Staff,Operations,400000000.0,259,Efficiency,66.96
94,29,6,Senior Staff,Operations,400000000.0,259,Finance,60.01
94,29,6,Senior Staff,Operations,400000000.0,259,HR,72.44666666666666
94,29,6,Senior Staff,Operations,400000000.0,259,Innovation,64.94
94,29,6,Senior Staff,Operations,400000000.0,259,Teamwork,72.61
95,27,5,Staff,Research & Development,60000000.0,214,Attendance,73.88
95,27,5,Staff,Research & Development,60000000.0,214,Efficiency,66.78
95,27,5,Staff,Research & Development,60000000.0,214,Finance,76.31
95,27,5,Staff,Research & Development,60000000.0,214,Project,68.01
95,27,5,Staff,Research & Development,60000000.0,214,Quality,64.89666666666666
95,27,5,Staff,Research & Development,60000000.0,214,Technical,75.0
95,27,5,Staff,Research & Development,60000000.0,214,Time Management,68.55
95,27,5,Staff,Research & Development,88214342.0,149,Attendance,80.84
95,27,5,Staff,Research & Development,88214342.0,149,Efficiency,70.18
95,27,5,Staff,Research & Development,88214342.0,149,Finance,71.57
95,27,5,Staff,Research & Development,88214342.0,149,Innovation,58.85
95,27,5,Staff,Research & Development,88214342.0,149,Performance,76.96
95,27,5,Staff,Research & Development,88214342.0,149,Quality,71.27
95,27,5,Staff,Research & Development,88214342.0,149,Teamwork,76.015
95,27,5,Staff,Research & Development,130000000.0,303,Attendance,65.61
95,27,5,Staff,Research & Development,130000000.0,303,Development,63.43
95,27,5,Staff,Research & Development,130000000.0,303,Finance,65.96
95,27,5,Staff,Research & Development,130000000.0,303,HR,71.11
95,27,5,Staff,Research & Development,130000000.0,303,Innovation,67.35
95,27,5,Staff,Research & Development,130000000.0,303,Project,70.16
95,27,5,Staff,Research & Development,130000000.0,303,Quality,71.56
95,27,5,Staff,Research & Development,130000000.0,303,Technical,68.2
95,27,5,Staff,Research & Development,206368642.0,46,Attendance,78.1
95,27,5,Staff,Research & Development,206368642.0,46,Efficiency,80.27
95,27,5,Staff,Research & Development,206368642.0,46,Finance,81.14
95,27,5,Staff,Research & Development,206368642.0,46,HR,87.715
95,27,5,Staff,Research & Development,206368642.0,46,Performance,76.63
95,27,5,Staff,Research & Development,206368642.0,46,Project,72.57
95,27,5,Staff,Research & Development,206368642.0,46,Quality,72.57000000000001
95,27,5,Staff,Research & Development,206368642.0,46,Technical,75.145
95,27,5,Staff,Research & Development,220000000.0,225,Development,67.99
95,27,5,Staff,Research & Development,220000000.0,225,Efficiency,58.65
95,27,5,Staff,Research & Development,220000000.0,225,HR,70.79
95,27,5,Staff,Research & Development,220000000.0,225,Performance,73.32
95,27,5,Staff,Research & Development,220000000.0,225,Project,67.79
95,27,5,Staff,Research & Development,220000000.0,225,Quality,79.14
95,27,5,Staff,Research & Development,220000000.0,225,Technical,71.35
95,27,5,Staff,Research & Development,220000000.0,225,Time Management,71.07
95,27,5,Staff,Research & Development,291868109.0,256,Efficiency,75.46
95,27,5,Staff,Research & Development,291868109.0,256,HR,72.23
95,27,5,Staff,Research & Development,291868109.0,256,Quality,74.82
95,27,5,Staff,Research & Development,291868109.0,256,Teamwork,81.56
95,27,5,Staff,Research & Development,291868109.0,256,Time Management,70.33
95,27,5,Staff,Research & Development,300000000.0,242,Development,58.25
95,27,5,Staff,Research & Development,300000000.0,242,Innovation,67.51
95,27,5,Staff,Research & Development,300000000.0,242,Performance,75.32
95,27,5,Staff,Research & Development,300000000.0,242,Project,65.785
95,27,5,Staff,Research & Development,300000000.0,242,Quality,66.17
95,27,5,Staff,Research & Development,300000000.0,242,Time Management,79.48
95,27,5,Staff,Research & Development,377293102.0,80,Performance,78.78
95,27,5,Staff,Research & Development,377293102.0,80,Quality,74.36
95,27,5,Staff,Research & Development,377293102.0,80,Teamwork,76.24
95,27,5,Staff,Research & Development,377293102.0,80,Technical,69.58
96,28,6,Senior Staff,Human Resources,60000000.0,214,Attendance,73.13
96,28,6,Senior Staff,Human Resources,60000000.0,214,Efficiency,64.07
96,28,6,Senior Staff,Human Resources,60000000.0,214,Finance,68.05
96,28,6,Senior Staff,Human Resources,60000000.0,214,Performance,68.66
96,28,6,Senior Staff,Human Resources,60000000.0,214,Quality,67.96333333333334
96,28,6,Senior Staff,Human Resources,60000000.0,214,Time Management,65.34333333333333
96,28,6,Senior Staff,Human Resources,110000000.0,199,Attendance,65.46
96,28,6,Senior Staff,Human Resources,110000000.0,199,Development,66.46
96,28,6,Senior Staff,Human Resources,110000000.0,199,Finance,63.14
96,28,6,Senior Staff,Human Resources,110000000.0,199,Innovation,65.12
96,28,6,Senior Staff,Human Resources,110000000.0,199,Project,67.89
96,28,6,Senior Staff,Human Resources,110000000.0,199,Quality,62.78
96,28,6,Senior Staff,Human Resources,110000000.0,199,Technical,63.12
96,28,6,Senior Staff,Human Resources,110000000.0,199,Time Management,73.81
96,28,6,Senior Staff,Human Resources,120000000.0,152,Development,66.66
96,28,6,Senior Staff,Human Resources,120000000.0,152,Efficiency,69.28
96,28,6,Senior Staff,Human Resources,120000000.0,152,Finance,70.62
96,28,6,Senior Staff,Human Resources,120000000.0,152,HR,59.76
96,28,6,Senior Staff,Human Resources,120000000.0,152,Innovation,67.515
96,28,6,Senior Staff,Human Resources,120000000.0,152,Project,68.75
96,28,6,Senior Staff,Human Resources,120000000.0,152,Quality,63.405
96,28,6,Senior Staff,Human Resources,120000000.0,152,Teamwork,81.66
96,28,6,Senior Staff,Human Resources,140000000.0,211,Finance,67.41
96,28,6,Senior Staff,Human Resources,140000000.0,211,HR,68.15
96,28,6,Senior Staff,Human Resources,140000000.0,211,Innovation,68.18
96,28,6,Senior Staff,Human Resources,140000000.0,211,Project,64.46
96,28,6,Senior Staff,Human Resources,140000000.0,211,Quality,61.875
96,28,6,Senior Staff,Human Resources,140000000.0,211,Teamwork,73.4
96,28,6,Senior Staff,Human Resources,178776637.0,118,Development,68.09
96,28,6,Senior Staff,Human Resources,178776637.0,118,Innovation,63.43
96,28,6,Senior Staff,Human Resources,178776637.0,118,Performance,68.145
96,28,6,Senior Staff,Human Resources,178776637.0,118,Project,65.26
96,28,6,Senior Staff,Human Resources,178776637.0,118,Quality,67.67250000000001
96,28,6,Senior Staff,Human Resources,178776637.0,118,Teamwork,67.65
96,28,6,Senior Staff,Human Resources,178776637.0,118,Technical,73.695
96,28,6,Senior Staff,Human Resources,206368642.0,46,Attendance,71.83
96,28,6,Senior Staff,Human Resources,206368642.0,46,Efficiency,79.83
96,28,6,Senior Staff,Human Resources,206368642.0,46,Finance,65.36
96,28,6,Senior Staff,Human Resources,206368642.0,46,HR,59.91
96,28,6,Senior Staff,Human Resources,206368642.0,46,Innovation,67.56
96,28,6,Senior Staff,Human Resources,206368642.0,46,Performance,59.14
96,28,6,Senior Staff,Human Resources,206368642.0,46,Quality,62.89333333333334
96,28,6,Senior Staff,Human Resources,206368642.0,46,Teamwork,67.46
96,28,6,Senior Staff,Human Resources,206368642.0,46,Time Management,59.91
96,28,6,Senior Staff,Human Resources,291862333.0,334,Development,63.81
96,28,6,Senior Staff,Human Resources,291862333.0,334,Innovation,66.76
96,28,6,Senior Staff,Human Resources,291862333.0,334,Project,64.43
96,28,6,Senior Staff,Human Resources,291862333.0,334,Quality,56.94
96,28,6,Senior Staff,Human Resources,291862333.0,334,Technical,67.6
96,28,6,Senior Staff,Human Resources,291862333.0,334,Time Management,71.99
96,28,6,Senior Staff,Human Resources,300000000.0,242,Development,65.24
96,28,6,Senior Staff,Human Resources,300000000.0,242,Finance,70.04499999999999
96,28,6,Senior Staff,Human Resources,300000000.0,242,HR,67.68
96,28,6,Senior Staff,Human Resources,300000000.0,242,Performance,69.42
96,28,6,Senior Staff,Human Resources,300000000.0,242,Quality,71.18
96,28,6,Senior Staff,Human Resources,300000000.0,242,Time Management,71.4
97,37,10,Manager,Legal,75000000.0,203,Attendance,92.82
97,37,10,Manager,Legal,75000000.0,203,Development,86.48
97,37,10,Manager,Legal,75000000.0,203,Efficiency,96.67
97,37,10,Manager,Legal,75000000.0,203,Performance,97.86
97,37,10,Manager,Legal,75000000.0,203,Project,95.23
97,37,10,Manager,Legal,75000000.0,203,Quality,95.78
97,37,10,Manager,Legal,110000000.0,199,Attendance,93.18
97,37,10,Manager,Legal,110000000.0,199,Efficiency,92.69
97,37,10,Manager,Legal,110000000.0,199,HR,93.38
97,37,10,Manager,Legal,110000000.0,199,Innovation,86.42
97,37,10,Manager,Legal,110000000.0,199,Performance,94.8
97,37,10,Manager,Legal,110000000.0,199,Quality,92.19
97,37,10,Manager,Legal,110000000.0,199,Teamwork,91.89
97,37,10,Manager,Legal,110000000.0,199,Technical,92.39
97,37,10,Manager,Legal,170000000.0,229,Attendance,95.06
97,37,10,Manager,Legal,170000000.0,229,Development,78.78
97,37,10,Manager,Legal,170000000.0,229,Finance,90.56
97,37,10,Manager,Legal,170000000.0,229,HR,89.715
97,37,10,Manager,Legal,170000000.0,229,Innovation,88.72
97,37,10,Manager,Legal,170000000.0,229,Performance,87.44
97,37,10,Manager,Legal,170000000.0,229,Quality,93.14333333333333
97,37,10,Manager,Legal,170000000.0,229,Teamwork,89.015
97,37,10,Manager,Legal,200000000.0,167,Project,92.47
97,37,10,Manager,Legal,200000000.0,167,Quality,93.09
97,37,10,Manager,Legal,200000000.0,167,Teamwork,90.87
97,37,10,Manager,Legal,355280620.0,347,Efficiency,89.92
97,37,10,Manager,Legal,355280620.0,347,Innovation,86.59
97,37,10,Manager,Legal,355280620.0,347,Performance,89.04
97,37,10,Manager,Legal,355280620.0,347,Project,89.67
97,37,10,Manager,Legal,355280620.0,347,Quality,90.3
97,37,10,Manager,Legal,365962025.0,249,Development,89.79
97,37,10,Manager,Legal,365962025.0,249,Efficiency,86.14500000000001
97,37,10,Manager,Legal,365962025.0,249,Finance,89.64
97,37,10,Manager,Legal,365962025.0,249,HR,89.265
97,37,10,Manager,Legal,365962025.0,249,Innovation,92.25
97,37,10,Manager,Legal,365962025.0,249,Performance,90.18
97,37,10,Manager,Legal,365962025.0,249,Project,88.88
97,37,10,Manager,Legal,365962025.0,249,Quality,90.78999999999999
97,37,10,Manager,Legal,365962025.0,249,Teamwork,91.03
97,37,10,Manager,Legal,365962025.0,249,Technical,95.63
97,37,10,Manager,Legal,500000000.0,356,Efficiency,96.57
97,37,10,Manager,Legal,500000000.0,356,HR,81.9
97,37,10,Manager,Legal,500000000.0,356,Quality,91.52
97,37,10,Manager,Legal,500000000.0,356,Teamwork,94.51
97,37,10,Manager,Legal,500000000.0,356,Time Management,87.38
98,28,1,Staff,IT,50000000.0,211,Efficiency,62.17
98,28,1,Staff,IT,50000000.0,211,Innovation,54.11
98,28,1,Staff,IT,50000000.0,211,Project,50.62
98,28,1,Staff,IT,80000000.0,138,Performance,57.14
98,28,1,Staff,IT,80000000.0,138,Quality,37.55
98,28,1,Staff,IT,80000000.0,138,Technical,48.37
98,28,1,Staff,IT,80000000.0,138,Time Management,55.95
98,28,1,Staff,IT,90000000.0,244,Attendance,50.88
98,28,1,Staff,IT,90000000.0,244,Development,57.6
98,28,1,Staff,IT,90000000.0,244,Finance,45.87
98,28,1,Staff,IT,90000000.0,244,HR,49.19
98,28,1,Staff,IT,90000000.0,244,Performance,55.81
98,28,1,Staff,IT,90000000.0,244,Project,55.575
98,28,1,Staff,IT,90000000.0,244,Quality,53.300000000000004
98,28,1,Staff,IT,90000000.0,244,Teamwork,52.06
98,28,1,Staff,IT,90000000.0,244,Time Management,52.565
98,28,1,Staff,IT,110000000.0,199,Attendance,60.34
98,28,1,Staff,IT,110000000.0,199,Development,48.62
98,28,1,Staff,IT,110000000.0,199,Project,59.64
98,28,1,Staff,IT,110000000.0,199,Technical,37.74
98,28,1,Staff,IT,204675132.0,174,Attendance,57.715
98,28,1,Staff,IT,204675132.0,174,Development,48.97
98,28,1,Staff,IT,204675132.0,174,Efficiency,48.41
98,28,1,Staff,IT,204675132.0,174,Finance,49.07
98,28,1,Staff,IT,204675132.0,174,HR,56.555
98,28,1,Staff,IT,204675132.0,174,Quality,53.269999999999996
98,28,1,Staff,IT,204675132.0,174,Teamwork,59.12
98,28,1,Staff,IT,204675132.0,174,Technical,57.07
98,28,1,Staff,IT,206368642.0,46,Attendance,59.12
98,28,1,Staff,IT,206368642.0,46,Development,55.99
98,28,1,Staff,IT,206368642.0,46,Finance,57.23
98,28,1,Staff,IT,206368642.0,46,HR,55.56
98,28,1,Staff,IT,206368642.0,46,Project,51.81
98,28,1,Staff,IT,206368642.0,46,Teamwork,61.48
98,28,1,Staff,IT,206368642.0,46,Time Management,51.63
98,28,1,Staff,IT,400000000.0,259,Attendance,55.42
98,28,1,Staff,IT,400000000.0,259,Development,56.38
98,28,1,Staff,IT,400000000.0,259,HR,57.155
98,28,1,Staff,IT,400000000.0,259,Innovation,47.97
98,28,1,Staff,IT,400000000.0,259,Project,55.36
98,28,1,Staff,IT,400000000.0,259,Teamwork,52.56
98,28,1,Staff,IT,400000000.0,259,Time Management,52.81
98,28,1,Staff,IT,466447298.0,297,Efficiency,57.83
98,28,1,Staff,IT,466447298.0,297,Finance,47.53
98,28,1,Staff,IT,466447298.0,297,HR,53.07
98,28,1,Staff,IT,466447298.0,297,Innovation,49.84
98,28,1,Staff,IT,466447298.0,297,Project,59.5
98,28,1,Staff,IT,466447298.0,297,Quality,57.769999999999996
98,28,1,Staff,IT,466447298.0,297,Teamwork,51.635
99,26,4,Staff,IT,88214342.0,149,Attendance,83.47
99,26,4,Staff,IT,88214342.0,149,Development,77.04
99,26,4,Staff,IT,88214342.0,149,HR,73.44
99,26,4,Staff,IT,88214342.0,149,Project,75.47
99,26,4,Staff,IT,88214342.0,149,Quality,73.92
99,26,4,Staff,IT,88214342.0,149,Teamwork,71.86
99,26,4,Staff,IT,88214342.0,149,Technical,76.78
99,26,4,Staff,IT,110000000.0,199,Development,71.425
99,26,4,Staff,IT,110000000.0,199,HR,75.74000000000001
99,26,4,Staff,IT,110000000.0,199,Innovation,65.775
99,26,4,Staff,IT,110000000.0,199,Performance,70.49
99,26,4,Staff,IT,110000000.0,199,Project,72.62
99,26,4,Staff,IT,110000000.0,199,Quality,71.67666666666666
99,26,4,Staff,IT,150000000.0,274,Attendance,71.05
99,26,4,Staff,IT,150000000.0,274,HR,71.26
99,26,4,Staff,IT,150000000.0,274,Innovation,67.58
99,26,4,Staff,IT,150000000.0,274,Project,72.9
99,26,4,Staff,IT,150000000.0,274,Teamwork,79.92
99,26,4,Staff,IT,180000000.0,193,Development,62.25
99,26,4,Staff,IT,180000000.0,193,Finance,68.13
99,26,4,Staff,IT,180000000.0,193,HR,70.77
99,26,4,Staff,IT,180000000.0,193,Innovation,67.84
99,26,4,Staff,IT,180000000.0,193,Technical,69.11500000000001
99,26,4,Staff,IT,180000000.0,193,Time Management,70.59
99,26,4,Staff,IT,220000000.0,225,HR,67.69
99,26,4,Staff,IT,220000000.0,225,Quality,64.31
99,26,4,Staff,IT,369461833.0,321,Attendance,61.43
99,26,4,Staff,IT,369461833.0,321,HR,73.02
99,26,4,Staff,IT,369461833.0,321,Innovation,69.065
99,26,4,Staff,IT,369461833.0,321,Performance,65.87
99,26,4,Staff,IT,369461833.0,321,Quality,63.89
99,26,4,Staff,IT,369461833.0,321,Teamwork,69.565
99,26,4,Staff,IT,369461833.0,321,Time Management,71.31
99,26,4,Staff,IT,377293102.0,80,Efficiency,69.28
99,26,4,Staff,IT,377293102.0,80,Finance,71.32
99,26,4,Staff,IT,377293102.0,80,Innovation,63.46
99,26,4,Staff,IT,377293102.0,80,Quality,69.17
99,26,4,Staff,IT,377293102.0,80,Teamwork,71.33
99,26,4,Staff,IT,377293102.0,80,Time Management,70.59
99,26,4,Staff,IT,466447298.0,297,Attendance,69.63
99,26,4,Staff,IT,466447298.0,297,Development,69.39
99,26,4,Staff,IT,466447298.0,297,Efficiency,72.3
99,26,4,Staff,IT,466447298.0,297,Performance,81.13
99,26,4,Staff,IT,466447298.0,297,Project,66.25
99,26,4,Staff,IT,466447298.0,297,Quality,68.19
99,26,4,Staff,IT,466447298.0,297,Time Management,75.52
100,24,4,Staff,Finance,75000000.0,203,Development,64.04
100,24,4,Staff,Finance,75000000.0,203,Finance,67.43
100,24,4,Staff,Finance,75000000.0,203,HR,68.21
100,24,4,Staff,Finance,75000000.0,203,Project,65.38
100,24,4,Staff,Finance,75000000.0,203,Quality,72.61
100,24,4,Staff,Finance,75000000.0,203,Teamwork,69.37
100,24,4,Staff,Finance,75000000.0,203,Technical,58.95
100,24,4,Staff,Finance,75000000.0,203,Time Management,70.17
100,24,4,Staff,Finance,90000000.0,244,Innovation,73.42
100,24,4,Staff,Finance,90000000.0,244,Performance,58.36
100,24,4,Staff,Finance,90000000.0,244,Project,70.25
100,24,4,Staff,Finance,90000000.0,244,Teamwork,73.85499999999999
100,24,4,Staff,Finance,90000000.0,244,Time Management,69.19
100,24,4,Staff,Finance,134037811.0,31,Finance,62.2
100,24,4,Staff,Finance,134037811.0,31,HR,70.87
100,24,4,Staff,Finance,134037811.0,31,Innovation,65.38
100,24,4,Staff,Finance,134037811.0,31,Quality,72.265
100,24,4,Staff,Finance,134037811.0,31,Time Management,75.77
100,24,4,Staff,Finance,355280620.0,347,Development,61.62
100,24,4,Staff,Finance,355280620.0,347,Innovation,58.61
100,24,4,Staff,Finance,355280620.0,347,Performance,61.53
100,24,4,Staff,Finance,355280620.0,347,Teamwork,68.99
100,24,4,Staff,Finance,355280620.0,347,Time Management,70.93
100,24,4,Staff,Finance,365962025.0,249,Attendance,69.01
100,24,4,Staff,Finance,365962025.0,249,Efficiency,64.12
100,24,4,Staff,Finance,365962025.0,249,Finance,62.74
100,24,4,Staff,Finance,365962025.0,249,HR,69.83
100,24,4,Staff,Finance,365962025.0,249,Innovation,55.54
100,24,4,Staff,Finance,365962025.0,249,Project,57.18
100,24,4,Staff,Finance,365962025.0,249,Quality,66.065
100,24,4,Staff,Finance,365962025.0,249,Teamwork,71.65
100,24,4,Staff,Finance,365962025.0,249,Technical,69.33
100,24,4,Staff,Finance,365962025.0,249,Time Management,70.13
100,24,4,Staff,Finance,369461833.0,321,Attendance,69.28
100,24,4,Staff,Finance,369461833.0,321,Development,66.66
100,24,4,Staff,Finance,369461833.0,321,Project,78.35
100,24,4,Staff,Finance,369461833.0,321,Quality,68.065
100,24,4,Staff,Finance,369461833.0,321,Time Management,67.26
100,24,4,Staff,Finance,385820825.0,138,Innovation,66.52
100,24,4,Staff,Finance,385820825.0,138,Performance,70.58
100,24,4,Staff,Finance,385820825.0,138,Quality,62.83
100,24,4,Staff,Finance,385820825.0,138,Teamwork,67.14
100,24,4,Staff,Finance,385820825.0,138,Technical,61.82
100,24,4,Staff,Finance,385820825.0,138,Time Management,69.5
100,24,4,Staff,Finance,472961951.0,350,Attendance,67.65
100,24,4,Staff,Finance,472961951.0,350,Development,59.92
100,24,4,Staff,Finance,472961951.0,350,Efficiency,65.03
100,24,4,Staff,Finance,472961951.0,350,Finance,58.745000000000005
100,24,4,Staff,Finance,472961951.0,350,HR,67.535
100,24,4,Staff,Finance,472961951.0,350,Quality,65.77
100,24,4,Staff,Finance,472961951.0,350,Teamwork,70.53
100,24,4,Staff,Finance,472961951.0,350,Technical,67.72
101,25,2,Staff,IT,80000000.0,138,Attendance,74.69
101,25,2,Staff,IT,80000000.0,138,Development,55.36
101,25,2,Staff,IT,80000000.0,138,Efficiency,65.77
101,25,2,Staff,IT,80000000.0,138,Finance,60.56
101,25,2,Staff,IT,80000000.0,138,HR,68.43
101,25,2,Staff,IT,80000000.0,138,Innovation,57.49
101,25,2,Staff,IT,80000000.0,138,Performance,60.07
101,25,2,Staff,IT,80000000.0,138,Quality,72.28
101,25,2,Staff,IT,80000000.0,138,Technical,67.12
101,25,2,Staff,IT,80000000.0,138,Time Management,63.6
101,25,2,Staff,IT,95000000.0,211,Attendance,75.69
101,25,2,Staff,IT,95000000.0,211,HR,74.56
101,25,2,Staff,IT,95000000.0,211,Project,70.29
101,25,2,Staff,IT,95000000.0,211,Quality,69.815
101,25,2,Staff,IT,95000000.0,211,Teamwork,76.095
101,25,2,Staff,IT,95000000.0,211,Time Management,66.04
101,25,2,Staff,IT,130000000.0,303,Innovation,63.59
101,25,2,Staff,IT,130000000.0,303,Project,58.45
101,25,2,Staff,IT,130000000.0,303,Quality,61.94
101,25,2,Staff,IT,130000000.0,303,Technical,64.61
101,25,2,Staff,IT,130000000.0,303,Time Management,64.73
101,25,2,Staff,IT,150000000.0,274,Attendance,76.37
101,25,2,Staff,IT,150000000.0,274,Finance,73.37
101,25,2,Staff,IT,150000000.0,274,Innovation,62.95
101,25,2,Staff,IT,150000000.0,274,Performance,69.15
101,25,2,Staff,IT,150000000.0,274,Quality,61.73333333333333
101,25,2,Staff,IT,150000000.0,274,Time Management,69.32
101,25,2,Staff,IT,278244747.0,88,Development,67.93
101,25,2,Staff,IT,278244747.0,88,Finance,70.43
101,25,2,Staff,IT,278244747.0,88,HR,72.04
101,25,2,Staff,IT,278244747.0,88,Performance,70.45
101,25,2,Staff,IT,278244747.0,88,Project,74.81
101,25,2,Staff,IT,278244747.0,88,Quality,74.19
101,25,2,Staff,IT,278244747.0,88,Teamwork,73.14
101,25,2,Staff,IT,278244747.0,88,Technical,76.77
101,25,2,Staff,IT,278244747.0,88,Time Management,74.63
101,25,2,Staff,IT,355280620.0,347,Innovation,59.53
101,25,2,Staff,IT,355280620.0,347,Performance,67.47
101,25,2,Staff,IT,355280620.0,347,Project,68.67
101,25,2,Staff,IT,355280620.0,347,Quality,70.9
101,25,2,Staff,IT,377293102.0,80,Development,63.2
101,25,2,Staff,IT,377293102.0,80,Efficiency,66.04
101,25,2,Staff,IT,377293102.0,80,Finance,70.01
101,25,2,Staff,IT,377293102.0,80,HR,77.07
101,25,2,Staff,IT,377293102.0,80,Innovation,59.38
101,25,2,Staff,IT,377293102.0,80,Performance,69.66
101,25,2,Staff,IT,377293102.0,80,Quality,69.155
101,25,2,Staff,IT,377293102.0,80,Teamwork,80.72
101,25,2,Staff,IT,377293102.0,80,Technical,70.57
101,25,2,Staff,IT,500000000.0,356,Finance,72.2
101,25,2,Staff,IT,500000000.0,356,HR,67.26
101,25,2,Staff,IT,500000000.0,356,Performance,65.86
101,25,2,Staff,IT,500000000.0,356,Quality,59.88
101,25,2,Staff,IT,500000000.0,356,Technical,61.82
101,25,2,Staff,IT,500000000.0,356,Time Management,58.71
102,22,1,Staff,Research & Development,95000000.0,211,Finance,51.21666666666667
102,22,1,Staff,Research & Development,95000000.0,211,HR,54.65
102,22,1,Staff,Research & Development,95000000.0,211,Innovation,62.24
102,22,1,Staff,Research & Development,95000000.0,211,Performance,49.855000000000004
102,22,1,Staff,Research & Development,95000000.0,211,Project,57.879999999999995
102,22,1,Staff,Research & Development,95000000.0,211,Quality,45.10333333333333
102,22,1,Staff,Research & Development,95000000.0,211,Teamwork,54.79
102,22,1,Staff,Research & Development,150000000.0,274,Teamwork,46.58
102,22,1,Staff,Research & Development,150000000.0,274,Time Management,40.91
102,22,1,Staff,Research & Development,178776637.0,118,Efficiency,53.69
102,22,1,Staff,Research & Development,178776637.0,118,Innovation,54.775
102,22,1,Staff,Research & Development,178776637.0,118,Performance,41.9
102,22,1,Staff,Research & Development,178776637.0,118,Project,51.7
102,22,1,Staff,Research & Development,178776637.0,118,Quality,54.68666666666667
102,22,1,Staff,Research & Development,178776637.0,118,Teamwork,52.55
102,22,1,Staff,Research & Development,178776637.0,118,Technical,60.99
102,22,1,Staff,Research & Development,250000000.0,291,Attendance,57.92
102,22,1,Staff,Research & Development,250000000.0,291,Development,47.85
102,22,1,Staff,Research & Development,250000000.0,291,Efficiency,46.34
102,22,1,Staff,Research & Development,250000000.0,291,Finance,49.82
102,22,1,Staff,Research & Development,250000000.0,291,HR,59.3
102,22,1,Staff,Research & Development,250000000.0,291,Innovation,47.585
102,22,1,Staff,Research & Development,250000000.0,291,Quality,52.694
102,22,1,Staff,Research & Development,300000000.0,242,Attendance,53.935
102,22,1,Staff,Research & Development,300000000.0,242,Development,46.74
102,22,1,Staff,Research & Development,300000000.0,242,Finance,47.0
102,22,1,Staff,Research & Development,300000000.0,242,Innovation,41.425
102,22,1,Staff,Research & Development,300000000.0,242,Quality,49.77
102,22,1,Staff,Research & Development,300000000.0,242,Technical,50.38
102,22,1,Staff,Research & Development,355280620.0,347,Development,64.44
102,22,1,Staff,Research & Development,355280620.0,347,Finance,52.71
102,22,1,Staff,Research & Development,355280620.0,347,HR,56.623333333333335
102,22,1,Staff,Research & Development,355280620.0,347,Project,56.96
102,22,1,Staff,Research & Development,355280620.0,347,Quality,51.78
102,22,1,Staff,Research & Development,355280620.0,347,Teamwork,54.370000000000005
102,22,1,Staff,Research & Development,355280620.0,347,Time Management,55.739999999999995
102,22,1,Staff,Research & Development,385820825.0,138,Development,50.24
102,22,1,Staff,Research & Development,385820825.0,138,Finance,52.08
102,22,1,Staff,Research & Development,385820825.0,138,Project,53.17
102,22,1,Staff,Research & Development,385820825.0,138,Quality,51.03
102,22,1,Staff,Research & Development,385820825.0,138,Technical,57.46
102,22,1,Staff,Research & Development,385820825.0,138,Time Management,52.59
102,22,1,Staff,Research & Development,493794225.0,102,Development,47.68
102,22,1,Staff,Research & Development,493794225.0,102,HR,49.64
102,22,1,Staff,Research & Development,493794225.0,102,Innovation,43.03
102,22,1,Staff,Research & Development,493794225.0,102,Performance,57.28
103,30,4,Staff,Procurement,50000000.0,211,Efficiency,67.35
103,30,4,Staff,Procurement,50000000.0,211,Finance,59.94
103,30,4,Staff,Procurement,50000000.0,211,Performance,58.31
103,30,4,Staff,Procurement,50000000.0,211,Project,63.4
103,30,4,Staff,Procurement,50000000.0,211,Quality,67.71000000000001
103,30,4,Staff,Procurement,120000000.0,152,Attendance,73.24
103,30,4,Staff,Procurement,120000000.0,152,Finance,57.69
103,30,4,Staff,Procurement,120000000.0,152,Performance,70.94
103,30,4,Staff,Procurement,120000000.0,152,Time Management,57.46
103,30,4,Staff,Procurement,134037811.0,31,Attendance,70.1
103,30,4,Staff,Procurement,134037811.0,31,Finance,71.07
103,30,4,Staff,Procurement,134037811.0,31,Project,60.01
103,30,4,Staff,Procurement,134037811.0,31,Technical,61.98
103,30,4,Staff,Procurement,278244747.0,88,Attendance,71.88
103,30,4,Staff,Procurement,278244747.0,88,Development,61.36
103,30,4,Staff,Procurement,278244747.0,88,Efficiency,60.3
103,30,4,Staff,Procurement,278244747.0,88,HR,63.19
103,30,4,Staff,Procurement,278244747.0,88,Performance,66.87
103,30,4,Staff,Procurement,278244747.0,88,Quality,62.815
103,30,4,Staff,Procurement,278244747.0,88,Teamwork,56.57
103,30,4,Staff,Procurement,278244747.0,88,Technical,60.49
103,30,4,Staff,Procurement,355280620.0,347,Finance,60.489999999999995
103,30,4,Staff,Procurement,355280620.0,347,Performance,65.665
103,30,4,Staff,Procurement,355280620.0,347,Quality,60.099999999999994
103,30,4,Staff,Procurement,355280620.0,347,Teamwork,64.56
103,30,4,Staff,Procurement,355280620.0,347,Technical,68.15
103,30,4,Staff,Procurement,355280620.0,347,Time Management,65.4
103,30,4,Staff,Procurement,375514309.0,335,Finance,62.02
103,30,4,Staff,Procurement,375514309.0,335,HR,61.31
103,30,4,Staff,Procurement,375514309.0,335,Quality,52.56
103,30,4,Staff,Procurement,377293102.0,80,Attendance,66.12
103,30,4,Staff,Procurement,377293102.0,80,Development,62.03
103,30,4,Staff,Procurement,377293102.0,80,Finance,64.42
103,30,4,Staff,Procurement,377293102.0,80,Innovation,52.94
103,30,4,Staff,Procurement,377293102.0,80,Performance,63.05
103,30,4,Staff,Procurement,377293102.0,80,Quality,57.97
103,30,4,Staff,Procurement,493794225.0,102,Attendance,68.66499999999999
103,30,4,Staff,Procurement,493794225.0,102,Development,58.03
103,30,4,Staff,Procurement,493794225.0,102,Efficiency,64.16
103,30,4,Staff,Procurement,493794225.0,102,Finance,67.09
103,30,4,Staff,Procurement,493794225.0,102,Innovation,53.05
103,30,4,Staff,Procurement,493794225.0,102,Quality,59.83
103,30,4,Staff,Procurement,493794225.0,102,Teamwork,60.94
103,30,4,Staff,Procurement,493794225.0,102,Technical,62.51
103,30,4,Staff,Procurement,493794225.0,102,Time Management,66.08
104,48,13,Senior Manager,Production,80000000.0,138,Development,93.86
104,48,13,Senior Manager,Production,80000000.0,138,Efficiency,98.0
104,48,13,Senior Manager,Production,80000000.0,138,Finance,98.0
104,48,13,Senior Manager,Production,80000000.0,138,HR,98.0
104,48,13,Senior Manager,Production,80000000.0,138,Teamwork,98.0
104,48,13,Senior Manager,Production,80000000.0,138,Time Management,98.0
104,48,13,Senior Manager,Production,82017929.0,114,Development,98.0
104,48,13,Senior Manager,Production,82017929.0,114,Innovation,98.0
104,48,13,Senior Manager,Production,180000000.0,193,Attendance,98.0
104,48,13,Senior Manager,Production,180000000.0,193,Efficiency,96.7
104,48,13,Senior Manager,Production,180000000.0,193,HR,98.0
104,48,13,Senior Manager,Production,180000000.0,193,Innovation,98.0
104,48,13,Senior Manager,Production,180000000.0,193,Quality,98.0
104,48,13,Senior Manager,Production,180000000.0,193,Teamwork,98.0
104,48,13,Senior Manager,Production,180000000.0,193,Technical,98.0
104,48,13,Senior Manager,Production,369461833.0,321,Attendance,98.0
104,48,13,Senior Manager,Production,369461833.0,321,Efficiency,98.0
104,48,13,Senior Manager,Production,369461833.0,321,Finance,98.0
104,48,13,Senior Manager,Production,369461833.0,321,Innovation,95.97
104,48,13,Senior Manager,Production,369461833.0,321,Quality,97.73666666666666
104,48,13,Senior Manager,Production,397696244.0,106,Development,94.81
104,48,13,Senior Manager,Production,397696244.0,106,Efficiency,98.0
104,48,13,Senior Manager,Production,397696244.0,106,HR,98.0
104,48,13,Senior Manager,Production,397696244.0,106,Performance,95.965
104,48,13,Senior Manager,Production,397696244.0,106,Quality,96.22
104,48,13,Senior Manager,Production,397696244.0,106,Teamwork,98.0
104,48,13,Senior Manager,Production,397696244.0,106,Technical,94.52
104,48,13,Senior Manager,Production,400000000.0,259,Attendance,98.0
104,48,13,Senior Manager,Production,400000000.0,259,Development,98.0
104,48,13,Senior Manager,Production,400000000.0,259,Efficiency,98.0
104,48,13,Senior Manager,Production,400000000.0,259,HR,98.0
104,48,13,Senior Manager,Production,400000000.0,259,Innovation,98.0
104,48,13,Senior Manager,Production,400000000.0,259,Performance,97.02000000000001
104,48,13,Senior Manager,Production,400000000.0,259,Quality,97.78
104,48,13,Senior Manager,Production,400000000.0,259,Teamwork,98.0
104,48,13,Senior Manager,Production,400000000.0,259,Technical,98.0
104,48,13,Senior Manager,Production,404564658.0,71,Development,98.0
104,48,13,Senior Manager,Production,404564658.0,71,Finance,98.0
104,48,13,Senior Manager,Production,404564658.0,71,Innovation,98.0
104,48,13,Senior Manager,Production,404564658.0,71,Quality,98.0
104,48,13,Senior Manager,Production,404564658.0,71,Teamwork,98.0
104,48,13,Senior Manager,Production,493794225.0,102,Finance,97.07
104,48,13,Senior Manager,Production,493794225.0,102,Quality,96.205
105,28,1,Staff,Human Resources,50000000.0,211,Development,36.5
105,28,1,Staff,Human Resources,50000000.0,211,Efficiency,53.709999999999994
105,28,1,Staff,Human Resources,50000000.0,211,Finance,47.94
105,28,1,Staff,Human Resources,50000000.0,211,HR,53.18
105,28,1,Staff,Human Resources,50000000.0,211,Innovation,43.08
105,28,1,Staff,Human Resources,50000000.0,211,Project,42.61
105,28,1,Staff,Human Resources,50000000.0,211,Quality,48.655
105,28,1,Staff,Human Resources,50000000.0,211,Teamwork,48.12
105,28,1,Staff,Human Resources,50000000.0,211,Technical,55.15
105,28,1,Staff,Human Resources,80000000.0,138,Efficiency,48.43
105,28,1,Staff,Human Resources,80000000.0,138,Finance,43.33
105,28,1,Staff,Human Resources,80000000.0,138,HR,52.1
105,28,1,Staff,Human Resources,80000000.0,138,Quality,43.06
105,28,1,Staff,Human Resources,88214342.0,149,Efficiency,47.62
105,28,1,Staff,Human Resources,88214342.0,149,HR,43.14
105,28,1,Staff,Human Resources,88214342.0,149,Quality,39.555
105,28,1,Staff,Human Resources,140000000.0,211,Attendance,46.49
105,28,1,Staff,Human Resources,140000000.0,211,Efficiency,43.74
105,28,1,Staff,Human Resources,140000000.0,211,Innovation,54.88
105,28,1,Staff,Human Resources,140000000.0,211,Performance,44.120000000000005
105,28,1,Staff,Human Resources,170000000.0,229,Finance,44.03
105,28,1,Staff,Human Resources,170000000.0,229,HR,52.9
105,28,1,Staff,Human Resources,170000000.0,229,Innovation,41.96
105,28,1,Staff,Human Resources,170000000.0,229,Project,60.13
105,28,1,Staff,Human Resources,170000000.0,229,Teamwork,64.98
105,28,1,Staff,Human Resources,170000000.0,229,Time Management,51.46
105,28,1,Staff,Human Resources,220000000.0,225,HR,50.84
105,28,1,Staff,Human Resources,220000000.0,225,Innovation,41.62
105,28,1,Staff,Human Resources,220000000.0,225,Quality,41.34
105,28,1,Staff,Human Resources,220000000.0,225,Time Management,49.31
105,28,1,Staff,Human Resources,291862333.0,334,Finance,43.96
105,28,1,Staff,Human Resources,291862333.0,334,HR,51.6
105,28,1,Staff,Human Resources,291862333.0,334,Project,51.33
105,28,1,Staff,Human Resources,291862333.0,334,Technical,50.27
105,28,1,Staff,Human Resources,472961951.0,350,Finance,53.95
105,28,1,Staff,Human Resources,472961951.0,350,Time Management,33.54
106,35,8,Senior Staff,Production,178776637.0,118,Efficiency,72.31
106,35,8,Senior Staff,Production,178776637.0,118,HR,63.04
106,35,8,Senior Staff,Production,178776637.0,118,Innovation,57.37
106,35,8,Senior Staff,Production,178776637.0,118,Performance,63.79
106,35,8,Senior Staff,Production,178776637.0,118,Quality,66.49
106,35,8,Senior Staff,Production,178776637.0,118,Teamwork,72.885
106,35,8,Senior Staff,Production,250000000.0,291,Efficiency,61.94
106,35,8,Senior Staff,Production,250000000.0,291,HR,62.66
106,35,8,Senior Staff,Production,250000000.0,291,Quality,65.66
106,35,8,Senior Staff,Production,250000000.0,291,Time Management,62.41
106,35,8,Senior Staff,Production,300000000.0,242,Efficiency,62.76
106,35,8,Senior Staff,Production,300000000.0,242,Innovation,57.25
106,35,8,Senior Staff,Production,300000000.0,242,Performance,66.7
106,35,8,Senior Staff,Production,300000000.0,242,Quality,62.10666666666666
106,35,8,Senior Staff,Production,300000000.0,242,Teamwork,60.58
106,35,8,Senior Staff,Production,300000000.0,242,Technical,67.04
106,35,8,Senior Staff,Production,300000000.0,242,Time Management,61.02
106,35,8,Senior Staff,Production,355280620.0,347,Quality,61.04666666666666
106,35,8,Senior Staff,Production,355280620.0,347,Teamwork,69.39
106,35,8,Senior Staff,Production,375514309.0,335,Development,61.2
106,35,8,Senior Staff,Production,375514309.0,335,Finance,70.61
106,35,8,Senior Staff,Production,375514309.0,335,HR,67.42
106,35,8,Senior Staff,Production,375514309.0,335,Innovation,63.94666666666666
106,35,8,Senior Staff,Production,375514309.0,335,Project,69.39500000000001
106,35,8,Senior Staff,Production,375514309.0,335,Quality,67.45333333333333
106,35,8,Senior Staff,Production,375514309.0,335,Technical,73.81
106,35,8,Senior Staff,Production,375514309.0,335,Time Management,66.295
106,35,8,Senior Staff,Production,377293102.0,80,Development,63.38
106,35,8,Senior Staff,Production,377293102.0,80,Efficiency,65.22999999999999
106,35,8,Senior Staff,Production,377293102.0,80,Finance,64.72
106,35,8,Senior Staff,Production,377293102.0,80,Innovation,62.214999999999996
106,35,8,Senior Staff,Production,377293102.0,80,Project,70.91
106,35,8,Senior Staff,Production,404564658.0,71,Finance,67.91
106,35,8,Senior Staff,Production,404564658.0,71,Teamwork,72.98
106,35,8,Senior Staff,Production,500000000.0,356,Efficiency,62.36
106,35,8,Senior Staff,Production,500000000.0,356,Finance,64.7
106,35,8,Senior Staff,Production,500000000.0,356,Innovation,60.42
106,35,8,Senior Staff,Production,500000000.0,356,Project,62.46
106,35,8,Senior Staff,Production,500000000.0,356,Quality,63.462
106,35,8,Senior Staff,Production,500000000.0,356,Teamwork,69.96
106,35,8,Senior Staff,Production,500000000.0,356,Time Management,63.445
107,56,24,Director,Logistics,90000000.0,244,Attendance,98.0
107,56,24,Director,Logistics,90000000.0,244,Development,95.37
107,56,24,Director,Logistics,90000000.0,244,Efficiency,98.0
107,56,24,Director,Logistics,90000000.0,244,Performance,98.0
107,56,24,Director,Logistics,90000000.0,244,Quality,98.0
107,56,24,Director,Logistics,110000000.0,199,Attendance,98.0
107,56,24,Director,Logistics,110000000.0,199,Efficiency,98.0
107,56,24,Director,Logistics,110000000.0,199,Finance,98.0
107,56,24,Director,Logistics,110000000.0,199,HR,98.0
107,56,24,Director,Logistics,110000000.0,199,Performance,98.0
107,56,24,Director,Logistics,110000000.0,199,Project,98.0
107,56,24,Director,Logistics,110000000.0,199,Technical,98.0
107,56,24,Director,Logistics,130000000.0,303,Attendance,98.0
107,56,24,Director,Logistics,130000000.0,303,Efficiency,98.0
107,56,24,Director,Logistics,130000000.0,303,Finance,98.0
107,56,24,Director,Logistics,130000000.0,303,Innovation,97.06
107,56,24,Director,Logistics,130000000.0,303,Performance,98.0
107,56,24,Director,Logistics,130000000.0,303,Quality,96.91333333333334
107,56,24,Director,Logistics,130000000.0,303,Teamwork,98.0
107,56,24,Director,Logistics,130000000.0,303,Time Management,98.0
107,56,24,Director,Logistics,200000000.0,167,Attendance,98.0
107,56,24,Director,Logistics,200000000.0,167,Efficiency,98.0
107,56,24,Director,Logistics,200000000.0,167,HR,98.0
107,56,24,Director,Logistics,200000000.0,167,Innovation,98.0
107,56,24,Director,Logistics,200000000.0,167,Performance,98.0
107,56,24,Director,Logistics,200000000.0,167,Project,98.0
107,56,24,Director,Logistics,200000000.0,167,Quality,98.0
107,56,24,Director,Logistics,200000000.0,167,Teamwork,98.0
107,56,24,Director,Logistics,200000000.0,167,Time Management,98.0
107,56,24,Director,Logistics,278244747.0,88,Attendance,98.0
107,56,24,Director,Logistics,278244747.0,88,Development,98.0
107,56,24,Director,Logistics,278244747.0,88,Efficiency,98.0
107,56,24,Director,Logistics,278244747.0,88,Finance,98.0
107,56,24,Director,Logistics,278244747.0,88,HR,98.0
107,56,24,Director,Logistics,278244747.0,88,Innovation,98.0
107,56,24,Director,Logistics,278244747.0,88,Quality,95.13999999999999
107,56,24,Director,Logistics,278244747.0,88,Teamwork,98.0
107,56,24,Director,Logistics,278244747.0,88,Time Management,98.0
107,56,24,Director,Logistics,300000000.0,242,Attendance,98.0
107,56,24,Director,Logistics,300000000.0,242,Efficiency,98.0
107,56,24,Director,Logistics,300000000.0,242,HR,98.0
107,56,24,Director,Logistics,300000000.0,242,Performance,98.0
107,56,24,Director,Logistics,300000000.0,242,Quality,97.75333333333333
107,56,24,Director,Logistics,300000000.0,242,Teamwork,98.0
107,56,24,Director,Logistics,300000000.0,242,Technical,97.97666666666667
107,56,24,Director,Logistics,300000000.0,242,Time Management,98.0
107,56,24,Director,Logistics,385820825.0,138,Development,98.0
107,56,24,Director,Logistics,385820825.0,138,Finance,98.0
107,56,24,Director,Logistics,385820825.0,138,Performance,98.0
107,56,24,Director,Logistics,385820825.0,138,Quality,98.0
108,37,11,Manager,Production,60000000.0,214,Development,87.13
108,37,11,Manager,Production,60000000.0,214,HR,95.43
108,37,11,Manager,Production,60000000.0,214,Innovation,86.83
108,37,11,Manager,Production,60000000.0,214,Performance,94.03
108,37,11,Manager,Production,60000000.0,214,Project,89.44
108,37,11,Manager,Production,60000000.0,214,Quality,90.02
108,37,11,Manager,Production,60000000.0,214,Teamwork,96.435
108,37,11,Manager,Production,60000000.0,214,Time Management,92.50999999999999
108,37,11,Manager,Production,75000000.0,203,Attendance,93.82
108,37,11,Manager,Production,75000000.0,203,Development,91.56
108,37,11,Manager,Production,75000000.0,203,HR,96.06
108,37,11,Manager,Production,75000000.0,203,Project,94.01
108,37,11,Manager,Production,75000000.0,203,Quality,98.0
108,37,11,Manager,Production,90000000.0,244,Efficiency,90.73
108,37,11,Manager,Production,90000000.0,244,Finance,91.51
108,37,11,Manager,Production,90000000.0,244,Innovation,90.51
108,37,11,Manager,Production,90000000.0,244,Quality,92.84
108,37,11,Manager,Production,90000000.0,244,Technical,93.82
108,37,11,Manager,Production,140000000.0,211,Development,86.065
108,37,11,Manager,Production,140000000.0,211,HR,95.62333333333333
108,37,11,Manager,Production,140000000.0,211,Innovation,87.04
108,37,11,Manager,Production,140000000.0,211,Performance,93.46000000000001
108,37,11,Manager,Production,140000000.0,211,Quality,94.05
108,37,11,Manager,Production,140000000.0,211,Teamwork,96.89
108,37,11,Manager,Production,140000000.0,211,Technical,92.72
108,37,11,Manager,Production,190000000.0,241,Attendance,98.0
108,37,11,Manager,Production,190000000.0,241,Finance,83.74
108,37,11,Manager,Production,190000000.0,241,Performance,92.55
108,37,11,Manager,Production,190000000.0,241,Project,98.0
108,37,11,Manager,Production,190000000.0,241,Quality,90.14
108,37,11,Manager,Production,190000000.0,241,Teamwork,97.58
108,37,11,Manager,Production,369461833.0,321,Attendance,98.0
108,37,11,Manager,Production,369461833.0,321,Finance,92.76
108,37,11,Manager,Production,369461833.0,321,Performance,90.08
108,37,11,Manager,Production,369461833.0,321,Quality,90.875
108,37,11,Manager,Production,369461833.0,321,Time Management,94.12
108,37,11,Manager,Production,377293102.0,80,Efficiency,93.0
108,37,11,Manager,Production,377293102.0,80,Innovation,89.375
108,37,11,Manager,Production,377293102.0,80,Project,97.01
108,37,11,Manager,Production,377293102.0,80,Quality,94.4825
108,37,11,Manager,Production,377293102.0,80,Teamwork,96.4
108,37,11,Manager,Production,377293102.0,80,Time Management,94.42
108,37,11,Manager,Production,472961951.0,350,Attendance,98.0
108,37,11,Manager,Production,472961951.0,350,Development,94.85
108,37,11,Manager,Production,472961951.0,350,Efficiency,95.18
108,37,11,Manager,Production,472961951.0,350,Finance,98.0
108,37,11,Manager,Production,472961951.0,350,Quality,93.17
108,37,11,Manager,Production,472961951.0,350,Teamwork,98.0
109,46,11,Manager,Finance,50000000.0,211,Attendance,98.0
109,46,11,Manager,Finance,50000000.0,211,Efficiency,98.0
109,46,11,Manager,Finance,50000000.0,211,Innovation,94.63
109,46,11,Manager,Finance,50000000.0,211,Performance,98.0
109,46,11,Manager,Finance,50000000.0,211,Quality,97.47
109,46,11,Manager,Finance,50000000.0,211,Time Management,98.0
109,46,11,Manager,Finance,80000000.0,138,Efficiency,87.09
109,46,11,Manager,Finance,80000000.0,138,Finance,93.71
109,46,11,Manager,Finance,80000000.0,138,HR,94.705
109,46,11,Manager,Finance,80000000.0,138,Innovation,89.30666666666667
109,46,11,Manager,Finance,80000000.0,138,Performance,97.56
109,46,11,Manager,Finance,80000000.0,138,Project,93.56
109,46,11,Manager,Finance,80000000.0,138,Quality,85.32
109,46,11,Manager,Finance,80000000.0,138,Technical,92.26
109,46,11,Manager,Finance,80000000.0,138,Time Management,90.13
109,46,11,Manager,Finance,120000000.0,152,Attendance,98.0
109,46,11,Manager,Finance,120000000.0,152,Innovation,98.0
109,46,11,Manager,Finance,120000000.0,152,Teamwork,98.0
109,46,11,Manager,Finance,120000000.0,152,Technical,98.0
109,46,11,Manager,Finance,134037811.0,31,Development,95.53
109,46,11,Manager,Finance,134037811.0,31,Performance,98.0
109,46,11,Manager,Finance,134037811.0,31,Project,98.0
109,46,11,Manager,Finance,134037811.0,31,Quality,96.98
109,46,11,Manager,Finance,150000000.0,274,Attendance,98.0
109,46,11,Manager,Finance,150000000.0,274,Finance,93.37
109,46,11,Manager,Finance,150000000.0,274,HR,97.98
109,46,11,Manager,Finance,150000000.0,274,Innovation,90.06
109,46,11,Manager,Finance,150000000.0,274,Performance,89.86
109,46,11,Manager,Finance,150000000.0,274,Quality,93.3
109,46,11,Manager,Finance,150000000.0,274,Teamwork,98.0
109,46,11,Manager,Finance,150000000.0,274,Technical,95.875
109,46,11,Manager,Finance,150000000.0,274,Time Management,96.55000000000001
109,46,11,Manager,Finance,220000000.0,225,Attendance,92.67
109,46,11,Manager,Finance,220000000.0,225,HR,93.58
109,46,11,Manager,Finance,220000000.0,225,Innovation,87.78
109,46,11,Manager,Finance,220000000.0,225,Performance,91.75
109,46,11,Manager,Finance,220000000.0,225,Project,95.185
109,46,11,Manager,Finance,220000000.0,225,Quality,92.93
109,46,11,Manager,Finance,220000000.0,225,Teamwork,93.735
109,46,11,Manager,Finance,220000000.0,225,Time Management,89.4
109,46,11,Manager,Finance,250000000.0,291,Development,97.125
109,46,11,Manager,Finance,250000000.0,291,Performance,93.29
109,46,11,Manager,Finance,250000000.0,291,Project,98.0
109,46,11,Manager,Finance,250000000.0,291,Quality,98.0
109,46,11,Manager,Finance,250000000.0,291,Technical,98.0
109,46,11,Manager,Finance,300000000.0,242,Development,94.97
109,46,11,Manager,Finance,300000000.0,242,HR,92.34
109,46,11,Manager,Finance,300000000.0,242,Innovation,86.88
110,42,10,Senior Manager,Research & Development,88214342.0,149,HR,98.0
110,42,10,Senior Manager,Research & Development,95000000.0,211,HR,98.0
110,42,10,Senior Manager,Research & Development,95000000.0,211,Innovation,98.0
110,42,10,Senior Manager,Research & Development,95000000.0,211,Quality,98.0
110,42,10,Senior Manager,Research & Development,180000000.0,193,Attendance,98.0
110,42,10,Senior Manager,Research & Development,180000000.0,193,Efficiency,98.0
110,42,10,Senior Manager,Research & Development,180000000.0,193,Finance,98.0
110,42,10,Senior Manager,Research & Development,180000000.0,193,HR,98.0
110,42,10,Senior Manager,Research & Development,180000000.0,193,Innovation,98.0
110,42,10,Senior Manager,Research & Development,180000000.0,193,Quality,98.0
110,42,10,Senior Manager,Research & Development,180000000.0,193,Technical,98.0
110,42,10,Senior Manager,Research & Development,206368642.0,46,Attendance,98.0
110,42,10,Senior Manager,Research & Development,206368642.0,46,HR,98.0
110,42,10,Senior Manager,Research & Development,206368642.0,46,Innovation,98.0
110,42,10,Senior Manager,Research & Development,206368642.0,46,Performance,98.0
110,42,10,Senior Manager,Research & Development,206368642.0,46,Project,98.0
110,42,10,Senior Manager,Research & Development,206368642.0,46,Quality,98.0
110,42,10,Senior Manager,Research & Development,206368642.0,46,Teamwork,98.0
110,42,10,Senior Manager,Research & Development,220000000.0,225,Attendance,98.0
110,42,10,Senior Manager,Research & Development,220000000.0,225,Finance,98.0
110,42,10,Senior Manager,Research & Development,220000000.0,225,Performance,98.0
110,42,10,Senior Manager,Research & Development,220000000.0,225,Quality,98.0
110,42,10,Senior Manager,Research & Development,220000000.0,225,Teamwork,98.0
110,42,10,Senior Manager,Research & Development,220000000.0,225,Technical,98.0
110,42,10,Senior Manager,Research & Development,220000000.0,225,Time Management,98.0
110,42,10,Senior Manager,Research & Development,250000000.0,291,HR,98.0
110,42,10,Senior Manager,Research & Development,250000000.0,291,Performance,98.0
110,42,10,Senior Manager,Research & Development,250000000.0,291,Quality,98.0
110,42,10,Senior Manager,Research & Development,250000000.0,291,Teamwork,98.0
110,42,10,Senior Manager,Research & Development,278244747.0,88,Development,98.0
110,42,10,Senior Manager,Research & Development,278244747.0,88,Finance,98.0
110,42,10,Senior Manager,Research & Development,278244747.0,88,HR,98.0
110,42,10,Senior Manager,Research & Development,278244747.0,88,Innovation,98.0
110,42,10,Senior Manager,Research & Development,278244747.0,88,Quality,98.0
110,42,10,Senior Manager,Research & Development,397696244.0,106,Attendance,98.0
110,42,10,Senior Manager,Research & Development,397696244.0,106,Performance,98.0
110,42,10,Senior Manager,Research & Development,397696244.0,106,Quality,98.0
111,22,2,Staff,Sales,50000000.0,211,Development,55.38
111,22,2,Staff,Sales,50000000.0,211,Efficiency,57.47
111,22,2,Staff,Sales,50000000.0,211,Finance,47.92
111,22,2,Staff,Sales,50000000.0,211,HR,56.28
111,22,2,Staff,Sales,50000000.0,211,Performance,54.995
111,22,2,Staff,Sales,50000000.0,211,Project,55.82
111,22,2,Staff,Sales,50000000.0,211,Quality,62.6
111,22,2,Staff,Sales,50000000.0,211,Teamwork,55.79
111,22,2,Staff,Sales,60000000.0,214,Attendance,52.84
111,22,2,Staff,Sales,60000000.0,214,HR,53.39
111,22,2,Staff,Sales,60000000.0,214,Project,47.26
111,22,2,Staff,Sales,60000000.0,214,Quality,49.40333333333333
111,22,2,Staff,Sales,60000000.0,214,Technical,55.11
111,22,2,Staff,Sales,60000000.0,214,Time Management,61.32
111,22,2,Staff,Sales,110000000.0,199,Attendance,60.75
111,22,2,Staff,Sales,110000000.0,199,Efficiency,41.75
111,22,2,Staff,Sales,110000000.0,199,HR,52.21
111,22,2,Staff,Sales,110000000.0,199,Quality,48.5
111,22,2,Staff,Sales,110000000.0,199,Teamwork,54.33
111,22,2,Staff,Sales,150000000.0,274,Attendance,59.13
111,22,2,Staff,Sales,204675132.0,174,Attendance,47.22
111,22,2,Staff,Sales,204675132.0,174,Efficiency,49.03
111,22,2,Staff,Sales,204675132.0,174,HR,52.29
111,22,2,Staff,Sales,204675132.0,174,Innovation,49.39
111,22,2,Staff,Sales,204675132.0,174,Performance,52.2
111,22,2,Staff,Sales,204675132.0,174,Quality,47.596666666666664
111,22,2,Staff,Sales,204675132.0,174,Technical,44.335
111,22,2,Staff,Sales,206368642.0,46,Efficiency,48.66
111,22,2,Staff,Sales,206368642.0,46,Finance,40.91
111,22,2,Staff,Sales,206368642.0,46,Quality,46.92
111,22,2,Staff,Sales,206368642.0,46,Teamwork,57.12
111,22,2,Staff,Sales,206368642.0,46,Time Management,53.89
111,22,2,Staff,Sales,375514309.0,335,HR,45.24
111,22,2,Staff,Sales,375514309.0,335,Innovation,42.9
111,22,2,Staff,Sales,375514309.0,335,Performance,50.25
111,22,2,Staff,Sales,375514309.0,335,Project,48.12
111,22,2,Staff,Sales,375514309.0,335,Quality,49.01
111,22,2,Staff,Sales,466447298.0,297,Development,50.46
111,22,2,Staff,Sales,466447298.0,297,HR,49.35
111,22,2,Staff,Sales,466447298.0,297,Innovation,47.11
111,22,2,Staff,Sales,466447298.0,297,Performance,52.74
111,22,2,Staff,Sales,466447298.0,297,Quality,47.29
111,22,2,Staff,Sales,466447298.0,297,Teamwork,52.595
111,22,2,Staff,Sales,466447298.0,297,Technical,58.65
111,22,2,Staff,Sales,466447298.0,297,Time Management,56.97
112,27,2,Staff,Human Resources,90000000.0,244,Attendance,63.09
112,27,2,Staff,Human Resources,90000000.0,244,Efficiency,55.15
112,27,2,Staff,Human Resources,90000000.0,244,HR,47.42
112,27,2,Staff,Human Resources,90000000.0,244,Performance,50.48
112,27,2,Staff,Human Resources,90000000.0,244,Teamwork,48.49
112,27,2,Staff,Human Resources,140000000.0,211,Development,38.35
112,27,2,Staff,Human Resources,140000000.0,211,Efficiency,38.73
112,27,2,Staff,Human Resources,140000000.0,211,HR,51.15
112,27,2,Staff,Human Resources,140000000.0,211,Innovation,45.92
112,27,2,Staff,Human Resources,140000000.0,211,Performance,43.86
112,27,2,Staff,Human Resources,140000000.0,211,Project,53.59
112,27,2,Staff,Human Resources,140000000.0,211,Quality,44.69
112,27,2,Staff,Human Resources,178776637.0,118,Attendance,57.83
112,27,2,Staff,Human Resources,178776637.0,118,Efficiency,43.86
112,27,2,Staff,Human Resources,178776637.0,118,Finance,46.42
112,27,2,Staff,Human Resources,178776637.0,118,HR,49.855000000000004
112,27,2,Staff,Human Resources,178776637.0,118,Innovation,44.52
112,27,2,Staff,Human Resources,178776637.0,118,Teamwork,53.55
112,27,2,Staff,Human Resources,178776637.0,118,Time Management,52.19
112,27,2,Staff,Human Resources,180000000.0,193,Development,40.66
112,27,2,Staff,Human Resources,180000000.0,193,Finance,47.47
112,27,2,Staff,Human Resources,180000000.0,193,HR,49.8
112,27,2,Staff,Human Resources,206368642.0,46,Attendance,49.5
112,27,2,Staff,Human Resources,206368642.0,46,HR,58.8
112,27,2,Staff,Human Resources,206368642.0,46,Performance,47.754999999999995
112,27,2,Staff,Human Resources,206368642.0,46,Quality,43.8
112,27,2,Staff,Human Resources,206368642.0,46,Teamwork,60.22
112,27,2,Staff,Human Resources,206368642.0,46,Technical,43.61
112,27,2,Staff,Human Resources,291862333.0,334,Finance,44.78
112,27,2,Staff,Human Resources,291862333.0,334,HR,46.23
112,27,2,Staff,Human Resources,291862333.0,334,Performance,44.85
112,27,2,Staff,Human Resources,291862333.0,334,Project,51.44
112,27,2,Staff,Human Resources,291862333.0,334,Quality,50.989999999999995
112,27,2,Staff,Human Resources,291862333.0,334,Teamwork,48.475
112,27,2,Staff,Human Resources,291862333.0,334,Technical,50.54
112,27,2,Staff,Human Resources,472961951.0,350,Efficiency,44.01
112,27,2,Staff,Human Resources,472961951.0,350,Innovation,50.23
112,27,2,Staff,Human Resources,472961951.0,350,Quality,38.36
112,27,2,Staff,Human Resources,472961951.0,350,Teamwork,48.74
112,27,2,Staff,Human Resources,472961951.0,350,Time Management,47.41
112,27,2,Staff,Human Resources,500000000.0,356,Development,47.29
112,27,2,Staff,Human Resources,500000000.0,356,Project,48.44
112,27,2,Staff,Human Resources,500000000.0,356,Technical,47.45
113,24,2,Staff,Finance,82017929.0,114,Attendance,57.114999999999995
113,24,2,Staff,Finance,82017929.0,114,Development,50.739999999999995
113,24,2,Staff,Finance,82017929.0,114,HR,54.35
113,24,2,Staff,Finance,82017929.0,114,Innovation,45.845
113,24,2,Staff,Finance,82017929.0,114,Performance,53.92
113,24,2,Staff,Finance,82017929.0,114,Quality,48.29
113,24,2,Staff,Finance,82017929.0,114,Time Management,53.69
113,24,2,Staff,Finance,90000000.0,244,Attendance,51.15
113,24,2,Staff,Finance,90000000.0,244,Development,48.83
113,24,2,Staff,Finance,90000000.0,244,HR,52.68666666666667
113,24,2,Staff,Finance,90000000.0,244,Innovation,49.95
113,24,2,Staff,Finance,90000000.0,244,Performance,45.36
113,24,2,Staff,Finance,90000000.0,244,Quality,51.21
113,24,2,Staff,Finance,90000000.0,244,Teamwork,48.09
113,24,2,Staff,Finance,110000000.0,199,Efficiency,50.33
113,24,2,Staff,Finance,110000000.0,199,HR,53.615
113,24,2,Staff,Finance,110000000.0,199,Quality,54.52
113,24,2,Staff,Finance,110000000.0,199,Teamwork,60.21
113,24,2,Staff,Finance,250000000.0,291,Attendance,61.17
113,24,2,Staff,Finance,250000000.0,291,HR,57.42
113,24,2,Staff,Finance,250000000.0,291,Project,49.54
113,24,2,Staff,Finance,250000000.0,291,Quality,46.11
113,24,2,Staff,Finance,250000000.0,291,Technical,60.69
113,24,2,Staff,Finance,291868109.0,256,Attendance,55.85
113,24,2,Staff,Finance,291868109.0,256,Development,47.18
113,24,2,Staff,Finance,291868109.0,256,Finance,44.35
113,24,2,Staff,Finance,291868109.0,256,HR,43.52
113,24,2,Staff,Finance,291868109.0,256,Performance,47.69
113,24,2,Staff,Finance,291868109.0,256,Quality,46.765
113,24,2,Staff,Finance,291868109.0,256,Time Management,50.63
113,24,2,Staff,Finance,300000000.0,242,Quality,56.5
113,24,2,Staff,Finance,375514309.0,335,Efficiency,45.34
113,24,2,Staff,Finance,375514309.0,335,HR,50.565
113,24,2,Staff,Finance,375514309.0,335,Innovation,48.5
113,24,2,Staff,Finance,375514309.0,335,Performance,52.605000000000004
113,24,2,Staff,Finance,375514309.0,335,Project,52.79
113,24,2,Staff,Finance,375514309.0,335,Quality,48.71
113,24,2,Staff,Finance,375514309.0,335,Technical,54.21
113,24,2,Staff,Finance,500000000.0,356,Attendance,60.96
113,24,2,Staff,Finance,500000000.0,356,Development,41.86
113,24,2,Staff,Finance,500000000.0,356,Efficiency,51.46
113,24,2,Staff,Finance,500000000.0,356,HR,53.355
113,24,2,Staff,Finance,500000000.0,356,Project,53.125
113,24,2,Staff,Finance,500000000.0,356,Quality,48.57
113,24,2,Staff,Finance,500000000.0,356,Technical,56.72
113,24,2,Staff,Finance,500000000.0,356,Time Management,48.14
114,28,3,Staff,Corporate Strategy,60000000.0,214,HR,63.38
114,28,3,Staff,Corporate Strategy,60000000.0,214,Quality,64.51333333333334
114,28,3,Staff,Corporate Strategy,60000000.0,214,Technical,64.14
114,28,3,Staff,Corporate Strategy,95000000.0,211,Attendance,76.46
114,28,3,Staff,Corporate Strategy,95000000.0,211,Efficiency,66.11
114,28,3,Staff,Corporate Strategy,95000000.0,211,Finance,66.21
114,28,3,Staff,Corporate Strategy,95000000.0,211,Quality,62.28
114,28,3,Staff,Corporate Strategy,95000000.0,211,Technical,68.31
114,28,3,Staff,Corporate Strategy,95000000.0,211,Time Management,67.31
114,28,3,Staff,Corporate Strategy,120000000.0,152,HR,71.41
114,28,3,Staff,Corporate Strategy,120000000.0,152,Innovation,61.09
114,28,3,Staff,Corporate Strategy,140000000.0,211,Attendance,66.07
114,28,3,Staff,Corporate Strategy,140000000.0,211,HR,73.575
114,28,3,Staff,Corporate Strategy,140000000.0,211,Project,71.7
114,28,3,Staff,Corporate Strategy,140000000.0,211,Technical,65.67
114,28,3,Staff,Corporate Strategy,200000000.0,167,Attendance,77.63499999999999
114,28,3,Staff,Corporate Strategy,200000000.0,167,Finance,66.78
114,28,3,Staff,Corporate Strategy,200000000.0,167,HR,71.545
114,28,3,Staff,Corporate Strategy,200000000.0,167,Quality,70.58000000000001
114,28,3,Staff,Corporate Strategy,200000000.0,167,Teamwork,71.55
114,28,3,Staff,Corporate Strategy,355280620.0,347,Development,70.46
114,28,3,Staff,Corporate Strategy,355280620.0,347,Innovation,61.0
114,28,3,Staff,Corporate Strategy,355280620.0,347,Quality,70.75
114,28,3,Staff,Corporate Strategy,355280620.0,347,Teamwork,57.45
114,28,3,Staff,Corporate Strategy,365962025.0,249,Attendance,73.26
114,28,3,Staff,Corporate Strategy,365962025.0,249,Development,66.87
114,28,3,Staff,Corporate Strategy,365962025.0,249,Efficiency,65.75
114,28,3,Staff,Corporate Strategy,365962025.0,249,HR,67.3
114,28,3,Staff,Corporate Strategy,365962025.0,249,Performance,66.63
114,28,3,Staff,Corporate Strategy,365962025.0,249,Quality,67.72999999999999
114,28,3,Staff,Corporate Strategy,365962025.0,249,Teamwork,67.5
114,28,3,Staff,Corporate Strategy,377293102.0,80,Attendance,70.06333333333333
114,28,3,Staff,Corporate Strategy,377293102.0,80,Efficiency,61.17
114,28,3,Staff,Corporate Strategy,377293102.0,80,HR,76.35
114,28,3,Staff,Corporate Strategy,377293102.0,80,Project,67.76
114,28,3,Staff,Corporate Strategy,377293102.0,80,Quality,66.10000000000001
114,28,3,Staff,Corporate Strategy,377293102.0,80,Teamwork,72.41
114,28,3,Staff,Corporate Strategy,377293102.0,80,Time Management,67.3
115,29,5,Senior Staff,Production,60000000.0,214,Development,64.34
115,29,5,Senior Staff,Production,60000000.0,214,Quality,64.61
115,29,5,Senior Staff,Production,75000000.0,203,Efficiency,72.62
115,29,5,Senior Staff,Production,75000000.0,203,HR,69.38
115,29,5,Senior Staff,Production,75000000.0,203,Performance,68.6
115,29,5,Senior Staff,Production,75000000.0,203,Project,63.19
115,29,5,Senior Staff,Production,75000000.0,203,Quality,66.76
115,29,5,Senior Staff,Production,80000000.0,138,Development,65.04
115,29,5,Senior Staff,Production,80000000.0,138,HR,61.36
115,29,5,Senior Staff,Production,80000000.0,138,Quality,65.27
115,29,5,Senior Staff,Production,130000000.0,303,Efficiency,64.28
115,29,5,Senior Staff,Production,130000000.0,303,HR,70.29
115,29,5,Senior Staff,Production,130000000.0,303,Quality,72.73
115,29,5,Senior Staff,Production,130000000.0,303,Technical,66.77
115,29,5,Senior Staff,Production,130000000.0,303,Time Management,67.02
115,29,5,Senior Staff,Production,170000000.0,229,Attendance,70.2
115,29,5,Senior Staff,Production,170000000.0,229,Development,56.96
115,29,5,Senior Staff,Production,170000000.0,229,Efficiency,69.88
115,29,5,Senior Staff,Production,170000000.0,229,Finance,64.67
115,29,5,Senior Staff,Production,170000000.0,229,HR,69.61
115,29,5,Senior Staff,Production,170000000.0,229,Innovation,60.67
115,29,5,Senior Staff,Production,170000000.0,229,Performance,68.6
115,29,5,Senior Staff,Production,170000000.0,229,Project,70.96
115,29,5,Senior Staff,Production,170000000.0,229,Quality,66.47
115,29,5,Senior Staff,Production,170000000.0,229,Time Management,70.9
115,29,5,Senior Staff,Production,204675132.0,174,Development,64.77
115,29,5,Senior Staff,Production,204675132.0,174,Efficiency,71.71
115,29,5,Senior Staff,Production,204675132.0,174,Finance,75.41
115,29,5,Senior Staff,Production,204675132.0,174,Teamwork,62.16
115,29,5,Senior Staff,Production,291868109.0,256,Attendance,71.74
115,29,5,Senior Staff,Production,291868109.0,256,Efficiency,62.4
115,29,5,Senior Staff,Production,291868109.0,256,Finance,70.02000000000001
115,29,5,Senior Staff,Production,291868109.0,256,HR,71.99
115,29,5,Senior Staff,Production,291868109.0,256,Innovation,62.83
115,29,5,Senior Staff,Production,291868109.0,256,Performance,68.34
115,29,5,Senior Staff,Production,291868109.0,256,Project,73.83
115,29,5,Senior Staff,Production,291868109.0,256,Quality,61.56
115,29,5,Senior Staff,Production,385820825.0,138,Efficiency,61.295
115,29,5,Senior Staff,Production,385820825.0,138,Finance,63.935
115,29,5,Senior Staff,Production,385820825.0,138,HR,64.0475
115,29,5,Senior Staff,Production,385820825.0,138,Performance,64.34
115,29,5,Senior Staff,Production,385820825.0,138,Project,65.84
115,29,5,Senior Staff,Production,385820825.0,138,Quality,62.7
115,29,5,Senior Staff,Production,385820825.0,138,Time Management,68.74
116,29,5,Staff,Design,95000000.0,211,Attendance,80.21
116,29,5,Staff,Design,95000000.0,211,Efficiency,72.3
116,29,5,Staff,Design,95000000.0,211,HR,61.53
116,29,5,Staff,Design,110000000.0,199,HR,64.18
116,29,5,Staff,Design,110000000.0,199,Performance,66.56
116,29,5,Staff,Design,110000000.0,199,Quality,66.73
116,29,5,Staff,Design,120000000.0,152,Development,65.89
116,29,5,Staff,Design,120000000.0,152,Time Management,72.34
116,29,5,Staff,Design,178776637.0,118,Efficiency,66.11500000000001
116,29,5,Staff,Design,178776637.0,118,HR,71.05
116,29,5,Staff,Design,178776637.0,118,Innovation,58.76
116,29,5,Staff,Design,178776637.0,118,Quality,61.156666666666666
116,29,5,Staff,Design,178776637.0,118,Teamwork,68.4
116,29,5,Staff,Design,178776637.0,118,Time Management,78.16
116,29,5,Staff,Design,190000000.0,241,Finance,64.17
116,29,5,Staff,Design,190000000.0,241,HR,70.46
116,29,5,Staff,Design,190000000.0,241,Project,64.87
116,29,5,Staff,Design,190000000.0,241,Teamwork,72.65
116,29,5,Staff,Design,200000000.0,167,Attendance,71.70666666666666
116,29,5,Staff,Design,200000000.0,167,Development,59.13
116,29,5,Staff,Design,200000000.0,167,Efficiency,65.98
116,29,5,Staff,Design,200000000.0,167,Finance,72.45
116,29,5,Staff,Design,200000000.0,167,HR,70.63
116,29,5,Staff,Design,200000000.0,167,Innovation,67.1
116,29,5,Staff,Design,200000000.0,167,Performance,68.655
116,29,5,Staff,Design,200000000.0,167,Quality,61.833333333333336
116,29,5,Staff,Design,200000000.0,167,Teamwork,70.18
116,29,5,Staff,Design,291868109.0,256,Efficiency,75.62
116,29,5,Staff,Design,291868109.0,256,HR,71.3
116,29,5,Staff,Design,291868109.0,256,Quality,69.39666666666666
116,29,5,Staff,Design,397696244.0,106,Attendance,74.6
116,29,5,Staff,Design,397696244.0,106,Development,64.37
116,29,5,Staff,Design,397696244.0,106,Finance,66.57
116,29,5,Staff,Design,397696244.0,106,HR,74.53
116,29,5,Staff,Design,397696244.0,106,Teamwork,73.42
116,29,5,Staff,Design,397696244.0,106,Technical,65.92
117,26,3,Staff,Sales,80000000.0,138,Development,72.71
117,26,3,Staff,Sales,80000000.0,138,Innovation,58.67
117,26,3,Staff,Sales,80000000.0,138,Quality,60.585
117,26,3,Staff,Sales,80000000.0,138,Technical,68.48
117,26,3,Staff,Sales,80000000.0,138,Time Management,68.1
117,26,3,Staff,Sales,120000000.0,152,Attendance,77.47
117,26,3,Staff,Sales,120000000.0,152,Development,75.69
117,26,3,Staff,Sales,120000000.0,152,Efficiency,68.01
117,26,3,Staff,Sales,120000000.0,152,Finance,73.6
117,26,3,Staff,Sales,120000000.0,152,Performance,70.91
117,26,3,Staff,Sales,120000000.0,152,Quality,70.39
117,26,3,Staff,Sales,120000000.0,152,Technical,72.59
117,26,3,Staff,Sales,134037811.0,31,Attendance,83.19
117,26,3,Staff,Sales,134037811.0,31,HR,70.0
117,26,3,Staff,Sales,134037811.0,31,Innovation,78.47
117,26,3,Staff,Sales,134037811.0,31,Performance,78.95
117,26,3,Staff,Sales,134037811.0,31,Quality,68.41
117,26,3,Staff,Sales,190000000.0,241,Attendance,64.29
117,26,3,Staff,Sales,190000000.0,241,Development,59.39
117,26,3,Staff,Sales,190000000.0,241,Efficiency,62.9
117,26,3,Staff,Sales,190000000.0,241,Finance,56.04
117,26,3,Staff,Sales,190000000.0,241,HR,61.37
117,26,3,Staff,Sales,190000000.0,241,Performance,61.71000000000001
117,26,3,Staff,Sales,190000000.0,241,Teamwork,62.445
117,26,3,Staff,Sales,190000000.0,241,Time Management,64.985
117,26,3,Staff,Sales,204675132.0,174,Attendance,69.28
117,26,3,Staff,Sales,204675132.0,174,Development,55.99
117,26,3,Staff,Sales,204675132.0,174,HR,64.59
117,26,3,Staff,Sales,204675132.0,174,Innovation,59.32
117,26,3,Staff,Sales,204675132.0,174,Performance,59.59
117,26,3,Staff,Sales,204675132.0,174,Quality,70.66
117,26,3,Staff,Sales,204675132.0,174,Teamwork,65.54
117,26,3,Staff,Sales,204675132.0,174,Time Management,67.37
117,26,3,Staff,Sales,278244747.0,88,Attendance,74.63
117,26,3,Staff,Sales,278244747.0,88,Quality,65.7
117,26,3,Staff,Sales,278244747.0,88,Teamwork,71.08
117,26,3,Staff,Sales,278244747.0,88,Technical,63.425
117,26,3,Staff,Sales,369461833.0,321,Finance,64.94
117,26,3,Staff,Sales,369461833.0,321,Performance,68.37
117,26,3,Staff,Sales,369461833.0,321,Quality,65.81
117,26,3,Staff,Sales,369461833.0,321,Time Management,72.84
117,26,3,Staff,Sales,500000000.0,356,Attendance,76.41
117,26,3,Staff,Sales,500000000.0,356,Development,65.35
117,26,3,Staff,Sales,500000000.0,356,HR,65.56
117,26,3,Staff,Sales,500000000.0,356,Innovation,63.68
117,26,3,Staff,Sales,500000000.0,356,Project,70.92
117,26,3,Staff,Sales,500000000.0,356,Technical,71.2
118,30,2,Staff,IT,88214342.0,149,Finance,57.57
118,30,2,Staff,IT,88214342.0,149,Innovation,60.7
118,30,2,Staff,IT,88214342.0,149,Quality,50.18
118,30,2,Staff,IT,88214342.0,149,Teamwork,57.66
118,30,2,Staff,IT,120000000.0,152,Attendance,56.645
118,30,2,Staff,IT,120000000.0,152,Development,58.2
118,30,2,Staff,IT,120000000.0,152,Efficiency,62.41
118,30,2,Staff,IT,120000000.0,152,Finance,50.5
118,30,2,Staff,IT,120000000.0,152,HR,48.59
118,30,2,Staff,IT,120000000.0,152,Performance,60.93000000000001
118,30,2,Staff,IT,120000000.0,152,Project,54.74
118,30,2,Staff,IT,120000000.0,152,Quality,53.156666666666666
118,30,2,Staff,IT,120000000.0,152,Teamwork,59.12
118,30,2,Staff,IT,130000000.0,303,Attendance,56.44
118,30,2,Staff,IT,130000000.0,303,Development,56.120000000000005
118,30,2,Staff,IT,130000000.0,303,Efficiency,48.88
118,30,2,Staff,IT,130000000.0,303,HR,53.81
118,30,2,Staff,IT,130000000.0,303,Quality,53.629999999999995
118,30,2,Staff,IT,130000000.0,303,Teamwork,54.02
118,30,2,Staff,IT,150000000.0,274,Innovation,46.46
118,30,2,Staff,IT,150000000.0,274,Project,46.74
118,30,2,Staff,IT,150000000.0,274,Quality,53.45
118,30,2,Staff,IT,150000000.0,274,Technical,54.12
118,30,2,Staff,IT,150000000.0,274,Time Management,51.79
118,30,2,Staff,IT,204675132.0,174,Attendance,59.09
118,30,2,Staff,IT,204675132.0,174,HR,61.61
118,30,2,Staff,IT,204675132.0,174,Innovation,59.52
118,30,2,Staff,IT,204675132.0,174,Performance,56.4
118,30,2,Staff,IT,204675132.0,174,Quality,59.11
118,30,2,Staff,IT,204675132.0,174,Teamwork,54.47
118,30,2,Staff,IT,204675132.0,174,Technical,58.11
118,30,2,Staff,IT,291862333.0,334,Attendance,58.406666666666666
118,30,2,Staff,IT,291862333.0,334,HR,52.09
118,30,2,Staff,IT,291862333.0,334,Quality,55.82666666666666
118,30,2,Staff,IT,291862333.0,334,Technical,58.56
118,30,2,Staff,IT,291862333.0,334,Time Management,54.64
118,30,2,Staff,IT,369461833.0,321,HR,56.58
118,30,2,Staff,IT,369461833.0,321,Quality,48.115
119,40,8,Manager,Finance,88214342.0,149,Efficiency,91.82
119,40,8,Manager,Finance,88214342.0,149,Finance,82.68
119,40,8,Manager,Finance,88214342.0,149,HR,98.0
119,40,8,Manager,Finance,88214342.0,149,Project,97.87
119,40,8,Manager,Finance,88214342.0,149,Teamwork,98.0
119,40,8,Manager,Finance,134037811.0,31,HR,97.79
119,40,8,Manager,Finance,134037811.0,31,Innovation,89.28
119,40,8,Manager,Finance,134037811.0,31,Performance,98.0
119,40,8,Manager,Finance,134037811.0,31,Quality,98.0
119,40,8,Manager,Finance,150000000.0,274,Efficiency,96.51
119,40,8,Manager,Finance,150000000.0,274,Finance,95.39
119,40,8,Manager,Finance,150000000.0,274,HR,95.94999999999999
119,40,8,Manager,Finance,150000000.0,274,Project,93.46
119,40,8,Manager,Finance,150000000.0,274,Quality,95.535
119,40,8,Manager,Finance,150000000.0,274,Teamwork,98.0
119,40,8,Manager,Finance,150000000.0,274,Time Management,98.0
119,40,8,Manager,Finance,190000000.0,241,Attendance,98.0
119,40,8,Manager,Finance,190000000.0,241,Efficiency,96.16499999999999
119,40,8,Manager,Finance,190000000.0,241,Finance,97.29
119,40,8,Manager,Finance,190000000.0,241,Performance,96.77
119,40,8,Manager,Finance,190000000.0,241,Quality,96.53999999999999
119,40,8,Manager,Finance,291862333.0,334,Attendance,98.0
119,40,8,Manager,Finance,291862333.0,334,Development,92.535
119,40,8,Manager,Finance,291862333.0,334,Finance,94.41499999999999
119,40,8,Manager,Finance,291862333.0,334,Innovation,96.0
119,40,8,Manager,Finance,291862333.0,334,Performance,91.49
119,40,8,Manager,Finance,291862333.0,334,Project,98.0
119,40,8,Manager,Finance,291862333.0,334,Quality,92.44
119,40,8,Manager,Finance,291862333.0,334,Teamwork,98.0
119,40,8,Manager,Finance,291862333.0,334,Time Management,98.0
119,40,8,Manager,Finance,300000000.0,242,Attendance,96.21
119,40,8,Manager,Finance,300000000.0,242,Development,85.04
119,40,8,Manager,Finance,300000000.0,242,Efficiency,91.9
119,40,8,Manager,Finance,300000000.0,242,Finance,88.76
119,40,8,Manager,Finance,300000000.0,242,Innovation,93.09
119,40,8,Manager,Finance,300000000.0,242,Quality,85.42500000000001
119,40,8,Manager,Finance,300000000.0,242,Technical,92.62
119,40,8,Manager,Finance,300000000.0,242,Time Management,84.23
119,40,8,Manager,Finance,377293102.0,80,Attendance,90.62
119,40,8,Manager,Finance,377293102.0,80,Finance,86.41
119,40,8,Manager,Finance,377293102.0,80,HR,92.56
119,40,8,Manager,Finance,377293102.0,80,Project,91.91
119,40,8,Manager,Finance,377293102.0,80,Quality,86.88
119,40,8,Manager,Finance,377293102.0,80,Technical,90.71
119,40,8,Manager,Finance,404564658.0,71,Development,88.94
119,40,8,Manager,Finance,404564658.0,71,Finance,87.81
119,40,8,Manager,Finance,404564658.0,71,HR,92.38
119,40,8,Manager,Finance,404564658.0,71,Quality,93.055
119,40,8,Manager,Finance,404564658.0,71,Teamwork,98.0
119,40,8,Manager,Finance,404564658.0,71,Time Management,92.025
120,44,11,Manager,Corporate Strategy,50000000.0,211,Efficiency,97.63
120,44,11,Manager,Corporate Strategy,50000000.0,211,Finance,98.0
120,44,11,Manager,Corporate Strategy,50000000.0,211,HR,98.0
120,44,11,Manager,Corporate Strategy,50000000.0,211,Quality,95.56
120,44,11,Manager,Corporate Strategy,50000000.0,211,Teamwork,98.0
120,44,11,Manager,Corporate Strategy,50000000.0,211,Technical,95.17
120,44,11,Manager,Corporate Strategy,110000000.0,199,Efficiency,98.0
120,44,11,Manager,Corporate Strategy,110000000.0,199,Innovation,92.54
120,44,11,Manager,Corporate Strategy,110000000.0,199,Performance,98.0
120,44,11,Manager,Corporate Strategy,120000000.0,152,Attendance,98.0
120,44,11,Manager,Corporate Strategy,120000000.0,152,Development,92.69
120,44,11,Manager,Corporate Strategy,120000000.0,152,Efficiency,98.0
120,44,11,Manager,Corporate Strategy,120000000.0,152,Finance,98.0
120,44,11,Manager,Corporate Strategy,120000000.0,152,HR,94.03
120,44,11,Manager,Corporate Strategy,120000000.0,152,Innovation,98.0
120,44,11,Manager,Corporate Strategy,120000000.0,152,Performance,98.0
120,44,11,Manager,Corporate Strategy,120000000.0,152,Project,95.22
120,44,11,Manager,Corporate Strategy,120000000.0,152,Quality,95.595
120,44,11,Manager,Corporate Strategy,120000000.0,152,Teamwork,95.12
120,44,11,Manager,Corporate Strategy,120000000.0,152,Technical,86.32
120,44,11,Manager,Corporate Strategy,120000000.0,152,Time Management,95.45
120,44,11,Manager,Corporate Strategy,130000000.0,303,HR,93.03
120,44,11,Manager,Corporate Strategy,130000000.0,303,Performance,94.07
120,44,11,Manager,Corporate Strategy,130000000.0,303,Quality,94.115
120,44,11,Manager,Corporate Strategy,130000000.0,303,Teamwork,98.0
120,44,11,Manager,Corporate Strategy,130000000.0,303,Technical,90.81
120,44,11,Manager,Corporate Strategy,130000000.0,303,Time Management,98.0
120,44,11,Manager,Corporate Strategy,200000000.0,167,Development,95.38
120,44,11,Manager,Corporate Strategy,200000000.0,167,Efficiency,98.0
120,44,11,Manager,Corporate Strategy,200000000.0,167,Finance,97.95
120,44,11,Manager,Corporate Strategy,200000000.0,167,Performance,95.56
120,44,11,Manager,Corporate Strategy,200000000.0,167,Project,97.38
120,44,11,Manager,Corporate Strategy,200000000.0,167,Quality,96.555
120,44,11,Manager,Corporate Strategy,200000000.0,167,Time Management,98.0
120,44,11,Manager,Corporate Strategy,365962025.0,249,HR,98.0
120,44,11,Manager,Corporate Strategy,365962025.0,249,Innovation,95.36
120,44,11,Manager,Corporate Strategy,365962025.0,249,Quality,97.16
120,44,11,Manager,Corporate Strategy,365962025.0,249,Teamwork,98.0
120,44,11,Manager,Corporate Strategy,369461833.0,321,Attendance,98.0
120,44,11,Manager,Corporate Strategy,369461833.0,321,Development,98.0
120,44,11,Manager,Corporate Strategy,369461833.0,321,HR,97.09
120,44,11,Manager,Corporate Strategy,369461833.0,321,Performance,97.74
120,44,11,Manager,Corporate Strategy,369461833.0,321,Quality,97.75
120,44,11,Manager,Corporate Strategy,369461833.0,321,Teamwork,98.0
120,44,11,Manager,Corporate Strategy,369461833.0,321,Time Management,98.0
120,44,11,Manager,Corporate Strategy,500000000.0,356,Attendance,98.0
120,44,11,Manager,Corporate Strategy,500000000.0,356,Development,94.08
120,44,11,Manager,Corporate Strategy,500000000.0,356,Efficiency,98.0
120,44,11,Manager,Corporate Strategy,500000000.0,356,Finance,98.0
120,44,11,Manager,Corporate Strategy,500000000.0,356,HR,96.09
120,44,11,Manager,Corporate Strategy,500000000.0,356,Innovation,92.49
120,44,11,Manager,Corporate Strategy,500000000.0,356,Performance,91.14
120,44,11,Manager,Corporate Strategy,500000000.0,356,Project,89.99
120,44,11,Manager,Corporate Strategy,500000000.0,356,Quality,92.22
120,44,11,Manager,Corporate Strategy,500000000.0,356,Technical,96.735
121,37,10,Manager,Customer Service,50000000.0,211,Attendance,98.0
121,37,10,Manager,Customer Service,50000000.0,211,Development,85.88
121,37,10,Manager,Customer Service,50000000.0,211,Finance,97.45
121,37,10,Manager,Customer Service,50000000.0,211,HR,92.54
121,37,10,Manager,Customer Service,50000000.0,211,Project,97.93
121,37,10,Manager,Customer Service,50000000.0,211,Quality,91.21666666666665
121,37,10,Manager,Customer Service,50000000.0,211,Technical,88.98
121,37,10,Manager,Customer Service,50000000.0,211,Time Management,94.81
121,37,10,Manager,Customer Service,110000000.0,199,Attendance,93.755
121,37,10,Manager,Customer Service,110000000.0,199,Development,90.73
121,37,10,Manager,Customer Service,110000000.0,199,Efficiency,90.45
121,37,10,Manager,Customer Service,110000000.0,199,Finance,89.97
121,37,10,Manager,Customer Service,110000000.0,199,HR,89.84
121,37,10,Manager,Customer Service,110000000.0,199,Performance,92.35
121,37,10,Manager,Customer Service,110000000.0,199,Quality,87.91
121,37,10,Manager,Customer Service,110000000.0,199,Teamwork,98.0
121,37,10,Manager,Customer Service,110000000.0,199,Time Management,96.24000000000001
121,37,10,Manager,Customer Service,140000000.0,211,Attendance,93.115
121,37,10,Manager,Customer Service,140000000.0,211,Efficiency,92.21
121,37,10,Manager,Customer Service,140000000.0,211,Finance,94.25
121,37,10,Manager,Customer Service,140000000.0,211,HR,89.46666666666665
121,37,10,Manager,Customer Service,140000000.0,211,Innovation,79.95
121,37,10,Manager,Customer Service,140000000.0,211,Performance,89.35
121,37,10,Manager,Customer Service,140000000.0,211,Quality,87.19666666666667
121,37,10,Manager,Customer Service,140000000.0,211,Technical,88.55
121,37,10,Manager,Customer Service,140000000.0,211,Time Management,92.43
121,37,10,Manager,Customer Service,178776637.0,118,Attendance,97.58
121,37,10,Manager,Customer Service,178776637.0,118,Efficiency,96.41
121,37,10,Manager,Customer Service,178776637.0,118,HR,97.42
121,37,10,Manager,Customer Service,178776637.0,118,Innovation,89.91
121,37,10,Manager,Customer Service,178776637.0,118,Quality,93.02
121,37,10,Manager,Customer Service,178776637.0,118,Teamwork,98.0
121,37,10,Manager,Customer Service,178776637.0,118,Technical,94.62
121,37,10,Manager,Customer Service,178776637.0,118,Time Management,93.62
121,37,10,Manager,Customer Service,355280620.0,347,Development,91.19
121,37,10,Manager,Customer Service,355280620.0,347,Quality,86.925
121,37,10,Manager,Customer Service,355280620.0,347,Technical,89.19
121,37,10,Manager,Customer Service,355280620.0,347,Time Management,90.75
121,37,10,Manager,Customer Service,377293102.0,80,Attendance,98.0
121,37,10,Manager,Customer Service,377293102.0,80,Development,92.87
121,37,10,Manager,Customer Service,377293102.0,80,Efficiency,87.9
121,37,10,Manager,Customer Service,377293102.0,80,Finance,92.13
121,37,10,Manager,Customer Service,377293102.0,80,HR,93.25
121,37,10,Manager,Customer Service,377293102.0,80,Innovation,88.74000000000001
121,37,10,Manager,Customer Service,377293102.0,80,Quality,89.58999999999999
121,37,10,Manager,Customer Service,377293102.0,80,Technical,91.86
121,37,10,Manager,Customer Service,385820825.0,138,Finance,88.535
121,37,10,Manager,Customer Service,385820825.0,138,HR,92.38
121,37,10,Manager,Customer Service,385820825.0,138,Innovation,85.87
121,37,10,Manager,Customer Service,385820825.0,138,Quality,86.38
121,37,10,Manager,Customer Service,385820825.0,138,Teamwork,95.33
121,37,10,Manager,Customer Service,385820825.0,138,Technical,84.42
121,37,10,Manager,Customer Service,385820825.0,138,Time Management,92.88
121,37,10,Manager,Customer Service,466447298.0,297,Attendance,95.00333333333333
121,37,10,Manager,Customer Service,466447298.0,297,Development,85.0
121,37,10,Manager,Customer Service,466447298.0,297,Efficiency,90.58
121,37,10,Manager,Customer Service,466447298.0,297,HR,95.935
121,37,10,Manager,Customer Service,466447298.0,297,Performance,92.91
121,37,10,Manager,Customer Service,466447298.0,297,Project,93.32
121,37,10,Manager,Customer Service,466447298.0,297,Quality,87.37666666666667
121,37,10,Manager,Customer Service,466447298.0,297,Technical,87.83
121,37,10,Manager,Customer Service,466447298.0,297,Time Management,96.54
122,37,7,Senior Staff,Operations,75000000.0,203,Attendance,75.89
122,37,7,Senior Staff,Operations,75000000.0,203,Efficiency,68.7
122,37,7,Senior Staff,Operations,75000000.0,203,HR,66.84
122,37,7,Senior Staff,Operations,75000000.0,203,Performance,64.745
122,37,7,Senior Staff,Operations,75000000.0,203,Project,62.5
122,37,7,Senior Staff,Operations,75000000.0,203,Quality,69.43
122,37,7,Senior Staff,Operations,75000000.0,203,Teamwork,63.15
122,37,7,Senior Staff,Operations,75000000.0,203,Technical,71.6
122,37,7,Senior Staff,Operations,88214342.0,149,Attendance,83.85
122,37,7,Senior Staff,Operations,88214342.0,149,Efficiency,73.16499999999999
122,37,7,Senior Staff,Operations,88214342.0,149,Technical,74.86
122,37,7,Senior Staff,Operations,90000000.0,244,Attendance,76.56
122,37,7,Senior Staff,Operations,90000000.0,244,HR,70.69
122,37,7,Senior Staff,Operations,90000000.0,244,Innovation,66.375
122,37,7,Senior Staff,Operations,90000000.0,244,Quality,61.07
122,37,7,Senior Staff,Operations,90000000.0,244,Time Management,60.39
122,37,7,Senior Staff,Operations,130000000.0,303,Attendance,70.205
122,37,7,Senior Staff,Operations,130000000.0,303,Efficiency,69.21
122,37,7,Senior Staff,Operations,130000000.0,303,HR,69.23
122,37,7,Senior Staff,Operations,130000000.0,303,Performance,73.79
122,37,7,Senior Staff,Operations,130000000.0,303,Quality,67.35
122,37,7,Senior Staff,Operations,130000000.0,303,Teamwork,70.02
122,37,7,Senior Staff,Operations,130000000.0,303,Time Management,67.98
122,37,7,Senior Staff,Operations,134037811.0,31,Efficiency,76.62
122,37,7,Senior Staff,Operations,134037811.0,31,Finance,65.71
122,37,7,Senior Staff,Operations,134037811.0,31,Performance,63.58
122,37,7,Senior Staff,Operations,134037811.0,31,Quality,65.485
122,37,7,Senior Staff,Operations,134037811.0,31,Teamwork,69.53
122,37,7,Senior Staff,Operations,134037811.0,31,Technical,66.2
122,37,7,Senior Staff,Operations,134037811.0,31,Time Management,74.01
122,37,7,Senior Staff,Operations,204675132.0,174,HR,68.24
122,37,7,Senior Staff,Operations,204675132.0,174,Innovation,68.46
122,37,7,Senior Staff,Operations,204675132.0,174,Project,56.81
122,37,7,Senior Staff,Operations,204675132.0,174,Teamwork,73.11
122,37,7,Senior Staff,Operations,204675132.0,174,Technical,77.91
122,37,7,Senior Staff,Operations,375514309.0,335,Attendance,71.28
122,37,7,Senior Staff,Operations,375514309.0,335,Development,65.54
122,37,7,Senior Staff,Operations,375514309.0,335,Efficiency,77.38
122,37,7,Senior Staff,Operations,375514309.0,335,Finance,65.49
122,37,7,Senior Staff,Operations,375514309.0,335,Teamwork,72.2
122,37,7,Senior Staff,Operations,472961951.0,350,Attendance,71.21
122,37,7,Senior Staff,Operations,472961951.0,350,Development,63.57
122,37,7,Senior Staff,Operations,472961951.0,350,HR,78.79
122,37,7,Senior Staff,Operations,472961951.0,350,Project,65.74
122,37,7,Senior Staff,Operations,472961951.0,350,Quality,65.15333333333334
122,37,7,Senior Staff,Operations,472961951.0,350,Teamwork,73.04
122,37,7,Senior Staff,Operations,472961951.0,350,Time Management,77.03
123,47,13,Manager,Customer Service,90000000.0,244,Attendance,91.94
123,47,13,Manager,Customer Service,90000000.0,244,Efficiency,94.64
123,47,13,Manager,Customer Service,90000000.0,244,Finance,88.47
123,47,13,Manager,Customer Service,90000000.0,244,HR,89.28
123,47,13,Manager,Customer Service,90000000.0,244,Innovation,85.78666666666668
123,47,13,Manager,Customer Service,90000000.0,244,Performance,90.05
123,47,13,Manager,Customer Service,90000000.0,244,Teamwork,94.03
123,47,13,Manager,Customer Service,90000000.0,244,Technical,90.6
123,47,13,Manager,Customer Service,90000000.0,244,Time Management,89.33500000000001
123,47,13,Manager,Customer Service,170000000.0,229,Attendance,89.01
123,47,13,Manager,Customer Service,170000000.0,229,Efficiency,89.07
123,47,13,Manager,Customer Service,170000000.0,229,HR,95.925
123,47,13,Manager,Customer Service,170000000.0,229,Innovation,89.73
123,47,13,Manager,Customer Service,170000000.0,229,Project,91.675
123,47,13,Manager,Customer Service,170000000.0,229,Quality,89.755
123,47,13,Manager,Customer Service,170000000.0,229,Time Management,96.54
123,47,13,Manager,Customer Service,204675132.0,174,Attendance,97.24
123,47,13,Manager,Customer Service,204675132.0,174,Development,90.305
123,47,13,Manager,Customer Service,204675132.0,174,Efficiency,92.88
123,47,13,Manager,Customer Service,204675132.0,174,HR,92.23
123,47,13,Manager,Customer Service,204675132.0,174,Innovation,89.72
123,47,13,Manager,Customer Service,204675132.0,174,Performance,96.61
123,47,13,Manager,Customer Service,204675132.0,174,Project,93.43
123,47,13,Manager,Customer Service,204675132.0,174,Quality,90.75999999999999
123,47,13,Manager,Customer Service,204675132.0,174,Teamwork,91.33
123,47,13,Manager,Customer Service,250000000.0,291,Efficiency,87.3
123,47,13,Manager,Customer Service,250000000.0,291,Technical,87.45
123,47,13,Manager,Customer Service,291862333.0,334,HR,85.96
123,47,13,Manager,Customer Service,291868109.0,256,Finance,88.60499999999999
123,47,13,Manager,Customer Service,291868109.0,256,HR,93.53
123,47,13,Manager,Customer Service,291868109.0,256,Innovation,84.83
123,47,13,Manager,Customer Service,291868109.0,256,Project,89.805
123,47,13,Manager,Customer Service,291868109.0,256,Quality,87.02
123,47,13,Manager,Customer Service,291868109.0,256,Teamwork,94.16
123,47,13,Manager,Customer Service,291868109.0,256,Technical,83.85
123,47,13,Manager,Customer Service,375514309.0,335,HR,92.05
123,47,13,Manager,Customer Service,375514309.0,335,Innovation,92.98
123,47,13,Manager,Customer Service,375514309.0,335,Quality,86.63
123,47,13,Manager,Customer Service,375514309.0,335,Technical,84.56
123,47,13,Manager,Customer Service,375514309.0,335,Time Management,85.48
123,47,13,Manager,Customer Service,472961951.0,350,Attendance,98.0
123,47,13,Manager,Customer Service,472961951.0,350,Efficiency,90.27
123,47,13,Manager,Customer Service,472961951.0,350,Finance,95.75
123,47,13,Manager,Customer Service,472961951.0,350,HR,86.64
123,47,13,Manager,Customer Service,472961951.0,350,Performance,89.5
123,47,13,Manager,Customer Service,472961951.0,350,Quality,87.72666666666667
123,47,13,Manager,Customer Service,472961951.0,350,Technical,91.83
123,47,13,Manager,Customer Service,472961951.0,350,Time Management,93.33
124,27,1,Staff,Marketing,75000000.0,203,Attendance,55.73
124,27,1,Staff,Marketing,75000000.0,203,Development,47.68
124,27,1,Staff,Marketing,75000000.0,203,Efficiency,48.94
124,27,1,Staff,Marketing,75000000.0,203,Finance,50.64
124,27,1,Staff,Marketing,75000000.0,203,HR,40.77
124,27,1,Staff,Marketing,75000000.0,203,Innovation,43.38
124,27,1,Staff,Marketing,75000000.0,203,Project,54.54
124,27,1,Staff,Marketing,75000000.0,203,Quality,54.54
124,27,1,Staff,Marketing,75000000.0,203,Teamwork,53.03
124,27,1,Staff,Marketing,75000000.0,203,Time Management,51.41
124,27,1,Staff,Marketing,82017929.0,114,HR,51.8
124,27,1,Staff,Marketing,82017929.0,114,Performance,43.87
124,27,1,Staff,Marketing,82017929.0,114,Quality,43.5
124,27,1,Staff,Marketing,82017929.0,114,Teamwork,50.6
124,27,1,Staff,Marketing,120000000.0,152,Attendance,52.67
124,27,1,Staff,Marketing,120000000.0,152,Development,47.23
124,27,1,Staff,Marketing,120000000.0,152,Efficiency,51.63
124,27,1,Staff,Marketing,120000000.0,152,Innovation,49.83
124,27,1,Staff,Marketing,120000000.0,152,Performance,56.61
124,27,1,Staff,Marketing,120000000.0,152,Quality,48.17
124,27,1,Staff,Marketing,120000000.0,152,Teamwork,44.28
124,27,1,Staff,Marketing,120000000.0,152,Time Management,55.1
124,27,1,Staff,Marketing,190000000.0,241,Attendance,49.92
124,27,1,Staff,Marketing,190000000.0,241,Efficiency,55.02
124,27,1,Staff,Marketing,190000000.0,241,Innovation,47.83
124,27,1,Staff,Marketing,291868109.0,256,HR,54.2675
124,27,1,Staff,Marketing,291868109.0,256,Innovation,51.67
124,27,1,Staff,Marketing,291868109.0,256,Project,54.48
124,27,1,Staff,Marketing,291868109.0,256,Quality,51.0375
124,27,1,Staff,Marketing,291868109.0,256,Technical,51.08
124,27,1,Staff,Marketing,291868109.0,256,Time Management,55.2
124,27,1,Staff,Marketing,369461833.0,321,Attendance,57.7
124,27,1,Staff,Marketing,369461833.0,321,Development,53.26
124,27,1,Staff,Marketing,369461833.0,321,Finance,47.55
124,27,1,Staff,Marketing,369461833.0,321,HR,53.29
124,27,1,Staff,Marketing,369461833.0,321,Innovation,51.69
124,27,1,Staff,Marketing,369461833.0,321,Performance,45.18
124,27,1,Staff,Marketing,369461833.0,321,Project,53.9
124,27,1,Staff,Marketing,369461833.0,321,Quality,51.315
124,27,1,Staff,Marketing,369461833.0,321,Teamwork,56.78
124,27,1,Staff,Marketing,369461833.0,321,Technical,51.08
124,27,1,Staff,Marketing,369461833.0,321,Time Management,48.96
124,27,1,Staff,Marketing,377293102.0,80,Attendance,51.01
124,27,1,Staff,Marketing,377293102.0,80,Finance,49.14
124,27,1,Staff,Marketing,377293102.0,80,HR,56.17
124,27,1,Staff,Marketing,377293102.0,80,Project,52.620000000000005
124,27,1,Staff,Marketing,377293102.0,80,Quality,50.66
124,27,1,Staff,Marketing,377293102.0,80,Teamwork,52.65
124,27,1,Staff,Marketing,377293102.0,80,Technical,47.58
124,27,1,Staff,Marketing,466447298.0,297,Attendance,55.01
124,27,1,Staff,Marketing,466447298.0,297,Efficiency,50.715
124,27,1,Staff,Marketing,466447298.0,297,Finance,55.35
124,27,1,Staff,Marketing,466447298.0,297,Performance,53.38
124,27,1,Staff,Marketing,466447298.0,297,Teamwork,51.02
125,22,2,Staff,IT,80000000.0,138,Development,67.92
125,22,2,Staff,IT,80000000.0,138,Project,66.15
125,22,2,Staff,IT,80000000.0,138,Teamwork,75.92
125,22,2,Staff,IT,82017929.0,114,Development,69.37
125,22,2,Staff,IT,82017929.0,114,Efficiency,63.33
125,22,2,Staff,IT,82017929.0,114,HR,66.1
125,22,2,Staff,IT,82017929.0,114,Innovation,54.5
125,22,2,Staff,IT,82017929.0,114,Performance,67.44
125,22,2,Staff,IT,82017929.0,114,Project,61.53
125,22,2,Staff,IT,82017929.0,114,Quality,73.58
125,22,2,Staff,IT,82017929.0,114,Teamwork,68.89
125,22,2,Staff,IT,82017929.0,114,Time Management,62.8
125,22,2,Staff,IT,90000000.0,244,Performance,67.51
125,22,2,Staff,IT,90000000.0,244,Project,69.73
125,22,2,Staff,IT,90000000.0,244,Quality,62.64
125,22,2,Staff,IT,90000000.0,244,Teamwork,67.12
125,22,2,Staff,IT,95000000.0,211,Development,66.41
125,22,2,Staff,IT,95000000.0,211,Teamwork,75.49
125,22,2,Staff,IT,95000000.0,211,Time Management,67.46
125,22,2,Staff,IT,110000000.0,199,Innovation,65.42
125,22,2,Staff,IT,110000000.0,199,Performance,65.04
125,22,2,Staff,IT,110000000.0,199,Technical,61.4
125,22,2,Staff,IT,110000000.0,199,Time Management,60.24
125,22,2,Staff,IT,369461833.0,321,Development,61.11
125,22,2,Staff,IT,369461833.0,321,Finance,64.83
125,22,2,Staff,IT,369461833.0,321,HR,70.18
125,22,2,Staff,IT,369461833.0,321,Project,68.145
125,22,2,Staff,IT,369461833.0,321,Technical,69.25
125,22,2,Staff,IT,375514309.0,335,Attendance,73.77
125,22,2,Staff,IT,375514309.0,335,Development,64.76
125,22,2,Staff,IT,375514309.0,335,Efficiency,64.35
125,22,2,Staff,IT,375514309.0,335,Finance,66.07
125,22,2,Staff,IT,375514309.0,335,Project,65.43
125,22,2,Staff,IT,375514309.0,335,Quality,71.35166666666667
125,22,2,Staff,IT,375514309.0,335,Teamwork,73.9
125,22,2,Staff,IT,375514309.0,335,Technical,72.23
125,22,2,Staff,IT,375514309.0,335,Time Management,69.6
126,41,10,Manager,Operations,60000000.0,214,Attendance,98.0
126,41,10,Manager,Operations,60000000.0,214,Development,90.71
126,41,10,Manager,Operations,60000000.0,214,Finance,97.02
126,41,10,Manager,Operations,60000000.0,214,HR,98.0
126,41,10,Manager,Operations,60000000.0,214,Performance,87.67
126,41,10,Manager,Operations,60000000.0,214,Teamwork,94.7
126,41,10,Manager,Operations,60000000.0,214,Technical,93.65
126,41,10,Manager,Operations,82017929.0,114,Attendance,98.0
126,41,10,Manager,Operations,82017929.0,114,HR,92.93
126,41,10,Manager,Operations,82017929.0,114,Performance,98.0
126,41,10,Manager,Operations,82017929.0,114,Quality,89.005
126,41,10,Manager,Operations,82017929.0,114,Teamwork,95.4
126,41,10,Manager,Operations,82017929.0,114,Technical,89.2
126,41,10,Manager,Operations,95000000.0,211,Attendance,96.38
126,41,10,Manager,Operations,95000000.0,211,Finance,98.0
126,41,10,Manager,Operations,95000000.0,211,HR,91.19
126,41,10,Manager,Operations,95000000.0,211,Performance,94.7
126,41,10,Manager,Operations,95000000.0,211,Quality,94.91999999999999
126,41,10,Manager,Operations,95000000.0,211,Time Management,87.39
126,41,10,Manager,Operations,130000000.0,303,Attendance,98.0
126,41,10,Manager,Operations,130000000.0,303,Development,90.055
126,41,10,Manager,Operations,130000000.0,303,Efficiency,97.7
126,41,10,Manager,Operations,130000000.0,303,Finance,86.06
126,41,10,Manager,Operations,130000000.0,303,Performance,95.67
126,41,10,Manager,Operations,130000000.0,303,Quality,93.19
126,41,10,Manager,Operations,130000000.0,303,Time Management,97.44
126,41,10,Manager,Operations,150000000.0,274,HR,93.19
126,41,10,Manager,Operations,150000000.0,274,Performance,89.45
126,41,10,Manager,Operations,150000000.0,274,Quality,89.15
126,41,10,Manager,Operations,150000000.0,274,Teamwork,98.0
126,41,10,Manager,Operations,291862333.0,334,Attendance,98.0
126,41,10,Manager,Operations,291862333.0,334,Efficiency,95.495
126,41,10,Manager,Operations,291862333.0,334,HR,97.0
126,41,10,Manager,Operations,291862333.0,334,Innovation,98.0
126,41,10,Manager,Operations,291862333.0,334,Performance,90.28
126,41,10,Manager,Operations,291862333.0,334,Quality,94.234
126,41,10,Manager,Operations,291862333.0,334,Teamwork,96.41333333333334
126,41,10,Manager,Operations,291862333.0,334,Technical,98.0
126,41,10,Manager,Operations,291862333.0,334,Time Management,93.89
126,41,10,Manager,Operations,300000000.0,242,Efficiency,93.35
126,41,10,Manager,Operations,300000000.0,242,HR,93.77
126,41,10,Manager,Operations,300000000.0,242,Innovation,92.09
126,41,10,Manager,Operations,300000000.0,242,Performance,92.15
126,41,10,Manager,Operations,300000000.0,242,Project,94.89
126,41,10,Manager,Operations,300000000.0,242,Quality,90.815
126,41,10,Manager,Operations,300000000.0,242,Technical,92.05
126,41,10,Manager,Operations,493794225.0,102,Development,92.39
126,41,10,Manager,Operations,493794225.0,102,Efficiency,89.0
126,41,10,Manager,Operations,493794225.0,102,Finance,86.315
126,41,10,Manager,Operations,493794225.0,102,HR,94.45
126,41,10,Manager,Operations,493794225.0,102,Innovation,88.98
126,41,10,Manager,Operations,493794225.0,102,Quality,90.345
126,41,10,Manager,Operations,493794225.0,102,Teamwork,98.0
126,41,10,Manager,Operations,493794225.0,102,Technical,89.34
126,41,10,Manager,Operations,493794225.0,102,Time Management,95.0
127,48,11,Manager,Production,90000000.0,244,Attendance,98.0
127,48,11,Manager,Production,90000000.0,244,Quality,91.64500000000001
127,48,11,Manager,Production,110000000.0,199,Attendance,98.0
127,48,11,Manager,Production,110000000.0,199,Efficiency,97.185
127,48,11,Manager,Production,110000000.0,199,Finance,91.31
127,48,11,Manager,Production,110000000.0,199,Quality,90.50999999999999
127,48,11,Manager,Production,110000000.0,199,Teamwork,88.41
127,48,11,Manager,Production,110000000.0,199,Technical,97.59
127,48,11,Manager,Production,140000000.0,211,Development,87.51
127,48,11,Manager,Production,140000000.0,211,Efficiency,95.28
127,48,11,Manager,Production,140000000.0,211,Finance,94.04
127,48,11,Manager,Production,140000000.0,211,Innovation,89.71000000000001
127,48,11,Manager,Production,140000000.0,211,Performance,93.0
127,48,11,Manager,Production,140000000.0,211,Project,92.77
127,48,11,Manager,Production,140000000.0,211,Quality,93.94
127,48,11,Manager,Production,140000000.0,211,Teamwork,93.74
127,48,11,Manager,Production,180000000.0,193,Attendance,96.65
127,48,11,Manager,Production,180000000.0,193,Efficiency,95.2
127,48,11,Manager,Production,180000000.0,193,HR,96.515
127,48,11,Manager,Production,180000000.0,193,Quality,95.13
127,48,11,Manager,Production,180000000.0,193,Teamwork,89.91
127,48,11,Manager,Production,180000000.0,193,Technical,95.57
127,48,11,Manager,Production,180000000.0,193,Time Management,92.075
127,48,11,Manager,Production,206368642.0,46,Development,92.09
127,48,11,Manager,Production,206368642.0,46,Efficiency,96.24000000000001
127,48,11,Manager,Production,206368642.0,46,Finance,94.47
127,48,11,Manager,Production,206368642.0,46,Teamwork,94.5
127,48,11,Manager,Production,291868109.0,256,Development,91.28
127,48,11,Manager,Production,291868109.0,256,Efficiency,89.32
127,48,11,Manager,Production,291868109.0,256,Finance,91.62
127,48,11,Manager,Production,291868109.0,256,HR,90.81
127,48,11,Manager,Production,291868109.0,256,Innovation,97.21
127,48,11,Manager,Production,291868109.0,256,Performance,98.0
127,48,11,Manager,Production,291868109.0,256,Quality,89.41
127,48,11,Manager,Production,291868109.0,256,Technical,94.06
127,48,11,Manager,Production,291868109.0,256,Time Management,98.0
127,48,11,Manager,Production,466447298.0,297,Development,88.47
127,48,11,Manager,Production,466447298.0,297,Innovation,91.63
127,48,11,Manager,Production,466447298.0,297,Project,92.83
127,48,11,Manager,Production,466447298.0,297,Quality,89.65
127,48,11,Manager,Production,493794225.0,102,Attendance,92.53
127,48,11,Manager,Production,493794225.0,102,Development,88.35
127,48,11,Manager,Production,493794225.0,102,Finance,91.0
127,48,11,Manager,Production,493794225.0,102,HR,89.97
127,48,11,Manager,Production,493794225.0,102,Performance,91.71
127,48,11,Manager,Production,493794225.0,102,Project,89.995
127,48,11,Manager,Production,493794225.0,102,Quality,88.48
127,48,11,Manager,Production,493794225.0,102,Teamwork,98.0
127,48,11,Manager,Production,493794225.0,102,Technical,93.39
127,48,11,Manager,Production,493794225.0,102,Time Management,90.56
128,29,1,Staff,Design,50000000.0,211,Efficiency,40.8
128,29,1,Staff,Design,50000000.0,211,Finance,50.81
128,29,1,Staff,Design,50000000.0,211,Innovation,57.03
128,29,1,Staff,Design,50000000.0,211,Performance,43.63
128,29,1,Staff,Design,50000000.0,211,Project,57.85
128,29,1,Staff,Design,50000000.0,211,Quality,49.29
128,29,1,Staff,Design,50000000.0,211,Technical,47.37
128,29,1,Staff,Design,50000000.0,211,Time Management,54.06
128,29,1,Staff,Design,82017929.0,114,Attendance,44.35
128,29,1,Staff,Design,82017929.0,114,HR,50.425
128,29,1,Staff,Design,82017929.0,114,Quality,44.82333333333333
128,29,1,Staff,Design,130000000.0,303,HR,58.73
128,29,1,Staff,Design,130000000.0,303,Innovation,48.7
128,29,1,Staff,Design,130000000.0,303,Time Management,40.84
128,29,1,Staff,Design,150000000.0,274,Development,48.58
128,29,1,Staff,Design,150000000.0,274,Efficiency,47.78
128,29,1,Staff,Design,150000000.0,274,Finance,47.71
128,29,1,Staff,Design,150000000.0,274,Innovation,44.29
128,29,1,Staff,Design,150000000.0,274,Quality,47.166666666666664
128,29,1,Staff,Design,150000000.0,274,Technical,58.82
128,29,1,Staff,Design,150000000.0,274,Time Management,48.55
128,29,1,Staff,Design,291868109.0,256,Development,50.12
128,29,1,Staff,Design,291868109.0,256,Efficiency,54.36
128,29,1,Staff,Design,291868109.0,256,Finance,47.45
128,29,1,Staff,Design,291868109.0,256,HR,51.965
128,29,1,Staff,Design,291868109.0,256,Quality,46.33
128,29,1,Staff,Design,375514309.0,335,Efficiency,44.13
128,29,1,Staff,Design,375514309.0,335,Innovation,45.58
128,29,1,Staff,Design,397696244.0,106,Attendance,51.1
128,29,1,Staff,Design,397696244.0,106,Development,49.4
128,29,1,Staff,Design,397696244.0,106,Efficiency,49.8
128,29,1,Staff,Design,397696244.0,106,HR,45.81
128,29,1,Staff,Design,397696244.0,106,Quality,51.06666666666666
128,29,1,Staff,Design,397696244.0,106,Technical,46.71
128,29,1,Staff,Design,397696244.0,106,Time Management,45.42
128,29,1,Staff,Design,472961951.0,350,Project,56.78
129,23,2,Staff,Design,50000000.0,211,Development,47.614999999999995
129,23,2,Staff,Design,50000000.0,211,Efficiency,51.72
129,23,2,Staff,Design,50000000.0,211,Finance,47.245000000000005
129,23,2,Staff,Design,50000000.0,211,HR,44.31
129,23,2,Staff,Design,50000000.0,211,Innovation,43.07
129,23,2,Staff,Design,50000000.0,211,Performance,50.69
129,23,2,Staff,Design,50000000.0,211,Project,46.76
129,23,2,Staff,Design,50000000.0,211,Quality,46.36666666666667
129,23,2,Staff,Design,50000000.0,211,Time Management,56.155
129,23,2,Staff,Design,75000000.0,203,Attendance,55.09
129,23,2,Staff,Design,75000000.0,203,Finance,43.41
129,23,2,Staff,Design,75000000.0,203,HR,52.37
129,23,2,Staff,Design,75000000.0,203,Innovation,52.02
129,23,2,Staff,Design,75000000.0,203,Performance,51.77
129,23,2,Staff,Design,75000000.0,203,Project,59.16
129,23,2,Staff,Design,75000000.0,203,Quality,38.32
129,23,2,Staff,Design,75000000.0,203,Time Management,56.28
129,23,2,Staff,Design,110000000.0,199,Development,45.45
129,23,2,Staff,Design,110000000.0,199,Performance,54.77
129,23,2,Staff,Design,110000000.0,199,Quality,46.93
129,23,2,Staff,Design,206368642.0,46,Attendance,52.55
129,23,2,Staff,Design,206368642.0,46,Efficiency,46.39
129,23,2,Staff,Design,206368642.0,46,Finance,49.27
129,23,2,Staff,Design,206368642.0,46,Performance,48.78
129,23,2,Staff,Design,206368642.0,46,Quality,41.75
129,23,2,Staff,Design,206368642.0,46,Time Management,38.58
129,23,2,Staff,Design,369461833.0,321,Finance,52.23
129,23,2,Staff,Design,369461833.0,321,HR,57.09
129,23,2,Staff,Design,369461833.0,321,Innovation,39.57
129,23,2,Staff,Design,369461833.0,321,Project,53.8
129,23,2,Staff,Design,369461833.0,321,Quality,53.185
129,23,2,Staff,Design,375514309.0,335,Attendance,57.65
129,23,2,Staff,Design,375514309.0,335,Development,50.09
129,23,2,Staff,Design,375514309.0,335,Finance,45.45
129,23,2,Staff,Design,375514309.0,335,HR,49.19
129,23,2,Staff,Design,375514309.0,335,Innovation,46.59
129,23,2,Staff,Design,375514309.0,335,Performance,53.605000000000004
129,23,2,Staff,Design,375514309.0,335,Quality,44.76
129,23,2,Staff,Design,375514309.0,335,Technical,48.04
129,23,2,Staff,Design,375514309.0,335,Time Management,42.57
129,23,2,Staff,Design,377293102.0,80,Attendance,48.6
129,23,2,Staff,Design,377293102.0,80,Development,37.71
129,23,2,Staff,Design,377293102.0,80,Efficiency,51.48
129,23,2,Staff,Design,377293102.0,80,HR,47.73
129,23,2,Staff,Design,377293102.0,80,Innovation,46.09
129,23,2,Staff,Design,377293102.0,80,Performance,46.835
129,23,2,Staff,Design,377293102.0,80,Project,47.11
129,23,2,Staff,Design,377293102.0,80,Teamwork,53.13
129,23,2,Staff,Design,377293102.0,80,Technical,51.91
129,23,2,Staff,Design,377293102.0,80,Time Management,52.3
129,23,2,Staff,Design,385820825.0,138,Attendance,55.45
129,23,2,Staff,Design,385820825.0,138,Development,44.915
129,23,2,Staff,Design,385820825.0,138,Efficiency,55.84
129,23,2,Staff,Design,385820825.0,138,Finance,52.97
129,23,2,Staff,Design,385820825.0,138,Performance,46.0
129,23,2,Staff,Design,385820825.0,138,Project,47.955
129,23,2,Staff,Design,385820825.0,138,Quality,57.4
129,23,2,Staff,Design,385820825.0,138,Technical,54.49
130,43,15,Senior Manager,Design,50000000.0,211,Innovation,96.08
130,43,15,Senior Manager,Design,80000000.0,138,Efficiency,98.0
130,43,15,Senior Manager,Design,80000000.0,138,Finance,98.0
130,43,15,Senior Manager,Design,80000000.0,138,HR,98.0
130,43,15,Senior Manager,Design,80000000.0,138,Quality,98.0
130,43,15,Senior Manager,Design,80000000.0,138,Teamwork,98.0
130,43,15,Senior Manager,Design,206368642.0,46,Efficiency,98.0
130,43,15,Senior Manager,Design,206368642.0,46,HR,98.0
130,43,15,Senior Manager,Design,206368642.0,46,Innovation,98.0
130,43,15,Senior Manager,Design,206368642.0,46,Project,98.0
130,43,15,Senior Manager,Design,206368642.0,46,Quality,98.0
130,43,15,Senior Manager,Design,206368642.0,46,Teamwork,98.0
130,43,15,Senior Manager,Design,206368642.0,46,Technical,98.0
130,43,15,Senior Manager,Design,206368642.0,46,Time Management,98.0
130,43,15,Senior Manager,Design,377293102.0,80,Development,98.0
130,43,15,Senior Manager,Design,377293102.0,80,Finance,98.0
130,43,15,Senior Manager,Design,377293102.0,80,Innovation,98.0
130,43,15,Senior Manager,Design,377293102.0,80,Quality,98.0
130,43,15,Senior Manager,Design,377293102.0,80,Teamwork,98.0
130,43,15,Senior Manager,Design,397696244.0,106,Finance,98.0
130,43,15,Senior Manager,Design,397696244.0,106,Innovation,98.0
130,43,15,Senior Manager,Design,397696244.0,106,Performance,98.0
130,43,15,Senior Manager,Design,397696244.0,106,Project,98.0
130,43,15,Senior Manager,Design,397696244.0,106,Quality,98.0
130,43,15,Senior Manager,Design,397696244.0,106,Time Management,98.0
130,43,15,Senior Manager,Design,400000000.0,259,Attendance,98.0
130,43,15,Senior Manager,Design,400000000.0,259,Development,98.0
130,43,15,Senior Manager,Design,400000000.0,259,Efficiency,98.0
130,43,15,Senior Manager,Design,400000000.0,259,HR,98.0
130,43,15,Senior Manager,Design,400000000.0,259,Innovation,98.0
130,43,15,Senior Manager,Design,400000000.0,259,Quality,98.0
130,43,15,Senior Manager,Design,400000000.0,259,Technical,98.0
130,43,15,Senior Manager,Design,404564658.0,71,Finance,98.0
130,43,15,Senior Manager,Design,404564658.0,71,HR,98.0
130,43,15,Senior Manager,Design,404564658.0,71,Innovation,98.0
130,43,15,Senior Manager,Design,404564658.0,71,Performance,98.0
130,43,15,Senior Manager,Design,404564658.0,71,Project,98.0
130,43,15,Senior Manager,Design,404564658.0,71,Quality,97.845
130,43,15,Senior Manager,Design,404564658.0,71,Teamwork,98.0
130,43,15,Senior Manager,Design,404564658.0,71,Time Management,98.0
130,43,15,Senior Manager,Design,472961951.0,350,Attendance,98.0
130,43,15,Senior Manager,Design,472961951.0,350,Development,98.0
130,43,15,Senior Manager,Design,472961951.0,350,Efficiency,98.0
130,43,15,Senior Manager,Design,472961951.0,350,Finance,98.0
130,43,15,Senior Manager,Design,472961951.0,350,Performance,98.0
130,43,15,Senior Manager,Design,472961951.0,350,Project,98.0
130,43,15,Senior Manager,Design,472961951.0,350,Quality,98.0
131,22,1,Staff,IT,110000000.0,199,Attendance,51.63
131,22,1,Staff,IT,110000000.0,199,Development,56.47
131,22,1,Staff,IT,110000000.0,199,Efficiency,57.16
131,22,1,Staff,IT,110000000.0,199,HR,56.31999999999999
131,22,1,Staff,IT,110000000.0,199,Performance,51.8
131,22,1,Staff,IT,110000000.0,199,Quality,56.36
131,22,1,Staff,IT,110000000.0,199,Teamwork,54.385000000000005
131,22,1,Staff,IT,110000000.0,199,Technical,54.67
131,22,1,Staff,IT,110000000.0,199,Time Management,54.14000000000001
131,22,1,Staff,IT,130000000.0,303,Development,55.32
131,22,1,Staff,IT,130000000.0,303,Finance,44.21
131,22,1,Staff,IT,130000000.0,303,Project,63.27
131,22,1,Staff,IT,140000000.0,211,Development,45.08
131,22,1,Staff,IT,140000000.0,211,Performance,46.49
131,22,1,Staff,IT,140000000.0,211,Quality,49.614999999999995
131,22,1,Staff,IT,178776637.0,118,Project,58.91
131,22,1,Staff,IT,190000000.0,241,Development,57.78
131,22,1,Staff,IT,190000000.0,241,Efficiency,52.08
131,22,1,Staff,IT,190000000.0,241,Finance,47.94
131,22,1,Staff,IT,190000000.0,241,Innovation,52.65
131,22,1,Staff,IT,190000000.0,241,Performance,52.1
131,22,1,Staff,IT,190000000.0,241,Quality,57.43
131,22,1,Staff,IT,190000000.0,241,Teamwork,65.62
131,22,1,Staff,IT,190000000.0,241,Technical,46.54
131,22,1,Staff,IT,190000000.0,241,Time Management,61.25
131,22,1,Staff,IT,365962025.0,249,HR,43.11
131,22,1,Staff,IT,365962025.0,249,Project,50.36
131,22,1,Staff,IT,365962025.0,249,Quality,58.83
131,22,1,Staff,IT,365962025.0,249,Teamwork,55.31
131,22,1,Staff,IT,365962025.0,249,Time Management,56.86
131,22,1,Staff,IT,472961951.0,350,Attendance,60.86
131,22,1,Staff,IT,472961951.0,350,Development,60.66
131,22,1,Staff,IT,472961951.0,350,Efficiency,59.39
131,22,1,Staff,IT,472961951.0,350,HR,60.71
131,22,1,Staff,IT,472961951.0,350,Innovation,44.25
131,22,1,Staff,IT,472961951.0,350,Performance,51.175
131,22,1,Staff,IT,472961951.0,350,Project,48.9
131,22,1,Staff,IT,472961951.0,350,Quality,55.27
131,22,1,Staff,IT,472961951.0,350,Teamwork,58.39
131,22,1,Staff,IT,472961951.0,350,Time Management,61.07
131,22,1,Staff,IT,500000000.0,356,Attendance,62.65
132,22,2,Staff,Marketing,80000000.0,138,Development,46.69
132,22,2,Staff,Marketing,80000000.0,138,HR,56.6
132,22,2,Staff,Marketing,80000000.0,138,Innovation,48.565
132,22,2,Staff,Marketing,80000000.0,138,Performance,50.66
132,22,2,Staff,Marketing,80000000.0,138,Project,45.11
132,22,2,Staff,Marketing,80000000.0,138,Quality,54.605000000000004
132,22,2,Staff,Marketing,80000000.0,138,Technical,50.01
132,22,2,Staff,Marketing,170000000.0,229,Efficiency,57.44
132,22,2,Staff,Marketing,170000000.0,229,Innovation,51.92
132,22,2,Staff,Marketing,170000000.0,229,Project,55.62
132,22,2,Staff,Marketing,170000000.0,229,Quality,52.91
132,22,2,Staff,Marketing,190000000.0,241,Attendance,54.02
132,22,2,Staff,Marketing,190000000.0,241,HR,47.99
132,22,2,Staff,Marketing,190000000.0,241,Project,51.93
132,22,2,Staff,Marketing,190000000.0,241,Quality,49.505
132,22,2,Staff,Marketing,190000000.0,241,Technical,44.5
132,22,2,Staff,Marketing,190000000.0,241,Time Management,54.77
132,22,2,Staff,Marketing,206368642.0,46,Attendance,57.06
132,22,2,Staff,Marketing,206368642.0,46,Efficiency,47.7
132,22,2,Staff,Marketing,206368642.0,46,Finance,45.73
132,22,2,Staff,Marketing,206368642.0,46,HR,49.995
132,22,2,Staff,Marketing,206368642.0,46,Innovation,46.53
132,22,2,Staff,Marketing,206368642.0,46,Performance,58.205
132,22,2,Staff,Marketing,206368642.0,46,Quality,42.01
132,22,2,Staff,Marketing,220000000.0,225,HR,57.51
132,22,2,Staff,Marketing,220000000.0,225,Quality,44.64
132,22,2,Staff,Marketing,300000000.0,242,Innovation,44.18
132,22,2,Staff,Marketing,300000000.0,242,Project,43.08
132,22,2,Staff,Marketing,365962025.0,249,Quality,40.27
132,22,2,Staff,Marketing,466447298.0,297,Development,49.1
132,22,2,Staff,Marketing,466447298.0,297,Finance,47.01
132,22,2,Staff,Marketing,466447298.0,297,HR,55.46
132,22,2,Staff,Marketing,466447298.0,297,Innovation,47.44
132,22,2,Staff,Marketing,466447298.0,297,Performance,56.07666666666666
132,22,2,Staff,Marketing,466447298.0,297,Project,55.63
132,22,2,Staff,Marketing,466447298.0,297,Quality,51.29
132,22,2,Staff,Marketing,466447298.0,297,Teamwork,55.51
133,30,4,Staff,Operations,80000000.0,138,Attendance,65.735
133,30,4,Staff,Operations,80000000.0,138,Efficiency,70.26
133,30,4,Staff,Operations,80000000.0,138,Performance,63.365
133,30,4,Staff,Operations,80000000.0,138,Quality,62.27
133,30,4,Staff,Operations,80000000.0,138,Teamwork,65.86
133,30,4,Staff,Operations,80000000.0,138,Technical,69.32
133,30,4,Staff,Operations,88214342.0,149,Attendance,76.06
133,30,4,Staff,Operations,88214342.0,149,Development,67.31
133,30,4,Staff,Operations,88214342.0,149,HR,60.28
133,30,4,Staff,Operations,88214342.0,149,Quality,58.295
133,30,4,Staff,Operations,90000000.0,244,Development,62.3
133,30,4,Staff,Operations,90000000.0,244,Efficiency,66.66
133,30,4,Staff,Operations,90000000.0,244,Finance,63.185
133,30,4,Staff,Operations,90000000.0,244,Performance,66.98
133,30,4,Staff,Operations,90000000.0,244,Quality,72.94
133,30,4,Staff,Operations,90000000.0,244,Time Management,65.3
133,30,4,Staff,Operations,150000000.0,274,Development,66.21
133,30,4,Staff,Operations,150000000.0,274,Finance,68.85
133,30,4,Staff,Operations,150000000.0,274,HR,72.33
133,30,4,Staff,Operations,150000000.0,274,Innovation,53.35
133,30,4,Staff,Operations,150000000.0,274,Performance,69.68
133,30,4,Staff,Operations,150000000.0,274,Project,58.99
133,30,4,Staff,Operations,150000000.0,274,Quality,56.83
133,30,4,Staff,Operations,150000000.0,274,Teamwork,66.46
133,30,4,Staff,Operations,150000000.0,274,Time Management,65.63
133,30,4,Staff,Operations,278244747.0,88,Efficiency,65.57
133,30,4,Staff,Operations,278244747.0,88,Finance,62.6
133,30,4,Staff,Operations,278244747.0,88,HR,70.13
133,30,4,Staff,Operations,278244747.0,88,Innovation,62.69
133,30,4,Staff,Operations,278244747.0,88,Quality,69.34166666666667
133,30,4,Staff,Operations,278244747.0,88,Teamwork,75.62
133,30,4,Staff,Operations,278244747.0,88,Technical,68.955
133,30,4,Staff,Operations,278244747.0,88,Time Management,59.83
133,30,4,Staff,Operations,291862333.0,334,Development,67.72
133,30,4,Staff,Operations,291862333.0,334,Innovation,59.58
133,30,4,Staff,Operations,291862333.0,334,Project,71.65
133,30,4,Staff,Operations,355280620.0,347,Innovation,58.43
133,30,4,Staff,Operations,355280620.0,347,Quality,69.67
133,30,4,Staff,Operations,355280620.0,347,Technical,65.92
133,30,4,Staff,Operations,375514309.0,335,Efficiency,60.32
133,30,4,Staff,Operations,375514309.0,335,HR,64.32
133,30,4,Staff,Operations,375514309.0,335,Innovation,60.42
133,30,4,Staff,Operations,375514309.0,335,Performance,65.23
133,30,4,Staff,Operations,375514309.0,335,Quality,68.11
133,30,4,Staff,Operations,375514309.0,335,Teamwork,62.51
133,30,4,Staff,Operations,375514309.0,335,Time Management,71.66
134,22,3,Staff,Research & Development,75000000.0,203,Development,64.11
134,22,3,Staff,Research & Development,75000000.0,203,Project,70.33
134,22,3,Staff,Research & Development,75000000.0,203,Quality,72.11500000000001
134,22,3,Staff,Research & Development,95000000.0,211,Efficiency,72.58
134,22,3,Staff,Research & Development,95000000.0,211,HR,64.65
134,22,3,Staff,Research & Development,95000000.0,211,Quality,74.6
134,22,3,Staff,Research & Development,95000000.0,211,Technical,70.72
134,22,3,Staff,Research & Development,120000000.0,152,Finance,66.43
134,22,3,Staff,Research & Development,120000000.0,152,HR,78.07
134,22,3,Staff,Research & Development,120000000.0,152,Quality,64.77
134,22,3,Staff,Research & Development,120000000.0,152,Technical,66.18
134,22,3,Staff,Research & Development,120000000.0,152,Time Management,69.51
134,22,3,Staff,Research & Development,180000000.0,193,Attendance,74.82
134,22,3,Staff,Research & Development,180000000.0,193,Development,64.315
134,22,3,Staff,Research & Development,180000000.0,193,Efficiency,66.595
134,22,3,Staff,Research & Development,180000000.0,193,HR,69.37
134,22,3,Staff,Research & Development,180000000.0,193,Performance,68.33
134,22,3,Staff,Research & Development,180000000.0,193,Quality,67.92500000000001
134,22,3,Staff,Research & Development,180000000.0,193,Teamwork,71.07666666666667
134,22,3,Staff,Research & Development,180000000.0,193,Technical,73.035
134,22,3,Staff,Research & Development,180000000.0,193,Time Management,76.43
134,22,3,Staff,Research & Development,204675132.0,174,Attendance,77.37
134,22,3,Staff,Research & Development,204675132.0,174,Development,66.84
134,22,3,Staff,Research & Development,204675132.0,174,Efficiency,72.06
134,22,3,Staff,Research & Development,204675132.0,174,Innovation,65.46
134,22,3,Staff,Research & Development,204675132.0,174,Project,72.55
134,22,3,Staff,Research & Development,204675132.0,174,Quality,75.72999999999999
134,22,3,Staff,Research & Development,204675132.0,174,Time Management,71.67
134,22,3,Staff,Research & Development,206368642.0,46,Development,71.8
134,22,3,Staff,Research & Development,206368642.0,46,Finance,74.15
134,22,3,Staff,Research & Development,206368642.0,46,HR,71.29
134,22,3,Staff,Research & Development,206368642.0,46,Project,69.1
134,22,3,Staff,Research & Development,206368642.0,46,Quality,67.31
134,22,3,Staff,Research & Development,206368642.0,46,Technical,72.31
134,22,3,Staff,Research & Development,206368642.0,46,Time Management,70.77
134,22,3,Staff,Research & Development,397696244.0,106,Attendance,66.5
134,22,3,Staff,Research & Development,397696244.0,106,Finance,60.99
134,22,3,Staff,Research & Development,397696244.0,106,HR,65.94
134,22,3,Staff,Research & Development,397696244.0,106,Project,70.64
134,22,3,Staff,Research & Development,397696244.0,106,Quality,63.32
134,22,3,Staff,Research & Development,397696244.0,106,Time Management,72.20500000000001
134,22,3,Staff,Research & Development,400000000.0,259,Development,60.43
134,22,3,Staff,Research & Development,400000000.0,259,HR,70.42
134,22,3,Staff,Research & Development,400000000.0,259,Performance,69.36
134,22,3,Staff,Research & Development,400000000.0,259,Project,72.7
134,22,3,Staff,Research & Development,400000000.0,259,Technical,71.39
135,29,5,Senior Staff,IT,50000000.0,211,Development,77.3
135,29,5,Senior Staff,IT,50000000.0,211,Quality,66.92
135,29,5,Senior Staff,IT,50000000.0,211,Time Management,68.55
135,29,5,Senior Staff,IT,95000000.0,211,HR,75.25
135,29,5,Senior Staff,IT,95000000.0,211,Innovation,74.75
135,29,5,Senior Staff,IT,95000000.0,211,Quality,77.03
135,29,5,Senior Staff,IT,95000000.0,211,Teamwork,78.5
135,29,5,Senior Staff,IT,120000000.0,152,HR,74.02
135,29,5,Senior Staff,IT,120000000.0,152,Quality,70.15
135,29,5,Senior Staff,IT,150000000.0,274,Attendance,79.87
135,29,5,Senior Staff,IT,150000000.0,274,HR,75.945
135,29,5,Senior Staff,IT,150000000.0,274,Performance,73.07
135,29,5,Senior Staff,IT,150000000.0,274,Teamwork,69.44
135,29,5,Senior Staff,IT,204675132.0,174,Attendance,83.53
135,29,5,Senior Staff,IT,204675132.0,174,Innovation,70.06
135,29,5,Senior Staff,IT,204675132.0,174,Teamwork,78.84
135,29,5,Senior Staff,IT,206368642.0,46,Development,67.68
135,29,5,Senior Staff,IT,206368642.0,46,Efficiency,68.84
135,29,5,Senior Staff,IT,206368642.0,46,HR,73.02000000000001
135,29,5,Senior Staff,IT,206368642.0,46,Project,82.96
135,29,5,Senior Staff,IT,206368642.0,46,Quality,83.93
135,29,5,Senior Staff,IT,206368642.0,46,Teamwork,78.34
135,29,5,Senior Staff,IT,206368642.0,46,Technical,78.16499999999999
135,29,5,Senior Staff,IT,369461833.0,321,Development,74.75
135,29,5,Senior Staff,IT,369461833.0,321,Efficiency,72.86
135,29,5,Senior Staff,IT,369461833.0,321,HR,71.69
135,29,5,Senior Staff,IT,369461833.0,321,Innovation,73.84
135,29,5,Senior Staff,IT,369461833.0,321,Project,74.46000000000001
135,29,5,Senior Staff,IT,369461833.0,321,Quality,68.85666666666667
135,29,5,Senior Staff,IT,369461833.0,321,Technical,76.73500000000001
135,29,5,Senior Staff,IT,369461833.0,321,Time Management,61.04
135,29,5,Senior Staff,IT,404564658.0,71,Attendance,86.18
135,29,5,Senior Staff,IT,404564658.0,71,Development,74.425
135,29,5,Senior Staff,IT,404564658.0,71,Finance,72.9
135,29,5,Senior Staff,IT,404564658.0,71,Innovation,65.275
135,29,5,Senior Staff,IT,404564658.0,71,Project,79.03
135,29,5,Senior Staff,IT,404564658.0,71,Quality,73.885
135,29,5,Senior Staff,IT,404564658.0,71,Technical,73.32
136,25,5,Staff,Design,50000000.0,211,Attendance,72.24
136,25,5,Staff,Design,50000000.0,211,Development,59.68
136,25,5,Staff,Design,50000000.0,211,Innovation,71.88
136,25,5,Staff,Design,50000000.0,211,Teamwork,70.8
136,25,5,Staff,Design,50000000.0,211,Time Management,69.79
136,25,5,Staff,Design,90000000.0,244,Attendance,71.09
136,25,5,Staff,Design,90000000.0,244,Efficiency,61.58
136,25,5,Staff,Design,90000000.0,244,HR,67.88499999999999
136,25,5,Staff,Design,90000000.0,244,Innovation,64.50333333333333
136,25,5,Staff,Design,90000000.0,244,Quality,64.15599999999999
136,25,5,Staff,Design,90000000.0,244,Teamwork,67.51
136,25,5,Staff,Design,90000000.0,244,Technical,52.77
136,25,5,Staff,Design,130000000.0,303,Attendance,67.87
136,25,5,Staff,Design,130000000.0,303,Efficiency,66.075
136,25,5,Staff,Design,130000000.0,303,Finance,66.03
136,25,5,Staff,Design,130000000.0,303,HR,68.71000000000001
136,25,5,Staff,Design,130000000.0,303,Innovation,61.675
136,25,5,Staff,Design,130000000.0,303,Performance,65.59
136,25,5,Staff,Design,130000000.0,303,Project,69.19
136,25,5,Staff,Design,130000000.0,303,Quality,65.982
136,25,5,Staff,Design,130000000.0,303,Teamwork,64.33
136,25,5,Staff,Design,130000000.0,303,Technical,70.5
136,25,5,Staff,Design,130000000.0,303,Time Management,70.37
136,25,5,Staff,Design,134037811.0,31,Efficiency,68.56
136,25,5,Staff,Design,134037811.0,31,HR,67.03
136,25,5,Staff,Design,134037811.0,31,Innovation,61.69
136,25,5,Staff,Design,134037811.0,31,Performance,68.71
136,25,5,Staff,Design,134037811.0,31,Quality,69.09
136,25,5,Staff,Design,190000000.0,241,Quality,61.05
136,25,5,Staff,Design,220000000.0,225,Development,57.695
136,25,5,Staff,Design,220000000.0,225,Finance,69.03
136,25,5,Staff,Design,220000000.0,225,Quality,63.73
136,25,5,Staff,Design,220000000.0,225,Technical,65.14
136,25,5,Staff,Design,220000000.0,225,Time Management,62.17
136,25,5,Staff,Design,404564658.0,71,Efficiency,69.66
136,25,5,Staff,Design,404564658.0,71,Finance,57.01
136,25,5,Staff,Design,404564658.0,71,HR,66.57
136,25,5,Staff,Design,404564658.0,71,Innovation,61.27
136,25,5,Staff,Design,404564658.0,71,Performance,69.47
136,25,5,Staff,Design,404564658.0,71,Quality,72.03
136,25,5,Staff,Design,404564658.0,71,Teamwork,71.03
136,25,5,Staff,Design,500000000.0,356,Attendance,63.3
136,25,5,Staff,Design,500000000.0,356,Innovation,60.66
136,25,5,Staff,Design,500000000.0,356,Quality,66.71
136,25,5,Staff,Design,500000000.0,356,Teamwork,67.21
136,25,5,Staff,Design,500000000.0,356,Technical,64.14
136,25,5,Staff,Design,500000000.0,356,Time Management,64.59
137,30,3,Staff,Sales,88214342.0,149,Attendance,73.37
137,30,3,Staff,Sales,88214342.0,149,Development,66.14
137,30,3,Staff,Sales,88214342.0,149,Efficiency,62.62
137,30,3,Staff,Sales,88214342.0,149,Finance,69.62
137,30,3,Staff,Sales,88214342.0,149,HR,65.735
137,30,3,Staff,Sales,88214342.0,149,Innovation,51.17
137,30,3,Staff,Sales,88214342.0,149,Performance,58.08
137,30,3,Staff,Sales,88214342.0,149,Project,64.17
137,30,3,Staff,Sales,88214342.0,149,Teamwork,70.58000000000001
137,30,3,Staff,Sales,88214342.0,149,Technical,66.02
137,30,3,Staff,Sales,88214342.0,149,Time Management,69.965
137,30,3,Staff,Sales,130000000.0,303,HR,67.72999999999999
137,30,3,Staff,Sales,130000000.0,303,Performance,58.03
137,30,3,Staff,Sales,130000000.0,303,Quality,63.06
137,30,3,Staff,Sales,140000000.0,211,Efficiency,60.71
137,30,3,Staff,Sales,140000000.0,211,HR,63.120000000000005
137,30,3,Staff,Sales,140000000.0,211,Innovation,54.45
137,30,3,Staff,Sales,140000000.0,211,Project,59.77
137,30,3,Staff,Sales,140000000.0,211,Quality,65.3925
137,30,3,Staff,Sales,180000000.0,193,Finance,56.39
137,30,3,Staff,Sales,180000000.0,193,Quality,56.625
137,30,3,Staff,Sales,180000000.0,193,Teamwork,61.73
137,30,3,Staff,Sales,200000000.0,167,Innovation,65.81
137,30,3,Staff,Sales,200000000.0,167,Performance,70.03
137,30,3,Staff,Sales,200000000.0,167,Project,75.19
137,30,3,Staff,Sales,200000000.0,167,Quality,65.64
137,30,3,Staff,Sales,200000000.0,167,Technical,65.7
137,30,3,Staff,Sales,200000000.0,167,Time Management,64.8
137,30,3,Staff,Sales,278244747.0,88,Development,67.37
137,30,3,Staff,Sales,278244747.0,88,Efficiency,62.92
137,30,3,Staff,Sales,278244747.0,88,Finance,60.72
137,30,3,Staff,Sales,278244747.0,88,Teamwork,64.99
137,30,3,Staff,Sales,291868109.0,256,Innovation,63.51
137,30,3,Staff,Sales,291868109.0,256,Performance,65.98
137,30,3,Staff,Sales,291868109.0,256,Project,67.66
137,30,3,Staff,Sales,291868109.0,256,Quality,63.19
137,30,3,Staff,Sales,291868109.0,256,Technical,68.82
137,30,3,Staff,Sales,291868109.0,256,Time Management,68.32
137,30,3,Staff,Sales,365962025.0,249,Attendance,78.42
137,30,3,Staff,Sales,365962025.0,249,Development,60.91
137,30,3,Staff,Sales,365962025.0,249,Efficiency,66.73
137,30,3,Staff,Sales,365962025.0,249,Finance,72.29
137,30,3,Staff,Sales,365962025.0,249,HR,71.71000000000001
137,30,3,Staff,Sales,365962025.0,249,Innovation,64.2
137,30,3,Staff,Sales,365962025.0,249,Project,69.75
137,30,3,Staff,Sales,365962025.0,249,Quality,69.6
137,30,3,Staff,Sales,365962025.0,249,Technical,71.75
138,28,2,Staff,Marketing,110000000.0,199,Development,60.96
138,28,2,Staff,Marketing,110000000.0,199,Finance,61.13
138,28,2,Staff,Marketing,110000000.0,199,HR,69.0
138,28,2,Staff,Marketing,110000000.0,199,Project,71.49
138,28,2,Staff,Marketing,110000000.0,199,Quality,67.01666666666667
138,28,2,Staff,Marketing,110000000.0,199,Teamwork,73.6
138,28,2,Staff,Marketing,130000000.0,303,Efficiency,63.48
138,28,2,Staff,Marketing,130000000.0,303,HR,69.12
138,28,2,Staff,Marketing,130000000.0,303,Innovation,58.14
138,28,2,Staff,Marketing,130000000.0,303,Project,64.28999999999999
138,28,2,Staff,Marketing,130000000.0,303,Quality,71.34
138,28,2,Staff,Marketing,130000000.0,303,Technical,63.48
138,28,2,Staff,Marketing,170000000.0,229,Attendance,62.63
138,28,2,Staff,Marketing,170000000.0,229,Development,61.62
138,28,2,Staff,Marketing,170000000.0,229,Efficiency,68.98
138,28,2,Staff,Marketing,170000000.0,229,HR,68.02
138,28,2,Staff,Marketing,170000000.0,229,Performance,66.3
138,28,2,Staff,Marketing,170000000.0,229,Quality,65.04
138,28,2,Staff,Marketing,170000000.0,229,Teamwork,69.11
138,28,2,Staff,Marketing,178776637.0,118,Attendance,73.26
138,28,2,Staff,Marketing,178776637.0,118,Development,69.17
138,28,2,Staff,Marketing,178776637.0,118,HR,66.53
138,28,2,Staff,Marketing,178776637.0,118,Quality,78.01
138,28,2,Staff,Marketing,178776637.0,118,Teamwork,82.05
138,28,2,Staff,Marketing,200000000.0,167,Attendance,66.8
138,28,2,Staff,Marketing,200000000.0,167,Development,63.45
138,28,2,Staff,Marketing,200000000.0,167,HR,68.36
138,28,2,Staff,Marketing,200000000.0,167,Innovation,61.79
138,28,2,Staff,Marketing,200000000.0,167,Quality,61.029999999999994
138,28,2,Staff,Marketing,200000000.0,167,Time Management,66.66
138,28,2,Staff,Marketing,365962025.0,249,Attendance,72.56
138,28,2,Staff,Marketing,365962025.0,249,Efficiency,62.04
138,28,2,Staff,Marketing,365962025.0,249,HR,67.62
138,28,2,Staff,Marketing,365962025.0,249,Innovation,67.245
138,28,2,Staff,Marketing,365962025.0,249,Project,67.9
138,28,2,Staff,Marketing,365962025.0,249,Quality,65.67500000000001
138,28,2,Staff,Marketing,365962025.0,249,Teamwork,70.72
138,28,2,Staff,Marketing,365962025.0,249,Technical,63.09
138,28,2,Staff,Marketing,385820825.0,138,Performance,57.88
138,28,2,Staff,Marketing,385820825.0,138,Teamwork,67.3
138,28,2,Staff,Marketing,493794225.0,102,Development,56.614999999999995
138,28,2,Staff,Marketing,493794225.0,102,HR,65.06
138,28,2,Staff,Marketing,493794225.0,102,Innovation,66.25
138,28,2,Staff,Marketing,493794225.0,102,Quality,62.10666666666666
139,22,4,Staff,Corporate Strategy,50000000.0,211,Development,71.52
139,22,4,Staff,Corporate Strategy,50000000.0,211,Finance,69.15
139,22,4,Staff,Corporate Strategy,50000000.0,211,Project,69.11
139,22,4,Staff,Corporate Strategy,60000000.0,214,Development,57.42
139,22,4,Staff,Corporate Strategy,60000000.0,214,Efficiency,66.41
139,22,4,Staff,Corporate Strategy,60000000.0,214,HR,72.48
139,22,4,Staff,Corporate Strategy,60000000.0,214,Innovation,65.95
139,22,4,Staff,Corporate Strategy,60000000.0,214,Performance,68.77
139,22,4,Staff,Corporate Strategy,60000000.0,214,Quality,64.41000000000001
139,22,4,Staff,Corporate Strategy,60000000.0,214,Teamwork,65.93
139,22,4,Staff,Corporate Strategy,60000000.0,214,Technical,59.99
139,22,4,Staff,Corporate Strategy,95000000.0,211,Attendance,73.63
139,22,4,Staff,Corporate Strategy,95000000.0,211,Efficiency,69.21
139,22,4,Staff,Corporate Strategy,95000000.0,211,HR,72.73
139,22,4,Staff,Corporate Strategy,95000000.0,211,Quality,68.16
139,22,4,Staff,Corporate Strategy,95000000.0,211,Teamwork,73.58
139,22,4,Staff,Corporate Strategy,134037811.0,31,Development,62.44
139,22,4,Staff,Corporate Strategy,134037811.0,31,Efficiency,73.37
139,22,4,Staff,Corporate Strategy,134037811.0,31,Finance,69.0
139,22,4,Staff,Corporate Strategy,134037811.0,31,HR,72.74666666666667
139,22,4,Staff,Corporate Strategy,134037811.0,31,Performance,73.14
139,22,4,Staff,Corporate Strategy,134037811.0,31,Quality,64.34
139,22,4,Staff,Corporate Strategy,134037811.0,31,Teamwork,78.22
139,22,4,Staff,Corporate Strategy,134037811.0,31,Technical,68.21
139,22,4,Staff,Corporate Strategy,170000000.0,229,Development,60.36
139,22,4,Staff,Corporate Strategy,170000000.0,229,Performance,66.1
139,22,4,Staff,Corporate Strategy,170000000.0,229,Project,60.52
139,22,4,Staff,Corporate Strategy,170000000.0,229,Quality,67.24
139,22,4,Staff,Corporate Strategy,220000000.0,225,Attendance,76.46
139,22,4,Staff,Corporate Strategy,220000000.0,225,Development,63.63
139,22,4,Staff,Corporate Strategy,220000000.0,225,Efficiency,68.41
139,22,4,Staff,Corporate Strategy,220000000.0,225,HR,72.84
139,22,4,Staff,Corporate Strategy,220000000.0,225,Project,67.83500000000001
139,22,4,Staff,Corporate Strategy,220000000.0,225,Quality,64.02
139,22,4,Staff,Corporate Strategy,220000000.0,225,Time Management,65.325
139,22,4,Staff,Corporate Strategy,377293102.0,80,Attendance,74.28
139,22,4,Staff,Corporate Strategy,377293102.0,80,Finance,66.76
139,22,4,Staff,Corporate Strategy,377293102.0,80,Innovation,67.08
139,22,4,Staff,Corporate Strategy,377293102.0,80,Performance,79.83
139,22,4,Staff,Corporate Strategy,377293102.0,80,Project,66.52
139,22,4,Staff,Corporate Strategy,377293102.0,80,Quality,71.88
139,22,4,Staff,Corporate Strategy,377293102.0,80,Technical,70.65
139,22,4,Staff,Corporate Strategy,500000000.0,356,Development,68.06
139,22,4,Staff,Corporate Strategy,500000000.0,356,Efficiency,68.54
139,22,4,Staff,Corporate Strategy,500000000.0,356,Finance,64.0
139,22,4,Staff,Corporate Strategy,500000000.0,356,HR,70.96
139,22,4,Staff,Corporate Strategy,500000000.0,356,Performance,67.54
139,22,4,Staff,Corporate Strategy,500000000.0,356,Quality,73.455
139,22,4,Staff,Corporate Strategy,500000000.0,356,Teamwork,67.545
139,22,4,Staff,Corporate Strategy,500000000.0,356,Technical,59.88
140,24,3,Staff,Procurement,95000000.0,211,Attendance,73.55
140,24,3,Staff,Procurement,95000000.0,211,Finance,69.25
140,24,3,Staff,Procurement,95000000.0,211,HR,67.51
140,24,3,Staff,Procurement,95000000.0,211,Performance,62.37
140,24,3,Staff,Procurement,95000000.0,211,Project,59.93
140,24,3,Staff,Procurement,95000000.0,211,Quality,61.1
140,24,3,Staff,Procurement,95000000.0,211,Technical,61.56
140,24,3,Staff,Procurement,95000000.0,211,Time Management,61.57
140,24,3,Staff,Procurement,140000000.0,211,Efficiency,63.11
140,24,3,Staff,Procurement,140000000.0,211,HR,57.43
140,24,3,Staff,Procurement,140000000.0,211,Innovation,63.05
140,24,3,Staff,Procurement,140000000.0,211,Project,62.75
140,24,3,Staff,Procurement,140000000.0,211,Quality,64.95
140,24,3,Staff,Procurement,140000000.0,211,Teamwork,66.01
140,24,3,Staff,Procurement,140000000.0,211,Technical,63.52
140,24,3,Staff,Procurement,140000000.0,211,Time Management,62.0
140,24,3,Staff,Procurement,206368642.0,46,Attendance,68.69
140,24,3,Staff,Procurement,206368642.0,46,Efficiency,64.83
140,24,3,Staff,Procurement,206368642.0,46,HR,65.33
140,24,3,Staff,Procurement,206368642.0,46,Performance,61.79
140,24,3,Staff,Procurement,206368642.0,46,Quality,61.48
140,24,3,Staff,Procurement,206368642.0,46,Technical,59.75
140,24,3,Staff,Procurement,291862333.0,334,Performance,61.91
140,24,3,Staff,Procurement,291862333.0,334,Project,68.03
140,24,3,Staff,Procurement,291862333.0,334,Quality,64.52
140,24,3,Staff,Procurement,291862333.0,334,Technical,63.379999999999995
140,24,3,Staff,Procurement,291868109.0,256,Development,63.03
140,24,3,Staff,Procurement,291868109.0,256,Efficiency,64.855
140,24,3,Staff,Procurement,291868109.0,256,Finance,64.565
140,24,3,Staff,Procurement,291868109.0,256,Innovation,57.0
140,24,3,Staff,Procurement,291868109.0,256,Performance,64.14
140,24,3,Staff,Procurement,291868109.0,256,Quality,60.79
140,24,3,Staff,Procurement,291868109.0,256,Technical,54.2
140,24,3,Staff,Procurement,355280620.0,347,Attendance,64.84
140,24,3,Staff,Procurement,355280620.0,347,Finance,56.7
140,24,3,Staff,Procurement,355280620.0,347,Performance,61.84
140,24,3,Staff,Procurement,355280620.0,347,Quality,57.96
140,24,3,Staff,Procurement,355280620.0,347,Technical,66.26
140,24,3,Staff,Procurement,385820825.0,138,Efficiency,59.7
140,24,3,Staff,Procurement,385820825.0,138,HR,59.1
140,24,3,Staff,Procurement,385820825.0,138,Innovation,59.61
140,24,3,Staff,Procurement,385820825.0,138,Performance,61.17
140,24,3,Staff,Procurement,385820825.0,138,Quality,63.655
140,24,3,Staff,Procurement,385820825.0,138,Technical,68.6
140,24,3,Staff,Procurement,385820825.0,138,Time Management,57.8
140,24,3,Staff,Procurement,472961951.0,350,Efficiency,69.61
140,24,3,Staff,Procurement,472961951.0,350,Finance,58.61
140,24,3,Staff,Procurement,472961951.0,350,HR,67.44
140,24,3,Staff,Procurement,472961951.0,350,Quality,57.025
140,24,3,Staff,Procurement,472961951.0,350,Teamwork,65.505
141,26,5,Staff,Legal,60000000.0,214,Development,59.33
141,26,5,Staff,Legal,60000000.0,214,Efficiency,62.769999999999996
141,26,5,Staff,Legal,60000000.0,214,Finance,57.63
141,26,5,Staff,Legal,60000000.0,214,HR,69.05
141,26,5,Staff,Legal,60000000.0,214,Project,62.35
141,26,5,Staff,Legal,60000000.0,214,Quality,62.015
141,26,5,Staff,Legal,88214342.0,149,HR,70.23
141,26,5,Staff,Legal,88214342.0,149,Innovation,66.23
141,26,5,Staff,Legal,88214342.0,149,Project,63.71
141,26,5,Staff,Legal,88214342.0,149,Quality,57.93
141,26,5,Staff,Legal,134037811.0,31,Efficiency,69.46
141,26,5,Staff,Legal,134037811.0,31,Finance,67.94
141,26,5,Staff,Legal,134037811.0,31,HR,71.905
141,26,5,Staff,Legal,134037811.0,31,Innovation,57.3
141,26,5,Staff,Legal,134037811.0,31,Performance,68.28999999999999
141,26,5,Staff,Legal,134037811.0,31,Quality,59.22
141,26,5,Staff,Legal,134037811.0,31,Time Management,66.32
141,26,5,Staff,Legal,140000000.0,211,Quality,60.08
141,26,5,Staff,Legal,140000000.0,211,Time Management,60.37
141,26,5,Staff,Legal,190000000.0,241,Development,59.87
141,26,5,Staff,Legal,190000000.0,241,Efficiency,54.15
141,26,5,Staff,Legal,190000000.0,241,Finance,60.83
141,26,5,Staff,Legal,190000000.0,241,HR,65.79
141,26,5,Staff,Legal,190000000.0,241,Innovation,60.09
141,26,5,Staff,Legal,190000000.0,241,Performance,57.32
141,26,5,Staff,Legal,190000000.0,241,Quality,65.95
141,26,5,Staff,Legal,190000000.0,241,Technical,63.15
141,26,5,Staff,Legal,200000000.0,167,Development,57.33
141,26,5,Staff,Legal,200000000.0,167,Efficiency,60.52
141,26,5,Staff,Legal,377293102.0,80,Attendance,68.35
141,26,5,Staff,Legal,377293102.0,80,Development,61.525000000000006
141,26,5,Staff,Legal,377293102.0,80,HR,70.885
141,26,5,Staff,Legal,377293102.0,80,Project,65.89
141,26,5,Staff,Legal,377293102.0,80,Quality,56.25
141,26,5,Staff,Legal,377293102.0,80,Teamwork,62.44
141,26,5,Staff,Legal,400000000.0,259,Attendance,69.19
141,26,5,Staff,Legal,400000000.0,259,Efficiency,65.49
141,26,5,Staff,Legal,400000000.0,259,Finance,62.92
141,26,5,Staff,Legal,400000000.0,259,HR,63.955
141,26,5,Staff,Legal,400000000.0,259,Quality,58.825
141,26,5,Staff,Legal,400000000.0,259,Teamwork,72.77
141,26,5,Staff,Legal,400000000.0,259,Time Management,60.1
142,24,3,Staff,Corporate Strategy,82017929.0,114,Attendance,72.2
142,24,3,Staff,Corporate Strategy,82017929.0,114,Efficiency,67.555
142,24,3,Staff,Corporate Strategy,82017929.0,114,Performance,69.04
142,24,3,Staff,Corporate Strategy,82017929.0,114,Project,58.8
142,24,3,Staff,Corporate Strategy,82017929.0,114,Quality,66.24
142,24,3,Staff,Corporate Strategy,82017929.0,114,Technical,67.73
142,24,3,Staff,Corporate Strategy,95000000.0,211,Attendance,77.29
142,24,3,Staff,Corporate Strategy,95000000.0,211,Finance,66.02
142,24,3,Staff,Corporate Strategy,95000000.0,211,Performance,75.8
142,24,3,Staff,Corporate Strategy,95000000.0,211,Quality,65.05
142,24,3,Staff,Corporate Strategy,95000000.0,211,Teamwork,72.27
142,24,3,Staff,Corporate Strategy,95000000.0,211,Technical,70.49
142,24,3,Staff,Corporate Strategy,134037811.0,31,HR,67.04
142,24,3,Staff,Corporate Strategy,134037811.0,31,Quality,66.32
142,24,3,Staff,Corporate Strategy,134037811.0,31,Technical,70.55
142,24,3,Staff,Corporate Strategy,250000000.0,291,Finance,72.2
142,24,3,Staff,Corporate Strategy,250000000.0,291,HR,63.519999999999996
142,24,3,Staff,Corporate Strategy,250000000.0,291,Innovation,61.66
142,24,3,Staff,Corporate Strategy,250000000.0,291,Time Management,65.26
142,24,3,Staff,Corporate Strategy,291862333.0,334,Attendance,72.9
142,24,3,Staff,Corporate Strategy,291862333.0,334,Efficiency,72.41499999999999
142,24,3,Staff,Corporate Strategy,291862333.0,334,Finance,68.205
142,24,3,Staff,Corporate Strategy,291862333.0,334,HR,66.24
142,24,3,Staff,Corporate Strategy,291862333.0,334,Innovation,65.87
142,24,3,Staff,Corporate Strategy,291862333.0,334,Performance,71.27
142,24,3,Staff,Corporate Strategy,291862333.0,334,Quality,63.41
142,24,3,Staff,Corporate Strategy,291862333.0,334,Technical,63.76
142,24,3,Staff,Corporate Strategy,300000000.0,242,HR,63.88
142,24,3,Staff,Corporate Strategy,300000000.0,242,Innovation,67.06
142,24,3,Staff,Corporate Strategy,300000000.0,242,Project,77.31
142,24,3,Staff,Corporate Strategy,300000000.0,242,Quality,63.745000000000005
142,24,3,Staff,Corporate Strategy,400000000.0,259,Attendance,70.125
142,24,3,Staff,Corporate Strategy,400000000.0,259,Efficiency,54.71
142,24,3,Staff,Corporate Strategy,400000000.0,259,HR,66.69
142,24,3,Staff,Corporate Strategy,400000000.0,259,Innovation,60.54
142,24,3,Staff,Corporate Strategy,400000000.0,259,Performance,68.13
142,24,3,Staff,Corporate Strategy,400000000.0,259,Quality,70.32
142,24,3,Staff,Corporate Strategy,400000000.0,259,Teamwork,69.37
142,24,3,Staff,Corporate Strategy,400000000.0,259,Technical,61.78
142,24,3,Staff,Corporate Strategy,400000000.0,259,Time Management,69.17
142,24,3,Staff,Corporate Strategy,466447298.0,297,Finance,58.79
142,24,3,Staff,Corporate Strategy,466447298.0,297,Project,67.14
142,24,3,Staff,Corporate Strategy,466447298.0,297,Time Management,67.565
143,41,13,Manager,Operations,60000000.0,214,Attendance,94.52
143,41,13,Manager,Operations,60000000.0,214,HR,98.0
143,41,13,Manager,Operations,60000000.0,214,Performance,92.63
143,41,13,Manager,Operations,60000000.0,214,Project,90.84
143,41,13,Manager,Operations,60000000.0,214,Quality,92.5
143,41,13,Manager,Operations,60000000.0,214,Technical,91.14
143,41,13,Manager,Operations,60000000.0,214,Time Management,93.51
143,41,13,Manager,Operations,80000000.0,138,Quality,93.02
143,41,13,Manager,Operations,80000000.0,138,Technical,96.88
143,41,13,Manager,Operations,82017929.0,114,Attendance,98.0
143,41,13,Manager,Operations,82017929.0,114,Development,91.9
143,41,13,Manager,Operations,82017929.0,114,Finance,97.65
143,41,13,Manager,Operations,82017929.0,114,HR,96.83
143,41,13,Manager,Operations,82017929.0,114,Quality,89.505
143,41,13,Manager,Operations,82017929.0,114,Teamwork,95.13
143,41,13,Manager,Operations,82017929.0,114,Time Management,92.82
143,41,13,Manager,Operations,140000000.0,211,Attendance,96.64
143,41,13,Manager,Operations,140000000.0,211,Efficiency,91.6
143,41,13,Manager,Operations,140000000.0,211,HR,97.25
143,41,13,Manager,Operations,140000000.0,211,Innovation,94.17
143,41,13,Manager,Operations,140000000.0,211,Project,97.03
143,41,13,Manager,Operations,140000000.0,211,Teamwork,96.56
143,41,13,Manager,Operations,140000000.0,211,Time Management,87.6
143,41,13,Manager,Operations,190000000.0,241,Attendance,98.0
143,41,13,Manager,Operations,190000000.0,241,Development,90.14
143,41,13,Manager,Operations,190000000.0,241,Efficiency,96.89
143,41,13,Manager,Operations,190000000.0,241,Finance,84.01
143,41,13,Manager,Operations,190000000.0,241,HR,98.0
143,41,13,Manager,Operations,190000000.0,241,Innovation,88.69
143,41,13,Manager,Operations,190000000.0,241,Project,93.9
143,41,13,Manager,Operations,190000000.0,241,Quality,93.66666666666667
143,41,13,Manager,Operations,190000000.0,241,Technical,95.12
143,41,13,Manager,Operations,206368642.0,46,Attendance,98.0
143,41,13,Manager,Operations,206368642.0,46,Development,92.95
143,41,13,Manager,Operations,206368642.0,46,Efficiency,98.0
143,41,13,Manager,Operations,206368642.0,46,HR,97.31
143,41,13,Manager,Operations,206368642.0,46,Performance,95.79
143,41,13,Manager,Operations,206368642.0,46,Quality,94.58999999999999
143,41,13,Manager,Operations,206368642.0,46,Teamwork,98.0
143,41,13,Manager,Operations,206368642.0,46,Time Management,97.86
143,41,13,Manager,Operations,278244747.0,88,Attendance,97.06
143,41,13,Manager,Operations,278244747.0,88,Performance,93.18
143,41,13,Manager,Operations,278244747.0,88,Project,98.0
143,41,13,Manager,Operations,278244747.0,88,Time Management,92.65
143,41,13,Manager,Operations,375514309.0,335,Development,90.97
143,41,13,Manager,Operations,375514309.0,335,Efficiency,94.07
143,41,13,Manager,Operations,375514309.0,335,HR,92.26
143,41,13,Manager,Operations,375514309.0,335,Innovation,87.06
143,41,13,Manager,Operations,375514309.0,335,Performance,96.11500000000001
143,41,13,Manager,Operations,375514309.0,335,Project,95.03
143,41,13,Manager,Operations,375514309.0,335,Quality,92.72
143,41,13,Manager,Operations,375514309.0,335,Teamwork,98.0
143,41,13,Manager,Operations,375514309.0,335,Time Management,85.61
144,43,8,Manager,Procurement,50000000.0,211,Attendance,93.4
144,43,8,Manager,Procurement,50000000.0,211,Innovation,81.54
144,43,8,Manager,Procurement,50000000.0,211,Project,85.56
144,43,8,Manager,Procurement,50000000.0,211,Quality,88.61000000000001
144,43,8,Manager,Procurement,50000000.0,211,Teamwork,88.64
144,43,8,Manager,Procurement,50000000.0,211,Technical,88.28
144,43,8,Manager,Procurement,50000000.0,211,Time Management,90.17
144,43,8,Manager,Procurement,60000000.0,214,Attendance,91.67
144,43,8,Manager,Procurement,60000000.0,214,HR,92.46
144,43,8,Manager,Procurement,60000000.0,214,Innovation,84.32
144,43,8,Manager,Procurement,60000000.0,214,Technical,87.16
144,43,8,Manager,Procurement,82017929.0,114,Attendance,92.52
144,43,8,Manager,Procurement,82017929.0,114,Development,86.07
144,43,8,Manager,Procurement,82017929.0,114,Innovation,92.53
144,43,8,Manager,Procurement,90000000.0,244,Attendance,95.32
144,43,8,Manager,Procurement,90000000.0,244,Development,87.77
144,43,8,Manager,Procurement,90000000.0,244,Finance,87.49
144,43,8,Manager,Procurement,90000000.0,244,HR,93.45
144,43,8,Manager,Procurement,90000000.0,244,Project,89.38
144,43,8,Manager,Procurement,90000000.0,244,Quality,90.575
144,43,8,Manager,Procurement,90000000.0,244,Technical,86.64
144,43,8,Manager,Procurement,90000000.0,244,Time Management,93.11
144,43,8,Manager,Procurement,180000000.0,193,HR,96.54
144,43,8,Manager,Procurement,180000000.0,193,Technical,83.12
144,43,8,Manager,Procurement,190000000.0,241,Attendance,98.0
144,43,8,Manager,Procurement,190000000.0,241,Efficiency,88.88499999999999
144,43,8,Manager,Procurement,190000000.0,241,Finance,88.75
144,43,8,Manager,Procurement,190000000.0,241,HR,88.92500000000001
144,43,8,Manager,Procurement,190000000.0,241,Quality,87.61
144,43,8,Manager,Procurement,190000000.0,241,Technical,94.89
144,43,8,Manager,Procurement,190000000.0,241,Time Management,92.32
144,43,8,Manager,Procurement,206368642.0,46,Project,86.91
144,43,8,Manager,Procurement,206368642.0,46,Quality,84.69
144,43,8,Manager,Procurement,369461833.0,321,Attendance,94.15
144,43,8,Manager,Procurement,369461833.0,321,Development,88.48
144,43,8,Manager,Procurement,369461833.0,321,Efficiency,95.21000000000001
144,43,8,Manager,Procurement,369461833.0,321,HR,93.02
144,43,8,Manager,Procurement,369461833.0,321,Project,93.81
144,43,8,Manager,Procurement,369461833.0,321,Quality,90.36
145,27,2,Staff,IT,75000000.0,203,Attendance,72.86
145,27,2,Staff,IT,75000000.0,203,Development,58.97
145,27,2,Staff,IT,75000000.0,203,Finance,64.94
145,27,2,Staff,IT,75000000.0,203,Performance,59.46
145,27,2,Staff,IT,75000000.0,203,Quality,70.91999999999999
145,27,2,Staff,IT,75000000.0,203,Teamwork,66.24
145,27,2,Staff,IT,75000000.0,203,Time Management,71.67
145,27,2,Staff,IT,90000000.0,244,Attendance,71.125
145,27,2,Staff,IT,90000000.0,244,Efficiency,65.7
145,27,2,Staff,IT,90000000.0,244,HR,74.29
145,27,2,Staff,IT,90000000.0,244,Innovation,67.88
145,27,2,Staff,IT,90000000.0,244,Performance,70.33
145,27,2,Staff,IT,90000000.0,244,Project,70.72
145,27,2,Staff,IT,90000000.0,244,Quality,70.39833333333333
145,27,2,Staff,IT,90000000.0,244,Teamwork,67.88
145,27,2,Staff,IT,190000000.0,241,Finance,68.23
145,27,2,Staff,IT,190000000.0,241,Innovation,62.24
145,27,2,Staff,IT,190000000.0,241,Quality,75.38
145,27,2,Staff,IT,190000000.0,241,Teamwork,72.6
145,27,2,Staff,IT,200000000.0,167,Attendance,61.89
145,27,2,Staff,IT,200000000.0,167,Development,60.565
145,27,2,Staff,IT,200000000.0,167,HR,79.31
145,27,2,Staff,IT,200000000.0,167,Project,66.90666666666667
145,27,2,Staff,IT,200000000.0,167,Teamwork,74.16
145,27,2,Staff,IT,278244747.0,88,Efficiency,69.08
145,27,2,Staff,IT,278244747.0,88,HR,70.48333333333333
145,27,2,Staff,IT,278244747.0,88,Quality,73.19333333333333
145,27,2,Staff,IT,278244747.0,88,Teamwork,74.03
145,27,2,Staff,IT,278244747.0,88,Technical,74.74
145,27,2,Staff,IT,365962025.0,249,Attendance,68.25
145,27,2,Staff,IT,365962025.0,249,Efficiency,75.45
145,27,2,Staff,IT,365962025.0,249,Finance,67.33
145,27,2,Staff,IT,365962025.0,249,HR,67.0
145,27,2,Staff,IT,365962025.0,249,Innovation,66.68
145,27,2,Staff,IT,365962025.0,249,Project,73.77
145,27,2,Staff,IT,365962025.0,249,Quality,67.55
145,27,2,Staff,IT,365962025.0,249,Teamwork,68.7
145,27,2,Staff,IT,365962025.0,249,Technical,66.82
145,27,2,Staff,IT,365962025.0,249,Time Management,68.79
145,27,2,Staff,IT,404564658.0,71,Finance,68.13
145,27,2,Staff,IT,404564658.0,71,Quality,72.54
145,27,2,Staff,IT,404564658.0,71,Teamwork,71.44
145,27,2,Staff,IT,404564658.0,71,Technical,67.78
145,27,2,Staff,IT,493794225.0,102,Development,65.46
145,27,2,Staff,IT,493794225.0,102,Time Management,66.0
146,30,1,Staff,Procurement,88214342.0,149,Development,41.9
146,30,1,Staff,Procurement,88214342.0,149,Performance,38.39
146,30,1,Staff,Procurement,88214342.0,149,Project,39.89
146,30,1,Staff,Procurement,88214342.0,149,Quality,44.53
146,30,1,Staff,Procurement,88214342.0,149,Teamwork,46.71
146,30,1,Staff,Procurement,88214342.0,149,Time Management,47.78
146,30,1,Staff,Procurement,90000000.0,244,Development,47.44
146,30,1,Staff,Procurement,90000000.0,244,Efficiency,49.25
146,30,1,Staff,Procurement,90000000.0,244,HR,44.66
146,30,1,Staff,Procurement,90000000.0,244,Performance,48.54
146,30,1,Staff,Procurement,90000000.0,244,Quality,42.525
146,30,1,Staff,Procurement,90000000.0,244,Teamwork,47.4
146,30,1,Staff,Procurement,130000000.0,303,Efficiency,45.73
146,30,1,Staff,Procurement,130000000.0,303,Time Management,49.08
146,30,1,Staff,Procurement,190000000.0,241,Quality,50.31
146,30,1,Staff,Procurement,190000000.0,241,Technical,48.91
146,30,1,Staff,Procurement,204675132.0,174,Development,45.05
146,30,1,Staff,Procurement,300000000.0,242,HR,47.43
146,30,1,Staff,Procurement,300000000.0,242,Innovation,38.78
146,30,1,Staff,Procurement,300000000.0,242,Project,48.230000000000004
146,30,1,Staff,Procurement,300000000.0,242,Quality,44.480000000000004
146,30,1,Staff,Procurement,300000000.0,242,Teamwork,45.29
146,30,1,Staff,Procurement,300000000.0,242,Technical,41.6
146,30,1,Staff,Procurement,377293102.0,80,Finance,54.16
146,30,1,Staff,Procurement,377293102.0,80,HR,54.64
146,30,1,Staff,Procurement,377293102.0,80,Quality,43.406666666666666
146,30,1,Staff,Procurement,377293102.0,80,Teamwork,36.2
146,30,1,Staff,Procurement,377293102.0,80,Time Management,54.22
146,30,1,Staff,Procurement,400000000.0,259,HR,53.17
146,30,1,Staff,Procurement,400000000.0,259,Quality,40.33
146,30,1,Staff,Procurement,400000000.0,259,Teamwork,51.92
147,39,14,Manager,Logistics,60000000.0,214,Development,85.68
147,39,14,Manager,Logistics,60000000.0,214,HR,87.795
147,39,14,Manager,Logistics,60000000.0,214,Performance,82.38
147,39,14,Manager,Logistics,60000000.0,214,Quality,91.7775
147,39,14,Manager,Logistics,60000000.0,214,Teamwork,95.48
147,39,14,Manager,Logistics,75000000.0,203,Efficiency,96.42
147,39,14,Manager,Logistics,75000000.0,203,Finance,88.97
147,39,14,Manager,Logistics,75000000.0,203,Project,85.85
147,39,14,Manager,Logistics,75000000.0,203,Quality,90.94
147,39,14,Manager,Logistics,75000000.0,203,Teamwork,92.66
147,39,14,Manager,Logistics,75000000.0,203,Technical,93.11
147,39,14,Manager,Logistics,82017929.0,114,Attendance,91.97
147,39,14,Manager,Logistics,82017929.0,114,Development,90.62
147,39,14,Manager,Logistics,82017929.0,114,Finance,88.18
147,39,14,Manager,Logistics,82017929.0,114,HR,93.77
147,39,14,Manager,Logistics,82017929.0,114,Innovation,88.49
147,39,14,Manager,Logistics,82017929.0,114,Performance,91.25
147,39,14,Manager,Logistics,82017929.0,114,Project,91.64999999999999
147,39,14,Manager,Logistics,82017929.0,114,Quality,87.225
147,39,14,Manager,Logistics,82017929.0,114,Teamwork,94.9
147,39,14,Manager,Logistics,82017929.0,114,Technical,92.49
147,39,14,Manager,Logistics,82017929.0,114,Time Management,91.00333333333333
147,39,14,Manager,Logistics,130000000.0,303,Finance,92.92
147,39,14,Manager,Logistics,130000000.0,303,HR,92.66
147,39,14,Manager,Logistics,130000000.0,303,Performance,88.845
147,39,14,Manager,Logistics,130000000.0,303,Project,93.04
147,39,14,Manager,Logistics,130000000.0,303,Quality,84.66
147,39,14,Manager,Logistics,130000000.0,303,Technical,91.73333333333333
147,39,14,Manager,Logistics,170000000.0,229,Attendance,97.98
147,39,14,Manager,Logistics,170000000.0,229,Development,84.11
147,39,14,Manager,Logistics,170000000.0,229,Finance,84.59
147,39,14,Manager,Logistics,170000000.0,229,HR,88.85499999999999
147,39,14,Manager,Logistics,170000000.0,229,Innovation,84.08
147,39,14,Manager,Logistics,170000000.0,229,Project,89.06
147,39,14,Manager,Logistics,170000000.0,229,Technical,90.25
147,39,14,Manager,Logistics,291862333.0,334,Attendance,89.56
147,39,14,Manager,Logistics,291862333.0,334,Efficiency,86.88
147,39,14,Manager,Logistics,291862333.0,334,Teamwork,88.76
147,39,14,Manager,Logistics,369461833.0,321,Attendance,92.65
147,39,14,Manager,Logistics,369461833.0,321,Efficiency,89.49
147,39,14,Manager,Logistics,369461833.0,321,Finance,89.42
147,39,14,Manager,Logistics,369461833.0,321,HR,92.17
147,39,14,Manager,Logistics,369461833.0,321,Innovation,87.86
147,39,14,Manager,Logistics,369461833.0,321,Project,86.89
147,39,14,Manager,Logistics,369461833.0,321,Quality,90.865
147,39,14,Manager,Logistics,369461833.0,321,Time Management,92.86500000000001
147,39,14,Manager,Logistics,385820825.0,138,Attendance,88.52
147,39,14,Manager,Logistics,385820825.0,138,Quality,84.4
147,39,14,Manager,Logistics,385820825.0,138,Teamwork,95.59
148,41,11,Manager,Corporate Strategy,50000000.0,211,HR,98.0
148,41,11,Manager,Corporate Strategy,50000000.0,211,Innovation,89.25
148,41,11,Manager,Corporate Strategy,50000000.0,211,Quality,93.46
148,41,11,Manager,Corporate Strategy,50000000.0,211,Teamwork,98.0
148,41,11,Manager,Corporate Strategy,80000000.0,138,Development,98.0
148,41,11,Manager,Corporate Strategy,80000000.0,138,Finance,91.89
148,41,11,Manager,Corporate Strategy,80000000.0,138,HR,97.63
148,41,11,Manager,Corporate Strategy,80000000.0,138,Project,95.12
148,41,11,Manager,Corporate Strategy,80000000.0,138,Technical,98.0
148,41,11,Manager,Corporate Strategy,80000000.0,138,Time Management,98.0
148,41,11,Manager,Corporate Strategy,170000000.0,229,Attendance,98.0
148,41,11,Manager,Corporate Strategy,170000000.0,229,Development,90.09
148,41,11,Manager,Corporate Strategy,170000000.0,229,Quality,94.37
148,41,11,Manager,Corporate Strategy,170000000.0,229,Technical,98.0
148,41,11,Manager,Corporate Strategy,170000000.0,229,Time Management,91.63
148,41,11,Manager,Corporate Strategy,278244747.0,88,Attendance,98.0
148,41,11,Manager,Corporate Strategy,278244747.0,88,Efficiency,98.0
148,41,11,Manager,Corporate Strategy,278244747.0,88,Finance,95.78
148,41,11,Manager,Corporate Strategy,278244747.0,88,HR,97.14
148,41,11,Manager,Corporate Strategy,278244747.0,88,Innovation,93.64
148,41,11,Manager,Corporate Strategy,278244747.0,88,Performance,96.545
148,41,11,Manager,Corporate Strategy,278244747.0,88,Quality,98.0
148,41,11,Manager,Corporate Strategy,278244747.0,88,Time Management,98.0
148,41,11,Manager,Corporate Strategy,291862333.0,334,Efficiency,98.0
148,41,11,Manager,Corporate Strategy,291862333.0,334,Finance,98.0
148,41,11,Manager,Corporate Strategy,291862333.0,334,HR,98.0
148,41,11,Manager,Corporate Strategy,291862333.0,334,Innovation,98.0
148,41,11,Manager,Corporate Strategy,291862333.0,334,Quality,94.19
148,41,11,Manager,Corporate Strategy,291862333.0,334,Teamwork,98.0
148,41,11,Manager,Corporate Strategy,291868109.0,256,Attendance,98.0
148,41,11,Manager,Corporate Strategy,291868109.0,256,Efficiency,98.0
148,41,11,Manager,Corporate Strategy,291868109.0,256,Finance,98.0
148,41,11,Manager,Corporate Strategy,291868109.0,256,HR,96.77000000000001
148,41,11,Manager,Corporate Strategy,291868109.0,256,Quality,96.03999999999999
148,41,11,Manager,Corporate Strategy,291868109.0,256,Teamwork,98.0
148,41,11,Manager,Corporate Strategy,291868109.0,256,Technical,98.0
148,41,11,Manager,Corporate Strategy,291868109.0,256,Time Management,94.45
148,41,11,Manager,Corporate Strategy,375514309.0,335,Efficiency,98.0
148,41,11,Manager,Corporate Strategy,375514309.0,335,HR,98.0
148,41,11,Manager,Corporate Strategy,375514309.0,335,Quality,98.0
148,41,11,Manager,Corporate Strategy,375514309.0,335,Teamwork,98.0
148,41,11,Manager,Corporate Strategy,375514309.0,335,Time Management,92.19
148,41,11,Manager,Corporate Strategy,400000000.0,259,HR,98.0
148,41,11,Manager,Corporate Strategy,400000000.0,259,Innovation,92.95
148,41,11,Manager,Corporate Strategy,400000000.0,259,Performance,98.0
148,41,11,Manager,Corporate Strategy,400000000.0,259,Technical,98.0
149,42,10,Manager,Research & Development,90000000.0,244,Finance,98.0
149,42,10,Manager,Research & Development,90000000.0,244,HR,98.0
149,42,10,Manager,Research & Development,90000000.0,244,Innovation,95.97
149,42,10,Manager,Research & Development,90000000.0,244,Performance,96.41
149,42,10,Manager,Research & Development,90000000.0,244,Quality,98.0
149,42,10,Manager,Research & Development,90000000.0,244,Teamwork,98.0
149,42,10,Manager,Research & Development,90000000.0,244,Technical,98.0
149,42,10,Manager,Research & Development,130000000.0,303,Efficiency,97.8
149,42,10,Manager,Research & Development,130000000.0,303,HR,98.0
149,42,10,Manager,Research & Development,130000000.0,303,Time Management,97.95
149,42,10,Manager,Research & Development,178776637.0,118,Finance,98.0
149,42,10,Manager,Research & Development,178776637.0,118,Teamwork,98.0
149,42,10,Manager,Research & Development,178776637.0,118,Time Management,98.0
149,42,10,Manager,Research & Development,200000000.0,167,Development,95.22
149,42,10,Manager,Research & Development,200000000.0,167,Efficiency,98.0
149,42,10,Manager,Research & Development,200000000.0,167,Finance,98.0
149,42,10,Manager,Research & Development,200000000.0,167,HR,98.0
149,42,10,Manager,Research & Development,200000000.0,167,Innovation,88.93
149,42,10,Manager,Research & Development,200000000.0,167,Quality,96.4525
149,42,10,Manager,Research & Development,200000000.0,167,Technical,91.9
149,42,10,Manager,Research & Development,200000000.0,167,Time Management,98.0
149,42,10,Manager,Research & Development,291868109.0,256,Attendance,98.0
149,42,10,Manager,Research & Development,291868109.0,256,Development,95.57
149,42,10,Manager,Research & Development,291868109.0,256,Performance,98.0
149,42,10,Manager,Research & Development,291868109.0,256,Quality,97.445
149,42,10,Manager,Research & Development,291868109.0,256,Technical,98.0
149,42,10,Manager,Research & Development,466447298.0,297,Attendance,98.0
149,42,10,Manager,Research & Development,466447298.0,297,Finance,98.0
149,42,10,Manager,Research & Development,466447298.0,297,HR,98.0
149,42,10,Manager,Research & Development,466447298.0,297,Performance,98.0
149,42,10,Manager,Research & Development,466447298.0,297,Project,97.805
149,42,10,Manager,Research & Development,466447298.0,297,Quality,97.68333333333334
149,42,10,Manager,Research & Development,466447298.0,297,Teamwork,98.0
149,42,10,Manager,Research & Development,500000000.0,356,Finance,98.0
149,42,10,Manager,Research & Development,500000000.0,356,HR,98.0
149,42,10,Manager,Research & Development,500000000.0,356,Innovation,93.58
149,42,10,Manager,Research & Development,500000000.0,356,Quality,94.85
149,42,10,Manager,Research & Development,500000000.0,356,Technical,98.0
150,25,3,Staff,Production,50000000.0,211,Finance,67.78
150,25,3,Staff,Production,50000000.0,211,HR,61.01
150,25,3,Staff,Production,50000000.0,211,Performance,67.25
150,25,3,Staff,Production,50000000.0,211,Quality,61.22
150,25,3,Staff,Production,50000000.0,211,Time Management,61.65
150,25,3,Staff,Production,60000000.0,214,Development,54.01
150,25,3,Staff,Production,60000000.0,214,Efficiency,56.25
150,25,3,Staff,Production,60000000.0,214,HR,64.89
150,25,3,Staff,Production,60000000.0,214,Performance,63.87
150,25,3,Staff,Production,60000000.0,214,Project,61.1
150,25,3,Staff,Production,60000000.0,214,Quality,64.54333333333334
150,25,3,Staff,Production,60000000.0,214,Time Management,74.27
150,25,3,Staff,Production,90000000.0,244,Development,61.14
150,25,3,Staff,Production,90000000.0,244,Finance,59.95
150,25,3,Staff,Production,90000000.0,244,Performance,73.7
150,25,3,Staff,Production,90000000.0,244,Project,66.535
150,25,3,Staff,Production,90000000.0,244,Quality,59.46
150,25,3,Staff,Production,90000000.0,244,Time Management,61.94
150,25,3,Staff,Production,134037811.0,31,Attendance,69.99000000000001
150,25,3,Staff,Production,134037811.0,31,Development,65.69
150,25,3,Staff,Production,134037811.0,31,Efficiency,57.22
150,25,3,Staff,Production,134037811.0,31,Finance,61.00666666666666
150,25,3,Staff,Production,134037811.0,31,HR,68.77
150,25,3,Staff,Production,134037811.0,31,Quality,56.04
150,25,3,Staff,Production,134037811.0,31,Technical,62.495
150,25,3,Staff,Production,291862333.0,334,Attendance,62.48
150,25,3,Staff,Production,291862333.0,334,Development,61.07
150,25,3,Staff,Production,291862333.0,334,HR,65.66999999999999
150,25,3,Staff,Production,291862333.0,334,Performance,65.85
150,25,3,Staff,Production,291862333.0,334,Project,63.04
150,25,3,Staff,Production,291862333.0,334,Quality,61.019999999999996
150,25,3,Staff,Production,291862333.0,334,Teamwork,59.4
150,25,3,Staff,Production,291862333.0,334,Time Management,52.65
150,25,3,Staff,Production,365962025.0,249,Development,58.655
150,25,3,Staff,Production,365962025.0,249,Finance,66.53
150,25,3,Staff,Production,365962025.0,249,Innovation,68.76
150,25,3,Staff,Production,365962025.0,249,Project,66.47
150,25,3,Staff,Production,365962025.0,249,Quality,61.709999999999994
150,25,3,Staff,Production,365962025.0,249,Technical,62.834999999999994
150,25,3,Staff,Production,404564658.0,71,Attendance,79.54
150,25,3,Staff,Production,404564658.0,71,Development,57.79
150,25,3,Staff,Production,404564658.0,71,Efficiency,60.74
150,25,3,Staff,Production,404564658.0,71,HR,56.41
150,25,3,Staff,Production,404564658.0,71,Project,65.06
150,25,3,Staff,Production,404564658.0,71,Teamwork,73.7
150,25,3,Staff,Production,404564658.0,71,Technical,66.61
150,25,3,Staff,Production,466447298.0,297,Efficiency,68.42
150,25,3,Staff,Production,466447298.0,297,Quality,61.69
150,25,3,Staff,Production,466447298.0,297,Teamwork,63.63
151,35,5,Senior Staff,Logistics,75000000.0,203,Attendance,60.37
151,35,5,Senior Staff,Logistics,75000000.0,203,Quality,66.07
151,35,5,Senior Staff,Logistics,75000000.0,203,Teamwork,65.2
151,35,5,Senior Staff,Logistics,82017929.0,114,Attendance,68.08
151,35,5,Senior Staff,Logistics,82017929.0,114,Development,57.285
151,35,5,Senior Staff,Logistics,82017929.0,114,Finance,67.5
151,35,5,Senior Staff,Logistics,82017929.0,114,Innovation,73.09
151,35,5,Senior Staff,Logistics,82017929.0,114,Performance,67.34
151,35,5,Senior Staff,Logistics,82017929.0,114,Project,59.2
151,35,5,Senior Staff,Logistics,82017929.0,114,Quality,65.50999999999999
151,35,5,Senior Staff,Logistics,82017929.0,114,Teamwork,69.525
151,35,5,Senior Staff,Logistics,82017929.0,114,Time Management,68.78
151,35,5,Senior Staff,Logistics,170000000.0,229,Attendance,67.11
151,35,5,Senior Staff,Logistics,170000000.0,229,Efficiency,71.83
151,35,5,Senior Staff,Logistics,170000000.0,229,HR,59.69
151,35,5,Senior Staff,Logistics,170000000.0,229,Innovation,63.22
151,35,5,Senior Staff,Logistics,170000000.0,229,Performance,61.65
151,35,5,Senior Staff,Logistics,170000000.0,229,Project,64.48
151,35,5,Senior Staff,Logistics,170000000.0,229,Quality,61.39
151,35,5,Senior Staff,Logistics,170000000.0,229,Teamwork,65.71
151,35,5,Senior Staff,Logistics,170000000.0,229,Technical,66.99
151,35,5,Senior Staff,Logistics,170000000.0,229,Time Management,62.29
151,35,5,Senior Staff,Logistics,180000000.0,193,Development,61.355000000000004
151,35,5,Senior Staff,Logistics,180000000.0,193,Efficiency,57.37
151,35,5,Senior Staff,Logistics,180000000.0,193,Finance,60.89
151,35,5,Senior Staff,Logistics,180000000.0,193,HR,56.28
151,35,5,Senior Staff,Logistics,180000000.0,193,Performance,57.15
151,35,5,Senior Staff,Logistics,180000000.0,193,Project,68.93
151,35,5,Senior Staff,Logistics,180000000.0,193,Quality,59.36
151,35,5,Senior Staff,Logistics,200000000.0,167,Efficiency,64.98
151,35,5,Senior Staff,Logistics,200000000.0,167,HR,63.19
151,35,5,Senior Staff,Logistics,200000000.0,167,Quality,62.39
151,35,5,Senior Staff,Logistics,204675132.0,174,Attendance,64.53
151,35,5,Senior Staff,Logistics,204675132.0,174,Finance,59.15
151,35,5,Senior Staff,Logistics,204675132.0,174,Performance,67.28
151,35,5,Senior Staff,Logistics,204675132.0,174,Project,54.15
151,35,5,Senior Staff,Logistics,204675132.0,174,Quality,58.973333333333336
151,35,5,Senior Staff,Logistics,204675132.0,174,Teamwork,69.27
151,35,5,Senior Staff,Logistics,204675132.0,174,Technical,70.68
151,35,5,Senior Staff,Logistics,250000000.0,291,Development,58.21
151,35,5,Senior Staff,Logistics,250000000.0,291,Efficiency,63.48
151,35,5,Senior Staff,Logistics,250000000.0,291,HR,62.53
151,35,5,Senior Staff,Logistics,250000000.0,291,Innovation,56.83
151,35,5,Senior Staff,Logistics,250000000.0,291,Quality,64.51
151,35,5,Senior Staff,Logistics,250000000.0,291,Time Management,57.68
151,35,5,Senior Staff,Logistics,291862333.0,334,Attendance,63.375
151,35,5,Senior Staff,Logistics,291862333.0,334,Finance,59.93
151,35,5,Senior Staff,Logistics,291862333.0,334,Innovation,58.625
151,35,5,Senior Staff,Logistics,291862333.0,334,Quality,59.08
151,35,5,Senior Staff,Logistics,291862333.0,334,Technical,63.59
152,42,8,Manager,Logistics,90000000.0,244,Development,82.4
152,42,8,Manager,Logistics,90000000.0,244,HR,83.26
152,42,8,Manager,Logistics,90000000.0,244,Quality,86.29499999999999
152,42,8,Manager,Logistics,95000000.0,211,Development,89.38
152,42,8,Manager,Logistics,95000000.0,211,Efficiency,93.31
152,42,8,Manager,Logistics,95000000.0,211,HR,92.78000000000002
152,42,8,Manager,Logistics,95000000.0,211,Innovation,85.13
152,42,8,Manager,Logistics,95000000.0,211,Performance,93.04
152,42,8,Manager,Logistics,95000000.0,211,Quality,89.835
152,42,8,Manager,Logistics,95000000.0,211,Teamwork,94.625
152,42,8,Manager,Logistics,180000000.0,193,HR,90.27
152,42,8,Manager,Logistics,180000000.0,193,Innovation,83.14
152,42,8,Manager,Logistics,180000000.0,193,Quality,89.23
152,42,8,Manager,Logistics,180000000.0,193,Technical,84.74
152,42,8,Manager,Logistics,291868109.0,256,Attendance,90.94
152,42,8,Manager,Logistics,291868109.0,256,Quality,86.45
152,42,8,Manager,Logistics,355280620.0,347,HR,88.02
152,42,8,Manager,Logistics,355280620.0,347,Innovation,82.05
152,42,8,Manager,Logistics,355280620.0,347,Quality,92.23
152,42,8,Manager,Logistics,355280620.0,347,Teamwork,86.32
152,42,8,Manager,Logistics,355280620.0,347,Technical,94.53
152,42,8,Manager,Logistics,397696244.0,106,Attendance,95.84
152,42,8,Manager,Logistics,397696244.0,106,Development,89.58
152,42,8,Manager,Logistics,397696244.0,106,Efficiency,91.3
152,42,8,Manager,Logistics,397696244.0,106,HR,85.91
152,42,8,Manager,Logistics,397696244.0,106,Performance,86.87
152,42,8,Manager,Logistics,397696244.0,106,Project,90.94
152,42,8,Manager,Logistics,397696244.0,106,Quality,86.455
152,42,8,Manager,Logistics,397696244.0,106,Technical,84.11
152,42,8,Manager,Logistics,397696244.0,106,Time Management,90.57
152,42,8,Manager,Logistics,404564658.0,71,Efficiency,93.8
152,42,8,Manager,Logistics,404564658.0,71,Finance,88.75
152,42,8,Manager,Logistics,404564658.0,71,HR,90.14500000000001
152,42,8,Manager,Logistics,404564658.0,71,Performance,90.75
152,42,8,Manager,Logistics,404564658.0,71,Project,86.54
152,42,8,Manager,Logistics,404564658.0,71,Quality,87.42666666666666
152,42,8,Manager,Logistics,404564658.0,71,Teamwork,91.96
152,42,8,Manager,Logistics,404564658.0,71,Time Management,90.72
152,42,8,Manager,Logistics,493794225.0,102,Development,93.66
152,42,8,Manager,Logistics,493794225.0,102,Finance,84.4
152,42,8,Manager,Logistics,493794225.0,102,Performance,95.99
152,42,8,Manager,Logistics,493794225.0,102,Project,89.3
152,42,8,Manager,Logistics,493794225.0,102,Quality,90.405
152,42,8,Manager,Logistics,493794225.0,102,Technical,83.69999999999999
152,42,8,Manager,Logistics,493794225.0,102,Time Management,88.26
153,26,3,Staff,Logistics,75000000.0,203,Development,62.11
153,26,3,Staff,Logistics,75000000.0,203,Technical,58.59
153,26,3,Staff,Logistics,88214342.0,149,Efficiency,60.25
153,26,3,Staff,Logistics,88214342.0,149,HR,63.17333333333334
153,26,3,Staff,Logistics,88214342.0,149,Innovation,55.47
153,26,3,Staff,Logistics,88214342.0,149,Quality,61.22
153,26,3,Staff,Logistics,88214342.0,149,Technical,66.37
153,26,3,Staff,Logistics,95000000.0,211,Attendance,66.36
153,26,3,Staff,Logistics,95000000.0,211,Efficiency,60.99
153,26,3,Staff,Logistics,95000000.0,211,HR,60.58
153,26,3,Staff,Logistics,95000000.0,211,Quality,66.2
153,26,3,Staff,Logistics,95000000.0,211,Teamwork,65.78999999999999
153,26,3,Staff,Logistics,180000000.0,193,Attendance,56.74
153,26,3,Staff,Logistics,180000000.0,193,Development,55.66
153,26,3,Staff,Logistics,180000000.0,193,Efficiency,60.11333333333334
153,26,3,Staff,Logistics,180000000.0,193,HR,52.56
153,26,3,Staff,Logistics,180000000.0,193,Innovation,59.75
153,26,3,Staff,Logistics,180000000.0,193,Performance,57.555
153,26,3,Staff,Logistics,180000000.0,193,Quality,55.4475
153,26,3,Staff,Logistics,180000000.0,193,Technical,62.33
153,26,3,Staff,Logistics,180000000.0,193,Time Management,59.65
153,26,3,Staff,Logistics,365962025.0,249,Finance,60.14
153,26,3,Staff,Logistics,365962025.0,249,Performance,67.07
153,26,3,Staff,Logistics,365962025.0,249,Time Management,66.0
153,26,3,Staff,Logistics,375514309.0,335,Attendance,60.830000000000005
153,26,3,Staff,Logistics,375514309.0,335,Development,57.29333333333333
153,26,3,Staff,Logistics,375514309.0,335,Efficiency,58.27
153,26,3,Staff,Logistics,375514309.0,335,Teamwork,59.04
153,26,3,Staff,Logistics,375514309.0,335,Technical,57.055
153,26,3,Staff,Logistics,385820825.0,138,Development,62.364999999999995
153,26,3,Staff,Logistics,385820825.0,138,Efficiency,61.71
153,26,3,Staff,Logistics,385820825.0,138,HR,64.7
153,26,3,Staff,Logistics,385820825.0,138,Innovation,59.09
153,26,3,Staff,Logistics,385820825.0,138,Performance,57.08
153,26,3,Staff,Logistics,385820825.0,138,Project,61.785
153,26,3,Staff,Logistics,385820825.0,138,Quality,62.275000000000006
153,26,3,Staff,Logistics,385820825.0,138,Teamwork,70.55
153,26,3,Staff,Logistics,404564658.0,71,Efficiency,62.540000000000006
153,26,3,Staff,Logistics,404564658.0,71,HR,68.48
153,26,3,Staff,Logistics,404564658.0,71,Innovation,52.04
153,26,3,Staff,Logistics,404564658.0,71,Performance,59.61
153,26,3,Staff,Logistics,404564658.0,71,Quality,59.2
153,26,3,Staff,Logistics,404564658.0,71,Teamwork,62.8
153,26,3,Staff,Logistics,404564658.0,71,Technical,70.98
154,26,2,Staff,IT,82017929.0,114,Efficiency,68.22
154,26,2,Staff,IT,82017929.0,114,Project,59.21
154,26,2,Staff,IT,82017929.0,114,Quality,61.39
154,26,2,Staff,IT,110000000.0,199,Finance,71.8
154,26,2,Staff,IT,110000000.0,199,HR,76.62
154,26,2,Staff,IT,110000000.0,199,Performance,63.99
154,26,2,Staff,IT,130000000.0,303,Efficiency,70.03
154,26,2,Staff,IT,130000000.0,303,HR,69.57
154,26,2,Staff,IT,130000000.0,303,Teamwork,72.29
154,26,2,Staff,IT,130000000.0,303,Technical,67.65
154,26,2,Staff,IT,170000000.0,229,Development,56.27
154,26,2,Staff,IT,170000000.0,229,Finance,61.82
154,26,2,Staff,IT,170000000.0,229,HR,64.38
154,26,2,Staff,IT,170000000.0,229,Innovation,57.95
154,26,2,Staff,IT,170000000.0,229,Performance,64.765
154,26,2,Staff,IT,170000000.0,229,Quality,61.24
154,26,2,Staff,IT,170000000.0,229,Technical,68.7
154,26,2,Staff,IT,170000000.0,229,Time Management,63.03
154,26,2,Staff,IT,300000000.0,242,Attendance,68.42
154,26,2,Staff,IT,300000000.0,242,Development,65.98
154,26,2,Staff,IT,300000000.0,242,Efficiency,59.02
154,26,2,Staff,IT,300000000.0,242,Innovation,57.165
154,26,2,Staff,IT,300000000.0,242,Teamwork,65.0
154,26,2,Staff,IT,385820825.0,138,Attendance,69.71
154,26,2,Staff,IT,385820825.0,138,HR,70.38
154,26,2,Staff,IT,385820825.0,138,Quality,71.56
154,26,2,Staff,IT,385820825.0,138,Time Management,76.91
154,26,2,Staff,IT,466447298.0,297,Finance,76.06
154,26,2,Staff,IT,493794225.0,102,Quality,62.56
155,28,5,Staff,Quality Assurance,80000000.0,138,Attendance,69.09
155,28,5,Staff,Quality Assurance,80000000.0,138,Finance,65.69
155,28,5,Staff,Quality Assurance,80000000.0,138,Performance,69.07
155,28,5,Staff,Quality Assurance,80000000.0,138,Project,60.58
155,28,5,Staff,Quality Assurance,80000000.0,138,Quality,61.843333333333334
155,28,5,Staff,Quality Assurance,80000000.0,138,Time Management,70.28
155,28,5,Staff,Quality Assurance,134037811.0,31,Development,72.66
155,28,5,Staff,Quality Assurance,134037811.0,31,Efficiency,70.76
155,28,5,Staff,Quality Assurance,134037811.0,31,HR,74.56
155,28,5,Staff,Quality Assurance,134037811.0,31,Project,75.38
155,28,5,Staff,Quality Assurance,134037811.0,31,Quality,61.12
155,28,5,Staff,Quality Assurance,180000000.0,193,Development,62.15
155,28,5,Staff,Quality Assurance,180000000.0,193,HR,76.53
155,28,5,Staff,Quality Assurance,206368642.0,46,Efficiency,68.02
155,28,5,Staff,Quality Assurance,206368642.0,46,Innovation,65.72
155,28,5,Staff,Quality Assurance,206368642.0,46,Performance,72.42
155,28,5,Staff,Quality Assurance,206368642.0,46,Project,67.49
155,28,5,Staff,Quality Assurance,206368642.0,46,Quality,70.16
155,28,5,Staff,Quality Assurance,206368642.0,46,Time Management,72.28
155,28,5,Staff,Quality Assurance,278244747.0,88,Attendance,77.8
155,28,5,Staff,Quality Assurance,278244747.0,88,Development,68.05
155,28,5,Staff,Quality Assurance,278244747.0,88,Efficiency,67.495
155,28,5,Staff,Quality Assurance,278244747.0,88,Finance,64.21
155,28,5,Staff,Quality Assurance,278244747.0,88,HR,69.9
155,28,5,Staff,Quality Assurance,278244747.0,88,Performance,71.58666666666666
155,28,5,Staff,Quality Assurance,278244747.0,88,Project,77.73
155,28,5,Staff,Quality Assurance,278244747.0,88,Technical,69.37
155,28,5,Staff,Quality Assurance,291862333.0,334,Development,66.55
155,28,5,Staff,Quality Assurance,291862333.0,334,HR,74.32
155,28,5,Staff,Quality Assurance,291862333.0,334,Innovation,64.64
155,28,5,Staff,Quality Assurance,291862333.0,334,Performance,71.97
155,28,5,Staff,Quality Assurance,291862333.0,334,Quality,63.94
155,28,5,Staff,Quality Assurance,291862333.0,334,Technical,71.39
155,28,5,Staff,Quality Assurance,365962025.0,249,Efficiency,70.05
155,28,5,Staff,Quality Assurance,365962025.0,249,HR,69.625
155,28,5,Staff,Quality Assurance,365962025.0,249,Project,69.13
155,28,5,Staff,Quality Assurance,365962025.0,249,Quality,66.9975
155,28,5,Staff,Quality Assurance,365962025.0,249,Teamwork,67.13
155,28,5,Staff,Quality Assurance,365962025.0,249,Time Management,72.8
155,28,5,Staff,Quality Assurance,375514309.0,335,Attendance,75.63499999999999
155,28,5,Staff,Quality Assurance,375514309.0,335,Efficiency,66.945
155,28,5,Staff,Quality Assurance,375514309.0,335,HR,66.66666666666667
155,28,5,Staff,Quality Assurance,375514309.0,335,Innovation,60.04
155,28,5,Staff,Quality Assurance,375514309.0,335,Performance,67.05
155,28,5,Staff,Quality Assurance,375514309.0,335,Quality,66.185
156,34,4,Senior Staff,Operations,50000000.0,211,Finance,68.215
156,34,4,Senior Staff,Operations,50000000.0,211,Project,75.76
156,34,4,Senior Staff,Operations,50000000.0,211,Quality,61.67
156,34,4,Senior Staff,Operations,50000000.0,211,Time Management,65.42
156,34,4,Senior Staff,Operations,80000000.0,138,Quality,62.096666666666664
156,34,4,Senior Staff,Operations,80000000.0,138,Time Management,70.63
156,34,4,Senior Staff,Operations,90000000.0,244,HR,71.59
156,34,4,Senior Staff,Operations,90000000.0,244,Innovation,63.93
156,34,4,Senior Staff,Operations,90000000.0,244,Quality,74.0
156,34,4,Senior Staff,Operations,180000000.0,193,Efficiency,63.36
156,34,4,Senior Staff,Operations,180000000.0,193,HR,65.34
156,34,4,Senior Staff,Operations,180000000.0,193,Innovation,60.62
156,34,4,Senior Staff,Operations,180000000.0,193,Performance,65.51
156,34,4,Senior Staff,Operations,180000000.0,193,Project,76.05
156,34,4,Senior Staff,Operations,180000000.0,193,Quality,65.95
156,34,4,Senior Staff,Operations,180000000.0,193,Teamwork,72.48
156,34,4,Senior Staff,Operations,220000000.0,225,Attendance,71.62
156,34,4,Senior Staff,Operations,220000000.0,225,Development,70.08
156,34,4,Senior Staff,Operations,220000000.0,225,Efficiency,62.85
156,34,4,Senior Staff,Operations,220000000.0,225,HR,69.69666666666667
156,34,4,Senior Staff,Operations,220000000.0,225,Teamwork,66.51
156,34,4,Senior Staff,Operations,220000000.0,225,Technical,57.17
156,34,4,Senior Staff,Operations,220000000.0,225,Time Management,73.03
156,34,4,Senior Staff,Operations,278244747.0,88,HR,66.62
156,34,4,Senior Staff,Operations,278244747.0,88,Performance,68.475
156,34,4,Senior Staff,Operations,278244747.0,88,Project,61.34
156,34,4,Senior Staff,Operations,278244747.0,88,Quality,68.05
156,34,4,Senior Staff,Operations,278244747.0,88,Technical,60.38
156,34,4,Senior Staff,Operations,291862333.0,334,Efficiency,67.71
156,34,4,Senior Staff,Operations,291862333.0,334,Finance,64.75
156,34,4,Senior Staff,Operations,291862333.0,334,HR,70.985
156,34,4,Senior Staff,Operations,291862333.0,334,Innovation,59.83
156,34,4,Senior Staff,Operations,291862333.0,334,Project,65.16499999999999
156,34,4,Senior Staff,Operations,291862333.0,334,Quality,61.09
156,34,4,Senior Staff,Operations,291862333.0,334,Technical,68.215
156,34,4,Senior Staff,Operations,472961951.0,350,Attendance,69.66
156,34,4,Senior Staff,Operations,472961951.0,350,Development,65.76
156,34,4,Senior Staff,Operations,472961951.0,350,Efficiency,61.87
156,34,4,Senior Staff,Operations,472961951.0,350,Finance,60.05
156,34,4,Senior Staff,Operations,472961951.0,350,HR,69.74000000000001
156,34,4,Senior Staff,Operations,472961951.0,350,Project,78.62
156,34,4,Senior Staff,Operations,472961951.0,350,Quality,72.45
156,34,4,Senior Staff,Operations,472961951.0,350,Technical,61.47
157,23,3,Staff,Quality Assurance,95000000.0,211,Development,62.584999999999994
157,23,3,Staff,Quality Assurance,95000000.0,211,Finance,63.195
157,23,3,Staff,Quality Assurance,95000000.0,211,HR,70.0425
157,23,3,Staff,Quality Assurance,95000000.0,211,Performance,68.92
157,23,3,Staff,Quality Assurance,95000000.0,211,Project,67.88499999999999
157,23,3,Staff,Quality Assurance,95000000.0,211,Quality,64.14
157,23,3,Staff,Quality Assurance,95000000.0,211,Technical,69.46333333333332
157,23,3,Staff,Quality Assurance,130000000.0,303,Attendance,63.03
157,23,3,Staff,Quality Assurance,130000000.0,303,Finance,66.97
157,23,3,Staff,Quality Assurance,130000000.0,303,HR,64.37
157,23,3,Staff,Quality Assurance,130000000.0,303,Project,66.71
157,23,3,Staff,Quality Assurance,130000000.0,303,Quality,58.86
157,23,3,Staff,Quality Assurance,130000000.0,303,Technical,65.31
157,23,3,Staff,Quality Assurance,130000000.0,303,Time Management,66.27
157,23,3,Staff,Quality Assurance,134037811.0,31,Attendance,73.0
157,23,3,Staff,Quality Assurance,134037811.0,31,Development,68.14999999999999
157,23,3,Staff,Quality Assurance,134037811.0,31,Efficiency,67.4
157,23,3,Staff,Quality Assurance,134037811.0,31,HR,71.42
157,23,3,Staff,Quality Assurance,134037811.0,31,Innovation,63.8
157,23,3,Staff,Quality Assurance,134037811.0,31,Project,67.92
157,23,3,Staff,Quality Assurance,134037811.0,31,Quality,65.07666666666667
157,23,3,Staff,Quality Assurance,134037811.0,31,Teamwork,65.89
157,23,3,Staff,Quality Assurance,134037811.0,31,Technical,66.18
157,23,3,Staff,Quality Assurance,134037811.0,31,Time Management,71.95
157,23,3,Staff,Quality Assurance,206368642.0,46,Attendance,74.13
157,23,3,Staff,Quality Assurance,206368642.0,46,Efficiency,61.4
157,23,3,Staff,Quality Assurance,206368642.0,46,Finance,57.65
157,23,3,Staff,Quality Assurance,206368642.0,46,HR,67.64333333333333
157,23,3,Staff,Quality Assurance,206368642.0,46,Project,63.44
157,23,3,Staff,Quality Assurance,206368642.0,46,Quality,67.4025
157,23,3,Staff,Quality Assurance,206368642.0,46,Teamwork,73.16
157,23,3,Staff,Quality Assurance,206368642.0,46,Technical,71.24
157,23,3,Staff,Quality Assurance,278244747.0,88,Attendance,71.35
157,23,3,Staff,Quality Assurance,278244747.0,88,Quality,62.06
157,23,3,Staff,Quality Assurance,291868109.0,256,Attendance,75.85
157,23,3,Staff,Quality Assurance,291868109.0,256,Finance,65.64
157,23,3,Staff,Quality Assurance,291868109.0,256,HR,63.1
157,23,3,Staff,Quality Assurance,291868109.0,256,Project,61.75
157,23,3,Staff,Quality Assurance,291868109.0,256,Quality,67.1225
157,23,3,Staff,Quality Assurance,291868109.0,256,Technical,73.68
157,23,3,Staff,Quality Assurance,291868109.0,256,Time Management,72.05
157,23,3,Staff,Quality Assurance,397696244.0,106,Development,62.19
157,23,3,Staff,Quality Assurance,397696244.0,106,HR,64.4
157,23,3,Staff,Quality Assurance,397696244.0,106,Project,61.56
157,23,3,Staff,Quality Assurance,397696244.0,106,Time Management,68.84
157,23,3,Staff,Quality Assurance,466447298.0,297,Attendance,69.41499999999999
157,23,3,Staff,Quality Assurance,466447298.0,297,Development,58.84
157,23,3,Staff,Quality Assurance,466447298.0,297,HR,60.565
157,23,3,Staff,Quality Assurance,466447298.0,297,Innovation,69.15
157,23,3,Staff,Quality Assurance,466447298.0,297,Performance,66.95
157,23,3,Staff,Quality Assurance,466447298.0,297,Project,65.94
157,23,3,Staff,Quality Assurance,466447298.0,297,Quality,64.16
157,23,3,Staff,Quality Assurance,466447298.0,297,Teamwork,62.03
157,23,3,Staff,Quality Assurance,466447298.0,297,Technical,64.94
157,23,3,Staff,Quality Assurance,466447298.0,297,Time Management,65.13
158,44,14,Manager,Customer Service,75000000.0,203,Development,87.05
158,44,14,Manager,Customer Service,80000000.0,138,Development,93.19999999999999
158,44,14,Manager,Customer Service,80000000.0,138,Efficiency,96.63
158,44,14,Manager,Customer Service,80000000.0,138,HR,91.17
158,44,14,Manager,Customer Service,80000000.0,138,Innovation,86.8
158,44,14,Manager,Customer Service,80000000.0,138,Performance,97.43
158,44,14,Manager,Customer Service,80000000.0,138,Quality,84.49000000000001
158,44,14,Manager,Customer Service,80000000.0,138,Teamwork,92.78
158,44,14,Manager,Customer Service,80000000.0,138,Time Management,87.72
158,44,14,Manager,Customer Service,95000000.0,211,Attendance,98.0
158,44,14,Manager,Customer Service,95000000.0,211,HR,92.78
158,44,14,Manager,Customer Service,95000000.0,211,Innovation,87.91
158,44,14,Manager,Customer Service,95000000.0,211,Performance,94.45
158,44,14,Manager,Customer Service,95000000.0,211,Project,96.11
158,44,14,Manager,Customer Service,95000000.0,211,Quality,93.67
158,44,14,Manager,Customer Service,95000000.0,211,Teamwork,93.14
158,44,14,Manager,Customer Service,95000000.0,211,Time Management,94.80000000000001
158,44,14,Manager,Customer Service,140000000.0,211,Development,87.41
158,44,14,Manager,Customer Service,140000000.0,211,Finance,81.83
158,44,14,Manager,Customer Service,140000000.0,211,HR,97.83
158,44,14,Manager,Customer Service,140000000.0,211,Innovation,86.4
158,44,14,Manager,Customer Service,140000000.0,211,Quality,92.325
158,44,14,Manager,Customer Service,140000000.0,211,Teamwork,89.66
158,44,14,Manager,Customer Service,140000000.0,211,Technical,88.95
158,44,14,Manager,Customer Service,140000000.0,211,Time Management,90.09
158,44,14,Manager,Customer Service,150000000.0,274,Attendance,98.0
158,44,14,Manager,Customer Service,150000000.0,274,Efficiency,90.19333333333334
158,44,14,Manager,Customer Service,150000000.0,274,HR,95.4575
158,44,14,Manager,Customer Service,150000000.0,274,Project,97.04
158,44,14,Manager,Customer Service,150000000.0,274,Quality,91.86666666666667
158,44,14,Manager,Customer Service,150000000.0,274,Time Management,97.02
158,44,14,Manager,Customer Service,200000000.0,167,Attendance,98.0
158,44,14,Manager,Customer Service,200000000.0,167,Efficiency,97.08
158,44,14,Manager,Customer Service,200000000.0,167,Finance,88.83
158,44,14,Manager,Customer Service,200000000.0,167,Project,97.17
158,44,14,Manager,Customer Service,200000000.0,167,Quality,93.05
158,44,14,Manager,Customer Service,200000000.0,167,Teamwork,98.0
158,44,14,Manager,Customer Service,200000000.0,167,Technical,95.16
158,44,14,Manager,Customer Service,200000000.0,167,Time Management,96.5
158,44,14,Manager,Customer Service,291868109.0,256,Attendance,94.33
158,44,14,Manager,Customer Service,291868109.0,256,HR,91.25
158,44,14,Manager,Customer Service,291868109.0,256,Performance,90.66
158,44,14,Manager,Customer Service,291868109.0,256,Project,93.18
158,44,14,Manager,Customer Service,291868109.0,256,Quality,91.9525
158,44,14,Manager,Customer Service,291868109.0,256,Time Management,96.29
158,44,14,Manager,Customer Service,369461833.0,321,Development,94.92
158,44,14,Manager,Customer Service,369461833.0,321,Efficiency,93.05
158,44,14,Manager,Customer Service,369461833.0,321,Finance,94.35
158,44,14,Manager,Customer Service,369461833.0,321,HR,92.095
158,44,14,Manager,Customer Service,369461833.0,321,Innovation,78.72
158,44,14,Manager,Customer Service,369461833.0,321,Performance,97.305
158,44,14,Manager,Customer Service,369461833.0,321,Quality,90.6
158,44,14,Manager,Customer Service,369461833.0,321,Technical,94.06
159,28,2,Staff,Marketing,90000000.0,244,Efficiency,73.74
159,28,2,Staff,Marketing,90000000.0,244,HR,65.8
159,28,2,Staff,Marketing,90000000.0,244,Quality,59.09
159,28,2,Staff,Marketing,95000000.0,211,Attendance,78.4
159,28,2,Staff,Marketing,95000000.0,211,Development,65.41
159,28,2,Staff,Marketing,95000000.0,211,Efficiency,65.12
159,28,2,Staff,Marketing,95000000.0,211,Finance,65.81
159,28,2,Staff,Marketing,95000000.0,211,HR,75.96
159,28,2,Staff,Marketing,95000000.0,211,Quality,65.21
159,28,2,Staff,Marketing,95000000.0,211,Teamwork,66.54
159,28,2,Staff,Marketing,95000000.0,211,Technical,69.64
159,28,2,Staff,Marketing,95000000.0,211,Time Management,70.32
159,28,2,Staff,Marketing,130000000.0,303,Attendance,75.37
159,28,2,Staff,Marketing,130000000.0,303,Development,63.09
159,28,2,Staff,Marketing,130000000.0,303,Efficiency,62.42
159,28,2,Staff,Marketing,130000000.0,303,Finance,74.16
159,28,2,Staff,Marketing,130000000.0,303,HR,71.01
159,28,2,Staff,Marketing,130000000.0,303,Innovation,65.435
159,28,2,Staff,Marketing,130000000.0,303,Performance,73.32
159,28,2,Staff,Marketing,130000000.0,303,Quality,62.89
159,28,2,Staff,Marketing,130000000.0,303,Teamwork,75.605
159,28,2,Staff,Marketing,130000000.0,303,Time Management,63.870000000000005
159,28,2,Staff,Marketing,150000000.0,274,Attendance,68.13
159,28,2,Staff,Marketing,150000000.0,274,HR,67.81
159,28,2,Staff,Marketing,220000000.0,225,Efficiency,67.03
159,28,2,Staff,Marketing,291862333.0,334,Attendance,79.25
159,28,2,Staff,Marketing,291862333.0,334,Efficiency,66.34
159,28,2,Staff,Marketing,291862333.0,334,Finance,54.64
159,28,2,Staff,Marketing,291862333.0,334,Performance,65.72
159,28,2,Staff,Marketing,291862333.0,334,Time Management,57.35
159,28,2,Staff,Marketing,365962025.0,249,HR,63.78
159,28,2,Staff,Marketing,365962025.0,249,Project,61.06
159,28,2,Staff,Marketing,365962025.0,249,Quality,56.79
159,28,2,Staff,Marketing,365962025.0,249,Time Management,66.84
159,28,2,Staff,Marketing,385820825.0,138,Development,67.67
159,28,2,Staff,Marketing,385820825.0,138,Efficiency,75.93
159,28,2,Staff,Marketing,385820825.0,138,HR,65.87
159,28,2,Staff,Marketing,385820825.0,138,Innovation,58.63
159,28,2,Staff,Marketing,385820825.0,138,Quality,62.723333333333336
159,28,2,Staff,Marketing,385820825.0,138,Teamwork,72.65
159,28,2,Staff,Marketing,385820825.0,138,Time Management,63.696666666666665
160,41,14,Manager,Operations,82017929.0,114,Attendance,98.0
160,41,14,Manager,Operations,82017929.0,114,Efficiency,92.16
160,41,14,Manager,Operations,82017929.0,114,Finance,91.55
160,41,14,Manager,Operations,82017929.0,114,HR,93.3725
160,41,14,Manager,Operations,82017929.0,114,Innovation,97.02
160,41,14,Manager,Operations,82017929.0,114,Performance,93.15
160,41,14,Manager,Operations,82017929.0,114,Quality,97.62
160,41,14,Manager,Operations,82017929.0,114,Teamwork,94.33
160,41,14,Manager,Operations,82017929.0,114,Time Management,88.63
160,41,14,Manager,Operations,140000000.0,211,Innovation,93.98
160,41,14,Manager,Operations,140000000.0,211,Project,96.41
160,41,14,Manager,Operations,140000000.0,211,Teamwork,98.0
160,41,14,Manager,Operations,150000000.0,274,Attendance,96.39
160,41,14,Manager,Operations,150000000.0,274,Efficiency,98.0
160,41,14,Manager,Operations,150000000.0,274,Finance,94.09
160,41,14,Manager,Operations,150000000.0,274,Quality,89.405
160,41,14,Manager,Operations,150000000.0,274,Teamwork,95.88
160,41,14,Manager,Operations,220000000.0,225,Attendance,98.0
160,41,14,Manager,Operations,220000000.0,225,Development,92.06
160,41,14,Manager,Operations,220000000.0,225,Finance,92.44
160,41,14,Manager,Operations,220000000.0,225,Innovation,92.15
160,41,14,Manager,Operations,220000000.0,225,Performance,98.0
160,41,14,Manager,Operations,220000000.0,225,Project,98.0
160,41,14,Manager,Operations,220000000.0,225,Quality,97.57
160,41,14,Manager,Operations,220000000.0,225,Time Management,97.94
160,41,14,Manager,Operations,278244747.0,88,Efficiency,89.69
160,41,14,Manager,Operations,278244747.0,88,HR,97.945
160,41,14,Manager,Operations,278244747.0,88,Performance,93.86
160,41,14,Manager,Operations,278244747.0,88,Quality,98.0
160,41,14,Manager,Operations,291862333.0,334,Attendance,98.0
160,41,14,Manager,Operations,291862333.0,334,HR,96.86
160,41,14,Manager,Operations,291862333.0,334,Innovation,89.83
160,41,14,Manager,Operations,291862333.0,334,Performance,95.41000000000001
160,41,14,Manager,Operations,291862333.0,334,Project,94.07
160,41,14,Manager,Operations,291862333.0,334,Quality,86.18
160,41,14,Manager,Operations,291862333.0,334,Teamwork,97.91
160,41,14,Manager,Operations,291862333.0,334,Technical,93.17
160,41,14,Manager,Operations,291862333.0,334,Time Management,97.15
160,41,14,Manager,Operations,375514309.0,335,Project,98.0
160,41,14,Manager,Operations,375514309.0,335,Quality,91.46
160,41,14,Manager,Operations,375514309.0,335,Technical,86.96
160,41,14,Manager,Operations,385820825.0,138,Efficiency,93.17
160,41,14,Manager,Operations,385820825.0,138,Performance,95.83
160,41,14,Manager,Operations,385820825.0,138,Quality,90.87
160,41,14,Manager,Operations,385820825.0,138,Time Management,97.27
161,25,5,Staff,Legal,60000000.0,214,Attendance,67.75
161,25,5,Staff,Legal,60000000.0,214,Development,57.15
161,25,5,Staff,Legal,60000000.0,214,Innovation,57.16
161,25,5,Staff,Legal,60000000.0,214,Performance,61.31
161,25,5,Staff,Legal,60000000.0,214,Technical,70.87
161,25,5,Staff,Legal,60000000.0,214,Time Management,61.89
161,25,5,Staff,Legal,75000000.0,203,Attendance,73.81
161,25,5,Staff,Legal,75000000.0,203,Development,66.72
161,25,5,Staff,Legal,75000000.0,203,HR,64.99333333333334
161,25,5,Staff,Legal,75000000.0,203,Performance,64.03
161,25,5,Staff,Legal,75000000.0,203,Project,64.15
161,25,5,Staff,Legal,75000000.0,203,Quality,60.455
161,25,5,Staff,Legal,75000000.0,203,Teamwork,65.73
161,25,5,Staff,Legal,75000000.0,203,Time Management,69.5
161,25,5,Staff,Legal,82017929.0,114,Attendance,69.42
161,25,5,Staff,Legal,82017929.0,114,Efficiency,55.92
161,25,5,Staff,Legal,82017929.0,114,Quality,68.13
161,25,5,Staff,Legal,82017929.0,114,Teamwork,63.08
161,25,5,Staff,Legal,291868109.0,256,Development,62.38
161,25,5,Staff,Legal,291868109.0,256,HR,67.29
161,25,5,Staff,Legal,291868109.0,256,Quality,57.120000000000005
161,25,5,Staff,Legal,291868109.0,256,Teamwork,69.85
161,25,5,Staff,Legal,291868109.0,256,Technical,67.16
161,25,5,Staff,Legal,291868109.0,256,Time Management,62.97
161,25,5,Staff,Legal,300000000.0,242,Attendance,72.99000000000001
161,25,5,Staff,Legal,300000000.0,242,Development,60.59
161,25,5,Staff,Legal,300000000.0,242,Innovation,56.84
161,25,5,Staff,Legal,300000000.0,242,Quality,63.885000000000005
161,25,5,Staff,Legal,300000000.0,242,Teamwork,69.475
161,25,5,Staff,Legal,300000000.0,242,Technical,65.98
161,25,5,Staff,Legal,300000000.0,242,Time Management,67.45
161,25,5,Staff,Legal,385820825.0,138,Attendance,60.8
161,25,5,Staff,Legal,385820825.0,138,Development,62.42
161,25,5,Staff,Legal,385820825.0,138,Efficiency,58.76
161,25,5,Staff,Legal,385820825.0,138,Finance,56.9
161,25,5,Staff,Legal,385820825.0,138,HR,62.15
161,25,5,Staff,Legal,385820825.0,138,Innovation,46.39
161,25,5,Staff,Legal,385820825.0,138,Performance,61.15
161,25,5,Staff,Legal,385820825.0,138,Teamwork,66.72999999999999
161,25,5,Staff,Legal,385820825.0,138,Time Management,62.52
161,25,5,Staff,Legal,472961951.0,350,Finance,56.0
161,25,5,Staff,Legal,472961951.0,350,HR,66.76
161,25,5,Staff,Legal,472961951.0,350,Quality,60.425
161,25,5,Staff,Legal,472961951.0,350,Technical,68.1
161,25,5,Staff,Legal,472961951.0,350,Time Management,69.19
161,25,5,Staff,Legal,500000000.0,356,Attendance,63.4
161,25,5,Staff,Legal,500000000.0,356,Development,59.56
161,25,5,Staff,Legal,500000000.0,356,Innovation,61.63
161,25,5,Staff,Legal,500000000.0,356,Project,62.05
161,25,5,Staff,Legal,500000000.0,356,Quality,60.88666666666666
161,25,5,Staff,Legal,500000000.0,356,Teamwork,66.94999999999999
161,25,5,Staff,Legal,500000000.0,356,Technical,63.24
162,38,8,Senior Staff,Operations,134037811.0,31,Attendance,67.24
162,38,8,Senior Staff,Operations,134037811.0,31,HR,75.72
162,38,8,Senior Staff,Operations,134037811.0,31,Innovation,66.69
162,38,8,Senior Staff,Operations,134037811.0,31,Performance,70.28
162,38,8,Senior Staff,Operations,134037811.0,31,Quality,72.41333333333334
162,38,8,Senior Staff,Operations,140000000.0,211,Development,70.58
162,38,8,Senior Staff,Operations,140000000.0,211,Finance,66.29499999999999
162,38,8,Senior Staff,Operations,140000000.0,211,HR,69.94
162,38,8,Senior Staff,Operations,140000000.0,211,Innovation,57.16
162,38,8,Senior Staff,Operations,140000000.0,211,Performance,68.225
162,38,8,Senior Staff,Operations,140000000.0,211,Quality,67.71333333333334
162,38,8,Senior Staff,Operations,140000000.0,211,Teamwork,74.07
162,38,8,Senior Staff,Operations,140000000.0,211,Technical,71.255
162,38,8,Senior Staff,Operations,180000000.0,193,Efficiency,68.35
162,38,8,Senior Staff,Operations,180000000.0,193,Technical,61.6
162,38,8,Senior Staff,Operations,190000000.0,241,Finance,60.25
162,38,8,Senior Staff,Operations,190000000.0,241,Innovation,62.63
162,38,8,Senior Staff,Operations,190000000.0,241,Technical,67.78
162,38,8,Senior Staff,Operations,200000000.0,167,Development,66.58
162,38,8,Senior Staff,Operations,200000000.0,167,Performance,65.47
162,38,8,Senior Staff,Operations,200000000.0,167,Quality,63.2
162,38,8,Senior Staff,Operations,200000000.0,167,Time Management,60.85
162,38,8,Senior Staff,Operations,369461833.0,321,Finance,59.11
162,38,8,Senior Staff,Operations,369461833.0,321,Innovation,54.4
162,38,8,Senior Staff,Operations,369461833.0,321,Performance,66.17
162,38,8,Senior Staff,Operations,369461833.0,321,Quality,63.64
162,38,8,Senior Staff,Operations,369461833.0,321,Technical,69.84
162,38,8,Senior Staff,Operations,466447298.0,297,Development,66.56
162,38,8,Senior Staff,Operations,466447298.0,297,Efficiency,64.11
162,38,8,Senior Staff,Operations,466447298.0,297,Finance,64.69
162,38,8,Senior Staff,Operations,466447298.0,297,Quality,67.12
162,38,8,Senior Staff,Operations,466447298.0,297,Technical,68.88
162,38,8,Senior Staff,Operations,500000000.0,356,HR,67.62
162,38,8,Senior Staff,Operations,500000000.0,356,Innovation,66.77
162,38,8,Senior Staff,Operations,500000000.0,356,Project,68.14
162,38,8,Senior Staff,Operations,500000000.0,356,Quality,62.54
162,38,8,Senior Staff,Operations,500000000.0,356,Teamwork,61.67
162,38,8,Senior Staff,Operations,500000000.0,356,Time Management,67.72
163,24,1,Staff,Marketing,150000000.0,274,Attendance,53.62
163,24,1,Staff,Marketing,150000000.0,274,Development,43.45
163,24,1,Staff,Marketing,150000000.0,274,Efficiency,45.95
163,24,1,Staff,Marketing,150000000.0,274,Finance,46.45
163,24,1,Staff,Marketing,150000000.0,274,HR,53.61333333333334
163,24,1,Staff,Marketing,150000000.0,274,Performance,44.72
163,24,1,Staff,Marketing,150000000.0,274,Quality,50.73666666666667
163,24,1,Staff,Marketing,150000000.0,274,Teamwork,53.6
163,24,1,Staff,Marketing,150000000.0,274,Technical,54.46
163,24,1,Staff,Marketing,150000000.0,274,Time Management,52.57
163,24,1,Staff,Marketing,178776637.0,118,Attendance,60.18
163,24,1,Staff,Marketing,178776637.0,118,Project,48.02
163,24,1,Staff,Marketing,178776637.0,118,Quality,48.364999999999995
163,24,1,Staff,Marketing,178776637.0,118,Teamwork,59.14
163,24,1,Staff,Marketing,204675132.0,174,Efficiency,57.42
163,24,1,Staff,Marketing,204675132.0,174,Quality,51.13
163,24,1,Staff,Marketing,291868109.0,256,Development,56.15
163,24,1,Staff,Marketing,291868109.0,256,Performance,45.56
163,24,1,Staff,Marketing,291868109.0,256,Quality,48.0
163,24,1,Staff,Marketing,291868109.0,256,Technical,56.74
163,24,1,Staff,Marketing,300000000.0,242,Development,41.73
163,24,1,Staff,Marketing,300000000.0,242,Finance,51.75
163,24,1,Staff,Marketing,300000000.0,242,Quality,46.41
163,24,1,Staff,Marketing,365962025.0,249,Attendance,52.13
163,24,1,Staff,Marketing,365962025.0,249,Development,45.96
163,24,1,Staff,Marketing,365962025.0,249,HR,56.269999999999996
163,24,1,Staff,Marketing,365962025.0,249,Innovation,42.695
163,24,1,Staff,Marketing,365962025.0,249,Performance,58.0
163,24,1,Staff,Marketing,365962025.0,249,Project,47.15
163,24,1,Staff,Marketing,365962025.0,249,Quality,57.21
163,24,1,Staff,Marketing,377293102.0,80,Efficiency,54.87
163,24,1,Staff,Marketing,377293102.0,80,Finance,54.82
163,24,1,Staff,Marketing,377293102.0,80,HR,45.87
163,24,1,Staff,Marketing,377293102.0,80,Project,54.27
163,24,1,Staff,Marketing,385820825.0,138,Development,44.66
163,24,1,Staff,Marketing,385820825.0,138,Performance,54.13
163,24,1,Staff,Marketing,385820825.0,138,Project,58.86
163,24,1,Staff,Marketing,385820825.0,138,Quality,45.96
163,24,1,Staff,Marketing,385820825.0,138,Teamwork,57.49
163,24,1,Staff,Marketing,385820825.0,138,Time Management,57.64
164,25,4,Staff,Legal,88214342.0,149,Attendance,68.65
164,25,4,Staff,Legal,88214342.0,149,Development,57.43
164,25,4,Staff,Legal,88214342.0,149,Efficiency,66.87
164,25,4,Staff,Legal,88214342.0,149,Finance,61.73
164,25,4,Staff,Legal,88214342.0,149,HR,67.49000000000001
164,25,4,Staff,Legal,88214342.0,149,Quality,60.01
164,25,4,Staff,Legal,88214342.0,149,Technical,57.1
164,25,4,Staff,Legal,90000000.0,244,HR,68.41
164,25,4,Staff,Legal,90000000.0,244,Innovation,59.26
164,25,4,Staff,Legal,90000000.0,244,Performance,58.57
164,25,4,Staff,Legal,90000000.0,244,Quality,67.61
164,25,4,Staff,Legal,90000000.0,244,Technical,58.05
164,25,4,Staff,Legal,120000000.0,152,Development,61.63
164,25,4,Staff,Legal,120000000.0,152,Teamwork,64.71
164,25,4,Staff,Legal,120000000.0,152,Technical,62.44
164,25,4,Staff,Legal,120000000.0,152,Time Management,59.48
164,25,4,Staff,Legal,134037811.0,31,Attendance,71.93
164,25,4,Staff,Legal,134037811.0,31,HR,62.36
164,25,4,Staff,Legal,134037811.0,31,Project,67.36
164,25,4,Staff,Legal,134037811.0,31,Teamwork,65.64
164,25,4,Staff,Legal,180000000.0,193,Attendance,70.03999999999999
164,25,4,Staff,Legal,180000000.0,193,Development,52.94
164,25,4,Staff,Legal,180000000.0,193,Efficiency,70.72
164,25,4,Staff,Legal,180000000.0,193,Project,64.61
164,25,4,Staff,Legal,180000000.0,193,Quality,61.335
164,25,4,Staff,Legal,180000000.0,193,Teamwork,62.17
164,25,4,Staff,Legal,180000000.0,193,Technical,59.33
164,25,4,Staff,Legal,180000000.0,193,Time Management,66.19500000000001
164,25,4,Staff,Legal,204675132.0,174,Attendance,77.59
164,25,4,Staff,Legal,204675132.0,174,Development,54.52
164,25,4,Staff,Legal,204675132.0,174,Finance,70.86
164,25,4,Staff,Legal,204675132.0,174,HR,63.09
164,25,4,Staff,Legal,204675132.0,174,Innovation,61.79
164,25,4,Staff,Legal,204675132.0,174,Quality,68.72
164,25,4,Staff,Legal,204675132.0,174,Teamwork,66.005
164,25,4,Staff,Legal,204675132.0,174,Technical,61.34
164,25,4,Staff,Legal,204675132.0,174,Time Management,59.28
164,25,4,Staff,Legal,365962025.0,249,Attendance,66.13
164,25,4,Staff,Legal,365962025.0,249,Development,57.02
164,25,4,Staff,Legal,365962025.0,249,Efficiency,63.62
164,25,4,Staff,Legal,365962025.0,249,Finance,72.64
164,25,4,Staff,Legal,365962025.0,249,HR,65.74333333333334
164,25,4,Staff,Legal,365962025.0,249,Quality,60.17
164,25,4,Staff,Legal,365962025.0,249,Teamwork,67.15
164,25,4,Staff,Legal,365962025.0,249,Time Management,64.65
164,25,4,Staff,Legal,385820825.0,138,HR,60.73
164,25,4,Staff,Legal,385820825.0,138,Innovation,59.325
164,25,4,Staff,Legal,385820825.0,138,Performance,63.96
164,25,4,Staff,Legal,385820825.0,138,Project,59.25
164,25,4,Staff,Legal,385820825.0,138,Quality,63.1825
164,25,4,Staff,Legal,385820825.0,138,Teamwork,65.27
164,25,4,Staff,Legal,385820825.0,138,Technical,59.06
164,25,4,Staff,Legal,385820825.0,138,Time Management,64.8
165,28,2,Staff,Corporate Strategy,75000000.0,203,HR,55.29
165,28,2,Staff,Corporate Strategy,75000000.0,203,Performance,48.88
165,28,2,Staff,Corporate Strategy,75000000.0,203,Quality,49.55
165,28,2,Staff,Corporate Strategy,75000000.0,203,Technical,58.425
165,28,2,Staff,Corporate Strategy,75000000.0,203,Time Management,48.01
165,28,2,Staff,Corporate Strategy,120000000.0,152,Development,44.4
165,28,2,Staff,Corporate Strategy,120000000.0,152,Finance,51.58
165,28,2,Staff,Corporate Strategy,120000000.0,152,HR,50.416666666666664
165,28,2,Staff,Corporate Strategy,120000000.0,152,Innovation,46.705
165,28,2,Staff,Corporate Strategy,120000000.0,152,Performance,53.08
165,28,2,Staff,Corporate Strategy,120000000.0,152,Technical,54.27
165,28,2,Staff,Corporate Strategy,120000000.0,152,Time Management,40.31
165,28,2,Staff,Corporate Strategy,180000000.0,193,Attendance,59.93
165,28,2,Staff,Corporate Strategy,180000000.0,193,Development,43.9
165,28,2,Staff,Corporate Strategy,180000000.0,193,Efficiency,40.3
165,28,2,Staff,Corporate Strategy,180000000.0,193,HR,51.39666666666667
165,28,2,Staff,Corporate Strategy,180000000.0,193,Innovation,38.26
165,28,2,Staff,Corporate Strategy,180000000.0,193,Performance,49.15
165,28,2,Staff,Corporate Strategy,180000000.0,193,Quality,52.49
165,28,2,Staff,Corporate Strategy,180000000.0,193,Teamwork,45.08
165,28,2,Staff,Corporate Strategy,180000000.0,193,Technical,59.35
165,28,2,Staff,Corporate Strategy,206368642.0,46,Attendance,63.65
165,28,2,Staff,Corporate Strategy,206368642.0,46,Development,53.755
165,28,2,Staff,Corporate Strategy,206368642.0,46,Efficiency,57.13
165,28,2,Staff,Corporate Strategy,206368642.0,46,HR,50.97
165,28,2,Staff,Corporate Strategy,206368642.0,46,Performance,47.285
165,28,2,Staff,Corporate Strategy,206368642.0,46,Project,47.14
165,28,2,Staff,Corporate Strategy,206368642.0,46,Time Management,56.14
165,28,2,Staff,Corporate Strategy,250000000.0,291,Quality,48.29
165,28,2,Staff,Corporate Strategy,291868109.0,256,Attendance,59.385
165,28,2,Staff,Corporate Strategy,291868109.0,256,Development,40.57
165,28,2,Staff,Corporate Strategy,291868109.0,256,Efficiency,56.41
165,28,2,Staff,Corporate Strategy,291868109.0,256,HR,55.61
165,28,2,Staff,Corporate Strategy,291868109.0,256,Innovation,52.67
165,28,2,Staff,Corporate Strategy,291868109.0,256,Project,45.3
165,28,2,Staff,Corporate Strategy,369461833.0,321,Development,51.785
165,28,2,Staff,Corporate Strategy,369461833.0,321,Efficiency,52.58
165,28,2,Staff,Corporate Strategy,369461833.0,321,Finance,49.68000000000001
165,28,2,Staff,Corporate Strategy,369461833.0,321,HR,43.19
165,28,2,Staff,Corporate Strategy,369461833.0,321,Project,47.99
165,28,2,Staff,Corporate Strategy,369461833.0,321,Quality,50.836
165,28,2,Staff,Corporate Strategy,369461833.0,321,Technical,52.04
165,28,2,Staff,Corporate Strategy,500000000.0,356,Attendance,60.44
165,28,2,Staff,Corporate Strategy,500000000.0,356,Development,44.95
165,28,2,Staff,Corporate Strategy,500000000.0,356,Finance,53.61
165,28,2,Staff,Corporate Strategy,500000000.0,356,HR,46.57
165,28,2,Staff,Corporate Strategy,500000000.0,356,Quality,43.173333333333325
165,28,2,Staff,Corporate Strategy,500000000.0,356,Teamwork,48.76
165,28,2,Staff,Corporate Strategy,500000000.0,356,Time Management,47.04
166,25,1,Staff,IT,50000000.0,211,Development,57.0
166,25,1,Staff,IT,50000000.0,211,Efficiency,62.85
166,25,1,Staff,IT,50000000.0,211,Finance,51.45
166,25,1,Staff,IT,50000000.0,211,Technical,55.18
166,25,1,Staff,IT,82017929.0,114,Attendance,61.03
166,25,1,Staff,IT,82017929.0,114,HR,55.16
166,25,1,Staff,IT,82017929.0,114,Innovation,51.15
166,25,1,Staff,IT,82017929.0,114,Performance,54.19
166,25,1,Staff,IT,82017929.0,114,Project,56.305
166,25,1,Staff,IT,82017929.0,114,Quality,47.51333333333333
166,25,1,Staff,IT,82017929.0,114,Teamwork,57.81
166,25,1,Staff,IT,82017929.0,114,Technical,47.155
166,25,1,Staff,IT,204675132.0,174,Attendance,66.02
166,25,1,Staff,IT,204675132.0,174,Finance,61.85
166,25,1,Staff,IT,204675132.0,174,Innovation,48.81666666666666
166,25,1,Staff,IT,204675132.0,174,Performance,60.48
166,25,1,Staff,IT,204675132.0,174,Project,58.585
166,25,1,Staff,IT,204675132.0,174,Quality,52.144000000000005
166,25,1,Staff,IT,204675132.0,174,Teamwork,54.81
166,25,1,Staff,IT,204675132.0,174,Technical,55.905
166,25,1,Staff,IT,204675132.0,174,Time Management,61.29
166,25,1,Staff,IT,291868109.0,256,Attendance,57.11
166,25,1,Staff,IT,291868109.0,256,Efficiency,49.98
166,25,1,Staff,IT,291868109.0,256,Finance,52.73
166,25,1,Staff,IT,291868109.0,256,Innovation,46.81
166,25,1,Staff,IT,291868109.0,256,Performance,45.75
166,25,1,Staff,IT,291868109.0,256,Quality,49.114999999999995
166,25,1,Staff,IT,291868109.0,256,Technical,51.91
166,25,1,Staff,IT,291868109.0,256,Time Management,56.64
166,25,1,Staff,IT,369461833.0,321,Attendance,44.13
166,25,1,Staff,IT,369461833.0,321,Innovation,35.77
166,25,1,Staff,IT,369461833.0,321,Project,55.37
166,25,1,Staff,IT,369461833.0,321,Quality,42.919999999999995
166,25,1,Staff,IT,369461833.0,321,Teamwork,51.64
166,25,1,Staff,IT,369461833.0,321,Technical,51.83
166,25,1,Staff,IT,377293102.0,80,Attendance,59.89
166,25,1,Staff,IT,377293102.0,80,Development,51.8
166,25,1,Staff,IT,377293102.0,80,Efficiency,53.26
166,25,1,Staff,IT,377293102.0,80,Finance,47.57
166,25,1,Staff,IT,377293102.0,80,HR,55.57
166,25,1,Staff,IT,377293102.0,80,Innovation,49.02
166,25,1,Staff,IT,377293102.0,80,Performance,54.12
166,25,1,Staff,IT,377293102.0,80,Quality,47.105000000000004
166,25,1,Staff,IT,377293102.0,80,Teamwork,53.93
166,25,1,Staff,IT,377293102.0,80,Time Management,55.18
166,25,1,Staff,IT,400000000.0,259,Attendance,57.29
166,25,1,Staff,IT,400000000.0,259,Development,48.92
166,25,1,Staff,IT,400000000.0,259,Finance,39.99
166,25,1,Staff,IT,400000000.0,259,Innovation,47.34
166,25,1,Staff,IT,400000000.0,259,Performance,47.09
166,25,1,Staff,IT,400000000.0,259,Project,53.795
166,25,1,Staff,IT,400000000.0,259,Teamwork,50.54
166,25,1,Staff,IT,466447298.0,297,Development,53.55
166,25,1,Staff,IT,466447298.0,297,Efficiency,57.02
166,25,1,Staff,IT,466447298.0,297,Finance,54.24
166,25,1,Staff,IT,466447298.0,297,HR,51.28
166,25,1,Staff,IT,466447298.0,297,Innovation,46.96
167,30,4,Staff,Production,80000000.0,138,Attendance,73.91999999999999
167,30,4,Staff,Production,80000000.0,138,Development,62.85
167,30,4,Staff,Production,80000000.0,138,Efficiency,67.035
167,30,4,Staff,Production,80000000.0,138,HR,66.38
167,30,4,Staff,Production,80000000.0,138,Innovation,71.62
167,30,4,Staff,Production,80000000.0,138,Performance,66.61
167,30,4,Staff,Production,80000000.0,138,Project,54.11
167,30,4,Staff,Production,80000000.0,138,Quality,58.085
167,30,4,Staff,Production,80000000.0,138,Teamwork,66.2
167,30,4,Staff,Production,95000000.0,211,Attendance,73.31
167,30,4,Staff,Production,95000000.0,211,Efficiency,60.21
167,30,4,Staff,Production,95000000.0,211,Innovation,66.93
167,30,4,Staff,Production,95000000.0,211,Performance,64.45
167,30,4,Staff,Production,95000000.0,211,Project,60.25
167,30,4,Staff,Production,95000000.0,211,Quality,61.12
167,30,4,Staff,Production,95000000.0,211,Time Management,63.74
167,30,4,Staff,Production,200000000.0,167,Attendance,67.27
167,30,4,Staff,Production,200000000.0,167,Development,64.19
167,30,4,Staff,Production,200000000.0,167,Finance,60.56
167,30,4,Staff,Production,200000000.0,167,HR,66.46
167,30,4,Staff,Production,200000000.0,167,Performance,64.29
167,30,4,Staff,Production,200000000.0,167,Project,61.72
167,30,4,Staff,Production,200000000.0,167,Quality,56.35
167,30,4,Staff,Production,200000000.0,167,Technical,65.79
167,30,4,Staff,Production,200000000.0,167,Time Management,62.28
167,30,4,Staff,Production,204675132.0,174,HR,62.07
167,30,4,Staff,Production,204675132.0,174,Innovation,60.315
167,30,4,Staff,Production,204675132.0,174,Quality,63.29
167,30,4,Staff,Production,291862333.0,334,Attendance,67.005
167,30,4,Staff,Production,291862333.0,334,Efficiency,68.8
167,30,4,Staff,Production,291862333.0,334,HR,65.96
167,30,4,Staff,Production,291862333.0,334,Performance,67.885
167,30,4,Staff,Production,291862333.0,334,Project,67.33
167,30,4,Staff,Production,291862333.0,334,Quality,62.447500000000005
167,30,4,Staff,Production,291862333.0,334,Teamwork,62.98
167,30,4,Staff,Production,291862333.0,334,Time Management,63.255
167,30,4,Staff,Production,300000000.0,242,Attendance,75.7
167,30,4,Staff,Production,300000000.0,242,Development,61.605000000000004
167,30,4,Staff,Production,300000000.0,242,HR,60.195
167,30,4,Staff,Production,300000000.0,242,Innovation,57.85
167,30,4,Staff,Production,300000000.0,242,Performance,64.18
167,30,4,Staff,Production,300000000.0,242,Project,55.66
167,30,4,Staff,Production,300000000.0,242,Quality,57.54333333333333
167,30,4,Staff,Production,300000000.0,242,Technical,61.46
167,30,4,Staff,Production,300000000.0,242,Time Management,65.46
167,30,4,Staff,Production,369461833.0,321,Development,57.49
167,30,4,Staff,Production,369461833.0,321,Efficiency,60.935
167,30,4,Staff,Production,369461833.0,321,Innovation,64.775
167,30,4,Staff,Production,369461833.0,321,Project,61.480000000000004
167,30,4,Staff,Production,369461833.0,321,Quality,60.405
167,30,4,Staff,Production,369461833.0,321,Technical,66.75
167,30,4,Staff,Production,369461833.0,321,Time Management,64.91
167,30,4,Staff,Production,377293102.0,80,Attendance,64.54
167,30,4,Staff,Production,377293102.0,80,Performance,66.72
167,30,4,Staff,Production,377293102.0,80,Project,64.51
168,25,3,Staff,Legal,75000000.0,203,Development,62.93
168,25,3,Staff,Legal,75000000.0,203,HR,66.17
168,25,3,Staff,Legal,75000000.0,203,Innovation,60.88
168,25,3,Staff,Legal,75000000.0,203,Quality,60.425
168,25,3,Staff,Legal,75000000.0,203,Technical,62.5
168,25,3,Staff,Legal,90000000.0,244,Development,53.4
168,25,3,Staff,Legal,90000000.0,244,HR,62.98
168,25,3,Staff,Legal,90000000.0,244,Performance,59.53
168,25,3,Staff,Legal,90000000.0,244,Quality,59.55
168,25,3,Staff,Legal,90000000.0,244,Technical,57.81
168,25,3,Staff,Legal,130000000.0,303,HR,67.02000000000001
168,25,3,Staff,Legal,130000000.0,303,Innovation,64.22
168,25,3,Staff,Legal,130000000.0,303,Performance,56.63
168,25,3,Staff,Legal,130000000.0,303,Project,65.03
168,25,3,Staff,Legal,130000000.0,303,Time Management,50.62
168,25,3,Staff,Legal,178776637.0,118,Development,55.8
168,25,3,Staff,Legal,178776637.0,118,Efficiency,62.95
168,25,3,Staff,Legal,178776637.0,118,HR,64.86
168,25,3,Staff,Legal,178776637.0,118,Innovation,53.335
168,25,3,Staff,Legal,178776637.0,118,Performance,62.57
168,25,3,Staff,Legal,178776637.0,118,Quality,51.9
168,25,3,Staff,Legal,178776637.0,118,Teamwork,63.5
168,25,3,Staff,Legal,178776637.0,118,Technical,62.9
168,25,3,Staff,Legal,180000000.0,193,Efficiency,60.28
168,25,3,Staff,Legal,180000000.0,193,HR,62.06
168,25,3,Staff,Legal,180000000.0,193,Innovation,63.56
168,25,3,Staff,Legal,180000000.0,193,Project,58.5
168,25,3,Staff,Legal,180000000.0,193,Quality,48.95
168,25,3,Staff,Legal,220000000.0,225,Development,63.32
168,25,3,Staff,Legal,220000000.0,225,Innovation,52.985
168,25,3,Staff,Legal,220000000.0,225,Quality,58.114999999999995
168,25,3,Staff,Legal,220000000.0,225,Teamwork,65.51
168,25,3,Staff,Legal,220000000.0,225,Time Management,65.28
168,25,3,Staff,Legal,397696244.0,106,Efficiency,68.91
168,25,3,Staff,Legal,397696244.0,106,Finance,58.07
168,25,3,Staff,Legal,397696244.0,106,HR,64.73
168,25,3,Staff,Legal,397696244.0,106,Innovation,59.75
168,25,3,Staff,Legal,397696244.0,106,Project,56.11
168,25,3,Staff,Legal,397696244.0,106,Quality,59.515
168,25,3,Staff,Legal,397696244.0,106,Technical,59.38
168,25,3,Staff,Legal,493794225.0,102,Development,61.91
168,25,3,Staff,Legal,493794225.0,102,Efficiency,69.02
168,25,3,Staff,Legal,493794225.0,102,Finance,58.64
168,25,3,Staff,Legal,493794225.0,102,HR,63.24
168,25,3,Staff,Legal,493794225.0,102,Performance,57.64
168,25,3,Staff,Legal,493794225.0,102,Project,62.16
168,25,3,Staff,Legal,493794225.0,102,Quality,59.24
168,25,3,Staff,Legal,493794225.0,102,Technical,64.53
168,25,3,Staff,Legal,493794225.0,102,Time Management,62.76
169,26,2,Staff,Legal,75000000.0,203,Attendance,52.11
169,26,2,Staff,Legal,75000000.0,203,HR,49.935
169,26,2,Staff,Legal,75000000.0,203,Innovation,49.16
169,26,2,Staff,Legal,75000000.0,203,Quality,49.9
169,26,2,Staff,Legal,75000000.0,203,Teamwork,49.17
169,26,2,Staff,Legal,80000000.0,138,Efficiency,48.26
169,26,2,Staff,Legal,80000000.0,138,Finance,48.68
169,26,2,Staff,Legal,80000000.0,138,Innovation,52.9
169,26,2,Staff,Legal,80000000.0,138,Performance,46.2
169,26,2,Staff,Legal,82017929.0,114,Development,40.53
169,26,2,Staff,Legal,82017929.0,114,Efficiency,53.78
169,26,2,Staff,Legal,82017929.0,114,Finance,45.055
169,26,2,Staff,Legal,82017929.0,114,HR,52.28
169,26,2,Staff,Legal,82017929.0,114,Innovation,49.13
169,26,2,Staff,Legal,82017929.0,114,Performance,56.3
169,26,2,Staff,Legal,82017929.0,114,Quality,42.14
169,26,2,Staff,Legal,82017929.0,114,Teamwork,45.18
169,26,2,Staff,Legal,110000000.0,199,Attendance,55.71
169,26,2,Staff,Legal,110000000.0,199,Efficiency,54.31
169,26,2,Staff,Legal,110000000.0,199,Quality,47.295
169,26,2,Staff,Legal,120000000.0,152,HR,49.16
169,26,2,Staff,Legal,120000000.0,152,Project,47.5
169,26,2,Staff,Legal,120000000.0,152,Quality,48.79
169,26,2,Staff,Legal,200000000.0,167,Development,45.9
169,26,2,Staff,Legal,200000000.0,167,Efficiency,52.95
169,26,2,Staff,Legal,200000000.0,167,Innovation,42.19
169,26,2,Staff,Legal,200000000.0,167,Project,44.019999999999996
169,26,2,Staff,Legal,200000000.0,167,Quality,58.59
169,26,2,Staff,Legal,200000000.0,167,Time Management,48.82
169,26,2,Staff,Legal,291868109.0,256,Attendance,50.74
169,26,2,Staff,Legal,291868109.0,256,Finance,37.44
169,26,2,Staff,Legal,291868109.0,256,Innovation,40.28
169,26,2,Staff,Legal,291868109.0,256,Teamwork,49.06
169,26,2,Staff,Legal,375514309.0,335,Attendance,48.8
169,26,2,Staff,Legal,375514309.0,335,Development,50.55
169,26,2,Staff,Legal,375514309.0,335,HR,59.4
169,26,2,Staff,Legal,375514309.0,335,Innovation,46.95
169,26,2,Staff,Legal,375514309.0,335,Performance,45.44
169,26,2,Staff,Legal,375514309.0,335,Quality,42.44
169,26,2,Staff,Legal,375514309.0,335,Teamwork,45.87
170,42,14,Manager,Finance,80000000.0,138,Development,86.14
170,42,14,Manager,Finance,80000000.0,138,HR,95.03
170,42,14,Manager,Finance,80000000.0,138,Project,96.6
170,42,14,Manager,Finance,80000000.0,138,Quality,90.01
170,42,14,Manager,Finance,80000000.0,138,Teamwork,93.17
170,42,14,Manager,Finance,80000000.0,138,Technical,95.51
170,42,14,Manager,Finance,82017929.0,114,HR,98.0
170,42,14,Manager,Finance,82017929.0,114,Teamwork,90.58
170,42,14,Manager,Finance,82017929.0,114,Time Management,93.28
170,42,14,Manager,Finance,178776637.0,118,Attendance,98.0
170,42,14,Manager,Finance,178776637.0,118,Efficiency,98.0
170,42,14,Manager,Finance,178776637.0,118,HR,96.49000000000001
170,42,14,Manager,Finance,178776637.0,118,Project,95.05
170,42,14,Manager,Finance,180000000.0,193,Attendance,98.0
170,42,14,Manager,Finance,180000000.0,193,Development,96.33
170,42,14,Manager,Finance,180000000.0,193,Finance,98.0
170,42,14,Manager,Finance,180000000.0,193,Innovation,95.99
170,42,14,Manager,Finance,180000000.0,193,Quality,95.42
170,42,14,Manager,Finance,180000000.0,193,Teamwork,98.0
170,42,14,Manager,Finance,180000000.0,193,Technical,97.01
170,42,14,Manager,Finance,180000000.0,193,Time Management,96.98
170,42,14,Manager,Finance,250000000.0,291,Efficiency,95.97
170,42,14,Manager,Finance,250000000.0,291,Finance,98.0
170,42,14,Manager,Finance,250000000.0,291,HR,98.0
170,42,14,Manager,Finance,250000000.0,291,Innovation,93.01
170,42,14,Manager,Finance,250000000.0,291,Performance,98.0
170,42,14,Manager,Finance,278244747.0,88,HR,91.33
170,42,14,Manager,Finance,278244747.0,88,Innovation,95.86
170,42,14,Manager,Finance,278244747.0,88,Project,97.71
170,42,14,Manager,Finance,278244747.0,88,Quality,88.04
170,42,14,Manager,Finance,278244747.0,88,Technical,94.36
170,42,14,Manager,Finance,278244747.0,88,Time Management,90.80000000000001
170,42,14,Manager,Finance,369461833.0,321,Attendance,94.78
170,42,14,Manager,Finance,369461833.0,321,Quality,94.5
170,42,14,Manager,Finance,369461833.0,321,Technical,98.0
170,42,14,Manager,Finance,369461833.0,321,Time Management,98.0
170,42,14,Manager,Finance,404564658.0,71,Efficiency,95.41
170,42,14,Manager,Finance,404564658.0,71,Finance,97.19
170,42,14,Manager,Finance,404564658.0,71,Performance,98.0
170,42,14,Manager,Finance,404564658.0,71,Quality,98.0
170,42,14,Manager,Finance,404564658.0,71,Teamwork,98.0
170,42,14,Manager,Finance,404564658.0,71,Technical,93.91
171,27,5,Staff,Design,60000000.0,214,Attendance,59.75
171,27,5,Staff,Design,60000000.0,214,HR,70.12
171,27,5,Staff,Design,60000000.0,214,Innovation,62.84
171,27,5,Staff,Design,60000000.0,214,Project,64.43
171,27,5,Staff,Design,60000000.0,214,Quality,70.71333333333332
171,27,5,Staff,Design,60000000.0,214,Teamwork,62.66
171,27,5,Staff,Design,60000000.0,214,Technical,63.31
171,27,5,Staff,Design,60000000.0,214,Time Management,65.6
171,27,5,Staff,Design,88214342.0,149,Project,60.63
171,27,5,Staff,Design,90000000.0,244,Efficiency,64.49
171,27,5,Staff,Design,90000000.0,244,Performance,76.42
171,27,5,Staff,Design,90000000.0,244,Project,66.49
171,27,5,Staff,Design,90000000.0,244,Quality,67.005
171,27,5,Staff,Design,90000000.0,244,Time Management,65.54
171,27,5,Staff,Design,178776637.0,118,Finance,63.05
171,27,5,Staff,Design,178776637.0,118,Quality,67.33
171,27,5,Staff,Design,178776637.0,118,Teamwork,68.99
171,27,5,Staff,Design,178776637.0,118,Technical,67.18
171,27,5,Staff,Design,278244747.0,88,Attendance,77.44
171,27,5,Staff,Design,278244747.0,88,Efficiency,72.27
171,27,5,Staff,Design,278244747.0,88,Performance,72.13
171,27,5,Staff,Design,278244747.0,88,Quality,75.13
171,27,5,Staff,Design,291862333.0,334,Efficiency,69.33
171,27,5,Staff,Design,291862333.0,334,Innovation,62.99
171,27,5,Staff,Design,291862333.0,334,Project,75.97
171,27,5,Staff,Design,400000000.0,259,Development,68.72
171,27,5,Staff,Design,400000000.0,259,Finance,69.44
171,27,5,Staff,Design,400000000.0,259,Project,79.36
171,27,5,Staff,Design,500000000.0,356,Attendance,73.75
171,27,5,Staff,Design,500000000.0,356,Development,65.31
171,27,5,Staff,Design,500000000.0,356,Efficiency,62.02
171,27,5,Staff,Design,500000000.0,356,Finance,72.79
171,27,5,Staff,Design,500000000.0,356,HR,71.45333333333333
171,27,5,Staff,Design,500000000.0,356,Innovation,60.36
171,27,5,Staff,Design,500000000.0,356,Performance,66.01
171,27,5,Staff,Design,500000000.0,356,Quality,64.84
171,27,5,Staff,Design,500000000.0,356,Technical,64.13
171,27,5,Staff,Design,500000000.0,356,Time Management,61.57
172,22,5,Staff,Design,75000000.0,203,Attendance,68.61
172,22,5,Staff,Design,75000000.0,203,HR,76.855
172,22,5,Staff,Design,75000000.0,203,Innovation,64.79
172,22,5,Staff,Design,75000000.0,203,Quality,67.52666666666667
172,22,5,Staff,Design,75000000.0,203,Teamwork,65.48
172,22,5,Staff,Design,75000000.0,203,Time Management,66.35
172,22,5,Staff,Design,88214342.0,149,Finance,73.29
172,22,5,Staff,Design,88214342.0,149,Innovation,64.99
172,22,5,Staff,Design,88214342.0,149,Project,67.67
172,22,5,Staff,Design,88214342.0,149,Quality,60.77
172,22,5,Staff,Design,88214342.0,149,Technical,68.93
172,22,5,Staff,Design,130000000.0,303,Attendance,73.75
172,22,5,Staff,Design,130000000.0,303,Performance,70.13
172,22,5,Staff,Design,178776637.0,118,Quality,67.0
172,22,5,Staff,Design,291868109.0,256,Development,65.84
172,22,5,Staff,Design,291868109.0,256,HR,61.17
172,22,5,Staff,Design,291868109.0,256,Innovation,63.76
172,22,5,Staff,Design,291868109.0,256,Project,65.64
172,22,5,Staff,Design,291868109.0,256,Quality,67.07
172,22,5,Staff,Design,291868109.0,256,Teamwork,73.325
172,22,5,Staff,Design,291868109.0,256,Time Management,67.41
172,22,5,Staff,Design,397696244.0,106,Efficiency,67.97
172,22,5,Staff,Design,397696244.0,106,Finance,60.87
172,22,5,Staff,Design,397696244.0,106,HR,59.885
172,22,5,Staff,Design,397696244.0,106,Performance,71.15
172,22,5,Staff,Design,397696244.0,106,Quality,65.345
172,22,5,Staff,Design,397696244.0,106,Time Management,64.54
172,22,5,Staff,Design,500000000.0,356,Finance,63.76
172,22,5,Staff,Design,500000000.0,356,HR,64.81
172,22,5,Staff,Design,500000000.0,356,Teamwork,70.1
172,22,5,Staff,Design,500000000.0,356,Time Management,70.97
173,28,5,Staff,Production,75000000.0,203,Attendance,63.61
173,28,5,Staff,Production,75000000.0,203,Efficiency,60.23
173,28,5,Staff,Production,75000000.0,203,Finance,74.87
173,28,5,Staff,Production,75000000.0,203,HR,74.04
173,28,5,Staff,Production,75000000.0,203,Performance,63.49
173,28,5,Staff,Production,75000000.0,203,Quality,61.42
173,28,5,Staff,Production,75000000.0,203,Technical,65.42
173,28,5,Staff,Production,75000000.0,203,Time Management,60.92
173,28,5,Staff,Production,90000000.0,244,Attendance,63.94
173,28,5,Staff,Production,90000000.0,244,Finance,61.0
173,28,5,Staff,Production,90000000.0,244,HR,66.465
173,28,5,Staff,Production,90000000.0,244,Innovation,62.59
173,28,5,Staff,Production,90000000.0,244,Teamwork,66.05
173,28,5,Staff,Production,130000000.0,303,Efficiency,64.2
173,28,5,Staff,Production,130000000.0,303,Finance,67.08
173,28,5,Staff,Production,130000000.0,303,HR,67.63
173,28,5,Staff,Production,130000000.0,303,Innovation,63.67
173,28,5,Staff,Production,130000000.0,303,Project,70.32
173,28,5,Staff,Production,130000000.0,303,Teamwork,63.99
173,28,5,Staff,Production,130000000.0,303,Technical,63.47
173,28,5,Staff,Production,170000000.0,229,Development,66.03
173,28,5,Staff,Production,170000000.0,229,Finance,59.04
173,28,5,Staff,Production,170000000.0,229,Project,64.47
173,28,5,Staff,Production,170000000.0,229,Quality,62.7
173,28,5,Staff,Production,170000000.0,229,Teamwork,68.27
173,28,5,Staff,Production,170000000.0,229,Technical,68.09
173,28,5,Staff,Production,178776637.0,118,Attendance,73.74
173,28,5,Staff,Production,178776637.0,118,Efficiency,60.88
173,28,5,Staff,Production,178776637.0,118,Finance,65.9
173,28,5,Staff,Production,178776637.0,118,HR,73.56
173,28,5,Staff,Production,178776637.0,118,Quality,63.376666666666665
173,28,5,Staff,Production,178776637.0,118,Time Management,60.12
173,28,5,Staff,Production,204675132.0,174,Development,51.5
173,28,5,Staff,Production,204675132.0,174,HR,71.62
173,28,5,Staff,Production,204675132.0,174,Innovation,60.0
173,28,5,Staff,Production,204675132.0,174,Quality,64.28
173,28,5,Staff,Production,291862333.0,334,Development,62.28
173,28,5,Staff,Production,291862333.0,334,Performance,55.86
173,28,5,Staff,Production,291862333.0,334,Quality,66.065
173,28,5,Staff,Production,291862333.0,334,Teamwork,69.58500000000001
173,28,5,Staff,Production,291862333.0,334,Technical,69.99
173,28,5,Staff,Production,291868109.0,256,HR,74.95
173,28,5,Staff,Production,291868109.0,256,Project,63.34
173,28,5,Staff,Production,291868109.0,256,Quality,64.13499999999999
174,43,14,Manager,Legal,60000000.0,214,Development,95.4
174,43,14,Manager,Legal,60000000.0,214,HR,92.59
174,43,14,Manager,Legal,60000000.0,214,Project,94.5
174,43,14,Manager,Legal,60000000.0,214,Quality,85.64
174,43,14,Manager,Legal,60000000.0,214,Technical,94.51
174,43,14,Manager,Legal,90000000.0,244,Attendance,91.15
174,43,14,Manager,Legal,90000000.0,244,Development,91.815
174,43,14,Manager,Legal,90000000.0,244,Efficiency,88.83500000000001
174,43,14,Manager,Legal,90000000.0,244,HR,96.64
174,43,14,Manager,Legal,90000000.0,244,Quality,90.93
174,43,14,Manager,Legal,90000000.0,244,Teamwork,95.105
174,43,14,Manager,Legal,90000000.0,244,Technical,92.55
174,43,14,Manager,Legal,90000000.0,244,Time Management,94.38999999999999
174,43,14,Manager,Legal,120000000.0,152,Development,88.965
174,43,14,Manager,Legal,120000000.0,152,Efficiency,94.5
174,43,14,Manager,Legal,120000000.0,152,HR,95.71
174,43,14,Manager,Legal,120000000.0,152,Project,88.66
174,43,14,Manager,Legal,120000000.0,152,Quality,91.59
174,43,14,Manager,Legal,120000000.0,152,Teamwork,95.475
174,43,14,Manager,Legal,120000000.0,152,Time Management,91.69
174,43,14,Manager,Legal,150000000.0,274,Efficiency,96.36
174,43,14,Manager,Legal,150000000.0,274,Project,94.94
174,43,14,Manager,Legal,150000000.0,274,Teamwork,93.88
174,43,14,Manager,Legal,150000000.0,274,Technical,91.99
174,43,14,Manager,Legal,150000000.0,274,Time Management,98.0
174,43,14,Manager,Legal,220000000.0,225,Efficiency,91.14
174,43,14,Manager,Legal,220000000.0,225,HR,95.9
174,43,14,Manager,Legal,220000000.0,225,Quality,88.6
174,43,14,Manager,Legal,220000000.0,225,Time Management,91.02
174,43,14,Manager,Legal,365962025.0,249,Efficiency,92.7
174,43,14,Manager,Legal,365962025.0,249,Project,94.27
174,43,14,Manager,Legal,365962025.0,249,Quality,89.76
174,43,14,Manager,Legal,365962025.0,249,Teamwork,87.16
174,43,14,Manager,Legal,377293102.0,80,Development,86.65
174,43,14,Manager,Legal,377293102.0,80,Efficiency,98.0
174,43,14,Manager,Legal,377293102.0,80,HR,90.64
174,43,14,Manager,Legal,377293102.0,80,Performance,93.47
174,43,14,Manager,Legal,377293102.0,80,Project,89.95
174,43,14,Manager,Legal,377293102.0,80,Quality,85.985
174,43,14,Manager,Legal,500000000.0,356,Attendance,98.0
174,43,14,Manager,Legal,500000000.0,356,Innovation,84.38499999999999
174,43,14,Manager,Legal,500000000.0,356,Performance,95.33
174,43,14,Manager,Legal,500000000.0,356,Project,90.78
174,43,14,Manager,Legal,500000000.0,356,Quality,91.19333333333334
174,43,14,Manager,Legal,500000000.0,356,Teamwork,96.45
174,43,14,Manager,Legal,500000000.0,356,Technical,93.05
175,49,10,Senior Manager,Customer Service,60000000.0,214,Development,97.96
175,49,10,Senior Manager,Customer Service,60000000.0,214,Finance,98.0
175,49,10,Senior Manager,Customer Service,60000000.0,214,HR,97.98
175,49,10,Senior Manager,Customer Service,60000000.0,214,Innovation,97.0
175,49,10,Senior Manager,Customer Service,60000000.0,214,Performance,98.0
175,49,10,Senior Manager,Customer Service,60000000.0,214,Quality,97.424
175,49,10,Senior Manager,Customer Service,60000000.0,214,Teamwork,98.0
175,49,10,Senior Manager,Customer Service,60000000.0,214,Technical,98.0
175,49,10,Senior Manager,Customer Service,60000000.0,214,Time Management,97.71999999999998
175,49,10,Senior Manager,Customer Service,95000000.0,211,Development,98.0
175,49,10,Senior Manager,Customer Service,95000000.0,211,Efficiency,98.0
175,49,10,Senior Manager,Customer Service,95000000.0,211,HR,98.0
175,49,10,Senior Manager,Customer Service,95000000.0,211,Project,98.0
175,49,10,Senior Manager,Customer Service,95000000.0,211,Quality,98.0
175,49,10,Senior Manager,Customer Service,150000000.0,274,Attendance,98.0
175,49,10,Senior Manager,Customer Service,150000000.0,274,Development,97.66
175,49,10,Senior Manager,Customer Service,150000000.0,274,Finance,98.0
175,49,10,Senior Manager,Customer Service,150000000.0,274,Performance,98.0
175,49,10,Senior Manager,Customer Service,150000000.0,274,Project,98.0
175,49,10,Senior Manager,Customer Service,150000000.0,274,Quality,98.0
175,49,10,Senior Manager,Customer Service,178776637.0,118,Development,98.0
175,49,10,Senior Manager,Customer Service,178776637.0,118,Efficiency,98.0
175,49,10,Senior Manager,Customer Service,178776637.0,118,HR,98.0
175,49,10,Senior Manager,Customer Service,178776637.0,118,Innovation,98.0
175,49,10,Senior Manager,Customer Service,178776637.0,118,Quality,96.55
175,49,10,Senior Manager,Customer Service,178776637.0,118,Time Management,98.0
175,49,10,Senior Manager,Customer Service,220000000.0,225,Finance,98.0
175,49,10,Senior Manager,Customer Service,278244747.0,88,Performance,98.0
175,49,10,Senior Manager,Customer Service,278244747.0,88,Quality,98.0
175,49,10,Senior Manager,Customer Service,375514309.0,335,Attendance,98.0
175,49,10,Senior Manager,Customer Service,375514309.0,335,Development,98.0
175,49,10,Senior Manager,Customer Service,375514309.0,335,Efficiency,98.0
175,49,10,Senior Manager,Customer Service,375514309.0,335,HR,98.0
175,49,10,Senior Manager,Customer Service,375514309.0,335,Innovation,96.29
175,49,10,Senior Manager,Customer Service,375514309.0,335,Quality,97.39
175,49,10,Senior Manager,Customer Service,375514309.0,335,Teamwork,98.0
175,49,10,Senior Manager,Customer Service,375514309.0,335,Technical,98.0
175,49,10,Senior Manager,Customer Service,500000000.0,356,Development,95.57
175,49,10,Senior Manager,Customer Service,500000000.0,356,Efficiency,97.15666666666668
175,49,10,Senior Manager,Customer Service,500000000.0,356,HR,98.0
175,49,10,Senior Manager,Customer Service,500000000.0,356,Quality,98.0
175,49,10,Senior Manager,Customer Service,500000000.0,356,Technical,98.0
176,24,4,Staff,Human Resources,60000000.0,214,Attendance,64.05
176,24,4,Staff,Human Resources,60000000.0,214,Development,57.67
176,24,4,Staff,Human Resources,60000000.0,214,Finance,56.88
176,24,4,Staff,Human Resources,60000000.0,214,Innovation,64.51
176,24,4,Staff,Human Resources,60000000.0,214,Performance,68.9
176,24,4,Staff,Human Resources,60000000.0,214,Time Management,74.49
176,24,4,Staff,Human Resources,88214342.0,149,Attendance,69.68
176,24,4,Staff,Human Resources,88214342.0,149,Development,56.93
176,24,4,Staff,Human Resources,88214342.0,149,Innovation,62.49
176,24,4,Staff,Human Resources,88214342.0,149,Project,58.45
176,24,4,Staff,Human Resources,110000000.0,199,Development,66.26
176,24,4,Staff,Human Resources,110000000.0,199,Efficiency,69.89
176,24,4,Staff,Human Resources,110000000.0,199,Finance,56.91
176,24,4,Staff,Human Resources,110000000.0,199,HR,66.655
176,24,4,Staff,Human Resources,110000000.0,199,Quality,66.86
176,24,4,Staff,Human Resources,110000000.0,199,Technical,61.3
176,24,4,Staff,Human Resources,178776637.0,118,HR,66.89
176,24,4,Staff,Human Resources,178776637.0,118,Technical,64.64
176,24,4,Staff,Human Resources,250000000.0,291,Attendance,71.85
176,24,4,Staff,Human Resources,250000000.0,291,Finance,66.41499999999999
176,24,4,Staff,Human Resources,250000000.0,291,Innovation,61.17
176,24,4,Staff,Human Resources,250000000.0,291,Project,61.894999999999996
176,24,4,Staff,Human Resources,250000000.0,291,Quality,63.052499999999995
176,24,4,Staff,Human Resources,250000000.0,291,Teamwork,66.68
176,24,4,Staff,Human Resources,278244747.0,88,Development,64.96
176,24,4,Staff,Human Resources,278244747.0,88,Efficiency,62.19
176,24,4,Staff,Human Resources,278244747.0,88,Finance,60.805
176,24,4,Staff,Human Resources,278244747.0,88,HR,61.45
176,24,4,Staff,Human Resources,278244747.0,88,Innovation,61.58
176,24,4,Staff,Human Resources,278244747.0,88,Teamwork,69.85
176,24,4,Staff,Human Resources,278244747.0,88,Time Management,69.26
176,24,4,Staff,Human Resources,355280620.0,347,HR,71.0
176,24,4,Staff,Human Resources,355280620.0,347,Innovation,58.46
176,24,4,Staff,Human Resources,355280620.0,347,Performance,64.6
176,24,4,Staff,Human Resources,355280620.0,347,Technical,67.83500000000001
176,24,4,Staff,Human Resources,385820825.0,138,Efficiency,61.24
176,24,4,Staff,Human Resources,385820825.0,138,Finance,57.96
176,24,4,Staff,Human Resources,385820825.0,138,HR,67.69
176,24,4,Staff,Human Resources,385820825.0,138,Innovation,61.995000000000005
176,24,4,Staff,Human Resources,385820825.0,138,Project,61.26
176,24,4,Staff,Human Resources,385820825.0,138,Quality,62.615
176,24,4,Staff,Human Resources,385820825.0,138,Time Management,64.50999999999999
177,27,3,Staff,Marketing,80000000.0,138,Innovation,66.91
177,27,3,Staff,Marketing,80000000.0,138,Technical,67.14
177,27,3,Staff,Marketing,90000000.0,244,Efficiency,67.87
177,27,3,Staff,Marketing,90000000.0,244,Finance,60.57
177,27,3,Staff,Marketing,90000000.0,244,Quality,62.99
177,27,3,Staff,Marketing,95000000.0,211,Attendance,72.48
177,27,3,Staff,Marketing,95000000.0,211,Development,64.87
177,27,3,Staff,Marketing,95000000.0,211,Efficiency,66.43
177,27,3,Staff,Marketing,95000000.0,211,HR,69.20666666666666
177,27,3,Staff,Marketing,95000000.0,211,Performance,67.65
177,27,3,Staff,Marketing,95000000.0,211,Quality,64.77499999999999
177,27,3,Staff,Marketing,95000000.0,211,Teamwork,74.29
177,27,3,Staff,Marketing,95000000.0,211,Time Management,56.34
177,27,3,Staff,Marketing,120000000.0,152,Attendance,74.86
177,27,3,Staff,Marketing,120000000.0,152,Efficiency,67.18
177,27,3,Staff,Marketing,120000000.0,152,HR,65.91
177,27,3,Staff,Marketing,120000000.0,152,Project,65.6
177,27,3,Staff,Marketing,120000000.0,152,Quality,72.66
177,27,3,Staff,Marketing,178776637.0,118,Performance,75.41
177,27,3,Staff,Marketing,178776637.0,118,Quality,62.65
177,27,3,Staff,Marketing,291862333.0,334,Development,59.475
177,27,3,Staff,Marketing,291862333.0,334,Efficiency,57.32
177,27,3,Staff,Marketing,291862333.0,334,Finance,62.43
177,27,3,Staff,Marketing,291862333.0,334,HR,64.655
177,27,3,Staff,Marketing,291862333.0,334,Innovation,62.71
177,27,3,Staff,Marketing,291862333.0,334,Performance,61.56
177,27,3,Staff,Marketing,291862333.0,334,Quality,62.05
177,27,3,Staff,Marketing,291862333.0,334,Technical,65.455
177,27,3,Staff,Marketing,300000000.0,242,Performance,61.79
177,27,3,Staff,Marketing,300000000.0,242,Teamwork,66.35
177,27,3,Staff,Marketing,300000000.0,242,Time Management,62.01
177,27,3,Staff,Marketing,500000000.0,356,Development,62.65
177,27,3,Staff,Marketing,500000000.0,356,HR,64.81
177,27,3,Staff,Marketing,500000000.0,356,Innovation,57.31
177,27,3,Staff,Marketing,500000000.0,356,Performance,70.64
177,27,3,Staff,Marketing,500000000.0,356,Project,60.26
177,27,3,Staff,Marketing,500000000.0,356,Quality,62.97
177,27,3,Staff,Marketing,500000000.0,356,Time Management,72.86
178,30,1,Staff,Legal,80000000.0,138,Attendance,55.3
178,30,1,Staff,Legal,80000000.0,138,Efficiency,49.0
178,30,1,Staff,Legal,80000000.0,138,HR,55.29
178,30,1,Staff,Legal,80000000.0,138,Project,44.7
178,30,1,Staff,Legal,80000000.0,138,Teamwork,45.465
178,30,1,Staff,Legal,170000000.0,229,Attendance,57.99
178,30,1,Staff,Legal,170000000.0,229,Development,44.78
178,30,1,Staff,Legal,170000000.0,229,Finance,48.03
178,30,1,Staff,Legal,170000000.0,229,Innovation,37.11
178,30,1,Staff,Legal,170000000.0,229,Performance,53.96
178,30,1,Staff,Legal,170000000.0,229,Project,41.72
178,30,1,Staff,Legal,170000000.0,229,Quality,48.135
178,30,1,Staff,Legal,170000000.0,229,Teamwork,47.17
178,30,1,Staff,Legal,170000000.0,229,Time Management,50.615
178,30,1,Staff,Legal,206368642.0,46,Attendance,60.47
178,30,1,Staff,Legal,206368642.0,46,Finance,45.28
178,30,1,Staff,Legal,206368642.0,46,Quality,46.25
178,30,1,Staff,Legal,206368642.0,46,Teamwork,43.33
178,30,1,Staff,Legal,206368642.0,46,Technical,48.22
178,30,1,Staff,Legal,291868109.0,256,Finance,44.785
178,30,1,Staff,Legal,291868109.0,256,HR,53.81
178,30,1,Staff,Legal,291868109.0,256,Innovation,44.63
178,30,1,Staff,Legal,291868109.0,256,Project,39.905
178,30,1,Staff,Legal,291868109.0,256,Quality,42.489999999999995
178,30,1,Staff,Legal,291868109.0,256,Time Management,57.86
178,30,1,Staff,Legal,300000000.0,242,Performance,46.81
178,30,1,Staff,Legal,300000000.0,242,Quality,49.045
178,30,1,Staff,Legal,355280620.0,347,Efficiency,52.86
178,30,1,Staff,Legal,355280620.0,347,HR,48.21
178,30,1,Staff,Legal,355280620.0,347,Innovation,39.7
178,30,1,Staff,Legal,355280620.0,347,Project,47.04
178,30,1,Staff,Legal,355280620.0,347,Quality,37.54
178,30,1,Staff,Legal,355280620.0,347,Teamwork,56.08
178,30,1,Staff,Legal,355280620.0,347,Technical,44.55
178,30,1,Staff,Legal,355280620.0,347,Time Management,41.95
178,30,1,Staff,Legal,377293102.0,80,HR,52.48
178,30,1,Staff,Legal,377293102.0,80,Performance,45.57
178,30,1,Staff,Legal,377293102.0,80,Project,49.07
178,30,1,Staff,Legal,404564658.0,71,Efficiency,49.175
178,30,1,Staff,Legal,404564658.0,71,Finance,49.18
178,30,1,Staff,Legal,404564658.0,71,Innovation,41.9
178,30,1,Staff,Legal,404564658.0,71,Quality,38.13
178,30,1,Staff,Legal,404564658.0,71,Teamwork,46.65
178,30,1,Staff,Legal,404564658.0,71,Time Management,51.99
179,25,2,Staff,Production,50000000.0,211,Development,65.16
179,25,2,Staff,Production,50000000.0,211,Efficiency,75.51
179,25,2,Staff,Production,50000000.0,211,HR,70.91
179,25,2,Staff,Production,50000000.0,211,Quality,66.91
179,25,2,Staff,Production,88214342.0,149,Efficiency,69.09
179,25,2,Staff,Production,88214342.0,149,Innovation,60.33
179,25,2,Staff,Production,88214342.0,149,Project,60.14
179,25,2,Staff,Production,88214342.0,149,Quality,60.77
179,25,2,Staff,Production,88214342.0,149,Teamwork,71.69333333333333
179,25,2,Staff,Production,88214342.0,149,Technical,73.0
179,25,2,Staff,Production,88214342.0,149,Time Management,64.54
179,25,2,Staff,Production,95000000.0,211,Efficiency,64.89
179,25,2,Staff,Production,95000000.0,211,HR,70.05
179,25,2,Staff,Production,95000000.0,211,Innovation,69.17
179,25,2,Staff,Production,95000000.0,211,Project,64.45
179,25,2,Staff,Production,95000000.0,211,Quality,57.61
179,25,2,Staff,Production,95000000.0,211,Time Management,62.39
179,25,2,Staff,Production,170000000.0,229,Attendance,68.64
179,25,2,Staff,Production,170000000.0,229,Efficiency,62.43
179,25,2,Staff,Production,170000000.0,229,HR,68.515
179,25,2,Staff,Production,170000000.0,229,Quality,55.735
179,25,2,Staff,Production,180000000.0,193,Attendance,66.68
179,25,2,Staff,Production,180000000.0,193,Development,55.41
179,25,2,Staff,Production,180000000.0,193,Finance,59.37
179,25,2,Staff,Production,180000000.0,193,HR,64.5
179,25,2,Staff,Production,180000000.0,193,Innovation,60.82
179,25,2,Staff,Production,180000000.0,193,Performance,62.23
179,25,2,Staff,Production,180000000.0,193,Quality,67.13
179,25,2,Staff,Production,180000000.0,193,Time Management,63.83
179,25,2,Staff,Production,355280620.0,347,Quality,56.5
179,25,2,Staff,Production,375514309.0,335,Attendance,65.09
179,25,2,Staff,Production,375514309.0,335,Development,63.25333333333333
179,25,2,Staff,Production,375514309.0,335,Efficiency,66.97
179,25,2,Staff,Production,375514309.0,335,HR,61.165000000000006
179,25,2,Staff,Production,375514309.0,335,Performance,64.68
179,25,2,Staff,Production,375514309.0,335,Project,62.52
179,25,2,Staff,Production,375514309.0,335,Quality,56.44
179,25,2,Staff,Production,375514309.0,335,Time Management,56.88
179,25,2,Staff,Production,472961951.0,350,Development,54.83
179,25,2,Staff,Production,472961951.0,350,HR,67.555
179,25,2,Staff,Production,472961951.0,350,Innovation,60.81
179,25,2,Staff,Production,472961951.0,350,Quality,62.16
179,25,2,Staff,Production,472961951.0,350,Teamwork,71.63
180,25,4,Staff,Legal,88214342.0,149,Efficiency,66.61
180,25,4,Staff,Legal,88214342.0,149,Finance,55.12
180,25,4,Staff,Legal,88214342.0,149,HR,63.43
180,25,4,Staff,Legal,88214342.0,149,Performance,54.78
180,25,4,Staff,Legal,88214342.0,149,Quality,61.32666666666666
180,25,4,Staff,Legal,88214342.0,149,Teamwork,70.97
180,25,4,Staff,Legal,88214342.0,149,Technical,61.36
180,25,4,Staff,Legal,110000000.0,199,Efficiency,71.43
180,25,4,Staff,Legal,110000000.0,199,Finance,62.21
180,25,4,Staff,Legal,110000000.0,199,Innovation,55.825
180,25,4,Staff,Legal,110000000.0,199,Project,57.51
180,25,4,Staff,Legal,110000000.0,199,Quality,56.39
180,25,4,Staff,Legal,110000000.0,199,Teamwork,65.59
180,25,4,Staff,Legal,110000000.0,199,Technical,52.97
180,25,4,Staff,Legal,110000000.0,199,Time Management,66.29
180,25,4,Staff,Legal,206368642.0,46,Attendance,66.595
180,25,4,Staff,Legal,206368642.0,46,Development,61.95
180,25,4,Staff,Legal,206368642.0,46,Efficiency,64.88
180,25,4,Staff,Legal,206368642.0,46,HR,61.615
180,25,4,Staff,Legal,206368642.0,46,Performance,59.63
180,25,4,Staff,Legal,206368642.0,46,Project,64.46
180,25,4,Staff,Legal,206368642.0,46,Quality,60.12
180,25,4,Staff,Legal,206368642.0,46,Teamwork,60.94
180,25,4,Staff,Legal,206368642.0,46,Technical,57.17
180,25,4,Staff,Legal,206368642.0,46,Time Management,58.38
180,25,4,Staff,Legal,291862333.0,334,Finance,54.42
180,25,4,Staff,Legal,291862333.0,334,Innovation,63.81999999999999
180,25,4,Staff,Legal,291862333.0,334,Project,62.48
180,25,4,Staff,Legal,291862333.0,334,Quality,62.379999999999995
180,25,4,Staff,Legal,291868109.0,256,Attendance,63.93
180,25,4,Staff,Legal,291868109.0,256,Development,63.0
180,25,4,Staff,Legal,291868109.0,256,Efficiency,61.205
180,25,4,Staff,Legal,291868109.0,256,Finance,57.72
180,25,4,Staff,Legal,291868109.0,256,HR,62.18
180,25,4,Staff,Legal,291868109.0,256,Innovation,65.74
180,25,4,Staff,Legal,291868109.0,256,Project,60.22
180,25,4,Staff,Legal,291868109.0,256,Quality,64.215
180,25,4,Staff,Legal,291868109.0,256,Teamwork,70.72
180,25,4,Staff,Legal,300000000.0,242,Efficiency,65.29
180,25,4,Staff,Legal,300000000.0,242,Finance,53.29
180,25,4,Staff,Legal,300000000.0,242,Quality,64.56
180,25,4,Staff,Legal,300000000.0,242,Technical,67.4
180,25,4,Staff,Legal,300000000.0,242,Time Management,52.99
180,25,4,Staff,Legal,355280620.0,347,Innovation,58.19
180,25,4,Staff,Legal,472961951.0,350,HR,62.82
180,25,4,Staff,Legal,472961951.0,350,Innovation,57.16
180,25,4,Staff,Legal,472961951.0,350,Quality,59.82
180,25,4,Staff,Legal,472961951.0,350,Teamwork,66.89
180,25,4,Staff,Legal,472961951.0,350,Technical,60.52
181,44,9,Senior Manager,Production,50000000.0,211,Attendance,98.0
181,44,9,Senior Manager,Production,50000000.0,211,Finance,93.1
181,44,9,Senior Manager,Production,50000000.0,211,Innovation,98.0
181,44,9,Senior Manager,Production,50000000.0,211,Time Management,98.0
181,44,9,Senior Manager,Production,60000000.0,214,Development,94.65
181,44,9,Senior Manager,Production,60000000.0,214,Efficiency,98.0
181,44,9,Senior Manager,Production,60000000.0,214,Finance,98.0
181,44,9,Senior Manager,Production,60000000.0,214,HR,98.0
181,44,9,Senior Manager,Production,60000000.0,214,Innovation,97.03
181,44,9,Senior Manager,Production,60000000.0,214,Performance,98.0
181,44,9,Senior Manager,Production,60000000.0,214,Project,98.0
181,44,9,Senior Manager,Production,60000000.0,214,Quality,98.0
181,44,9,Senior Manager,Production,60000000.0,214,Teamwork,98.0
181,44,9,Senior Manager,Production,60000000.0,214,Technical,98.0
181,44,9,Senior Manager,Production,60000000.0,214,Time Management,98.0
181,44,9,Senior Manager,Production,80000000.0,138,Efficiency,98.0
181,44,9,Senior Manager,Production,80000000.0,138,Innovation,95.25
181,44,9,Senior Manager,Production,80000000.0,138,Project,98.0
181,44,9,Senior Manager,Production,80000000.0,138,Quality,92.08
181,44,9,Senior Manager,Production,80000000.0,138,Teamwork,97.49
181,44,9,Senior Manager,Production,90000000.0,244,Attendance,98.0
181,44,9,Senior Manager,Production,90000000.0,244,Development,98.0
181,44,9,Senior Manager,Production,90000000.0,244,HR,98.0
181,44,9,Senior Manager,Production,130000000.0,303,Development,96.295
181,44,9,Senior Manager,Production,130000000.0,303,Efficiency,98.0
181,44,9,Senior Manager,Production,130000000.0,303,Finance,98.0
181,44,9,Senior Manager,Production,130000000.0,303,Quality,98.0
181,44,9,Senior Manager,Production,130000000.0,303,Technical,98.0
181,44,9,Senior Manager,Production,178776637.0,118,Finance,98.0
181,44,9,Senior Manager,Production,178776637.0,118,Performance,98.0
181,44,9,Senior Manager,Production,178776637.0,118,Quality,98.0
181,44,9,Senior Manager,Production,178776637.0,118,Teamwork,98.0
181,44,9,Senior Manager,Production,178776637.0,118,Technical,98.0
181,44,9,Senior Manager,Production,204675132.0,174,Development,98.0
181,44,9,Senior Manager,Production,204675132.0,174,Innovation,98.0
181,44,9,Senior Manager,Production,204675132.0,174,Project,98.0
181,44,9,Senior Manager,Production,204675132.0,174,Quality,98.0
181,44,9,Senior Manager,Production,204675132.0,174,Teamwork,98.0
181,44,9,Senior Manager,Production,204675132.0,174,Time Management,98.0
181,44,9,Senior Manager,Production,400000000.0,259,Attendance,98.0
181,44,9,Senior Manager,Production,400000000.0,259,Efficiency,98.0
181,44,9,Senior Manager,Production,400000000.0,259,Finance,98.0
181,44,9,Senior Manager,Production,400000000.0,259,HR,98.0
181,44,9,Senior Manager,Production,400000000.0,259,Project,98.0
181,44,9,Senior Manager,Production,400000000.0,259,Quality,97.79
182,23,5,Staff,Design,50000000.0,211,Quality,59.82
182,23,5,Staff,Design,50000000.0,211,Technical,59.44
182,23,5,Staff,Design,90000000.0,244,Attendance,72.51
182,23,5,Staff,Design,90000000.0,244,Efficiency,71.81
182,23,5,Staff,Design,90000000.0,244,Finance,67.84
182,23,5,Staff,Design,90000000.0,244,HR,64.27666666666666
182,23,5,Staff,Design,90000000.0,244,Innovation,62.84
182,23,5,Staff,Design,90000000.0,244,Performance,68.2
182,23,5,Staff,Design,90000000.0,244,Project,68.81
182,23,5,Staff,Design,90000000.0,244,Quality,64.3825
182,23,5,Staff,Design,90000000.0,244,Teamwork,71.09
182,23,5,Staff,Design,90000000.0,244,Technical,59.63
182,23,5,Staff,Design,90000000.0,244,Time Management,62.13
182,23,5,Staff,Design,110000000.0,199,Attendance,69.99
182,23,5,Staff,Design,110000000.0,199,Finance,59.75
182,23,5,Staff,Design,110000000.0,199,HR,67.47
182,23,5,Staff,Design,110000000.0,199,Innovation,62.57
182,23,5,Staff,Design,110000000.0,199,Project,66.78
182,23,5,Staff,Design,110000000.0,199,Quality,66.74571428571429
182,23,5,Staff,Design,110000000.0,199,Technical,63.77
182,23,5,Staff,Design,110000000.0,199,Time Management,73.43
182,23,5,Staff,Design,120000000.0,152,Development,58.79
182,23,5,Staff,Design,120000000.0,152,Efficiency,66.95
182,23,5,Staff,Design,120000000.0,152,Finance,59.67
182,23,5,Staff,Design,120000000.0,152,HR,64.34
182,23,5,Staff,Design,120000000.0,152,Innovation,59.84
182,23,5,Staff,Design,140000000.0,211,Finance,58.11
182,23,5,Staff,Design,140000000.0,211,HR,68.625
182,23,5,Staff,Design,140000000.0,211,Quality,61.99
182,23,5,Staff,Design,140000000.0,211,Teamwork,71.48
182,23,5,Staff,Design,140000000.0,211,Time Management,65.3
182,23,5,Staff,Design,375514309.0,335,Efficiency,70.72
182,23,5,Staff,Design,375514309.0,335,HR,70.38
182,23,5,Staff,Design,375514309.0,335,Innovation,64.72
182,23,5,Staff,Design,375514309.0,335,Performance,66.43
182,23,5,Staff,Design,375514309.0,335,Project,68.21666666666665
182,23,5,Staff,Design,375514309.0,335,Quality,63.97666666666667
182,23,5,Staff,Design,375514309.0,335,Teamwork,69.38
182,23,5,Staff,Design,375514309.0,335,Technical,74.63
182,23,5,Staff,Design,375514309.0,335,Time Management,61.59
182,23,5,Staff,Design,397696244.0,106,Development,64.1
182,23,5,Staff,Design,397696244.0,106,HR,69.77999999999999
182,23,5,Staff,Design,397696244.0,106,Performance,64.17
182,23,5,Staff,Design,397696244.0,106,Project,65.3
182,23,5,Staff,Design,397696244.0,106,Quality,66.07
182,23,5,Staff,Design,397696244.0,106,Time Management,65.12
182,23,5,Staff,Design,404564658.0,71,Attendance,73.26
182,23,5,Staff,Design,404564658.0,71,Development,62.525000000000006
182,23,5,Staff,Design,404564658.0,71,HR,63.99
182,23,5,Staff,Design,404564658.0,71,Innovation,68.84
182,23,5,Staff,Design,404564658.0,71,Performance,71.98500000000001
182,23,5,Staff,Design,404564658.0,71,Project,68.85
182,23,5,Staff,Design,404564658.0,71,Quality,67.05
182,23,5,Staff,Design,404564658.0,71,Technical,77.19999999999999
182,23,5,Staff,Design,404564658.0,71,Time Management,66.29
183,38,8,Manager,Customer Service,50000000.0,211,Attendance,91.7
183,38,8,Manager,Customer Service,50000000.0,211,Quality,82.8
183,38,8,Manager,Customer Service,50000000.0,211,Time Management,88.76
183,38,8,Manager,Customer Service,90000000.0,244,Attendance,91.46000000000001
183,38,8,Manager,Customer Service,90000000.0,244,Finance,92.41499999999999
183,38,8,Manager,Customer Service,90000000.0,244,HR,96.78
183,38,8,Manager,Customer Service,90000000.0,244,Performance,92.05
183,38,8,Manager,Customer Service,90000000.0,244,Quality,88.34
183,38,8,Manager,Customer Service,90000000.0,244,Teamwork,94.9
183,38,8,Manager,Customer Service,95000000.0,211,Finance,91.45
183,38,8,Manager,Customer Service,95000000.0,211,Quality,84.88
183,38,8,Manager,Customer Service,95000000.0,211,Teamwork,95.38
183,38,8,Manager,Customer Service,130000000.0,303,Attendance,94.92
183,38,8,Manager,Customer Service,130000000.0,303,Efficiency,95.27
183,38,8,Manager,Customer Service,130000000.0,303,Finance,91.95
183,38,8,Manager,Customer Service,130000000.0,303,HR,96.78
183,38,8,Manager,Customer Service,130000000.0,303,Performance,90.6
183,38,8,Manager,Customer Service,130000000.0,303,Project,95.77
183,38,8,Manager,Customer Service,130000000.0,303,Quality,89.48666666666668
183,38,8,Manager,Customer Service,278244747.0,88,Teamwork,93.05
183,38,8,Manager,Customer Service,397696244.0,106,Attendance,95.06
183,38,8,Manager,Customer Service,397696244.0,106,Finance,88.67
183,38,8,Manager,Customer Service,397696244.0,106,HR,90.34
183,38,8,Manager,Customer Service,397696244.0,106,Quality,91.5
183,38,8,Manager,Customer Service,397696244.0,106,Technical,86.09
183,38,8,Manager,Customer Service,397696244.0,106,Time Management,89.315
183,38,8,Manager,Customer Service,404564658.0,71,Attendance,93.51
183,38,8,Manager,Customer Service,404564658.0,71,Development,91.58
183,38,8,Manager,Customer Service,404564658.0,71,HR,95.93
183,38,8,Manager,Customer Service,404564658.0,71,Quality,90.18
183,38,8,Manager,Customer Service,404564658.0,71,Teamwork,88.15
183,38,8,Manager,Customer Service,500000000.0,356,Efficiency,88.215
183,38,8,Manager,Customer Service,500000000.0,356,Finance,89.63
183,38,8,Manager,Customer Service,500000000.0,356,HR,91.38
183,38,8,Manager,Customer Service,500000000.0,356,Innovation,86.85499999999999
183,38,8,Manager,Customer Service,500000000.0,356,Performance,87.78999999999999
183,38,8,Manager,Customer Service,500000000.0,356,Project,93.92
183,38,8,Manager,Customer Service,500000000.0,356,Quality,89.20500000000001
183,38,8,Manager,Customer Service,500000000.0,356,Time Management,98.0
184,38,6,Senior Staff,Human Resources,130000000.0,303,Attendance,74.69
184,38,6,Senior Staff,Human Resources,130000000.0,303,Development,64.39
184,38,6,Senior Staff,Human Resources,130000000.0,303,Efficiency,68.98
184,38,6,Senior Staff,Human Resources,130000000.0,303,Finance,63.485
184,38,6,Senior Staff,Human Resources,130000000.0,303,HR,66.85
184,38,6,Senior Staff,Human Resources,130000000.0,303,Performance,65.58500000000001
184,38,6,Senior Staff,Human Resources,130000000.0,303,Project,72.845
184,38,6,Senior Staff,Human Resources,130000000.0,303,Quality,74.88
184,38,6,Senior Staff,Human Resources,130000000.0,303,Technical,64.33
184,38,6,Senior Staff,Human Resources,140000000.0,211,Finance,67.45
184,38,6,Senior Staff,Human Resources,140000000.0,211,Teamwork,67.35
184,38,6,Senior Staff,Human Resources,140000000.0,211,Time Management,66.96
184,38,6,Senior Staff,Human Resources,178776637.0,118,Attendance,74.52
184,38,6,Senior Staff,Human Resources,178776637.0,118,Finance,64.06
184,38,6,Senior Staff,Human Resources,178776637.0,118,HR,75.11
184,38,6,Senior Staff,Human Resources,178776637.0,118,Innovation,60.86
184,38,6,Senior Staff,Human Resources,178776637.0,118,Performance,73.97
184,38,6,Senior Staff,Human Resources,178776637.0,118,Quality,63.26
184,38,6,Senior Staff,Human Resources,178776637.0,118,Teamwork,67.74
184,38,6,Senior Staff,Human Resources,178776637.0,118,Time Management,72.03999999999999
184,38,6,Senior Staff,Human Resources,200000000.0,167,Finance,73.68
184,38,6,Senior Staff,Human Resources,200000000.0,167,Project,63.52
184,38,6,Senior Staff,Human Resources,291862333.0,334,Attendance,70.695
184,38,6,Senior Staff,Human Resources,291862333.0,334,Efficiency,61.855
184,38,6,Senior Staff,Human Resources,291862333.0,334,Finance,64.175
184,38,6,Senior Staff,Human Resources,291862333.0,334,HR,71.35499999999999
184,38,6,Senior Staff,Human Resources,291862333.0,334,Innovation,63.21
184,38,6,Senior Staff,Human Resources,291862333.0,334,Performance,71.2
184,38,6,Senior Staff,Human Resources,291862333.0,334,Quality,63.84
184,38,6,Senior Staff,Human Resources,291862333.0,334,Teamwork,65.16
184,38,6,Senior Staff,Human Resources,291862333.0,334,Technical,68.93
184,38,6,Senior Staff,Human Resources,385820825.0,138,Attendance,66.37
184,38,6,Senior Staff,Human Resources,385820825.0,138,Finance,59.7
184,38,6,Senior Staff,Human Resources,385820825.0,138,Innovation,64.56
184,38,6,Senior Staff,Human Resources,400000000.0,259,Attendance,71.88
184,38,6,Senior Staff,Human Resources,400000000.0,259,Efficiency,71.91
184,38,6,Senior Staff,Human Resources,400000000.0,259,HR,72.095
184,38,6,Senior Staff,Human Resources,500000000.0,356,Development,62.03
184,38,6,Senior Staff,Human Resources,500000000.0,356,Project,60.52
184,38,6,Senior Staff,Human Resources,500000000.0,356,Quality,61.980000000000004
184,38,6,Senior Staff,Human Resources,500000000.0,356,Teamwork,68.245
185,27,4,Staff,Human Resources,50000000.0,211,Attendance,75.16
185,27,4,Staff,Human Resources,50000000.0,211,Development,69.17
185,27,4,Staff,Human Resources,50000000.0,211,Finance,58.69
185,27,4,Staff,Human Resources,50000000.0,211,Performance,66.81
185,27,4,Staff,Human Resources,50000000.0,211,Quality,78.33
185,27,4,Staff,Human Resources,50000000.0,211,Teamwork,61.06
185,27,4,Staff,Human Resources,60000000.0,214,Development,47.55
185,27,4,Staff,Human Resources,60000000.0,214,Efficiency,67.81
185,27,4,Staff,Human Resources,60000000.0,214,Project,66.31
185,27,4,Staff,Human Resources,60000000.0,214,Quality,60.376666666666665
185,27,4,Staff,Human Resources,75000000.0,203,Development,59.97
185,27,4,Staff,Human Resources,75000000.0,203,HR,69.67
185,27,4,Staff,Human Resources,75000000.0,203,Quality,64.03
185,27,4,Staff,Human Resources,75000000.0,203,Time Management,57.7
185,27,4,Staff,Human Resources,82017929.0,114,Attendance,67.38
185,27,4,Staff,Human Resources,82017929.0,114,Efficiency,74.02
185,27,4,Staff,Human Resources,82017929.0,114,Finance,64.83
185,27,4,Staff,Human Resources,82017929.0,114,HR,76.08
185,27,4,Staff,Human Resources,82017929.0,114,Innovation,58.71
185,27,4,Staff,Human Resources,82017929.0,114,Performance,62.74
185,27,4,Staff,Human Resources,82017929.0,114,Project,68.75
185,27,4,Staff,Human Resources,82017929.0,114,Quality,60.42666666666667
185,27,4,Staff,Human Resources,82017929.0,114,Teamwork,68.725
185,27,4,Staff,Human Resources,130000000.0,303,Attendance,72.09
185,27,4,Staff,Human Resources,130000000.0,303,Quality,56.6
185,27,4,Staff,Human Resources,130000000.0,303,Technical,65.04
185,27,4,Staff,Human Resources,150000000.0,274,Attendance,67.17
185,27,4,Staff,Human Resources,150000000.0,274,Efficiency,64.88
185,27,4,Staff,Human Resources,150000000.0,274,Finance,59.13
185,27,4,Staff,Human Resources,150000000.0,274,Time Management,69.43
185,27,4,Staff,Human Resources,190000000.0,241,Development,50.88
185,27,4,Staff,Human Resources,190000000.0,241,Efficiency,72.47
185,27,4,Staff,Human Resources,190000000.0,241,Finance,65.32
185,27,4,Staff,Human Resources,190000000.0,241,HR,74.71
185,27,4,Staff,Human Resources,190000000.0,241,Innovation,60.34
185,27,4,Staff,Human Resources,190000000.0,241,Quality,57.49
185,27,4,Staff,Human Resources,190000000.0,241,Teamwork,68.485
185,27,4,Staff,Human Resources,190000000.0,241,Time Management,58.57
185,27,4,Staff,Human Resources,400000000.0,259,Attendance,64.73
185,27,4,Staff,Human Resources,400000000.0,259,Efficiency,63.77
185,27,4,Staff,Human Resources,400000000.0,259,Finance,74.13
185,27,4,Staff,Human Resources,400000000.0,259,HR,64.63
185,27,4,Staff,Human Resources,400000000.0,259,Innovation,66.31
185,27,4,Staff,Human Resources,400000000.0,259,Performance,67.09
185,27,4,Staff,Human Resources,400000000.0,259,Project,72.62
185,27,4,Staff,Human Resources,400000000.0,259,Quality,63.18
185,27,4,Staff,Human Resources,400000000.0,259,Teamwork,63.94499999999999
185,27,4,Staff,Human Resources,400000000.0,259,Technical,64.78
185,27,4,Staff,Human Resources,400000000.0,259,Time Management,64.88
186,29,4,Staff,Research & Development,130000000.0,303,Attendance,70.59
186,29,4,Staff,Research & Development,130000000.0,303,Efficiency,75.34
186,29,4,Staff,Research & Development,130000000.0,303,Finance,70.25999999999999
186,29,4,Staff,Research & Development,130000000.0,303,HR,75.68
186,29,4,Staff,Research & Development,130000000.0,303,Innovation,64.32
186,29,4,Staff,Research & Development,130000000.0,303,Performance,70.29
186,29,4,Staff,Research & Development,130000000.0,303,Project,72.95
186,29,4,Staff,Research & Development,130000000.0,303,Quality,67.27
186,29,4,Staff,Research & Development,130000000.0,303,Technical,72.23
186,29,4,Staff,Research & Development,150000000.0,274,Development,60.53
186,29,4,Staff,Research & Development,150000000.0,274,Efficiency,67.15
186,29,4,Staff,Research & Development,150000000.0,274,Finance,70.46000000000001
186,29,4,Staff,Research & Development,150000000.0,274,HR,71.28
186,29,4,Staff,Research & Development,150000000.0,274,Innovation,62.08
186,29,4,Staff,Research & Development,150000000.0,274,Project,63.88
186,29,4,Staff,Research & Development,150000000.0,274,Quality,62.97
186,29,4,Staff,Research & Development,150000000.0,274,Teamwork,70.07
186,29,4,Staff,Research & Development,150000000.0,274,Technical,64.62
186,29,4,Staff,Research & Development,150000000.0,274,Time Management,64.41
186,29,4,Staff,Research & Development,170000000.0,229,Development,54.94
186,29,4,Staff,Research & Development,170000000.0,229,Efficiency,71.04
186,29,4,Staff,Research & Development,170000000.0,229,Finance,68.65
186,29,4,Staff,Research & Development,170000000.0,229,Innovation,66.33
186,29,4,Staff,Research & Development,170000000.0,229,Performance,70.72
186,29,4,Staff,Research & Development,170000000.0,229,Project,71.33
186,29,4,Staff,Research & Development,170000000.0,229,Quality,71.42666666666666
186,29,4,Staff,Research & Development,170000000.0,229,Teamwork,73.17
186,29,4,Staff,Research & Development,170000000.0,229,Time Management,67.44
186,29,4,Staff,Research & Development,178776637.0,118,Finance,78.52
186,29,4,Staff,Research & Development,178776637.0,118,Quality,70.33
186,29,4,Staff,Research & Development,180000000.0,193,Development,60.2
186,29,4,Staff,Research & Development,291862333.0,334,Finance,74.69
186,29,4,Staff,Research & Development,291862333.0,334,Performance,75.29499999999999
186,29,4,Staff,Research & Development,291862333.0,334,Quality,73.37
186,29,4,Staff,Research & Development,291862333.0,334,Technical,73.285
186,29,4,Staff,Research & Development,291862333.0,334,Time Management,77.04
186,29,4,Staff,Research & Development,355280620.0,347,Development,73.16
186,29,4,Staff,Research & Development,355280620.0,347,Efficiency,72.72
186,29,4,Staff,Research & Development,355280620.0,347,Finance,68.01
186,29,4,Staff,Research & Development,355280620.0,347,HR,78.475
186,29,4,Staff,Research & Development,355280620.0,347,Innovation,67.19
186,29,4,Staff,Research & Development,355280620.0,347,Performance,61.52
186,29,4,Staff,Research & Development,355280620.0,347,Quality,60.51
186,29,4,Staff,Research & Development,355280620.0,347,Technical,64.69
186,29,4,Staff,Research & Development,385820825.0,138,Development,71.76
186,29,4,Staff,Research & Development,385820825.0,138,HR,77.04
186,29,4,Staff,Research & Development,385820825.0,138,Innovation,64.785
186,29,4,Staff,Research & Development,385820825.0,138,Teamwork,77.18
186,29,4,Staff,Research & Development,385820825.0,138,Technical,76.925
186,29,4,Staff,Research & Development,385820825.0,138,Time Management,71.93
187,37,12,Manager,Quality Assurance,75000000.0,203,Attendance,98.0
187,37,12,Manager,Quality Assurance,75000000.0,203,Development,89.39
187,37,12,Manager,Quality Assurance,75000000.0,203,Efficiency,90.99
187,37,12,Manager,Quality Assurance,75000000.0,203,Finance,96.39
187,37,12,Manager,Quality Assurance,75000000.0,203,HR,94.78
187,37,12,Manager,Quality Assurance,75000000.0,203,Quality,95.18
187,37,12,Manager,Quality Assurance,75000000.0,203,Teamwork,98.0
187,37,12,Manager,Quality Assurance,75000000.0,203,Technical,96.5
187,37,12,Manager,Quality Assurance,80000000.0,138,Finance,90.39
187,37,12,Manager,Quality Assurance,80000000.0,138,HR,95.75
187,37,12,Manager,Quality Assurance,80000000.0,138,Innovation,95.81
187,37,12,Manager,Quality Assurance,80000000.0,138,Time Management,97.35
187,37,12,Manager,Quality Assurance,134037811.0,31,Innovation,94.18
187,37,12,Manager,Quality Assurance,150000000.0,274,Development,96.15
187,37,12,Manager,Quality Assurance,150000000.0,274,Efficiency,98.0
187,37,12,Manager,Quality Assurance,150000000.0,274,HR,98.0
187,37,12,Manager,Quality Assurance,150000000.0,274,Innovation,97.18
187,37,12,Manager,Quality Assurance,150000000.0,274,Performance,98.0
187,37,12,Manager,Quality Assurance,150000000.0,274,Project,98.0
187,37,12,Manager,Quality Assurance,150000000.0,274,Quality,97.44
187,37,12,Manager,Quality Assurance,150000000.0,274,Teamwork,96.42
187,37,12,Manager,Quality Assurance,150000000.0,274,Technical,96.21
187,37,12,Manager,Quality Assurance,150000000.0,274,Time Management,96.02
187,37,12,Manager,Quality Assurance,204675132.0,174,Development,94.26
187,37,12,Manager,Quality Assurance,204675132.0,174,HR,98.0
187,37,12,Manager,Quality Assurance,204675132.0,174,Quality,96.39666666666666
187,37,12,Manager,Quality Assurance,204675132.0,174,Teamwork,98.0
187,37,12,Manager,Quality Assurance,204675132.0,174,Technical,94.63
187,37,12,Manager,Quality Assurance,291862333.0,334,Finance,98.0
187,37,12,Manager,Quality Assurance,291862333.0,334,Performance,98.0
187,37,12,Manager,Quality Assurance,291862333.0,334,Project,96.13
187,37,12,Manager,Quality Assurance,365962025.0,249,Efficiency,98.0
187,37,12,Manager,Quality Assurance,365962025.0,249,HR,93.86
187,37,12,Manager,Quality Assurance,365962025.0,249,Innovation,90.5
187,37,12,Manager,Quality Assurance,365962025.0,249,Project,93.3
187,37,12,Manager,Quality Assurance,365962025.0,249,Quality,93.565
187,37,12,Manager,Quality Assurance,500000000.0,356,Attendance,96.485
187,37,12,Manager,Quality Assurance,500000000.0,356,Development,90.79
187,37,12,Manager,Quality Assurance,500000000.0,356,Efficiency,98.0
187,37,12,Manager,Quality Assurance,500000000.0,356,Finance,85.75
187,37,12,Manager,Quality Assurance,500000000.0,356,Innovation,91.59
187,37,12,Manager,Quality Assurance,500000000.0,356,Project,95.39
187,37,12,Manager,Quality Assurance,500000000.0,356,Quality,98.0
187,37,12,Manager,Quality Assurance,500000000.0,356,Technical,97.39500000000001
188,29,3,Staff,Quality Assurance,50000000.0,211,HR,65.94
188,29,3,Staff,Quality Assurance,50000000.0,211,Quality,70.095
188,29,3,Staff,Quality Assurance,50000000.0,211,Teamwork,77.99
188,29,3,Staff,Quality Assurance,75000000.0,203,HR,68.27
188,29,3,Staff,Quality Assurance,75000000.0,203,Time Management,71.07
188,29,3,Staff,Quality Assurance,88214342.0,149,Technical,68.8
188,29,3,Staff,Quality Assurance,95000000.0,211,Attendance,72.84
188,29,3,Staff,Quality Assurance,95000000.0,211,Development,60.4
188,29,3,Staff,Quality Assurance,95000000.0,211,Innovation,61.265
188,29,3,Staff,Quality Assurance,95000000.0,211,Performance,74.22
188,29,3,Staff,Quality Assurance,95000000.0,211,Quality,61.905
188,29,3,Staff,Quality Assurance,95000000.0,211,Technical,74.71
188,29,3,Staff,Quality Assurance,95000000.0,211,Time Management,67.01
188,29,3,Staff,Quality Assurance,110000000.0,199,Development,64.71
188,29,3,Staff,Quality Assurance,110000000.0,199,Finance,72.93
188,29,3,Staff,Quality Assurance,110000000.0,199,HR,73.03
188,29,3,Staff,Quality Assurance,110000000.0,199,Performance,63.94
188,29,3,Staff,Quality Assurance,110000000.0,199,Quality,60.99
188,29,3,Staff,Quality Assurance,110000000.0,199,Teamwork,72.93
188,29,3,Staff,Quality Assurance,110000000.0,199,Technical,63.46
188,29,3,Staff,Quality Assurance,220000000.0,225,Attendance,70.72
188,29,3,Staff,Quality Assurance,220000000.0,225,Efficiency,58.19
188,29,3,Staff,Quality Assurance,220000000.0,225,Performance,72.89
188,29,3,Staff,Quality Assurance,220000000.0,225,Quality,65.66
188,29,3,Staff,Quality Assurance,291868109.0,256,Attendance,73.72
188,29,3,Staff,Quality Assurance,291868109.0,256,Development,68.24
188,29,3,Staff,Quality Assurance,291868109.0,256,Efficiency,62.23
188,29,3,Staff,Quality Assurance,291868109.0,256,Finance,66.41
188,29,3,Staff,Quality Assurance,291868109.0,256,HR,57.4
188,29,3,Staff,Quality Assurance,291868109.0,256,Innovation,59.69
188,29,3,Staff,Quality Assurance,291868109.0,256,Quality,66.67
188,29,3,Staff,Quality Assurance,291868109.0,256,Technical,67.1
188,29,3,Staff,Quality Assurance,377293102.0,80,HR,70.62
188,29,3,Staff,Quality Assurance,377293102.0,80,Project,63.295
189,26,5,Staff,Quality Assurance,120000000.0,152,HR,62.63
189,26,5,Staff,Quality Assurance,120000000.0,152,Performance,67.68
189,26,5,Staff,Quality Assurance,120000000.0,152,Quality,74.305
189,26,5,Staff,Quality Assurance,120000000.0,152,Teamwork,66.56
189,26,5,Staff,Quality Assurance,130000000.0,303,Attendance,64.92
189,26,5,Staff,Quality Assurance,130000000.0,303,HR,70.71
189,26,5,Staff,Quality Assurance,130000000.0,303,Innovation,64.48
189,26,5,Staff,Quality Assurance,130000000.0,303,Project,70.93
189,26,5,Staff,Quality Assurance,130000000.0,303,Quality,64.362
189,26,5,Staff,Quality Assurance,130000000.0,303,Teamwork,64.62
189,26,5,Staff,Quality Assurance,130000000.0,303,Time Management,70.465
189,26,5,Staff,Quality Assurance,150000000.0,274,Attendance,66.92
189,26,5,Staff,Quality Assurance,150000000.0,274,Development,70.47
189,26,5,Staff,Quality Assurance,150000000.0,274,Efficiency,68.92
189,26,5,Staff,Quality Assurance,150000000.0,274,HR,68.87
189,26,5,Staff,Quality Assurance,150000000.0,274,Innovation,62.86
189,26,5,Staff,Quality Assurance,150000000.0,274,Project,78.99
189,26,5,Staff,Quality Assurance,150000000.0,274,Quality,60.4
189,26,5,Staff,Quality Assurance,150000000.0,274,Time Management,66.2
189,26,5,Staff,Quality Assurance,206368642.0,46,Finance,66.1
189,26,5,Staff,Quality Assurance,206368642.0,46,Technical,70.76
189,26,5,Staff,Quality Assurance,278244747.0,88,Efficiency,65.67
189,26,5,Staff,Quality Assurance,278244747.0,88,Finance,71.12
189,26,5,Staff,Quality Assurance,278244747.0,88,HR,67.89
189,26,5,Staff,Quality Assurance,278244747.0,88,Performance,71.405
189,26,5,Staff,Quality Assurance,278244747.0,88,Project,67.86
189,26,5,Staff,Quality Assurance,278244747.0,88,Teamwork,76.49
189,26,5,Staff,Quality Assurance,278244747.0,88,Time Management,70.16
189,26,5,Staff,Quality Assurance,291862333.0,334,Attendance,74.4
189,26,5,Staff,Quality Assurance,291862333.0,334,Efficiency,69.34
189,26,5,Staff,Quality Assurance,291862333.0,334,Innovation,65.34
189,26,5,Staff,Quality Assurance,291862333.0,334,Teamwork,73.08
189,26,5,Staff,Quality Assurance,291862333.0,334,Technical,66.11
189,26,5,Staff,Quality Assurance,291862333.0,334,Time Management,71.77
189,26,5,Staff,Quality Assurance,404564658.0,71,Efficiency,74.79
189,26,5,Staff,Quality Assurance,404564658.0,71,Finance,69.75
189,26,5,Staff,Quality Assurance,404564658.0,71,HR,70.54
189,26,5,Staff,Quality Assurance,404564658.0,71,Innovation,67.66
189,26,5,Staff,Quality Assurance,404564658.0,71,Project,68.76
189,26,5,Staff,Quality Assurance,404564658.0,71,Quality,64.62
189,26,5,Staff,Quality Assurance,404564658.0,71,Time Management,71.23
189,26,5,Staff,Quality Assurance,500000000.0,356,Attendance,70.38
189,26,5,Staff,Quality Assurance,500000000.0,356,Development,64.39
189,26,5,Staff,Quality Assurance,500000000.0,356,Time Management,61.69
190,29,5,Staff,Customer Service,88214342.0,149,HR,65.77000000000001
190,29,5,Staff,Customer Service,88214342.0,149,Innovation,66.27
190,29,5,Staff,Customer Service,88214342.0,149,Quality,58.785
190,29,5,Staff,Customer Service,120000000.0,152,HR,63.68000000000001
190,29,5,Staff,Customer Service,120000000.0,152,Project,57.915
190,29,5,Staff,Customer Service,120000000.0,152,Quality,64.75333333333333
190,29,5,Staff,Customer Service,130000000.0,303,Attendance,74.78
190,29,5,Staff,Customer Service,130000000.0,303,Development,66.21
190,29,5,Staff,Customer Service,130000000.0,303,Finance,57.91
190,29,5,Staff,Customer Service,130000000.0,303,HR,62.405
190,29,5,Staff,Customer Service,130000000.0,303,Innovation,54.97
190,29,5,Staff,Customer Service,130000000.0,303,Performance,55.78
190,29,5,Staff,Customer Service,130000000.0,303,Project,71.31
190,29,5,Staff,Customer Service,130000000.0,303,Quality,62.35333333333333
190,29,5,Staff,Customer Service,130000000.0,303,Teamwork,68.31
190,29,5,Staff,Customer Service,170000000.0,229,Attendance,59.08
190,29,5,Staff,Customer Service,170000000.0,229,Efficiency,62.76
190,29,5,Staff,Customer Service,170000000.0,229,HR,77.11
190,29,5,Staff,Customer Service,170000000.0,229,Performance,73.31
190,29,5,Staff,Customer Service,170000000.0,229,Quality,63.894999999999996
190,29,5,Staff,Customer Service,170000000.0,229,Technical,65.8
190,29,5,Staff,Customer Service,204675132.0,174,Efficiency,68.49
190,29,5,Staff,Customer Service,204675132.0,174,Project,55.26
190,29,5,Staff,Customer Service,204675132.0,174,Quality,54.85
190,29,5,Staff,Customer Service,204675132.0,174,Teamwork,66.74
190,29,5,Staff,Customer Service,377293102.0,80,Development,56.54
190,29,5,Staff,Customer Service,377293102.0,80,Finance,63.71
190,29,5,Staff,Customer Service,377293102.0,80,Innovation,67.65
190,29,5,Staff,Customer Service,377293102.0,80,Performance,66.62
190,29,5,Staff,Customer Service,377293102.0,80,Quality,67.38499999999999
190,29,5,Staff,Customer Service,377293102.0,80,Time Management,60.78
190,29,5,Staff,Customer Service,385820825.0,138,HR,64.898
190,29,5,Staff,Customer Service,385820825.0,138,Innovation,56.44
190,29,5,Staff,Customer Service,385820825.0,138,Performance,62.695
190,29,5,Staff,Customer Service,385820825.0,138,Project,66.49
190,29,5,Staff,Customer Service,385820825.0,138,Quality,64.78999999999999
190,29,5,Staff,Customer Service,400000000.0,259,Development,52.73
190,29,5,Staff,Customer Service,400000000.0,259,Finance,61.72
190,29,5,Staff,Customer Service,400000000.0,259,HR,63.425000000000004
190,29,5,Staff,Customer Service,400000000.0,259,Innovation,54.73
190,29,5,Staff,Customer Service,400000000.0,259,Performance,61.08
190,29,5,Staff,Customer Service,400000000.0,259,Project,64.56
190,29,5,Staff,Customer Service,400000000.0,259,Quality,62.57
190,29,5,Staff,Customer Service,400000000.0,259,Teamwork,73.43
190,29,5,Staff,Customer Service,400000000.0,259,Time Management,65.55
191,23,3,Staff,Legal,50000000.0,211,Development,65.23
191,23,3,Staff,Legal,50000000.0,211,HR,62.37
191,23,3,Staff,Legal,50000000.0,211,Project,59.68
191,23,3,Staff,Legal,50000000.0,211,Quality,58.46
191,23,3,Staff,Legal,60000000.0,214,Attendance,68.805
191,23,3,Staff,Legal,60000000.0,214,Development,59.95
191,23,3,Staff,Legal,60000000.0,214,HR,60.55
191,23,3,Staff,Legal,60000000.0,214,Performance,61.96
191,23,3,Staff,Legal,60000000.0,214,Project,60.835
191,23,3,Staff,Legal,60000000.0,214,Quality,50.51
191,23,3,Staff,Legal,60000000.0,214,Teamwork,61.77
191,23,3,Staff,Legal,110000000.0,199,Attendance,65.39
191,23,3,Staff,Legal,110000000.0,199,Finance,65.53
191,23,3,Staff,Legal,110000000.0,199,Project,60.42
191,23,3,Staff,Legal,150000000.0,274,Development,64.76
191,23,3,Staff,Legal,150000000.0,274,Project,62.05
191,23,3,Staff,Legal,150000000.0,274,Quality,58.32
191,23,3,Staff,Legal,150000000.0,274,Technical,66.46
191,23,3,Staff,Legal,291868109.0,256,Attendance,67.39
191,23,3,Staff,Legal,291868109.0,256,HR,60.23
191,23,3,Staff,Legal,291868109.0,256,Quality,57.9
191,23,3,Staff,Legal,291868109.0,256,Teamwork,62.26
191,23,3,Staff,Legal,355280620.0,347,Development,52.14
191,23,3,Staff,Legal,355280620.0,347,Efficiency,63.535
191,23,3,Staff,Legal,355280620.0,347,HR,64.19500000000001
191,23,3,Staff,Legal,355280620.0,347,Innovation,49.83
191,23,3,Staff,Legal,355280620.0,347,Project,62.855000000000004
191,23,3,Staff,Legal,355280620.0,347,Quality,57.23
191,23,3,Staff,Legal,355280620.0,347,Teamwork,56.72
191,23,3,Staff,Legal,355280620.0,347,Technical,65.96
191,23,3,Staff,Legal,369461833.0,321,Attendance,68.83
191,23,3,Staff,Legal,369461833.0,321,Development,58.36
191,23,3,Staff,Legal,369461833.0,321,Quality,55.53
191,23,3,Staff,Legal,369461833.0,321,Teamwork,74.95
191,23,3,Staff,Legal,369461833.0,321,Technical,67.02
191,23,3,Staff,Legal,472961951.0,350,Efficiency,54.95
191,23,3,Staff,Legal,472961951.0,350,HR,62.905
191,23,3,Staff,Legal,472961951.0,350,Innovation,56.33
191,23,3,Staff,Legal,472961951.0,350,Project,60.0
191,23,3,Staff,Legal,472961951.0,350,Quality,59.85
191,23,3,Staff,Legal,472961951.0,350,Teamwork,60.04
191,23,3,Staff,Legal,472961951.0,350,Time Management,59.42
192,27,4,Staff,Sales,90000000.0,244,Development,58.26
192,27,4,Staff,Sales,90000000.0,244,Performance,55.92
192,27,4,Staff,Sales,90000000.0,244,Project,57.61
192,27,4,Staff,Sales,90000000.0,244,Quality,60.93
192,27,4,Staff,Sales,90000000.0,244,Technical,59.2
192,27,4,Staff,Sales,134037811.0,31,Attendance,65.46
192,27,4,Staff,Sales,134037811.0,31,HR,64.41
192,27,4,Staff,Sales,134037811.0,31,Time Management,67.06
192,27,4,Staff,Sales,178776637.0,118,Development,73.74
192,27,4,Staff,Sales,178776637.0,118,Efficiency,77.73
192,27,4,Staff,Sales,178776637.0,118,Innovation,68.75
192,27,4,Staff,Sales,178776637.0,118,Performance,72.58500000000001
192,27,4,Staff,Sales,178776637.0,118,Quality,62.52
192,27,4,Staff,Sales,178776637.0,118,Technical,76.67
192,27,4,Staff,Sales,204675132.0,174,Development,62.95
192,27,4,Staff,Sales,204675132.0,174,Efficiency,70.57
192,27,4,Staff,Sales,204675132.0,174,HR,70.79
192,27,4,Staff,Sales,204675132.0,174,Innovation,66.72
192,27,4,Staff,Sales,204675132.0,174,Quality,68.265
192,27,4,Staff,Sales,204675132.0,174,Technical,66.21
192,27,4,Staff,Sales,206368642.0,46,Efficiency,70.59
192,27,4,Staff,Sales,206368642.0,46,Finance,66.9
192,27,4,Staff,Sales,206368642.0,46,HR,60.129999999999995
192,27,4,Staff,Sales,206368642.0,46,Project,57.95
192,27,4,Staff,Sales,206368642.0,46,Quality,64.25
192,27,4,Staff,Sales,206368642.0,46,Teamwork,65.215
192,27,4,Staff,Sales,206368642.0,46,Technical,64.435
192,27,4,Staff,Sales,206368642.0,46,Time Management,65.43
192,27,4,Staff,Sales,250000000.0,291,Attendance,69.44
192,27,4,Staff,Sales,250000000.0,291,Development,57.09
192,27,4,Staff,Sales,250000000.0,291,Finance,62.03
192,27,4,Staff,Sales,250000000.0,291,Innovation,66.49
192,27,4,Staff,Sales,250000000.0,291,Performance,62.3
192,27,4,Staff,Sales,250000000.0,291,Quality,62.175
192,27,4,Staff,Sales,493794225.0,102,Attendance,73.12
192,27,4,Staff,Sales,493794225.0,102,Development,67.35000000000001
192,27,4,Staff,Sales,493794225.0,102,Efficiency,68.31
192,27,4,Staff,Sales,493794225.0,102,Innovation,67.05
192,27,4,Staff,Sales,493794225.0,102,Performance,64.63
192,27,4,Staff,Sales,493794225.0,102,Project,66.16
192,27,4,Staff,Sales,493794225.0,102,Quality,62.807500000000005
192,27,4,Staff,Sales,493794225.0,102,Time Management,68.2
192,27,4,Staff,Sales,500000000.0,356,Attendance,77.96
192,27,4,Staff,Sales,500000000.0,356,Development,68.78
192,27,4,Staff,Sales,500000000.0,356,Efficiency,73.05
192,27,4,Staff,Sales,500000000.0,356,Innovation,66.18
192,27,4,Staff,Sales,500000000.0,356,Quality,64.25999999999999
192,27,4,Staff,Sales,500000000.0,356,Teamwork,72.66
192,27,4,Staff,Sales,500000000.0,356,Technical,66.285
192,27,4,Staff,Sales,500000000.0,356,Time Management,68.75999999999999
193,26,3,Staff,Quality Assurance,75000000.0,203,Attendance,70.91
193,26,3,Staff,Quality Assurance,75000000.0,203,Development,65.73
193,26,3,Staff,Quality Assurance,75000000.0,203,Efficiency,61.59
193,26,3,Staff,Quality Assurance,75000000.0,203,HR,69.22
193,26,3,Staff,Quality Assurance,75000000.0,203,Innovation,60.19
193,26,3,Staff,Quality Assurance,75000000.0,203,Performance,70.91499999999999
193,26,3,Staff,Quality Assurance,75000000.0,203,Project,66.84
193,26,3,Staff,Quality Assurance,75000000.0,203,Quality,64.53666666666666
193,26,3,Staff,Quality Assurance,80000000.0,138,Attendance,69.9
193,26,3,Staff,Quality Assurance,80000000.0,138,Finance,62.89
193,26,3,Staff,Quality Assurance,80000000.0,138,HR,69.13
193,26,3,Staff,Quality Assurance,80000000.0,138,Innovation,69.43
193,26,3,Staff,Quality Assurance,80000000.0,138,Performance,62.59
193,26,3,Staff,Quality Assurance,80000000.0,138,Project,76.18
193,26,3,Staff,Quality Assurance,80000000.0,138,Quality,66.10666666666667
193,26,3,Staff,Quality Assurance,80000000.0,138,Technical,65.11
193,26,3,Staff,Quality Assurance,170000000.0,229,Development,64.88
193,26,3,Staff,Quality Assurance,170000000.0,229,Project,68.76
193,26,3,Staff,Quality Assurance,170000000.0,229,Quality,69.81
193,26,3,Staff,Quality Assurance,170000000.0,229,Technical,64.08
193,26,3,Staff,Quality Assurance,200000000.0,167,HR,70.98
193,26,3,Staff,Quality Assurance,200000000.0,167,Innovation,61.65
193,26,3,Staff,Quality Assurance,200000000.0,167,Quality,67.79
193,26,3,Staff,Quality Assurance,200000000.0,167,Technical,68.75
193,26,3,Staff,Quality Assurance,200000000.0,167,Time Management,76.12
193,26,3,Staff,Quality Assurance,300000000.0,242,Attendance,74.15
193,26,3,Staff,Quality Assurance,300000000.0,242,Development,63.23
193,26,3,Staff,Quality Assurance,300000000.0,242,Efficiency,64.93
193,26,3,Staff,Quality Assurance,300000000.0,242,Finance,65.13999999999999
193,26,3,Staff,Quality Assurance,300000000.0,242,HR,70.04
193,26,3,Staff,Quality Assurance,300000000.0,242,Innovation,63.215
193,26,3,Staff,Quality Assurance,300000000.0,242,Performance,72.48
193,26,3,Staff,Quality Assurance,300000000.0,242,Project,66.11
193,26,3,Staff,Quality Assurance,300000000.0,242,Quality,64.02333333333333
193,26,3,Staff,Quality Assurance,375514309.0,335,Efficiency,64.84
193,26,3,Staff,Quality Assurance,375514309.0,335,Project,63.33
193,26,3,Staff,Quality Assurance,375514309.0,335,Quality,61.846666666666664
193,26,3,Staff,Quality Assurance,375514309.0,335,Teamwork,67.82
193,26,3,Staff,Quality Assurance,375514309.0,335,Technical,64.04
193,26,3,Staff,Quality Assurance,375514309.0,335,Time Management,70.86
193,26,3,Staff,Quality Assurance,377293102.0,80,HR,74.145
193,26,3,Staff,Quality Assurance,377293102.0,80,Performance,60.120000000000005
193,26,3,Staff,Quality Assurance,377293102.0,80,Quality,64.07499999999999
193,26,3,Staff,Quality Assurance,397696244.0,106,Finance,75.89
194,30,2,Staff,Quality Assurance,50000000.0,211,Attendance,62.49
194,30,2,Staff,Quality Assurance,50000000.0,211,Efficiency,51.56
194,30,2,Staff,Quality Assurance,50000000.0,211,Performance,55.8
194,30,2,Staff,Quality Assurance,50000000.0,211,Quality,45.84
194,30,2,Staff,Quality Assurance,50000000.0,211,Technical,59.48
194,30,2,Staff,Quality Assurance,60000000.0,214,Development,40.9
194,30,2,Staff,Quality Assurance,60000000.0,214,Efficiency,59.13
194,30,2,Staff,Quality Assurance,60000000.0,214,Finance,51.12
194,30,2,Staff,Quality Assurance,60000000.0,214,Project,57.685
194,30,2,Staff,Quality Assurance,60000000.0,214,Quality,53.843333333333334
194,30,2,Staff,Quality Assurance,60000000.0,214,Teamwork,52.8
194,30,2,Staff,Quality Assurance,60000000.0,214,Technical,55.32
194,30,2,Staff,Quality Assurance,300000000.0,242,Attendance,55.89000000000001
194,30,2,Staff,Quality Assurance,300000000.0,242,Development,46.41
194,30,2,Staff,Quality Assurance,300000000.0,242,Innovation,50.379999999999995
194,30,2,Staff,Quality Assurance,300000000.0,242,Performance,53.66
194,30,2,Staff,Quality Assurance,300000000.0,242,Project,51.675
194,30,2,Staff,Quality Assurance,300000000.0,242,Quality,49.66
194,30,2,Staff,Quality Assurance,300000000.0,242,Technical,52.83
194,30,2,Staff,Quality Assurance,300000000.0,242,Time Management,50.68
194,30,2,Staff,Quality Assurance,375514309.0,335,Development,47.0
194,30,2,Staff,Quality Assurance,375514309.0,335,Finance,43.7
194,30,2,Staff,Quality Assurance,375514309.0,335,Innovation,42.11
194,30,2,Staff,Quality Assurance,375514309.0,335,Project,52.45
194,30,2,Staff,Quality Assurance,375514309.0,335,Quality,39.57
194,30,2,Staff,Quality Assurance,375514309.0,335,Teamwork,50.96
194,30,2,Staff,Quality Assurance,375514309.0,335,Technical,50.68
194,30,2,Staff,Quality Assurance,375514309.0,335,Time Management,53.21
194,30,2,Staff,Quality Assurance,377293102.0,80,Quality,58.98
194,30,2,Staff,Quality Assurance,400000000.0,259,Efficiency,45.47
194,30,2,Staff,Quality Assurance,400000000.0,259,HR,50.455
194,30,2,Staff,Quality Assurance,400000000.0,259,Performance,51.75
194,30,2,Staff,Quality Assurance,400000000.0,259,Quality,56.46
194,30,2,Staff,Quality Assurance,400000000.0,259,Teamwork,55.7
194,30,2,Staff,Quality Assurance,404564658.0,71,Attendance,55.25
194,30,2,Staff,Quality Assurance,404564658.0,71,Efficiency,55.69
194,30,2,Staff,Quality Assurance,404564658.0,71,Finance,46.21
194,30,2,Staff,Quality Assurance,404564658.0,71,Innovation,46.269999999999996
194,30,2,Staff,Quality Assurance,404564658.0,71,Project,55.62
194,30,2,Staff,Quality Assurance,404564658.0,71,Quality,46.69
194,30,2,Staff,Quality Assurance,404564658.0,71,Teamwork,59.84
194,30,2,Staff,Quality Assurance,404564658.0,71,Technical,47.05
194,30,2,Staff,Quality Assurance,466447298.0,297,Attendance,59.254999999999995
194,30,2,Staff,Quality Assurance,466447298.0,297,HR,46.43
194,30,2,Staff,Quality Assurance,466447298.0,297,Performance,58.32
194,30,2,Staff,Quality Assurance,466447298.0,297,Project,47.99
194,30,2,Staff,Quality Assurance,466447298.0,297,Quality,50.06666666666666
194,30,2,Staff,Quality Assurance,466447298.0,297,Technical,46.6
194,30,2,Staff,Quality Assurance,466447298.0,297,Time Management,52.82
195,30,5,Staff,Customer Service,95000000.0,211,Project,60.7
195,30,5,Staff,Customer Service,95000000.0,211,Time Management,46.74
195,30,5,Staff,Customer Service,110000000.0,199,Attendance,71.64
195,30,5,Staff,Customer Service,110000000.0,199,Efficiency,59.45
195,30,5,Staff,Customer Service,110000000.0,199,Quality,64.14500000000001
195,30,5,Staff,Customer Service,110000000.0,199,Teamwork,67.2
195,30,5,Staff,Customer Service,110000000.0,199,Time Management,63.71
195,30,5,Staff,Customer Service,140000000.0,211,Attendance,63.355000000000004
195,30,5,Staff,Customer Service,140000000.0,211,Finance,60.535
195,30,5,Staff,Customer Service,140000000.0,211,HR,63.09
195,30,5,Staff,Customer Service,140000000.0,211,Innovation,57.68
195,30,5,Staff,Customer Service,140000000.0,211,Quality,61.105000000000004
195,30,5,Staff,Customer Service,140000000.0,211,Teamwork,65.22
195,30,5,Staff,Customer Service,140000000.0,211,Technical,57.1
195,30,5,Staff,Customer Service,200000000.0,167,Attendance,74.84
195,30,5,Staff,Customer Service,200000000.0,167,Development,70.64
195,30,5,Staff,Customer Service,200000000.0,167,HR,66.48666666666666
195,30,5,Staff,Customer Service,200000000.0,167,Project,67.05
195,30,5,Staff,Customer Service,200000000.0,167,Quality,64.455
195,30,5,Staff,Customer Service,200000000.0,167,Technical,66.28
195,30,5,Staff,Customer Service,250000000.0,291,Attendance,62.57
195,30,5,Staff,Customer Service,250000000.0,291,Finance,52.63
195,30,5,Staff,Customer Service,250000000.0,291,HR,65.3
195,30,5,Staff,Customer Service,250000000.0,291,Project,63.86000000000001
195,30,5,Staff,Customer Service,250000000.0,291,Quality,58.75666666666666
195,30,5,Staff,Customer Service,355280620.0,347,Development,64.83
195,30,5,Staff,Customer Service,355280620.0,347,Efficiency,64.11
195,30,5,Staff,Customer Service,355280620.0,347,Innovation,58.86
195,30,5,Staff,Customer Service,355280620.0,347,Project,67.75
195,30,5,Staff,Customer Service,355280620.0,347,Quality,57.49
195,30,5,Staff,Customer Service,355280620.0,347,Teamwork,66.6
195,30,5,Staff,Customer Service,355280620.0,347,Technical,69.86
195,30,5,Staff,Customer Service,355280620.0,347,Time Management,59.23
195,30,5,Staff,Customer Service,375514309.0,335,Attendance,64.85
195,30,5,Staff,Customer Service,375514309.0,335,Development,63.15
195,30,5,Staff,Customer Service,375514309.0,335,Innovation,59.65
195,30,5,Staff,Customer Service,375514309.0,335,Quality,56.125
195,30,5,Staff,Customer Service,375514309.0,335,Teamwork,66.29
195,30,5,Staff,Customer Service,375514309.0,335,Technical,63.42
195,30,5,Staff,Customer Service,375514309.0,335,Time Management,70.76
195,30,5,Staff,Customer Service,397696244.0,106,Attendance,68.42
195,30,5,Staff,Customer Service,397696244.0,106,HR,60.54
195,30,5,Staff,Customer Service,397696244.0,106,Innovation,51.75
195,30,5,Staff,Customer Service,397696244.0,106,Project,71.72
195,30,5,Staff,Customer Service,397696244.0,106,Time Management,59.69
196,44,8,Senior Manager,Quality Assurance,75000000.0,203,Attendance,98.0
196,44,8,Senior Manager,Quality Assurance,75000000.0,203,Finance,98.0
196,44,8,Senior Manager,Quality Assurance,75000000.0,203,HR,98.0
196,44,8,Senior Manager,Quality Assurance,75000000.0,203,Project,98.0
196,44,8,Senior Manager,Quality Assurance,75000000.0,203,Quality,98.0
196,44,8,Senior Manager,Quality Assurance,75000000.0,203,Time Management,98.0
196,44,8,Senior Manager,Quality Assurance,120000000.0,152,Attendance,98.0
196,44,8,Senior Manager,Quality Assurance,120000000.0,152,Efficiency,98.0
196,44,8,Senior Manager,Quality Assurance,120000000.0,152,HR,98.0
196,44,8,Senior Manager,Quality Assurance,120000000.0,152,Technical,98.0
196,44,8,Senior Manager,Quality Assurance,120000000.0,152,Time Management,98.0
196,44,8,Senior Manager,Quality Assurance,180000000.0,193,Attendance,98.0
196,44,8,Senior Manager,Quality Assurance,180000000.0,193,Development,98.0
196,44,8,Senior Manager,Quality Assurance,180000000.0,193,Finance,98.0
196,44,8,Senior Manager,Quality Assurance,180000000.0,193,HR,98.0
196,44,8,Senior Manager,Quality Assurance,180000000.0,193,Performance,98.0
196,44,8,Senior Manager,Quality Assurance,180000000.0,193,Project,98.0
196,44,8,Senior Manager,Quality Assurance,180000000.0,193,Quality,98.0
196,44,8,Senior Manager,Quality Assurance,180000000.0,193,Teamwork,98.0
196,44,8,Senior Manager,Quality Assurance,180000000.0,193,Technical,98.0
196,44,8,Senior Manager,Quality Assurance,180000000.0,193,Time Management,98.0
196,44,8,Senior Manager,Quality Assurance,190000000.0,241,Attendance,98.0
196,44,8,Senior Manager,Quality Assurance,190000000.0,241,Development,98.0
196,44,8,Senior Manager,Quality Assurance,190000000.0,241,HR,98.0
196,44,8,Senior Manager,Quality Assurance,190000000.0,241,Innovation,97.965
196,44,8,Senior Manager,Quality Assurance,190000000.0,241,Performance,98.0
196,44,8,Senior Manager,Quality Assurance,190000000.0,241,Project,98.0
196,44,8,Senior Manager,Quality Assurance,190000000.0,241,Quality,98.0
196,44,8,Senior Manager,Quality Assurance,190000000.0,241,Technical,98.0
196,44,8,Senior Manager,Quality Assurance,355280620.0,347,Development,98.0
196,44,8,Senior Manager,Quality Assurance,355280620.0,347,Efficiency,98.0
196,44,8,Senior Manager,Quality Assurance,355280620.0,347,HR,98.0
196,44,8,Senior Manager,Quality Assurance,355280620.0,347,Innovation,98.0
196,44,8,Senior Manager,Quality Assurance,355280620.0,347,Quality,98.0
196,44,8,Senior Manager,Quality Assurance,355280620.0,347,Technical,98.0
196,44,8,Senior Manager,Quality Assurance,355280620.0,347,Time Management,98.0
196,44,8,Senior Manager,Quality Assurance,365962025.0,249,Attendance,98.0
196,44,8,Senior Manager,Quality Assurance,365962025.0,249,Finance,97.91
196,44,8,Senior Manager,Quality Assurance,365962025.0,249,HR,98.0
196,44,8,Senior Manager,Quality Assurance,365962025.0,249,Innovation,98.0
196,44,8,Senior Manager,Quality Assurance,365962025.0,249,Performance,98.0
196,44,8,Senior Manager,Quality Assurance,365962025.0,249,Quality,98.0
196,44,8,Senior Manager,Quality Assurance,365962025.0,249,Technical,98.0
196,44,8,Senior Manager,Quality Assurance,365962025.0,249,Time Management,98.0
196,44,8,Senior Manager,Quality Assurance,375514309.0,335,Innovation,98.0
196,44,8,Senior Manager,Quality Assurance,375514309.0,335,Project,98.0
196,44,8,Senior Manager,Quality Assurance,375514309.0,335,Quality,98.0
196,44,8,Senior Manager,Quality Assurance,500000000.0,356,Attendance,98.0
196,44,8,Senior Manager,Quality Assurance,500000000.0,356,Innovation,98.0
196,44,8,Senior Manager,Quality Assurance,500000000.0,356,Quality,96.92
196,44,8,Senior Manager,Quality Assurance,500000000.0,356,Time Management,98.0
197,26,2,Staff,IT,220000000.0,225,Attendance,51.54
197,26,2,Staff,IT,220000000.0,225,HR,49.27
197,26,2,Staff,IT,250000000.0,291,Attendance,60.94
197,26,2,Staff,IT,250000000.0,291,Development,52.62
197,26,2,Staff,IT,250000000.0,291,Efficiency,46.57
197,26,2,Staff,IT,250000000.0,291,Finance,43.26
197,26,2,Staff,IT,250000000.0,291,HR,53.825
197,26,2,Staff,IT,250000000.0,291,Performance,50.36
197,26,2,Staff,IT,250000000.0,291,Project,50.39
197,26,2,Staff,IT,250000000.0,291,Quality,51.725
197,26,2,Staff,IT,250000000.0,291,Teamwork,49.46
197,26,2,Staff,IT,250000000.0,291,Technical,52.78
197,26,2,Staff,IT,365962025.0,249,Finance,57.37
197,26,2,Staff,IT,365962025.0,249,HR,48.74
197,26,2,Staff,IT,365962025.0,249,Innovation,47.51
197,26,2,Staff,IT,365962025.0,249,Performance,57.94
197,26,2,Staff,IT,365962025.0,249,Project,59.55
197,26,2,Staff,IT,365962025.0,249,Quality,47.46
197,26,2,Staff,IT,365962025.0,249,Teamwork,61.12
197,26,2,Staff,IT,365962025.0,249,Technical,52.23
197,26,2,Staff,IT,375514309.0,335,Attendance,64.98
197,26,2,Staff,IT,375514309.0,335,Development,57.36
197,26,2,Staff,IT,375514309.0,335,Finance,50.785
197,26,2,Staff,IT,375514309.0,335,Innovation,47.41
197,26,2,Staff,IT,375514309.0,335,Project,60.93
197,26,2,Staff,IT,375514309.0,335,Technical,56.68
197,26,2,Staff,IT,375514309.0,335,Time Management,56.18
197,26,2,Staff,IT,400000000.0,259,Development,41.55
197,26,2,Staff,IT,400000000.0,259,HR,42.73
197,26,2,Staff,IT,400000000.0,259,Performance,48.05
197,26,2,Staff,IT,400000000.0,259,Project,63.72
197,26,2,Staff,IT,400000000.0,259,Teamwork,58.9
197,26,2,Staff,IT,404564658.0,71,Attendance,65.08
197,26,2,Staff,IT,404564658.0,71,Efficiency,47.16
197,26,2,Staff,IT,404564658.0,71,HR,54.36
197,26,2,Staff,IT,404564658.0,71,Performance,53.75
197,26,2,Staff,IT,404564658.0,71,Quality,48.52
197,26,2,Staff,IT,404564658.0,71,Teamwork,59.15
197,26,2,Staff,IT,404564658.0,71,Technical,52.66
197,26,2,Staff,IT,404564658.0,71,Time Management,48.715
197,26,2,Staff,IT,466447298.0,297,Attendance,56.95
197,26,2,Staff,IT,466447298.0,297,Efficiency,55.25
197,26,2,Staff,IT,466447298.0,297,Finance,47.83
197,26,2,Staff,IT,466447298.0,297,HR,52.03
197,26,2,Staff,IT,466447298.0,297,Innovation,45.864999999999995
197,26,2,Staff,IT,466447298.0,297,Performance,45.88
197,26,2,Staff,IT,466447298.0,297,Project,60.59
197,26,2,Staff,IT,466447298.0,297,Quality,55.45333333333334
197,26,2,Staff,IT,466447298.0,297,Teamwork,60.185
197,26,2,Staff,IT,472961951.0,350,Development,50.754999999999995
197,26,2,Staff,IT,472961951.0,350,Finance,64.76
197,26,2,Staff,IT,472961951.0,350,Innovation,50.73
197,26,2,Staff,IT,472961951.0,350,Project,49.3
197,26,2,Staff,IT,472961951.0,350,Quality,53.72666666666667
197,26,2,Staff,IT,472961951.0,350,Teamwork,48.66
197,26,2,Staff,IT,472961951.0,350,Technical,51.61
197,26,2,Staff,IT,472961951.0,350,Time Management,48.33
198,50,15,Manager,Research & Development,60000000.0,214,Attendance,98.0
198,50,15,Manager,Research & Development,60000000.0,214,Efficiency,98.0
198,50,15,Manager,Research & Development,60000000.0,214,HR,98.0
198,50,15,Manager,Research & Development,60000000.0,214,Innovation,95.87
198,50,15,Manager,Research & Development,60000000.0,214,Performance,98.0
198,50,15,Manager,Research & Development,60000000.0,214,Project,95.2
198,50,15,Manager,Research & Development,60000000.0,214,Quality,97.125
198,50,15,Manager,Research & Development,60000000.0,214,Teamwork,98.0
198,50,15,Manager,Research & Development,60000000.0,214,Technical,98.0
198,50,15,Manager,Research & Development,88214342.0,149,Attendance,98.0
198,50,15,Manager,Research & Development,88214342.0,149,Development,98.0
198,50,15,Manager,Research & Development,88214342.0,149,HR,98.0
198,50,15,Manager,Research & Development,88214342.0,149,Performance,98.0
198,50,15,Manager,Research & Development,88214342.0,149,Project,98.0
198,50,15,Manager,Research & Development,88214342.0,149,Quality,98.0
198,50,15,Manager,Research & Development,88214342.0,149,Technical,98.0
198,50,15,Manager,Research & Development,180000000.0,193,Attendance,97.53
198,50,15,Manager,Research & Development,180000000.0,193,Finance,94.15
198,50,15,Manager,Research & Development,180000000.0,193,HR,98.0
198,50,15,Manager,Research & Development,180000000.0,193,Innovation,98.0
198,50,15,Manager,Research & Development,180000000.0,193,Project,98.0
198,50,15,Manager,Research & Development,180000000.0,193,Time Management,97.44
198,50,15,Manager,Research & Development,278244747.0,88,Attendance,98.0
198,50,15,Manager,Research & Development,278244747.0,88,Development,98.0
198,50,15,Manager,Research & Development,278244747.0,88,Teamwork,98.0
198,50,15,Manager,Research & Development,369461833.0,321,Attendance,97.58
198,50,15,Manager,Research & Development,369461833.0,321,Efficiency,98.0
198,50,15,Manager,Research & Development,369461833.0,321,Finance,96.89
198,50,15,Manager,Research & Development,369461833.0,321,Performance,98.0
198,50,15,Manager,Research & Development,369461833.0,321,Project,98.0
198,50,15,Manager,Research & Development,369461833.0,321,Quality,97.26
198,50,15,Manager,Research & Development,397696244.0,106,Attendance,98.0
198,50,15,Manager,Research & Development,397696244.0,106,Efficiency,96.41
198,50,15,Manager,Research & Development,397696244.0,106,HR,98.0
198,50,15,Manager,Research & Development,397696244.0,106,Innovation,95.18
198,50,15,Manager,Research & Development,397696244.0,106,Quality,94.09666666666668
198,50,15,Manager,Research & Development,397696244.0,106,Teamwork,98.0
198,50,15,Manager,Research & Development,397696244.0,106,Time Management,97.94
198,50,15,Manager,Research & Development,404564658.0,71,Attendance,98.0
198,50,15,Manager,Research & Development,404564658.0,71,Quality,98.0
198,50,15,Manager,Research & Development,466447298.0,297,Attendance,98.0
198,50,15,Manager,Research & Development,466447298.0,297,Development,97.985
198,50,15,Manager,Research & Development,466447298.0,297,Efficiency,98.0
198,50,15,Manager,Research & Development,466447298.0,297,Finance,95.85
198,50,15,Manager,Research & Development,466447298.0,297,HR,98.0
198,50,15,Manager,Research & Development,466447298.0,297,Innovation,98.0
198,50,15,Manager,Research & Development,466447298.0,297,Quality,98.0
198,50,15,Manager,Research & Development,466447298.0,297,Teamwork,98.0
198,50,15,Manager,Research & Development,466447298.0,297,Technical,98.0
199,38,9,Manager,Logistics,60000000.0,214,Development,92.64
199,38,9,Manager,Logistics,60000000.0,214,Finance,94.41
199,38,9,Manager,Logistics,60000000.0,214,HR,91.92500000000001
199,38,9,Manager,Logistics,60000000.0,214,Innovation,87.02
199,38,9,Manager,Logistics,60000000.0,214,Project,98.0
199,38,9,Manager,Logistics,60000000.0,214,Quality,90.5875
199,38,9,Manager,Logistics,60000000.0,214,Teamwork,93.78999999999999
199,38,9,Manager,Logistics,60000000.0,214,Time Management,88.79
199,38,9,Manager,Logistics,80000000.0,138,HR,88.37
199,38,9,Manager,Logistics,80000000.0,138,Quality,86.97
199,38,9,Manager,Logistics,80000000.0,138,Time Management,91.93
199,38,9,Manager,Logistics,130000000.0,303,Efficiency,94.89
199,38,9,Manager,Logistics,130000000.0,303,Finance,85.01
199,38,9,Manager,Logistics,130000000.0,303,HR,91.975
199,38,9,Manager,Logistics,130000000.0,303,Innovation,86.14
199,38,9,Manager,Logistics,130000000.0,303,Performance,92.99
199,38,9,Manager,Logistics,130000000.0,303,Project,93.52
199,38,9,Manager,Logistics,130000000.0,303,Quality,90.37
199,38,9,Manager,Logistics,130000000.0,303,Technical,82.01
199,38,9,Manager,Logistics,130000000.0,303,Time Management,90.22
199,38,9,Manager,Logistics,178776637.0,118,Performance,92.2
199,38,9,Manager,Logistics,178776637.0,118,Project,98.0
199,38,9,Manager,Logistics,178776637.0,118,Time Management,89.88
199,38,9,Manager,Logistics,180000000.0,193,HR,88.45
199,38,9,Manager,Logistics,180000000.0,193,Project,81.28
199,38,9,Manager,Logistics,180000000.0,193,Quality,81.725
199,38,9,Manager,Logistics,204675132.0,174,Development,81.77
199,38,9,Manager,Logistics,204675132.0,174,Efficiency,83.28
199,38,9,Manager,Logistics,204675132.0,174,Quality,89.67
199,38,9,Manager,Logistics,204675132.0,174,Teamwork,88.82
199,38,9,Manager,Logistics,204675132.0,174,Time Management,83.11
199,38,9,Manager,Logistics,250000000.0,291,Attendance,91.11
199,38,9,Manager,Logistics,250000000.0,291,Development,88.49000000000001
199,38,9,Manager,Logistics,250000000.0,291,HR,88.475
199,38,9,Manager,Logistics,250000000.0,291,Innovation,75.25
199,38,9,Manager,Logistics,250000000.0,291,Quality,82.71
199,38,9,Manager,Logistics,250000000.0,291,Technical,79.4
199,38,9,Manager,Logistics,250000000.0,291,Time Management,85.12
199,38,9,Manager,Logistics,377293102.0,80,HR,96.98
199,38,9,Manager,Logistics,377293102.0,80,Innovation,89.47
199,38,9,Manager,Logistics,377293102.0,80,Performance,89.05
199,38,9,Manager,Logistics,377293102.0,80,Project,84.06
199,38,9,Manager,Logistics,377293102.0,80,Quality,88.37
199,38,9,Manager,Logistics,377293102.0,80,Teamwork,87.10333333333334
200,44,9,Manager,Finance,90000000.0,244,Attendance,98.0
200,44,9,Manager,Finance,90000000.0,244,Development,97.95
200,44,9,Manager,Finance,90000000.0,244,Finance,96.785
200,44,9,Manager,Finance,90000000.0,244,HR,93.37
200,44,9,Manager,Finance,90000000.0,244,Innovation,96.42
200,44,9,Manager,Finance,90000000.0,244,Performance,93.01
200,44,9,Manager,Finance,90000000.0,244,Quality,90.94666666666667
200,44,9,Manager,Finance,90000000.0,244,Teamwork,97.44
200,44,9,Manager,Finance,90000000.0,244,Technical,93.85
200,44,9,Manager,Finance,90000000.0,244,Time Management,98.0
200,44,9,Manager,Finance,120000000.0,152,Attendance,98.0
200,44,9,Manager,Finance,120000000.0,152,Efficiency,98.0
200,44,9,Manager,Finance,120000000.0,152,HR,98.0
200,44,9,Manager,Finance,120000000.0,152,Innovation,89.6
200,44,9,Manager,Finance,120000000.0,152,Project,98.0
200,44,9,Manager,Finance,120000000.0,152,Quality,96.40666666666668
200,44,9,Manager,Finance,150000000.0,274,Development,87.79
200,44,9,Manager,Finance,150000000.0,274,Performance,93.0
200,44,9,Manager,Finance,180000000.0,193,Development,94.2
200,44,9,Manager,Finance,180000000.0,193,Efficiency,98.0
200,44,9,Manager,Finance,180000000.0,193,HR,98.0
200,44,9,Manager,Finance,180000000.0,193,Quality,97.06666666666666
200,44,9,Manager,Finance,365962025.0,249,Development,94.75
200,44,9,Manager,Finance,365962025.0,249,Efficiency,93.52
200,44,9,Manager,Finance,365962025.0,249,HR,98.0
200,44,9,Manager,Finance,365962025.0,249,Innovation,87.35
200,44,9,Manager,Finance,365962025.0,249,Project,89.24
200,44,9,Manager,Finance,365962025.0,249,Quality,88.39
200,44,9,Manager,Finance,365962025.0,249,Time Management,89.03
200,44,9,Manager,Finance,369461833.0,321,Efficiency,94.54
200,44,9,Manager,Finance,369461833.0,321,HR,97.92
200,44,9,Manager,Finance,369461833.0,321,Innovation,92.64500000000001
200,44,9,Manager,Finance,369461833.0,321,Performance,93.75
200,44,9,Manager,Finance,369461833.0,321,Project,90.685
200,44,9,Manager,Finance,369461833.0,321,Quality,97.38
200,44,9,Manager,Finance,369461833.0,321,Teamwork,98.0
200,44,9,Manager,Finance,369461833.0,321,Time Management,95.3
200,44,9,Manager,Finance,404564658.0,71,Attendance,95.94
200,44,9,Manager,Finance,404564658.0,71,Development,88.355
200,44,9,Manager,Finance,404564658.0,71,Innovation,91.62
200,44,9,Manager,Finance,404564658.0,71,Performance,97.1
200,44,9,Manager,Finance,404564658.0,71,Quality,94.94
200,44,9,Manager,Finance,404564658.0,71,Teamwork,94.87
200,44,9,Manager,Finance,404564658.0,71,Time Management,91.99000000000001
200,44,9,Manager,Finance,466447298.0,297,Attendance,97.715
200,44,9,Manager,Finance,466447298.0,297,Development,96.8
200,44,9,Manager,Finance,466447298.0,297,Finance,96.08
200,44,9,Manager,Finance,466447298.0,297,HR,95.6
200,44,9,Manager,Finance,466447298.0,297,Performance,97.35
200,44,9,Manager,Finance,466447298.0,297,Quality,97.19
200,44,9,Manager,Finance,466447298.0,297,Teamwork,94.27
200,44,9,Manager,Finance,466447298.0,297,Technical,93.22
200,44,9,Manager,Finance,466447298.0,297,Time Management,97.37
