employee_id,usia,lama_bekerja_tahun,level_jabatan,department_name,project_budget,durasi_hari,kpi_category,rata_kpi_value,cluster
1,38,9,Manager,Operations,75000000.0,203,Efficiency,91.02,0
1,38,9,Manager,Operations,75000000.0,203,HR,94.265,0
1,38,9,Manager,Operations,75000000.0,203,Innovation,96.66,0
1,38,9,Manager,Operations,75000000.0,203,Performance,93.34,0
1,38,9,Manager,Operations,75000000.0,203,Project,91.8,0
1,38,9,Manager,Operations,75000000.0,203,Quality,90.3,0
1,38,9,Manager,Operations,75000000.0,203,Technical,98.0,0
1,38,9,Manager,Operations,82017929.0,114,Attendance,94.65,0
1,38,9,Manager,Operations,82017929.0,114,HR,96.41,0
1,38,9,Manager,Operations,82017929.0,114,Innovation,91.89,0
1,38,9,Manager,Operations,82017929.0,114,Project,87.16,0
1,38,9,Manager,Operations,82017929.0,114,Quality,91.92,0
1,38,9,Manager,Operations,82017929.0,114,Teamwork,94.61,0
1,38,9,Manager,Operations,82017929.0,114,Technical,92.78,0
1,38,9,Manager,Operations,110000000.0,199,Attendance,89.19,0
1,38,9,Manager,Operations,110000000.0,199,Development,90.18,0
1,38,9,Manager,Operations,110000000.0,199,HR,91.92,0
1,38,9,Manager,Operations,110000000.0,199,Quality,92.045,0
1,38,9,Manager,Operations,110000000.0,199,Teamwork,94.66,0
1,38,9,Manager,Operations,110000000.0,199,Technical,87.83,0
1,38,9,Manager,Operations,110000000.0,199,Time Management,98.0,0
1,38,9,Manager,Operations,140000000.0,211,Attendance,98.0,0
1,38,9,Manager,Operations,140000000.0,211,Development,92.29,0
1,38,9,Manager,Operations,140000000.0,211,HR,94.49000000000001,0
1,38,9,Manager,Operations,140000000.0,211,Innovation,93.91,0
1,38,9,Manager,Operations,140000000.0,211,Quality,89.94,0
1,38,9,Manager,Operations,204675132.0,174,Attendance,98.0,0
1,38,9,Manager,Operations,204675132.0,174,Development,92.01,0
1,38,9,Manager,Operations,204675132.0,174,HR,98.0,0
1,38,9,Manager,Operations,204675132.0,174,Quality,92.91499999999999,0
1,38,9,Manager,Operations,204675132.0,174,Teamwork,93.8,0
1,38,9,Manager,Operations,204675132.0,174,Technical,95.72,0
1,38,9,Manager,Operations,204675132.0,174,Time Management,92.52,0
1,38,9,Manager,Operations,206368642.0,46,Attendance,98.0,0
1,38,9,Manager,Operations,206368642.0,46,Development,96.37,0
1,38,9,Manager,Operations,206368642.0,46,Efficiency,98.0,0
1,38,9,Manager,Operations,206368642.0,46,Innovation,89.85,0
1,38,9,Manager,Operations,206368642.0,46,Quality,90.07,0
1,38,9,Manager,Operations,206368642.0,46,Technical,94.23,0
1,38,9,Manager,Operations,300000000.0,242,Development,94.34,0
1,38,9,Manager,Operations,300000000.0,242,Efficiency,97.76,0
1,38,9,Manager,Operations,300000000.0,242,Finance,88.57499999999999,0
1,38,9,Manager,Operations,300000000.0,242,HR,96.28000000000002,0
1,38,9,Manager,Operations,300000000.0,242,Innovation,90.935,0
1,38,9,Manager,Operations,300000000.0,242,Teamwork,90.14,0
1,38,9,Manager,Operations,300000000.0,242,Technical,90.67,0
1,38,9,Manager,Operations,300000000.0,242,Time Management,88.52,0
1,38,9,Manager,Operations,472961951.0,350,Efficiency,93.28,0
1,38,9,Manager,Operations,472961951.0,350,Finance,94.97,0
1,38,9,Manager,Operations,472961951.0,350,Performance,94.155,0
1,38,9,Manager,Operations,472961951.0,350,Quality,88.24,0
1,38,9,Manager,Operations,472961951.0,350,Technical,96.215,0
1,38,9,Manager,Operations,472961951.0,350,Time Management,98.0,0
2,28,2,Staff,IT,50000000.0,211,HR,77.96,1
2,28,2,Staff,IT,50000000.0,211,Performance,74.45,1
2,28,2,Staff,IT,60000000.0,214,Development,62.38,1
2,28,2,Staff,IT,60000000.0,214,Efficiency,68.225,1
2,28,2,Staff,IT,60000000.0,214,HR,77.435,1
2,28,2,Staff,IT,60000000.0,214,Innovation,66.37,1
2,28,2,Staff,IT,60000000.0,214,Performance,67.02,1
2,28,2,Staff,IT,60000000.0,214,Quality,66.418,1
2,28,2,Staff,IT,60000000.0,214,Time Management,69.97,1
2,28,2,Staff,IT,90000000.0,244,Attendance,75.2,1
2,28,2,Staff,IT,90000000.0,244,HR,72.59,1
2,28,2,Staff,IT,90000000.0,244,Project,70.33,1
2,28,2,Staff,IT,90000000.0,244,Quality,63.8,1
2,28,2,Staff,IT,90000000.0,244,Technical,81.54,1
2,28,2,Staff,IT,90000000.0,244,Time Management,72.18,1
2,28,2,Staff,IT,110000000.0,199,Development,59.8,1
2,28,2,Staff,IT,110000000.0,199,Efficiency,74.04,1
2,28,2,Staff,IT,110000000.0,199,Finance,66.75,1
2,28,2,Staff,IT,110000000.0,199,Performance,75.49,1
2,28,2,Staff,IT,110000000.0,199,Quality,67.61,1
2,28,2,Staff,IT,110000000.0,199,Teamwork,73.12,1
2,28,2,Staff,IT,110000000.0,199,Technical,71.02,1
2,28,2,Staff,IT,110000000.0,199,Time Management,72.53,1
2,28,2,Staff,IT,120000000.0,152,Development,62.99,1
2,28,2,Staff,IT,120000000.0,152,Finance,67.83,1
2,28,2,Staff,IT,120000000.0,152,HR,72.88,1
2,28,2,Staff,IT,120000000.0,152,Performance,64.75,1
2,28,2,Staff,IT,120000000.0,152,Time Management,64.12,1
2,28,2,Staff,IT,180000000.0,193,Attendance,70.64,1
2,28,2,Staff,IT,180000000.0,193,Efficiency,68.82,1
2,28,2,Staff,IT,180000000.0,193,Project,69.99,1
2,28,2,Staff,IT,180000000.0,193,Quality,63.3,1
2,28,2,Staff,IT,180000000.0,193,Teamwork,81.08,1
2,28,2,Staff,IT,180000000.0,193,Technical,72.37,1
2,28,2,Staff,IT,180000000.0,193,Time Management,70.25,1
2,28,2,Staff,IT,250000000.0,291,Attendance,66.03,1
2,28,2,Staff,IT,250000000.0,291,Development,64.26,1
2,28,2,Staff,IT,250000000.0,291,Efficiency,72.0,1
2,28,2,Staff,IT,250000000.0,291,Finance,69.3,1
2,28,2,Staff,IT,250000000.0,291,HR,66.695,1
2,28,2,Staff,IT,250000000.0,291,Performance,72.0,1
2,28,2,Staff,IT,250000000.0,291,Quality,69.32,1
2,28,2,Staff,IT,250000000.0,291,Teamwork,70.38,1
2,28,2,Staff,IT,250000000.0,291,Technical,62.77333333333333,1
2,28,2,Staff,IT,300000000.0,242,Attendance,71.81,1
2,28,2,Staff,IT,300000000.0,242,HR,63.24,1
2,28,2,Staff,IT,300000000.0,242,Time Management,61.73,1
3,22,4,Staff,Procurement,120000000.0,152,Finance,58.87,1
3,22,4,Staff,Procurement,120000000.0,152,HR,73.22,1
3,22,4,Staff,Procurement,120000000.0,152,Innovation,62.3,1
3,22,4,Staff,Procurement,120000000.0,152,Performance,58.77,1
3,22,4,Staff,Procurement,120000000.0,152,Quality,55.01,1
3,22,4,Staff,Procurement,120000000.0,152,Technical,54.42,1
3,22,4,Staff,Procurement,120000000.0,152,Time Management,61.72,1
3,22,4,Staff,Procurement,150000000.0,274,Attendance,70.52,1
3,22,4,Staff,Procurement,150000000.0,274,HR,66.6,1
3,22,4,Staff,Procurement,150000000.0,274,Innovation,65.37,1
3,22,4,Staff,Procurement,150000000.0,274,Performance,67.28,1
3,22,4,Staff,Procurement,150000000.0,274,Quality,60.51,1
3,22,4,Staff,Procurement,150000000.0,274,Teamwork,61.26,1
3,22,4,Staff,Procurement,150000000.0,274,Technical,63.62,1
3,22,4,Staff,Procurement,150000000.0,274,Time Management,64.02,1
3,22,4,Staff,Procurement,170000000.0,229,Attendance,69.54,1
3,22,4,Staff,Procurement,170000000.0,229,Efficiency,69.53,1
3,22,4,Staff,Procurement,170000000.0,229,Finance,55.56,1
3,22,4,Staff,Procurement,170000000.0,229,Innovation,58.61,1
3,22,4,Staff,Procurement,170000000.0,229,Project,58.87,1
3,22,4,Staff,Procurement,170000000.0,229,Quality,60.91,1
3,22,4,Staff,Procurement,170000000.0,229,Teamwork,64.73,1
3,22,4,Staff,Procurement,170000000.0,229,Technical,68.5,1
3,22,4,Staff,Procurement,170000000.0,229,Time Management,63.519999999999996,1
3,22,4,Staff,Procurement,190000000.0,241,Attendance,70.63499999999999,1
3,22,4,Staff,Procurement,190000000.0,241,Development,58.02,1
3,22,4,Staff,Procurement,190000000.0,241,Efficiency,64.72,1
3,22,4,Staff,Procurement,190000000.0,241,Finance,62.64,1
3,22,4,Staff,Procurement,190000000.0,241,HR,62.26,1
3,22,4,Staff,Procurement,190000000.0,241,Innovation,58.51,1
3,22,4,Staff,Procurement,190000000.0,241,Quality,61.292500000000004,1
3,22,4,Staff,Procurement,190000000.0,241,Teamwork,65.78,1
3,22,4,Staff,Procurement,190000000.0,241,Technical,61.35,1
3,22,4,Staff,Procurement,190000000.0,241,Time Management,58.16,1
3,22,4,Staff,Procurement,200000000.0,167,Development,68.13,1
3,22,4,Staff,Procurement,200000000.0,167,Efficiency,66.68,1
3,22,4,Staff,Procurement,200000000.0,167,Finance,61.98,1
3,22,4,Staff,Procurement,200000000.0,167,HR,64.63,1
3,22,4,Staff,Procurement,200000000.0,167,Performance,57.83,1
3,22,4,Staff,Procurement,200000000.0,167,Project,69.75,1
3,22,4,Staff,Procurement,200000000.0,167,Quality,60.93666666666667,1
3,22,4,Staff,Procurement,206368642.0,46,Attendance,66.94,1
3,22,4,Staff,Procurement,206368642.0,46,Efficiency,65.4,1
3,22,4,Staff,Procurement,206368642.0,46,Project,71.75,1
3,22,4,Staff,Procurement,206368642.0,46,Quality,62.879999999999995,1
3,22,4,Staff,Procurement,206368642.0,46,Technical,67.55,1
3,22,4,Staff,Procurement,369461833.0,321,Attendance,79.84,1
3,22,4,Staff,Procurement,369461833.0,321,Finance,54.15,1
3,22,4,Staff,Procurement,369461833.0,321,Innovation,57.6,1
3,22,4,Staff,Procurement,369461833.0,321,Performance,61.63,1
3,22,4,Staff,Procurement,369461833.0,321,Quality,65.60499999999999,1
3,22,4,Staff,Procurement,369461833.0,321,Technical,60.77,1
3,22,4,Staff,Procurement,472961951.0,350,Attendance,65.83,1
3,22,4,Staff,Procurement,472961951.0,350,Quality,60.39,1
3,22,4,Staff,Procurement,472961951.0,350,Teamwork,71.18,1
4,37,8,Manager,Operations,95000000.0,211,Finance,90.37,0
4,37,8,Manager,Operations,95000000.0,211,Quality,91.84,0
4,37,8,Manager,Operations,95000000.0,211,Technical,95.59,0
4,37,8,Manager,Operations,110000000.0,199,HR,94.07,0
4,37,8,Manager,Operations,110000000.0,199,Quality,92.16,0
4,37,8,Manager,Operations,278244747.0,88,Efficiency,97.05,0
4,37,8,Manager,Operations,278244747.0,88,Finance,94.13,0
4,37,8,Manager,Operations,278244747.0,88,HR,88.29,0
4,37,8,Manager,Operations,278244747.0,88,Innovation,96.05,0
4,37,8,Manager,Operations,278244747.0,88,Performance,91.3,0
4,37,8,Manager,Operations,278244747.0,88,Quality,92.84,0
4,37,8,Manager,Operations,278244747.0,88,Teamwork,98.0,0
4,37,8,Manager,Operations,278244747.0,88,Time Management,94.64,0
4,37,8,Manager,Operations,291868109.0,256,Attendance,98.0,0
4,37,8,Manager,Operations,291868109.0,256,Development,87.77,0
4,37,8,Manager,Operations,291868109.0,256,Efficiency,91.85,0
4,37,8,Manager,Operations,291868109.0,256,Finance,96.62,0
4,37,8,Manager,Operations,291868109.0,256,HR,96.53999999999999,0
4,37,8,Manager,Operations,291868109.0,256,Project,97.48,0
4,37,8,Manager,Operations,291868109.0,256,Quality,95.345,0
4,37,8,Manager,Operations,300000000.0,242,Attendance,96.69,0
4,37,8,Manager,Operations,300000000.0,242,Development,89.55,0
4,37,8,Manager,Operations,300000000.0,242,HR,96.005,0
4,37,8,Manager,Operations,300000000.0,242,Teamwork,98.0,0
4,37,8,Manager,Operations,300000000.0,242,Technical,90.33,0
4,37,8,Manager,Operations,355280620.0,347,Attendance,96.78,0
4,37,8,Manager,Operations,355280620.0,347,Development,86.515,0
4,37,8,Manager,Operations,355280620.0,347,Efficiency,94.79,0
4,37,8,Manager,Operations,355280620.0,347,HR,91.59,0
4,37,8,Manager,Operations,355280620.0,347,Innovation,91.06,0
4,37,8,Manager,Operations,355280620.0,347,Quality,97.81,0
4,37,8,Manager,Operations,355280620.0,347,Teamwork,95.94,0
4,37,8,Manager,Operations,355280620.0,347,Technical,94.95,0
4,37,8,Manager,Operations,355280620.0,347,Time Management,97.55,0
4,37,8,Manager,Operations,365962025.0,249,HR,96.83500000000001,0
4,37,8,Manager,Operations,365962025.0,249,Innovation,90.005,0
4,37,8,Manager,Operations,365962025.0,249,Project,92.21,0
4,37,8,Manager,Operations,365962025.0,249,Quality,94.58999999999999,0
4,37,8,Manager,Operations,365962025.0,249,Technical,97.55,0
4,37,8,Manager,Operations,365962025.0,249,Time Management,95.39,0
4,37,8,Manager,Operations,400000000.0,259,Efficiency,92.61,0
4,37,8,Manager,Operations,400000000.0,259,HR,98.0,0
4,37,8,Manager,Operations,400000000.0,259,Innovation,91.07,0
4,37,8,Manager,Operations,400000000.0,259,Performance,93.82,0
4,37,8,Manager,Operations,400000000.0,259,Project,87.39,0
4,37,8,Manager,Operations,400000000.0,259,Quality,90.55,0
4,37,8,Manager,Operations,400000000.0,259,Technical,84.84,0
4,37,8,Manager,Operations,400000000.0,259,Time Management,95.28999999999999,0
5,45,15,Director,Quality Assurance,120000000.0,152,Development,98.0,0
5,45,15,Director,Quality Assurance,120000000.0,152,HR,98.0,0
5,45,15,Director,Quality Assurance,120000000.0,152,Project,98.0,0
5,45,15,Director,Quality Assurance,120000000.0,152,Quality,98.0,0
5,45,15,Director,Quality Assurance,120000000.0,152,Teamwork,98.0,0
5,45,15,Director,Quality Assurance,120000000.0,152,Technical,98.0,0
5,45,15,Director,Quality Assurance,120000000.0,152,Time Management,98.0,0
5,45,15,Director,Quality Assurance,170000000.0,229,Development,98.0,0
5,45,15,Director,Quality Assurance,170000000.0,229,HR,98.0,0
5,45,15,Director,Quality Assurance,170000000.0,229,Quality,98.0,0
5,45,15,Director,Quality Assurance,204675132.0,174,Attendance,98.0,0
5,45,15,Director,Quality Assurance,204675132.0,174,Efficiency,98.0,0
5,45,15,Director,Quality Assurance,204675132.0,174,Finance,98.0,0
5,45,15,Director,Quality Assurance,204675132.0,174,Innovation,98.0,0
5,45,15,Director,Quality Assurance,204675132.0,174,Project,98.0,0
5,45,15,Director,Quality Assurance,204675132.0,174,Quality,98.0,0
5,45,15,Director,Quality Assurance,220000000.0,225,Attendance,98.0,0
5,45,15,Director,Quality Assurance,220000000.0,225,Finance,98.0,0
5,45,15,Director,Quality Assurance,220000000.0,225,HR,98.0,0
5,45,15,Director,Quality Assurance,220000000.0,225,Performance,98.0,0
5,45,15,Director,Quality Assurance,220000000.0,225,Quality,98.0,0
5,45,15,Director,Quality Assurance,375514309.0,335,Attendance,98.0,0
5,45,15,Director,Quality Assurance,375514309.0,335,Development,98.0,0
5,45,15,Director,Quality Assurance,375514309.0,335,Project,98.0,0
5,45,15,Director,Quality Assurance,375514309.0,335,Quality,98.0,0
5,45,15,Director,Quality Assurance,375514309.0,335,Teamwork,98.0,0
5,45,15,Director,Quality Assurance,375514309.0,335,Technical,98.0,0
5,45,15,Director,Quality Assurance,377293102.0,80,HR,98.0,0
5,45,15,Director,Quality Assurance,377293102.0,80,Performance,98.0,0
5,45,15,Director,Quality Assurance,377293102.0,80,Quality,98.0,0
5,45,15,Director,Quality Assurance,377293102.0,80,Time Management,98.0,0
5,45,15,Director,Quality Assurance,397696244.0,106,Attendance,98.0,0
5,45,15,Director,Quality Assurance,397696244.0,106,Efficiency,98.0,0
5,45,15,Director,Quality Assurance,397696244.0,106,HR,98.0,0
5,45,15,Director,Quality Assurance,397696244.0,106,Project,98.0,0
5,45,15,Director,Quality Assurance,397696244.0,106,Quality,98.0,0
5,45,15,Director,Quality Assurance,404564658.0,71,HR,98.0,0
5,45,15,Director,Quality Assurance,404564658.0,71,Project,98.0,0
5,45,15,Director,Quality Assurance,404564658.0,71,Quality,98.0,0
5,45,15,Director,Quality Assurance,404564658.0,71,Teamwork,98.0,0
5,45,15,Director,Quality Assurance,404564658.0,71,Technical,98.0,0
6,39,9,Manager,Procurement,88214342.0,149,Attendance,97.28,0
6,39,9,Manager,Procurement,88214342.0,149,Performance,89.52,0
6,39,9,Manager,Procurement,88214342.0,149,Quality,85.08,0
6,39,9,Manager,Procurement,88214342.0,149,Teamwork,91.24,0
6,39,9,Manager,Procurement,180000000.0,193,Attendance,97.15,0
6,39,9,Manager,Procurement,180000000.0,193,Efficiency,84.78,0
6,39,9,Manager,Procurement,180000000.0,193,Finance,87.28,0
6,39,9,Manager,Procurement,180000000.0,193,HR,87.80000000000001,0
6,39,9,Manager,Procurement,180000000.0,193,Innovation,81.84,0
6,39,9,Manager,Procurement,180000000.0,193,Performance,86.44999999999999,0
6,39,9,Manager,Procurement,180000000.0,193,Quality,87.26,0
6,39,9,Manager,Procurement,250000000.0,291,Development,80.94,0
6,39,9,Manager,Procurement,250000000.0,291,Efficiency,89.02,0
6,39,9,Manager,Procurement,250000000.0,291,HR,96.705,0
6,39,9,Manager,Procurement,250000000.0,291,Performance,86.87,0
6,39,9,Manager,Procurement,250000000.0,291,Project,92.81,0
6,39,9,Manager,Procurement,250000000.0,291,Quality,87.55,0
6,39,9,Manager,Procurement,250000000.0,291,Teamwork,88.65,0
6,39,9,Manager,Procurement,250000000.0,291,Technical,86.09,0
6,39,9,Manager,Procurement,250000000.0,291,Time Management,90.32,0
6,39,9,Manager,Procurement,365962025.0,249,Attendance,89.99,0
6,39,9,Manager,Procurement,365962025.0,249,Development,87.92,0
6,39,9,Manager,Procurement,365962025.0,249,Efficiency,92.73,0
6,39,9,Manager,Procurement,365962025.0,249,Finance,90.055,0
6,39,9,Manager,Procurement,365962025.0,249,HR,90.3,0
6,39,9,Manager,Procurement,365962025.0,249,Quality,86.54666666666667,0
6,39,9,Manager,Procurement,365962025.0,249,Technical,86.05,0
6,39,9,Manager,Procurement,365962025.0,249,Time Management,84.56,0
6,39,9,Manager,Procurement,377293102.0,80,Attendance,93.265,0
6,39,9,Manager,Procurement,377293102.0,80,Efficiency,90.47,0
6,39,9,Manager,Procurement,377293102.0,80,Finance,84.26,0
6,39,9,Manager,Procurement,377293102.0,80,HR,90.595,0
6,39,9,Manager,Procurement,377293102.0,80,Quality,79.9,0
6,39,9,Manager,Procurement,377293102.0,80,Technical,93.14,0
6,39,9,Manager,Procurement,377293102.0,80,Time Management,94.0,0
6,39,9,Manager,Procurement,400000000.0,259,Attendance,96.41,0
6,39,9,Manager,Procurement,400000000.0,259,Innovation,85.03,0
6,39,9,Manager,Procurement,400000000.0,259,Performance,89.39,0
6,39,9,Manager,Procurement,400000000.0,259,Quality,90.79666666666667,0
6,39,9,Manager,Procurement,400000000.0,259,Technical,97.33,0
6,39,9,Manager,Procurement,466447298.0,297,Attendance,89.44,0
6,39,9,Manager,Procurement,466447298.0,297,Development,88.51,0
6,39,9,Manager,Procurement,466447298.0,297,Finance,87.81,0
6,39,9,Manager,Procurement,466447298.0,297,HR,96.79,0
6,39,9,Manager,Procurement,466447298.0,297,Innovation,85.77,0
6,39,9,Manager,Procurement,466447298.0,297,Performance,94.64,0
6,39,9,Manager,Procurement,466447298.0,297,Project,88.87,0
6,39,9,Manager,Procurement,466447298.0,297,Quality,89.572,0
6,39,9,Manager,Procurement,466447298.0,297,Time Management,94.94,0
6,39,9,Manager,Procurement,493794225.0,102,Attendance,97.97,0
7,26,5,Staff,Operations,82017929.0,114,Attendance,68.08,1
7,26,5,Staff,Operations,82017929.0,114,Development,61.49,1
7,26,5,Staff,Operations,82017929.0,114,Project,63.13,1
7,26,5,Staff,Operations,82017929.0,114,Quality,65.61,1
7,26,5,Staff,Operations,82017929.0,114,Teamwork,65.84,1
7,26,5,Staff,Operations,82017929.0,114,Technical,65.99000000000001,1
7,26,5,Staff,Operations,82017929.0,114,Time Management,69.77,1
7,26,5,Staff,Operations,134037811.0,31,Development,67.19,1
7,26,5,Staff,Operations,134037811.0,31,HR,69.395,1
7,26,5,Staff,Operations,134037811.0,31,Innovation,67.33,1
7,26,5,Staff,Operations,134037811.0,31,Performance,69.89,1
7,26,5,Staff,Operations,134037811.0,31,Quality,68.58,1
7,26,5,Staff,Operations,134037811.0,31,Technical,66.05,1
7,26,5,Staff,Operations,140000000.0,211,Attendance,72.83,1
7,26,5,Staff,Operations,140000000.0,211,Efficiency,67.1,1
7,26,5,Staff,Operations,140000000.0,211,Finance,65.83,1
7,26,5,Staff,Operations,140000000.0,211,HR,69.65,1
7,26,5,Staff,Operations,140000000.0,211,Innovation,63.99,1
7,26,5,Staff,Operations,140000000.0,211,Performance,69.025,1
7,26,5,Staff,Operations,140000000.0,211,Teamwork,72.13,1
7,26,5,Staff,Operations,140000000.0,211,Technical,65.69,1
7,26,5,Staff,Operations,200000000.0,167,Attendance,70.56,1
7,26,5,Staff,Operations,200000000.0,167,Development,61.55,1
7,26,5,Staff,Operations,200000000.0,167,HR,68.82666666666667,1
7,26,5,Staff,Operations,200000000.0,167,Innovation,58.09,1
7,26,5,Staff,Operations,200000000.0,167,Quality,58.64,1
7,26,5,Staff,Operations,200000000.0,167,Teamwork,60.8,1
7,26,5,Staff,Operations,200000000.0,167,Time Management,61.99,1
7,26,5,Staff,Operations,220000000.0,225,Efficiency,70.03,1
7,26,5,Staff,Operations,220000000.0,225,Project,67.44,1
7,26,5,Staff,Operations,220000000.0,225,Technical,59.89,1
7,26,5,Staff,Operations,278244747.0,88,Attendance,80.665,1
7,26,5,Staff,Operations,278244747.0,88,Efficiency,76.01,1
7,26,5,Staff,Operations,278244747.0,88,Performance,61.84,1
7,26,5,Staff,Operations,278244747.0,88,Quality,65.03,1
7,26,5,Staff,Operations,278244747.0,88,Technical,67.62,1
7,26,5,Staff,Operations,375514309.0,335,Efficiency,67.97,1
7,26,5,Staff,Operations,375514309.0,335,Finance,53.7,1
7,26,5,Staff,Operations,375514309.0,335,Performance,71.49000000000001,1
7,26,5,Staff,Operations,375514309.0,335,Quality,64.79,1
7,26,5,Staff,Operations,397696244.0,106,Attendance,73.0,1
7,26,5,Staff,Operations,397696244.0,106,Efficiency,74.13,1
7,26,5,Staff,Operations,397696244.0,106,HR,69.1,1
7,26,5,Staff,Operations,397696244.0,106,Innovation,61.245000000000005,1
7,26,5,Staff,Operations,397696244.0,106,Project,63.12,1
7,26,5,Staff,Operations,397696244.0,106,Quality,64.925,1
7,26,5,Staff,Operations,397696244.0,106,Teamwork,70.5,1
7,26,5,Staff,Operations,397696244.0,106,Time Management,63.98,1
8,32,7,Manager,Quality Assurance,110000000.0,199,Attendance,98.0,0
8,32,7,Manager,Quality Assurance,110000000.0,199,Development,93.91,0
8,32,7,Manager,Quality Assurance,110000000.0,199,Efficiency,97.44,0
8,32,7,Manager,Quality Assurance,110000000.0,199,Finance,96.98,0
8,32,7,Manager,Quality Assurance,110000000.0,199,HR,97.26,0
8,32,7,Manager,Quality Assurance,110000000.0,199,Performance,92.28,0
8,32,7,Manager,Quality Assurance,110000000.0,199,Project,98.0,0
8,32,7,Manager,Quality Assurance,110000000.0,199,Quality,92.93666666666667,0
8,32,7,Manager,Quality Assurance,110000000.0,199,Teamwork,95.705,0
8,32,7,Manager,Quality Assurance,110000000.0,199,Time Management,94.025,0
8,32,7,Manager,Quality Assurance,130000000.0,303,Innovation,90.2,0
8,32,7,Manager,Quality Assurance,130000000.0,303,Quality,89.995,0
8,32,7,Manager,Quality Assurance,134037811.0,31,Finance,88.12,0
8,32,7,Manager,Quality Assurance,134037811.0,31,Quality,97.8,0
8,32,7,Manager,Quality Assurance,134037811.0,31,Technical,96.66,0
8,32,7,Manager,Quality Assurance,150000000.0,274,Efficiency,98.0,0
8,32,7,Manager,Quality Assurance,150000000.0,274,Time Management,92.98,0
8,32,7,Manager,Quality Assurance,190000000.0,241,HR,95.94999999999999,0
8,32,7,Manager,Quality Assurance,190000000.0,241,Innovation,91.22,0
8,32,7,Manager,Quality Assurance,190000000.0,241,Quality,98.0,0
8,32,7,Manager,Quality Assurance,250000000.0,291,Efficiency,96.45,0
8,32,7,Manager,Quality Assurance,250000000.0,291,HR,95.80333333333333,0
8,32,7,Manager,Quality Assurance,250000000.0,291,Innovation,93.18,0
8,32,7,Manager,Quality Assurance,250000000.0,291,Quality,94.63666666666666,0
8,32,7,Manager,Quality Assurance,250000000.0,291,Teamwork,95.68,0
8,32,7,Manager,Quality Assurance,250000000.0,291,Technical,91.16,0
8,32,7,Manager,Quality Assurance,250000000.0,291,Time Management,96.2,0
8,32,7,Manager,Quality Assurance,365962025.0,249,Attendance,98.0,0
8,32,7,Manager,Quality Assurance,365962025.0,249,Finance,92.45,0
8,32,7,Manager,Quality Assurance,365962025.0,249,HR,96.50999999999999,0
8,32,7,Manager,Quality Assurance,365962025.0,249,Innovation,89.03,0
8,32,7,Manager,Quality Assurance,365962025.0,249,Performance,95.24,0
8,32,7,Manager,Quality Assurance,365962025.0,249,Quality,90.89,0
8,32,7,Manager,Quality Assurance,365962025.0,249,Time Management,93.99,0
8,32,7,Manager,Quality Assurance,377293102.0,80,Attendance,97.07333333333334,0
8,32,7,Manager,Quality Assurance,377293102.0,80,Efficiency,96.53,0
8,32,7,Manager,Quality Assurance,377293102.0,80,HR,94.685,0
8,32,7,Manager,Quality Assurance,377293102.0,80,Innovation,91.1,0
8,32,7,Manager,Quality Assurance,377293102.0,80,Performance,98.0,0
8,32,7,Manager,Quality Assurance,377293102.0,80,Project,98.0,0
8,32,7,Manager,Quality Assurance,377293102.0,80,Quality,93.425,0
8,32,7,Manager,Quality Assurance,377293102.0,80,Teamwork,94.67666666666666,0
8,32,7,Manager,Quality Assurance,377293102.0,80,Time Management,92.46,0
9,28,5,Staff,Finance,50000000.0,211,Development,61.16,1
9,28,5,Staff,Finance,50000000.0,211,Quality,68.7825,1
9,28,5,Staff,Finance,50000000.0,211,Teamwork,72.935,1
9,28,5,Staff,Finance,50000000.0,211,Time Management,68.545,1
9,28,5,Staff,Finance,60000000.0,214,Attendance,69.23,1
9,28,5,Staff,Finance,60000000.0,214,Innovation,61.63,1
9,28,5,Staff,Finance,60000000.0,214,Quality,68.23,1
9,28,5,Staff,Finance,60000000.0,214,Teamwork,75.96,1
9,28,5,Staff,Finance,60000000.0,214,Technical,55.39,1
9,28,5,Staff,Finance,60000000.0,214,Time Management,60.01,1
9,28,5,Staff,Finance,82017929.0,114,Development,64.28,1
9,28,5,Staff,Finance,82017929.0,114,Efficiency,65.7,1
9,28,5,Staff,Finance,82017929.0,114,Quality,61.69,1
9,28,5,Staff,Finance,82017929.0,114,Technical,63.59,1
9,28,5,Staff,Finance,95000000.0,211,Attendance,69.54,1
9,28,5,Staff,Finance,95000000.0,211,Development,65.77,1
9,28,5,Staff,Finance,95000000.0,211,Efficiency,71.67,1
9,28,5,Staff,Finance,95000000.0,211,Finance,70.62,1
9,28,5,Staff,Finance,95000000.0,211,HR,78.07,1
9,28,5,Staff,Finance,95000000.0,211,Innovation,59.56,1
9,28,5,Staff,Finance,95000000.0,211,Performance,77.01,1
9,28,5,Staff,Finance,95000000.0,211,Project,69.64,1
9,28,5,Staff,Finance,95000000.0,211,Quality,67.77666666666667,1
9,28,5,Staff,Finance,95000000.0,211,Technical,74.34,1
9,28,5,Staff,Finance,95000000.0,211,Time Management,67.25,1
9,28,5,Staff,Finance,120000000.0,152,Attendance,80.24,1
9,28,5,Staff,Finance,120000000.0,152,Development,65.76,1
9,28,5,Staff,Finance,120000000.0,152,Finance,66.21000000000001,1
9,28,5,Staff,Finance,120000000.0,152,HR,68.28,1
9,28,5,Staff,Finance,120000000.0,152,Innovation,65.1,1
9,28,5,Staff,Finance,120000000.0,152,Performance,72.38499999999999,1
9,28,5,Staff,Finance,120000000.0,152,Project,77.17,1
9,28,5,Staff,Finance,120000000.0,152,Quality,75.44,1
9,28,5,Staff,Finance,120000000.0,152,Technical,77.07,1
9,28,5,Staff,Finance,200000000.0,167,Attendance,75.14,1
9,28,5,Staff,Finance,200000000.0,167,HR,72.72,1
9,28,5,Staff,Finance,200000000.0,167,Innovation,56.98,1
9,28,5,Staff,Finance,200000000.0,167,Performance,72.81,1
9,28,5,Staff,Finance,200000000.0,167,Quality,60.91,1
9,28,5,Staff,Finance,200000000.0,167,Time Management,66.94,1
9,28,5,Staff,Finance,300000000.0,242,Finance,59.59,1
9,28,5,Staff,Finance,300000000.0,242,Performance,73.92,1
9,28,5,Staff,Finance,300000000.0,242,Project,60.88,1
9,28,5,Staff,Finance,300000000.0,242,Teamwork,70.7,1
9,28,5,Staff,Finance,493794225.0,102,Attendance,74.74,1
9,28,5,Staff,Finance,493794225.0,102,Development,61.974999999999994,1
9,28,5,Staff,Finance,493794225.0,102,Finance,65.71,1
9,28,5,Staff,Finance,493794225.0,102,HR,68.15,1
9,28,5,Staff,Finance,493794225.0,102,Project,74.02,1
9,28,5,Staff,Finance,493794225.0,102,Teamwork,69.12,1
10,33,6,Senior Staff,Quality Assurance,80000000.0,138,Attendance,71.975,1
10,33,6,Senior Staff,Quality Assurance,80000000.0,138,Development,57.81,1
10,33,6,Senior Staff,Quality Assurance,80000000.0,138,Efficiency,72.24000000000001,1
10,33,6,Senior Staff,Quality Assurance,80000000.0,138,HR,75.31666666666666,1
10,33,6,Senior Staff,Quality Assurance,80000000.0,138,Innovation,65.93,1
10,33,6,Senior Staff,Quality Assurance,80000000.0,138,Performance,65.65,1
10,33,6,Senior Staff,Quality Assurance,80000000.0,138,Quality,68.86,1
10,33,6,Senior Staff,Quality Assurance,80000000.0,138,Teamwork,69.16666666666667,1
10,33,6,Senior Staff,Quality Assurance,80000000.0,138,Technical,68.46333333333332,1
10,33,6,Senior Staff,Quality Assurance,88214342.0,149,Efficiency,69.55,1
10,33,6,Senior Staff,Quality Assurance,88214342.0,149,HR,75.95,1
10,33,6,Senior Staff,Quality Assurance,88214342.0,149,Technical,70.78,1
10,33,6,Senior Staff,Quality Assurance,110000000.0,199,HR,71.55,1
10,33,6,Senior Staff,Quality Assurance,110000000.0,199,Performance,75.2,1
10,33,6,Senior Staff,Quality Assurance,110000000.0,199,Quality,66.06,1
10,33,6,Senior Staff,Quality Assurance,110000000.0,199,Teamwork,81.29,1
10,33,6,Senior Staff,Quality Assurance,110000000.0,199,Technical,73.81,1
10,33,6,Senior Staff,Quality Assurance,120000000.0,152,Efficiency,72.09,1
10,33,6,Senior Staff,Quality Assurance,120000000.0,152,Finance,64.49,1
10,33,6,Senior Staff,Quality Assurance,120000000.0,152,HR,65.09,1
10,33,6,Senior Staff,Quality Assurance,120000000.0,152,Project,68.16,1
10,33,6,Senior Staff,Quality Assurance,120000000.0,152,Quality,66.69,1
10,33,6,Senior Staff,Quality Assurance,120000000.0,152,Teamwork,74.43,1
10,33,6,Senior Staff,Quality Assurance,120000000.0,152,Technical,74.9,1
10,33,6,Senior Staff,Quality Assurance,178776637.0,118,Development,61.62,1
10,33,6,Senior Staff,Quality Assurance,178776637.0,118,Efficiency,69.33,1
10,33,6,Senior Staff,Quality Assurance,178776637.0,118,HR,75.30000000000001,1
10,33,6,Senior Staff,Quality Assurance,178776637.0,118,Performance,73.81,1
10,33,6,Senior Staff,Quality Assurance,178776637.0,118,Quality,70.95666666666666,1
10,33,6,Senior Staff,Quality Assurance,178776637.0,118,Technical,67.31,1
10,33,6,Senior Staff,Quality Assurance,178776637.0,118,Time Management,70.35,1
10,33,6,Senior Staff,Quality Assurance,278244747.0,88,Efficiency,67.94999999999999,1
10,33,6,Senior Staff,Quality Assurance,278244747.0,88,HR,73.12,1
10,33,6,Senior Staff,Quality Assurance,278244747.0,88,Quality,67.79,1
10,33,6,Senior Staff,Quality Assurance,278244747.0,88,Teamwork,70.245,1
10,33,6,Senior Staff,Quality Assurance,278244747.0,88,Technical,67.95,1
10,33,6,Senior Staff,Quality Assurance,291862333.0,334,Attendance,75.48,1
10,33,6,Senior Staff,Quality Assurance,291862333.0,334,Efficiency,70.76,1
10,33,6,Senior Staff,Quality Assurance,291862333.0,334,Finance,68.49,1
10,33,6,Senior Staff,Quality Assurance,291862333.0,334,Performance,83.44,1
10,33,6,Senior Staff,Quality Assurance,291862333.0,334,Quality,66.64666666666666,1
10,33,6,Senior Staff,Quality Assurance,291862333.0,334,Teamwork,73.775,1
10,33,6,Senior Staff,Quality Assurance,291862333.0,334,Time Management,71.74,1
10,33,6,Senior Staff,Quality Assurance,472961951.0,350,Attendance,72.11,1
10,33,6,Senior Staff,Quality Assurance,472961951.0,350,Development,72.17,1
10,33,6,Senior Staff,Quality Assurance,472961951.0,350,Finance,71.35333333333334,1
10,33,6,Senior Staff,Quality Assurance,472961951.0,350,HR,72.11500000000001,1
10,33,6,Senior Staff,Quality Assurance,472961951.0,350,Innovation,66.81,1
10,33,6,Senior Staff,Quality Assurance,472961951.0,350,Performance,67.7,1
10,33,6,Senior Staff,Quality Assurance,472961951.0,350,Project,70.985,1
10,33,6,Senior Staff,Quality Assurance,472961951.0,350,Quality,61.15,1
10,33,6,Senior Staff,Quality Assurance,472961951.0,350,Teamwork,74.13,1
10,33,6,Senior Staff,Quality Assurance,472961951.0,350,Time Management,68.84,1
11,28,2,Staff,Research & Development,110000000.0,199,Development,64.77,1
11,28,2,Staff,Research & Development,110000000.0,199,Finance,64.0,1
11,28,2,Staff,Research & Development,110000000.0,199,HR,81.14,1
11,28,2,Staff,Research & Development,110000000.0,199,Performance,63.13,1
11,28,2,Staff,Research & Development,110000000.0,199,Quality,66.41,1
11,28,2,Staff,Research & Development,110000000.0,199,Technical,64.19,1
11,28,2,Staff,Research & Development,110000000.0,199,Time Management,70.75,1
11,28,2,Staff,Research & Development,170000000.0,229,Development,59.61,1
11,28,2,Staff,Research & Development,170000000.0,229,Finance,71.8,1
11,28,2,Staff,Research & Development,170000000.0,229,HR,63.32,1
11,28,2,Staff,Research & Development,170000000.0,229,Quality,63.735,1
11,28,2,Staff,Research & Development,178776637.0,118,Finance,74.065,1
11,28,2,Staff,Research & Development,178776637.0,118,HR,74.8,1
11,28,2,Staff,Research & Development,178776637.0,118,Innovation,73.615,1
11,28,2,Staff,Research & Development,178776637.0,118,Performance,68.51,1
11,28,2,Staff,Research & Development,178776637.0,118,Quality,71.5325,1
11,28,2,Staff,Research & Development,178776637.0,118,Teamwork,68.95,1
11,28,2,Staff,Research & Development,178776637.0,118,Technical,71.63,1
11,28,2,Staff,Research & Development,178776637.0,118,Time Management,72.99,1
11,28,2,Staff,Research & Development,206368642.0,46,Attendance,72.76,1
11,28,2,Staff,Research & Development,206368642.0,46,Innovation,65.9,1
11,28,2,Staff,Research & Development,206368642.0,46,Performance,68.6,1
11,28,2,Staff,Research & Development,206368642.0,46,Project,74.8,1
11,28,2,Staff,Research & Development,206368642.0,46,Quality,74.24,1
11,28,2,Staff,Research & Development,206368642.0,46,Technical,72.56,1
11,28,2,Staff,Research & Development,250000000.0,291,Finance,61.78,1
11,28,2,Staff,Research & Development,250000000.0,291,HR,73.45,1
11,28,2,Staff,Research & Development,250000000.0,291,Performance,69.53,1
11,28,2,Staff,Research & Development,250000000.0,291,Quality,64.3875,1
11,28,2,Staff,Research & Development,250000000.0,291,Teamwork,70.4,1
11,28,2,Staff,Research & Development,250000000.0,291,Time Management,62.58,1
11,28,2,Staff,Research & Development,291862333.0,334,Finance,61.98,1
11,28,2,Staff,Research & Development,291862333.0,334,HR,71.06,1
11,28,2,Staff,Research & Development,291862333.0,334,Performance,70.44,1
11,28,2,Staff,Research & Development,291862333.0,334,Quality,71.83,1
11,28,2,Staff,Research & Development,300000000.0,242,Attendance,70.88,1
11,28,2,Staff,Research & Development,300000000.0,242,Quality,67.02,1
11,28,2,Staff,Research & Development,300000000.0,242,Teamwork,69.79,1
11,28,2,Staff,Research & Development,300000000.0,242,Technical,70.51,1
11,28,2,Staff,Research & Development,365962025.0,249,Attendance,74.1,1
11,28,2,Staff,Research & Development,365962025.0,249,Development,67.96,1
11,28,2,Staff,Research & Development,365962025.0,249,Efficiency,67.53,1
11,28,2,Staff,Research & Development,365962025.0,249,HR,69.11,1
11,28,2,Staff,Research & Development,365962025.0,249,Project,69.55,1
11,28,2,Staff,Research & Development,365962025.0,249,Quality,65.14,1
11,28,2,Staff,Research & Development,365962025.0,249,Teamwork,71.56,1
11,28,2,Staff,Research & Development,365962025.0,249,Technical,72.60666666666667,1
11,28,2,Staff,Research & Development,365962025.0,249,Time Management,71.185,1
12,33,8,Manager,Finance,120000000.0,152,Attendance,98.0,0
12,33,8,Manager,Finance,120000000.0,152,Finance,92.11,0
12,33,8,Manager,Finance,120000000.0,152,Innovation,96.22,0
12,33,8,Manager,Finance,120000000.0,152,Project,98.0,0
12,33,8,Manager,Finance,120000000.0,152,Quality,98.0,0
12,33,8,Manager,Finance,120000000.0,152,Technical,98.0,0
12,33,8,Manager,Finance,120000000.0,152,Time Management,98.0,0
12,33,8,Manager,Finance,134037811.0,31,Attendance,98.0,0
12,33,8,Manager,Finance,134037811.0,31,Finance,97.98,0
12,33,8,Manager,Finance,134037811.0,31,HR,98.0,0
12,33,8,Manager,Finance,134037811.0,31,Performance,98.0,0
12,33,8,Manager,Finance,134037811.0,31,Quality,95.85,0
12,33,8,Manager,Finance,134037811.0,31,Teamwork,98.0,0
12,33,8,Manager,Finance,134037811.0,31,Technical,98.0,0
12,33,8,Manager,Finance,140000000.0,211,Attendance,98.0,0
12,33,8,Manager,Finance,140000000.0,211,Development,98.0,0
12,33,8,Manager,Finance,140000000.0,211,HR,98.0,0
12,33,8,Manager,Finance,140000000.0,211,Innovation,93.67,0
12,33,8,Manager,Finance,140000000.0,211,Project,93.13,0
12,33,8,Manager,Finance,140000000.0,211,Technical,95.95,0
12,33,8,Manager,Finance,200000000.0,167,Development,86.81,0
12,33,8,Manager,Finance,200000000.0,167,Innovation,84.17,0
12,33,8,Manager,Finance,200000000.0,167,Quality,92.76,0
12,33,8,Manager,Finance,200000000.0,167,Technical,89.89,0
12,33,8,Manager,Finance,200000000.0,167,Time Management,87.56,0
12,33,8,Manager,Finance,206368642.0,46,Development,97.1,0
12,33,8,Manager,Finance,206368642.0,46,Innovation,87.27,0
12,33,8,Manager,Finance,206368642.0,46,Performance,98.0,0
12,33,8,Manager,Finance,206368642.0,46,Time Management,98.0,0
12,33,8,Manager,Finance,278244747.0,88,Efficiency,92.56,0
12,33,8,Manager,Finance,278244747.0,88,Finance,93.25,0
12,33,8,Manager,Finance,278244747.0,88,HR,97.06333333333333,0
12,33,8,Manager,Finance,278244747.0,88,Innovation,95.62,0
12,33,8,Manager,Finance,278244747.0,88,Project,94.78000000000002,0
12,33,8,Manager,Finance,278244747.0,88,Quality,85.38,0
12,33,8,Manager,Finance,278244747.0,88,Technical,98.0,0
12,33,8,Manager,Finance,278244747.0,88,Time Management,98.0,0
12,33,8,Manager,Finance,377293102.0,80,Attendance,97.5,0
12,33,8,Manager,Finance,377293102.0,80,Development,88.3,0
12,33,8,Manager,Finance,377293102.0,80,HR,98.0,0
12,33,8,Manager,Finance,377293102.0,80,Quality,89.895,0
12,33,8,Manager,Finance,377293102.0,80,Technical,91.56,0
12,33,8,Manager,Finance,377293102.0,80,Time Management,94.36,0
12,33,8,Manager,Finance,385820825.0,138,Attendance,98.0,0
12,33,8,Manager,Finance,385820825.0,138,Development,97.45,0
12,33,8,Manager,Finance,385820825.0,138,Efficiency,90.405,0
12,33,8,Manager,Finance,385820825.0,138,HR,87.805,0
12,33,8,Manager,Finance,385820825.0,138,Performance,95.17,0
12,33,8,Manager,Finance,385820825.0,138,Time Management,88.27,0
13,34,8,Senior Staff,Finance,50000000.0,211,Attendance,73.57,1
13,34,8,Senior Staff,Finance,50000000.0,211,HR,72.055,1
13,34,8,Senior Staff,Finance,50000000.0,211,Innovation,68.55,1
13,34,8,Senior Staff,Finance,50000000.0,211,Project,79.56,1
13,34,8,Senior Staff,Finance,50000000.0,211,Quality,68.38749999999999,1
13,34,8,Senior Staff,Finance,50000000.0,211,Technical,69.98,1
13,34,8,Senior Staff,Finance,50000000.0,211,Time Management,74.715,1
13,34,8,Senior Staff,Finance,80000000.0,138,Attendance,69.61,1
13,34,8,Senior Staff,Finance,80000000.0,138,Finance,59.85,1
13,34,8,Senior Staff,Finance,80000000.0,138,HR,65.1,1
13,34,8,Senior Staff,Finance,80000000.0,138,Innovation,63.11,1
13,34,8,Senior Staff,Finance,80000000.0,138,Performance,59.725,1
13,34,8,Senior Staff,Finance,80000000.0,138,Quality,60.675,1
13,34,8,Senior Staff,Finance,80000000.0,138,Technical,61.4,1
13,34,8,Senior Staff,Finance,80000000.0,138,Time Management,70.3,1
13,34,8,Senior Staff,Finance,90000000.0,244,Development,72.5,1
13,34,8,Senior Staff,Finance,90000000.0,244,Efficiency,66.54,1
13,34,8,Senior Staff,Finance,90000000.0,244,Innovation,64.79,1
13,34,8,Senior Staff,Finance,90000000.0,244,Performance,69.72,1
13,34,8,Senior Staff,Finance,90000000.0,244,Quality,73.185,1
13,34,8,Senior Staff,Finance,90000000.0,244,Teamwork,71.76,1
13,34,8,Senior Staff,Finance,90000000.0,244,Technical,69.02,1
13,34,8,Senior Staff,Finance,90000000.0,244,Time Management,75.92,1
13,34,8,Senior Staff,Finance,140000000.0,211,Performance,75.19,1
13,34,8,Senior Staff,Finance,140000000.0,211,Time Management,74.33,1
13,34,8,Senior Staff,Finance,178776637.0,118,Finance,65.51,1
13,34,8,Senior Staff,Finance,178776637.0,118,Innovation,66.5,1
13,34,8,Senior Staff,Finance,178776637.0,118,Performance,66.45,1
13,34,8,Senior Staff,Finance,178776637.0,118,Quality,69.63,1
13,34,8,Senior Staff,Finance,206368642.0,46,Innovation,65.65,1
13,34,8,Senior Staff,Finance,206368642.0,46,Quality,64.09,1
13,34,8,Senior Staff,Finance,278244747.0,88,Performance,68.26,1
13,34,8,Senior Staff,Finance,278244747.0,88,Quality,67.33,1
13,34,8,Senior Staff,Finance,278244747.0,88,Technical,73.21,1
14,44,15,Director,Design,110000000.0,199,Development,98.0,0
14,44,15,Director,Design,110000000.0,199,Efficiency,98.0,0
14,44,15,Director,Design,110000000.0,199,Innovation,98.0,0
14,44,15,Director,Design,110000000.0,199,Quality,98.0,0
14,44,15,Director,Design,120000000.0,152,Attendance,98.0,0
14,44,15,Director,Design,120000000.0,152,Finance,98.0,0
14,44,15,Director,Design,120000000.0,152,HR,98.0,0
14,44,15,Director,Design,120000000.0,152,Performance,98.0,0
14,44,15,Director,Design,120000000.0,152,Project,98.0,0
14,44,15,Director,Design,120000000.0,152,Quality,98.0,0
14,44,15,Director,Design,120000000.0,152,Technical,98.0,0
14,44,15,Director,Design,130000000.0,303,Performance,98.0,0
14,44,15,Director,Design,130000000.0,303,Project,98.0,0
14,44,15,Director,Design,140000000.0,211,Attendance,98.0,0
14,44,15,Director,Design,140000000.0,211,Development,98.0,0
14,44,15,Director,Design,140000000.0,211,Efficiency,98.0,0
14,44,15,Director,Design,140000000.0,211,HR,98.0,0
14,44,15,Director,Design,140000000.0,211,Performance,98.0,0
14,44,15,Director,Design,140000000.0,211,Project,98.0,0
14,44,15,Director,Design,140000000.0,211,Quality,98.0,0
14,44,15,Director,Design,355280620.0,347,Attendance,98.0,0
14,44,15,Director,Design,355280620.0,347,Finance,98.0,0
14,44,15,Director,Design,355280620.0,347,HR,98.0,0
14,44,15,Director,Design,355280620.0,347,Performance,98.0,0
14,44,15,Director,Design,355280620.0,347,Quality,98.0,0
14,44,15,Director,Design,355280620.0,347,Teamwork,98.0,0
14,44,15,Director,Design,369461833.0,321,Finance,98.0,0
14,44,15,Director,Design,369461833.0,321,HR,98.0,0
14,44,15,Director,Design,369461833.0,321,Project,98.0,0
14,44,15,Director,Design,369461833.0,321,Quality,98.0,0
14,44,15,Director,Design,369461833.0,321,Teamwork,98.0,0
14,44,15,Director,Design,369461833.0,321,Technical,98.0,0
14,44,15,Director,Design,385820825.0,138,Efficiency,98.0,0
14,44,15,Director,Design,385820825.0,138,HR,98.0,0
14,44,15,Director,Design,385820825.0,138,Quality,98.0,0
14,44,15,Director,Design,385820825.0,138,Technical,98.0,0
14,44,15,Director,Design,500000000.0,356,Development,98.0,0
14,44,15,Director,Design,500000000.0,356,Efficiency,98.0,0
14,44,15,Director,Design,500000000.0,356,HR,98.0,0
14,44,15,Director,Design,500000000.0,356,Innovation,98.0,0
14,44,15,Director,Design,500000000.0,356,Quality,98.0,0
14,44,15,Director,Design,500000000.0,356,Teamwork,98.0,0
14,44,15,Director,Design,500000000.0,356,Technical,98.0,0
15,31,2,Staff,IT,50000000.0,211,Development,66.48,1
15,31,2,Staff,IT,50000000.0,211,HR,75.61,1
15,31,2,Staff,IT,50000000.0,211,Performance,65.63,1
15,31,2,Staff,IT,50000000.0,211,Project,72.87,1
15,31,2,Staff,IT,50000000.0,211,Teamwork,66.02,1
15,31,2,Staff,IT,75000000.0,203,Attendance,73.05,1
15,31,2,Staff,IT,75000000.0,203,Development,64.94,1
15,31,2,Staff,IT,75000000.0,203,Finance,67.02,1
15,31,2,Staff,IT,75000000.0,203,HR,71.45333333333333,1
15,31,2,Staff,IT,75000000.0,203,Performance,67.4,1
15,31,2,Staff,IT,75000000.0,203,Project,69.95,1
15,31,2,Staff,IT,75000000.0,203,Quality,71.07,1
15,31,2,Staff,IT,80000000.0,138,Attendance,68.47,1
15,31,2,Staff,IT,80000000.0,138,Finance,64.6,1
15,31,2,Staff,IT,80000000.0,138,Innovation,59.5,1
15,31,2,Staff,IT,80000000.0,138,Quality,68.2,1
15,31,2,Staff,IT,80000000.0,138,Teamwork,69.42,1
15,31,2,Staff,IT,130000000.0,303,HR,76.68,1
15,31,2,Staff,IT,130000000.0,303,Teamwork,64.79,1
15,31,2,Staff,IT,180000000.0,193,Attendance,77.61,1
15,31,2,Staff,IT,180000000.0,193,Efficiency,73.935,1
15,31,2,Staff,IT,180000000.0,193,HR,69.46,1
15,31,2,Staff,IT,180000000.0,193,Innovation,58.35,1
15,31,2,Staff,IT,180000000.0,193,Project,65.81,1
15,31,2,Staff,IT,180000000.0,193,Quality,65.28,1
15,31,2,Staff,IT,180000000.0,193,Technical,67.2,1
15,31,2,Staff,IT,404564658.0,71,Teamwork,74.01,1
15,31,2,Staff,IT,404564658.0,71,Technical,80.86,1
15,31,2,Staff,IT,466447298.0,297,Attendance,77.29,1
15,31,2,Staff,IT,466447298.0,297,Efficiency,67.88,1
15,31,2,Staff,IT,466447298.0,297,HR,76.86,1
15,31,2,Staff,IT,466447298.0,297,Innovation,65.07,1
15,31,2,Staff,IT,466447298.0,297,Project,71.89,1
15,31,2,Staff,IT,466447298.0,297,Quality,71.9,1
15,31,2,Staff,IT,466447298.0,297,Teamwork,71.64,1
15,31,2,Staff,IT,493794225.0,102,Performance,73.25,1
15,31,2,Staff,IT,493794225.0,102,Quality,66.42,1
15,31,2,Staff,IT,493794225.0,102,Technical,65.14,1
16,31,5,Staff,IT,60000000.0,214,Attendance,78.16,1
16,31,5,Staff,IT,60000000.0,214,HR,72.16,1
16,31,5,Staff,IT,60000000.0,214,Performance,75.67,1
16,31,5,Staff,IT,120000000.0,152,Efficiency,65.24,1
16,31,5,Staff,IT,120000000.0,152,HR,64.42,1
16,31,5,Staff,IT,120000000.0,152,Performance,77.65,1
16,31,5,Staff,IT,120000000.0,152,Project,68.55,1
16,31,5,Staff,IT,120000000.0,152,Quality,69.69,1
16,31,5,Staff,IT,120000000.0,152,Teamwork,75.57,1
16,31,5,Staff,IT,140000000.0,211,Attendance,70.59,1
16,31,5,Staff,IT,140000000.0,211,Finance,71.8,1
16,31,5,Staff,IT,140000000.0,211,HR,73.60333333333334,1
16,31,5,Staff,IT,140000000.0,211,Innovation,75.22,1
16,31,5,Staff,IT,140000000.0,211,Project,74.02,1
16,31,5,Staff,IT,140000000.0,211,Quality,70.018,1
16,31,5,Staff,IT,140000000.0,211,Teamwork,77.91,1
16,31,5,Staff,IT,200000000.0,167,Attendance,75.55,1
16,31,5,Staff,IT,200000000.0,167,HR,73.31,1
16,31,5,Staff,IT,200000000.0,167,Project,70.43,1
16,31,5,Staff,IT,200000000.0,167,Time Management,73.42,1
16,31,5,Staff,IT,220000000.0,225,Attendance,75.77,1
16,31,5,Staff,IT,220000000.0,225,HR,72.64500000000001,1
16,31,5,Staff,IT,220000000.0,225,Innovation,61.94,1
16,31,5,Staff,IT,220000000.0,225,Project,70.06,1
16,31,5,Staff,IT,220000000.0,225,Quality,63.61,1
16,31,5,Staff,IT,220000000.0,225,Teamwork,71.79,1
16,31,5,Staff,IT,220000000.0,225,Technical,65.31,1
16,31,5,Staff,IT,220000000.0,225,Time Management,71.48,1
16,31,5,Staff,IT,278244747.0,88,Development,69.95,1
16,31,5,Staff,IT,278244747.0,88,Finance,67.61,1
16,31,5,Staff,IT,278244747.0,88,HR,77.34,1
16,31,5,Staff,IT,278244747.0,88,Quality,75.14,1
16,31,5,Staff,IT,397696244.0,106,Innovation,71.32,1
16,31,5,Staff,IT,397696244.0,106,Quality,71.605,1
16,31,5,Staff,IT,400000000.0,259,Finance,68.09,1
16,31,5,Staff,IT,400000000.0,259,HR,69.82499999999999,1
16,31,5,Staff,IT,400000000.0,259,Quality,73.75,1
17,37,7,Manager,Marketing,50000000.0,211,Efficiency,98.0,0
17,37,7,Manager,Marketing,50000000.0,211,Finance,92.71,0
17,37,7,Manager,Marketing,50000000.0,211,HR,98.0,0
17,37,7,Manager,Marketing,50000000.0,211,Quality,95.83,0
17,37,7,Manager,Marketing,60000000.0,214,HR,94.35499999999999,0
17,37,7,Manager,Marketing,60000000.0,214,Innovation,86.92,0
17,37,7,Manager,Marketing,60000000.0,214,Teamwork,97.86500000000001,0
17,37,7,Manager,Marketing,60000000.0,214,Technical,94.26,0
17,37,7,Manager,Marketing,60000000.0,214,Time Management,98.0,0
17,37,7,Manager,Marketing,278244747.0,88,Performance,95.99,0
17,37,7,Manager,Marketing,278244747.0,88,Quality,92.22,0
17,37,7,Manager,Marketing,278244747.0,88,Technical,98.0,0
17,37,7,Manager,Marketing,300000000.0,242,Attendance,94.275,0
17,37,7,Manager,Marketing,300000000.0,242,Development,89.54,0
17,37,7,Manager,Marketing,300000000.0,242,Innovation,89.91,0
17,37,7,Manager,Marketing,300000000.0,242,Performance,94.18,0
17,37,7,Manager,Marketing,300000000.0,242,Project,89.67,0
17,37,7,Manager,Marketing,300000000.0,242,Quality,91.73833333333334,0
17,37,7,Manager,Marketing,300000000.0,242,Teamwork,87.27,0
17,37,7,Manager,Marketing,300000000.0,242,Time Management,84.0,0
17,37,7,Manager,Marketing,369461833.0,321,Attendance,98.0,0
17,37,7,Manager,Marketing,369461833.0,321,Development,95.54,0
17,37,7,Manager,Marketing,369461833.0,321,HR,97.99000000000001,0
17,37,7,Manager,Marketing,369461833.0,321,Performance,96.66,0
17,37,7,Manager,Marketing,369461833.0,321,Project,88.7,0
17,37,7,Manager,Marketing,369461833.0,321,Quality,91.92,0
17,37,7,Manager,Marketing,369461833.0,321,Technical,95.58500000000001,0
17,37,7,Manager,Marketing,369461833.0,321,Time Management,97.42,0
17,37,7,Manager,Marketing,397696244.0,106,Attendance,98.0,0
17,37,7,Manager,Marketing,397696244.0,106,HR,91.72,0
17,37,7,Manager,Marketing,397696244.0,106,Project,97.28,0
17,37,7,Manager,Marketing,397696244.0,106,Quality,89.62333333333333,0
17,37,7,Manager,Marketing,404564658.0,71,Attendance,98.0,0
17,37,7,Manager,Marketing,404564658.0,71,Development,96.79,0
17,37,7,Manager,Marketing,404564658.0,71,Finance,98.0,0
17,37,7,Manager,Marketing,404564658.0,71,HR,98.0,0
17,37,7,Manager,Marketing,404564658.0,71,Quality,93.41,0
17,37,7,Manager,Marketing,404564658.0,71,Technical,98.0,0
17,37,7,Manager,Marketing,472961951.0,350,Attendance,98.0,0
17,37,7,Manager,Marketing,472961951.0,350,HR,98.0,0
17,37,7,Manager,Marketing,472961951.0,350,Performance,95.83,0
17,37,7,Manager,Marketing,472961951.0,350,Project,93.03,0
17,37,7,Manager,Marketing,472961951.0,350,Quality,97.15333333333332,0
17,37,7,Manager,Marketing,472961951.0,350,Teamwork,98.0,0
17,37,7,Manager,Marketing,472961951.0,350,Technical,95.63,0
17,37,7,Manager,Marketing,472961951.0,350,Time Management,98.0,0
18,23,2,Staff,Legal,88214342.0,149,Attendance,71.19,1
18,23,2,Staff,Legal,90000000.0,244,Development,56.55,1
18,23,2,Staff,Legal,90000000.0,244,Efficiency,59.31,1
18,23,2,Staff,Legal,90000000.0,244,Project,68.48,1
18,23,2,Staff,Legal,355280620.0,347,HR,59.67,1
18,23,2,Staff,Legal,355280620.0,347,Performance,60.92,1
18,23,2,Staff,Legal,355280620.0,347,Technical,61.49,1
18,23,2,Staff,Legal,355280620.0,347,Time Management,63.3,1
18,23,2,Staff,Legal,365962025.0,249,Finance,57.93,1
18,23,2,Staff,Legal,365962025.0,249,Performance,59.09,1
18,23,2,Staff,Legal,365962025.0,249,Project,62.39,1
18,23,2,Staff,Legal,365962025.0,249,Quality,63.37,1
18,23,2,Staff,Legal,375514309.0,335,Attendance,65.81,1
18,23,2,Staff,Legal,375514309.0,335,Efficiency,57.95,1
18,23,2,Staff,Legal,375514309.0,335,HR,61.8,1
18,23,2,Staff,Legal,375514309.0,335,Performance,60.9,1
18,23,2,Staff,Legal,375514309.0,335,Technical,65.68,1
18,23,2,Staff,Legal,375514309.0,335,Time Management,61.605000000000004,1
18,23,2,Staff,Legal,385820825.0,138,Attendance,61.6,1
18,23,2,Staff,Legal,385820825.0,138,Efficiency,68.7,1
18,23,2,Staff,Legal,385820825.0,138,Finance,59.16,1
18,23,2,Staff,Legal,385820825.0,138,HR,58.662499999999994,1
18,23,2,Staff,Legal,385820825.0,138,Innovation,61.5,1
18,23,2,Staff,Legal,385820825.0,138,Project,56.7,1
18,23,2,Staff,Legal,385820825.0,138,Quality,57.94,1
18,23,2,Staff,Legal,385820825.0,138,Technical,56.65,1
18,23,2,Staff,Legal,385820825.0,138,Time Management,58.98,1
18,23,2,Staff,Legal,400000000.0,259,Development,60.230000000000004,1
18,23,2,Staff,Legal,400000000.0,259,Efficiency,64.44,1
18,23,2,Staff,Legal,400000000.0,259,HR,60.62,1
18,23,2,Staff,Legal,400000000.0,259,Innovation,56.62,1
18,23,2,Staff,Legal,400000000.0,259,Quality,62.62,1
18,23,2,Staff,Legal,400000000.0,259,Teamwork,61.71,1
18,23,2,Staff,Legal,400000000.0,259,Technical,57.1,1
18,23,2,Staff,Legal,500000000.0,356,HR,65.6,1
18,23,2,Staff,Legal,500000000.0,356,Performance,61.68000000000001,1
18,23,2,Staff,Legal,500000000.0,356,Project,54.42,1
18,23,2,Staff,Legal,500000000.0,356,Quality,57.06,1
18,23,2,Staff,Legal,500000000.0,356,Teamwork,60.38,1
18,23,2,Staff,Legal,500000000.0,356,Time Management,66.06,1
19,25,3,Staff,Human Resources,80000000.0,138,Attendance,73.3,1
19,25,3,Staff,Human Resources,80000000.0,138,Efficiency,67.23,1
19,25,3,Staff,Human Resources,80000000.0,138,HR,64.69,1
19,25,3,Staff,Human Resources,80000000.0,138,Innovation,59.44,1
19,25,3,Staff,Human Resources,80000000.0,138,Performance,62.12,1
19,25,3,Staff,Human Resources,80000000.0,138,Quality,57.824999999999996,1
19,25,3,Staff,Human Resources,80000000.0,138,Teamwork,72.72,1
19,25,3,Staff,Human Resources,80000000.0,138,Technical,67.64,1
19,25,3,Staff,Human Resources,134037811.0,31,Efficiency,65.99,1
19,25,3,Staff,Human Resources,134037811.0,31,Finance,62.41,1
19,25,3,Staff,Human Resources,134037811.0,31,HR,64.265,1
19,25,3,Staff,Human Resources,134037811.0,31,Performance,59.52,1
19,25,3,Staff,Human Resources,134037811.0,31,Project,64.275,1
19,25,3,Staff,Human Resources,134037811.0,31,Quality,62.425,1
19,25,3,Staff,Human Resources,134037811.0,31,Technical,68.2,1
19,25,3,Staff,Human Resources,134037811.0,31,Time Management,58.76,1
19,25,3,Staff,Human Resources,140000000.0,211,Efficiency,65.29,1
19,25,3,Staff,Human Resources,140000000.0,211,HR,69.92,1
19,25,3,Staff,Human Resources,140000000.0,211,Innovation,60.06,1
19,25,3,Staff,Human Resources,140000000.0,211,Performance,70.24000000000001,1
19,25,3,Staff,Human Resources,140000000.0,211,Project,61.38,1
19,25,3,Staff,Human Resources,140000000.0,211,Quality,65.4225,1
19,25,3,Staff,Human Resources,140000000.0,211,Teamwork,62.77,1
19,25,3,Staff,Human Resources,140000000.0,211,Time Management,61.65,1
19,25,3,Staff,Human Resources,178776637.0,118,Efficiency,57.03,1
19,25,3,Staff,Human Resources,178776637.0,118,Finance,67.55,1
19,25,3,Staff,Human Resources,178776637.0,118,HR,59.44,1
19,25,3,Staff,Human Resources,178776637.0,118,Quality,66.42,1
19,25,3,Staff,Human Resources,178776637.0,118,Teamwork,66.87,1
19,25,3,Staff,Human Resources,178776637.0,118,Technical,67.35,1
19,25,3,Staff,Human Resources,178776637.0,118,Time Management,65.1,1
19,25,3,Staff,Human Resources,190000000.0,241,Attendance,69.16,1
19,25,3,Staff,Human Resources,190000000.0,241,Efficiency,72.14,1
19,25,3,Staff,Human Resources,190000000.0,241,Finance,58.37,1
19,25,3,Staff,Human Resources,190000000.0,241,Innovation,59.56,1
19,25,3,Staff,Human Resources,190000000.0,241,Performance,58.88,1
19,25,3,Staff,Human Resources,190000000.0,241,Project,68.54,1
19,25,3,Staff,Human Resources,190000000.0,241,Teamwork,63.72,1
19,25,3,Staff,Human Resources,190000000.0,241,Technical,63.875,1
19,25,3,Staff,Human Resources,190000000.0,241,Time Management,63.41,1
19,25,3,Staff,Human Resources,375514309.0,335,Development,61.84,1
19,25,3,Staff,Human Resources,375514309.0,335,Efficiency,67.71,1
19,25,3,Staff,Human Resources,375514309.0,335,Project,65.16,1
19,25,3,Staff,Human Resources,404564658.0,71,HR,58.9,1
19,25,3,Staff,Human Resources,404564658.0,71,Innovation,63.01,1
19,25,3,Staff,Human Resources,404564658.0,71,Project,68.75,1
19,25,3,Staff,Human Resources,404564658.0,71,Quality,62.73,1
19,25,3,Staff,Human Resources,404564658.0,71,Technical,64.23,1
19,25,3,Staff,Human Resources,404564658.0,71,Time Management,63.31333333333333,1
19,25,3,Staff,Human Resources,500000000.0,356,Efficiency,61.25,1
19,25,3,Staff,Human Resources,500000000.0,356,Finance,63.42,1
19,25,3,Staff,Human Resources,500000000.0,356,HR,67.02000000000001,1
19,25,3,Staff,Human Resources,500000000.0,356,Innovation,64.52,1
19,25,3,Staff,Human Resources,500000000.0,356,Quality,61.35,1
20,30,4,Staff,Finance,50000000.0,211,Development,67.26,1
20,30,4,Staff,Finance,50000000.0,211,Finance,73.07,1
20,30,4,Staff,Finance,50000000.0,211,HR,70.79,1
20,30,4,Staff,Finance,50000000.0,211,Project,68.35,1
20,30,4,Staff,Finance,50000000.0,211,Quality,68.765,1
20,30,4,Staff,Finance,110000000.0,199,Development,61.29,1
20,30,4,Staff,Finance,110000000.0,199,Quality,60.79,1
20,30,4,Staff,Finance,110000000.0,199,Teamwork,71.59,1
20,30,4,Staff,Finance,110000000.0,199,Technical,68.83,1
20,30,4,Staff,Finance,134037811.0,31,Attendance,72.04,1
20,30,4,Staff,Finance,134037811.0,31,Development,58.23,1
20,30,4,Staff,Finance,134037811.0,31,Efficiency,75.6,1
20,30,4,Staff,Finance,134037811.0,31,HR,71.05,1
20,30,4,Staff,Finance,134037811.0,31,Innovation,70.21,1
20,30,4,Staff,Finance,134037811.0,31,Performance,71.63,1
20,30,4,Staff,Finance,134037811.0,31,Project,66.68,1
20,30,4,Staff,Finance,134037811.0,31,Quality,72.36,1
20,30,4,Staff,Finance,134037811.0,31,Teamwork,80.64,1
20,30,4,Staff,Finance,140000000.0,211,Attendance,76.19,1
20,30,4,Staff,Finance,140000000.0,211,Development,69.17,1
20,30,4,Staff,Finance,140000000.0,211,Finance,66.65,1
20,30,4,Staff,Finance,140000000.0,211,HR,73.19,1
20,30,4,Staff,Finance,140000000.0,211,Innovation,69.45,1
20,30,4,Staff,Finance,140000000.0,211,Project,63.32,1
20,30,4,Staff,Finance,140000000.0,211,Quality,69.08000000000001,1
20,30,4,Staff,Finance,140000000.0,211,Teamwork,70.85,1
20,30,4,Staff,Finance,140000000.0,211,Technical,75.69,1
20,30,4,Staff,Finance,140000000.0,211,Time Management,63.83,1
20,30,4,Staff,Finance,204675132.0,174,Attendance,69.14,1
20,30,4,Staff,Finance,204675132.0,174,Efficiency,65.025,1
20,30,4,Staff,Finance,204675132.0,174,Finance,66.49,1
20,30,4,Staff,Finance,204675132.0,174,Project,67.62,1
20,30,4,Staff,Finance,204675132.0,174,Quality,71.775,1
20,30,4,Staff,Finance,204675132.0,174,Teamwork,70.87,1
20,30,4,Staff,Finance,278244747.0,88,Development,69.275,1
20,30,4,Staff,Finance,278244747.0,88,Efficiency,66.3,1
20,30,4,Staff,Finance,278244747.0,88,Finance,63.59,1
20,30,4,Staff,Finance,278244747.0,88,HR,72.5,1
20,30,4,Staff,Finance,278244747.0,88,Performance,65.355,1
20,30,4,Staff,Finance,278244747.0,88,Project,65.2,1
20,30,4,Staff,Finance,278244747.0,88,Quality,58.46,1
20,30,4,Staff,Finance,278244747.0,88,Teamwork,68.48,1
20,30,4,Staff,Finance,291862333.0,334,HR,62.1,1
20,30,4,Staff,Finance,291862333.0,334,Innovation,71.16,1
20,30,4,Staff,Finance,291862333.0,334,Performance,70.94,1
20,30,4,Staff,Finance,291862333.0,334,Quality,69.57,1
20,30,4,Staff,Finance,291862333.0,334,Technical,68.45,1
20,30,4,Staff,Finance,385820825.0,138,Efficiency,66.23,1
20,30,4,Staff,Finance,385820825.0,138,HR,67.59,1
20,30,4,Staff,Finance,385820825.0,138,Innovation,66.55,1
20,30,4,Staff,Finance,385820825.0,138,Project,68.21,1
20,30,4,Staff,Finance,385820825.0,138,Technical,69.41,1
21,24,4,Staff,Quality Assurance,90000000.0,244,Attendance,73.64,1
21,24,4,Staff,Quality Assurance,90000000.0,244,Efficiency,69.77,1
21,24,4,Staff,Quality Assurance,90000000.0,244,Finance,71.56,1
21,24,4,Staff,Quality Assurance,90000000.0,244,HR,66.745,1
21,24,4,Staff,Quality Assurance,90000000.0,244,Quality,67.7675,1
21,24,4,Staff,Quality Assurance,90000000.0,244,Teamwork,71.18,1
21,24,4,Staff,Quality Assurance,90000000.0,244,Technical,70.75,1
21,24,4,Staff,Quality Assurance,134037811.0,31,Attendance,72.38,1
21,24,4,Staff,Quality Assurance,134037811.0,31,Efficiency,69.36,1
21,24,4,Staff,Quality Assurance,134037811.0,31,Finance,65.59,1
21,24,4,Staff,Quality Assurance,134037811.0,31,HR,74.9,1
21,24,4,Staff,Quality Assurance,134037811.0,31,Performance,77.52000000000001,1
21,24,4,Staff,Quality Assurance,134037811.0,31,Quality,67.2,1
21,24,4,Staff,Quality Assurance,134037811.0,31,Technical,74.37,1
21,24,4,Staff,Quality Assurance,134037811.0,31,Time Management,77.8,1
21,24,4,Staff,Quality Assurance,150000000.0,274,Development,63.64,1
21,24,4,Staff,Quality Assurance,150000000.0,274,HR,65.87,1
21,24,4,Staff,Quality Assurance,150000000.0,274,Project,68.84,1
21,24,4,Staff,Quality Assurance,150000000.0,274,Teamwork,70.38,1
21,24,4,Staff,Quality Assurance,178776637.0,118,Attendance,65.24,1
21,24,4,Staff,Quality Assurance,178776637.0,118,Finance,70.28,1
21,24,4,Staff,Quality Assurance,178776637.0,118,HR,64.45,1
21,24,4,Staff,Quality Assurance,178776637.0,118,Performance,74.76,1
21,24,4,Staff,Quality Assurance,178776637.0,118,Project,63.65,1
21,24,4,Staff,Quality Assurance,178776637.0,118,Quality,66.75999999999999,1
21,24,4,Staff,Quality Assurance,178776637.0,118,Technical,70.54,1
21,24,4,Staff,Quality Assurance,178776637.0,118,Time Management,70.72,1
21,24,4,Staff,Quality Assurance,204675132.0,174,Efficiency,65.45,1
21,24,4,Staff,Quality Assurance,204675132.0,174,Innovation,52.334999999999994,1
21,24,4,Staff,Quality Assurance,204675132.0,174,Project,67.61,1
21,24,4,Staff,Quality Assurance,204675132.0,174,Quality,69.0,1
21,24,4,Staff,Quality Assurance,204675132.0,174,Teamwork,72.27,1
21,24,4,Staff,Quality Assurance,204675132.0,174,Technical,70.03,1
21,24,4,Staff,Quality Assurance,204675132.0,174,Time Management,78.88,1
21,24,4,Staff,Quality Assurance,369461833.0,321,HR,61.37,1
21,24,4,Staff,Quality Assurance,369461833.0,321,Innovation,67.86,1
21,24,4,Staff,Quality Assurance,369461833.0,321,Quality,62.12,1
21,24,4,Staff,Quality Assurance,385820825.0,138,Development,64.76,1
21,24,4,Staff,Quality Assurance,385820825.0,138,Performance,71.05,1
21,24,4,Staff,Quality Assurance,385820825.0,138,Quality,60.39,1
21,24,4,Staff,Quality Assurance,385820825.0,138,Teamwork,72.19999999999999,1
21,24,4,Staff,Quality Assurance,385820825.0,138,Technical,62.73,1
21,24,4,Staff,Quality Assurance,397696244.0,106,Attendance,65.705,1
21,24,4,Staff,Quality Assurance,397696244.0,106,Efficiency,61.22,1
21,24,4,Staff,Quality Assurance,397696244.0,106,HR,67.06,1
21,24,4,Staff,Quality Assurance,397696244.0,106,Innovation,67.12,1
21,24,4,Staff,Quality Assurance,397696244.0,106,Performance,73.42,1
21,24,4,Staff,Quality Assurance,397696244.0,106,Project,70.07,1
21,24,4,Staff,Quality Assurance,397696244.0,106,Quality,64.39750000000001,1
21,24,4,Staff,Quality Assurance,397696244.0,106,Teamwork,74.57,1
21,24,4,Staff,Quality Assurance,397696244.0,106,Time Management,78.0,1
22,37,10,Manager,Procurement,90000000.0,244,Attendance,92.48,0
22,37,10,Manager,Procurement,90000000.0,244,Finance,84.95,0
22,37,10,Manager,Procurement,90000000.0,244,Quality,91.32,0
22,37,10,Manager,Procurement,90000000.0,244,Time Management,98.0,0
22,37,10,Manager,Procurement,140000000.0,211,Efficiency,85.9,0
22,37,10,Manager,Procurement,140000000.0,211,Finance,93.4,0
22,37,10,Manager,Procurement,140000000.0,211,HR,94.4425,0
22,37,10,Manager,Procurement,140000000.0,211,Performance,95.36,0
22,37,10,Manager,Procurement,140000000.0,211,Project,93.82,0
22,37,10,Manager,Procurement,140000000.0,211,Quality,91.375,0
22,37,10,Manager,Procurement,140000000.0,211,Teamwork,89.24,0
22,37,10,Manager,Procurement,140000000.0,211,Technical,91.51,0
22,37,10,Manager,Procurement,170000000.0,229,Attendance,87.41499999999999,0
22,37,10,Manager,Procurement,170000000.0,229,Development,81.57,0
22,37,10,Manager,Procurement,190000000.0,241,Finance,90.61,0
22,37,10,Manager,Procurement,190000000.0,241,HR,91.77,0
22,37,10,Manager,Procurement,190000000.0,241,Quality,91.11,0
22,37,10,Manager,Procurement,200000000.0,167,HR,96.69,0
22,37,10,Manager,Procurement,200000000.0,167,Technical,92.08,0
22,37,10,Manager,Procurement,355280620.0,347,Performance,89.31,0
22,37,10,Manager,Procurement,355280620.0,347,Teamwork,91.01,0
22,37,10,Manager,Procurement,377293102.0,80,Efficiency,87.67,0
22,37,10,Manager,Procurement,377293102.0,80,HR,91.4,0
22,37,10,Manager,Procurement,377293102.0,80,Innovation,84.85,0
22,37,10,Manager,Procurement,377293102.0,80,Quality,89.84,0
22,37,10,Manager,Procurement,377293102.0,80,Technical,90.8,0
22,37,10,Manager,Procurement,500000000.0,356,Development,83.7,0
22,37,10,Manager,Procurement,500000000.0,356,Efficiency,90.63,0
22,37,10,Manager,Procurement,500000000.0,356,Finance,85.33,0
22,37,10,Manager,Procurement,500000000.0,356,HR,92.66,0
22,37,10,Manager,Procurement,500000000.0,356,Performance,92.84,0
22,37,10,Manager,Procurement,500000000.0,356,Project,89.51,0
22,37,10,Manager,Procurement,500000000.0,356,Quality,90.82,0
22,37,10,Manager,Procurement,500000000.0,356,Teamwork,93.25,0
22,37,10,Manager,Procurement,500000000.0,356,Time Management,92.6,0
23,24,2,Staff,Quality Assurance,90000000.0,244,Efficiency,66.22,1
23,24,2,Staff,Quality Assurance,90000000.0,244,HR,66.92,1
23,24,2,Staff,Quality Assurance,90000000.0,244,Innovation,65.6,1
23,24,2,Staff,Quality Assurance,90000000.0,244,Quality,54.58,1
23,24,2,Staff,Quality Assurance,90000000.0,244,Teamwork,72.53999999999999,1
23,24,2,Staff,Quality Assurance,140000000.0,211,Development,70.0,1
23,24,2,Staff,Quality Assurance,140000000.0,211,Finance,63.63,1
23,24,2,Staff,Quality Assurance,140000000.0,211,HR,69.7875,1
23,24,2,Staff,Quality Assurance,140000000.0,211,Innovation,62.754999999999995,1
23,24,2,Staff,Quality Assurance,140000000.0,211,Performance,74.19,1
23,24,2,Staff,Quality Assurance,140000000.0,211,Project,67.08,1
23,24,2,Staff,Quality Assurance,140000000.0,211,Teamwork,60.11,1
23,24,2,Staff,Quality Assurance,140000000.0,211,Technical,74.05,1
23,24,2,Staff,Quality Assurance,140000000.0,211,Time Management,64.21000000000001,1
23,24,2,Staff,Quality Assurance,170000000.0,229,Attendance,59.12,1
23,24,2,Staff,Quality Assurance,170000000.0,229,Finance,61.6,1
23,24,2,Staff,Quality Assurance,170000000.0,229,Performance,66.91,1
23,24,2,Staff,Quality Assurance,170000000.0,229,Quality,61.61666666666667,1
23,24,2,Staff,Quality Assurance,200000000.0,167,HR,71.2,1
23,24,2,Staff,Quality Assurance,200000000.0,167,Project,60.31,1
23,24,2,Staff,Quality Assurance,200000000.0,167,Teamwork,77.0,1
23,24,2,Staff,Quality Assurance,278244747.0,88,Efficiency,64.245,1
23,24,2,Staff,Quality Assurance,278244747.0,88,Finance,68.47,1
23,24,2,Staff,Quality Assurance,278244747.0,88,HR,70.24333333333334,1
23,24,2,Staff,Quality Assurance,278244747.0,88,Performance,65.92,1
23,24,2,Staff,Quality Assurance,278244747.0,88,Project,64.9,1
23,24,2,Staff,Quality Assurance,278244747.0,88,Quality,69.5525,1
23,24,2,Staff,Quality Assurance,278244747.0,88,Teamwork,66.98,1
23,24,2,Staff,Quality Assurance,278244747.0,88,Time Management,63.955,1
23,24,2,Staff,Quality Assurance,291862333.0,334,Efficiency,68.43,1
23,24,2,Staff,Quality Assurance,291862333.0,334,Quality,60.68,1
23,24,2,Staff,Quality Assurance,385820825.0,138,Attendance,69.02,1
23,24,2,Staff,Quality Assurance,385820825.0,138,Development,66.42,1
23,24,2,Staff,Quality Assurance,385820825.0,138,Finance,63.05,1
23,24,2,Staff,Quality Assurance,385820825.0,138,HR,71.11,1
23,24,2,Staff,Quality Assurance,385820825.0,138,Innovation,67.18,1
23,24,2,Staff,Quality Assurance,385820825.0,138,Performance,65.24,1
23,24,2,Staff,Quality Assurance,385820825.0,138,Quality,62.251999999999995,1
23,24,2,Staff,Quality Assurance,385820825.0,138,Time Management,68.34,1
23,24,2,Staff,Quality Assurance,400000000.0,259,Finance,63.97,1
23,24,2,Staff,Quality Assurance,400000000.0,259,Performance,65.345,1
23,24,2,Staff,Quality Assurance,400000000.0,259,Project,65.45,1
23,24,2,Staff,Quality Assurance,400000000.0,259,Quality,62.78,1
23,24,2,Staff,Quality Assurance,400000000.0,259,Teamwork,67.92,1
23,24,2,Staff,Quality Assurance,400000000.0,259,Technical,61.32,1
24,37,8,Manager,Legal,50000000.0,211,Development,81.63,0
24,37,8,Manager,Legal,50000000.0,211,HR,95.34,0
24,37,8,Manager,Legal,50000000.0,211,Innovation,89.33,0
24,37,8,Manager,Legal,50000000.0,211,Performance,88.115,0
24,37,8,Manager,Legal,50000000.0,211,Project,90.75666666666666,0
24,37,8,Manager,Legal,50000000.0,211,Quality,84.445,0
24,37,8,Manager,Legal,75000000.0,203,Finance,90.53,0
24,37,8,Manager,Legal,75000000.0,203,HR,90.16499999999999,0
24,37,8,Manager,Legal,75000000.0,203,Performance,92.19666666666667,0
24,37,8,Manager,Legal,75000000.0,203,Project,87.185,0
24,37,8,Manager,Legal,75000000.0,203,Quality,91.84,0
24,37,8,Manager,Legal,120000000.0,152,HR,90.94,0
24,37,8,Manager,Legal,120000000.0,152,Performance,90.785,0
24,37,8,Manager,Legal,120000000.0,152,Project,84.44,0
24,37,8,Manager,Legal,120000000.0,152,Quality,88.26,0
24,37,8,Manager,Legal,120000000.0,152,Teamwork,96.06,0
24,37,8,Manager,Legal,120000000.0,152,Time Management,91.01,0
24,37,8,Manager,Legal,204675132.0,174,Efficiency,83.89,0
24,37,8,Manager,Legal,204675132.0,174,HR,95.01,0
24,37,8,Manager,Legal,204675132.0,174,Quality,88.265,0
24,37,8,Manager,Legal,204675132.0,174,Teamwork,98.0,0
24,37,8,Manager,Legal,377293102.0,80,Attendance,87.38,0
24,37,8,Manager,Legal,377293102.0,80,HR,85.24,0
24,37,8,Manager,Legal,377293102.0,80,Performance,94.31,0
24,37,8,Manager,Legal,377293102.0,80,Project,86.56,0
24,37,8,Manager,Legal,377293102.0,80,Quality,87.77,0
24,37,8,Manager,Legal,385820825.0,138,Development,82.31,0
24,37,8,Manager,Legal,385820825.0,138,Efficiency,92.23,0
24,37,8,Manager,Legal,385820825.0,138,Finance,84.56,0
24,37,8,Manager,Legal,385820825.0,138,HR,89.05,0
24,37,8,Manager,Legal,385820825.0,138,Quality,90.48,0
24,37,8,Manager,Legal,385820825.0,138,Time Management,95.78,0
24,37,8,Manager,Legal,404564658.0,71,HR,88.27,0
24,37,8,Manager,Legal,404564658.0,71,Project,93.96,0
24,37,8,Manager,Legal,404564658.0,71,Teamwork,87.85,0
24,37,8,Manager,Legal,472961951.0,350,Attendance,92.445,0
24,37,8,Manager,Legal,472961951.0,350,Efficiency,92.27,0
24,37,8,Manager,Legal,472961951.0,350,Finance,83.26,0
24,37,8,Manager,Legal,472961951.0,350,Innovation,84.73,0
24,37,8,Manager,Legal,472961951.0,350,Quality,89.4,0
24,37,8,Manager,Legal,472961951.0,350,Time Management,91.32666666666667,0
25,27,4,Staff,Design,82017929.0,114,Attendance,73.76,1
25,27,4,Staff,Design,82017929.0,114,Development,63.36,1
25,27,4,Staff,Design,82017929.0,114,Finance,57.2,1
25,27,4,Staff,Design,82017929.0,114,HR,61.85,1
25,27,4,Staff,Design,82017929.0,114,Teamwork,71.44,1
25,27,4,Staff,Design,82017929.0,114,Technical,68.46,1
25,27,4,Staff,Design,90000000.0,244,Finance,64.69,1
25,27,4,Staff,Design,90000000.0,244,Innovation,67.53,1
25,27,4,Staff,Design,90000000.0,244,Performance,64.79,1
25,27,4,Staff,Design,90000000.0,244,Project,65.78,1
25,27,4,Staff,Design,90000000.0,244,Quality,69.89,1
25,27,4,Staff,Design,134037811.0,31,Attendance,66.59,1
25,27,4,Staff,Design,134037811.0,31,Finance,60.05,1
25,27,4,Staff,Design,134037811.0,31,Innovation,67.99,1
25,27,4,Staff,Design,134037811.0,31,Performance,68.39,1
25,27,4,Staff,Design,134037811.0,31,Quality,65.90666666666667,1
25,27,4,Staff,Design,134037811.0,31,Time Management,70.3,1
25,27,4,Staff,Design,180000000.0,193,Attendance,64.38,1
25,27,4,Staff,Design,180000000.0,193,Development,65.19,1
25,27,4,Staff,Design,180000000.0,193,Efficiency,70.38,1
25,27,4,Staff,Design,180000000.0,193,HR,74.31,1
25,27,4,Staff,Design,180000000.0,193,Innovation,59.035,1
25,27,4,Staff,Design,180000000.0,193,Performance,64.92,1
25,27,4,Staff,Design,180000000.0,193,Project,69.78,1
25,27,4,Staff,Design,180000000.0,193,Quality,64.58500000000001,1
25,27,4,Staff,Design,180000000.0,193,Teamwork,73.67,1
25,27,4,Staff,Design,190000000.0,241,Development,65.46,1
25,27,4,Staff,Design,190000000.0,241,HR,70.21,1
25,27,4,Staff,Design,190000000.0,241,Performance,69.075,1
25,27,4,Staff,Design,190000000.0,241,Quality,61.075,1
25,27,4,Staff,Design,190000000.0,241,Teamwork,71.49,1
25,27,4,Staff,Design,190000000.0,241,Time Management,65.41499999999999,1
25,27,4,Staff,Design,206368642.0,46,Attendance,70.79,1
25,27,4,Staff,Design,206368642.0,46,Development,62.975,1
25,27,4,Staff,Design,206368642.0,46,HR,64.64,1
25,27,4,Staff,Design,206368642.0,46,Project,66.56,1
25,27,4,Staff,Design,206368642.0,46,Technical,61.53,1
25,27,4,Staff,Design,220000000.0,225,Attendance,70.7,1
25,27,4,Staff,Design,220000000.0,225,Efficiency,67.79,1
25,27,4,Staff,Design,220000000.0,225,Finance,58.95,1
25,27,4,Staff,Design,220000000.0,225,HR,66.92666666666666,1
25,27,4,Staff,Design,220000000.0,225,Quality,64.98333333333333,1
25,27,4,Staff,Design,220000000.0,225,Time Management,67.99,1
25,27,4,Staff,Design,500000000.0,356,Efficiency,66.05,1
25,27,4,Staff,Design,500000000.0,356,HR,71.64,1
25,27,4,Staff,Design,500000000.0,356,Performance,64.6,1
25,27,4,Staff,Design,500000000.0,356,Quality,68.11,1
26,31,5,Staff,Design,50000000.0,211,Attendance,72.48500000000001,1
26,31,5,Staff,Design,50000000.0,211,Development,62.99,1
26,31,5,Staff,Design,50000000.0,211,Efficiency,73.44,1
26,31,5,Staff,Design,50000000.0,211,Finance,70.05,1
26,31,5,Staff,Design,50000000.0,211,Performance,72.595,1
26,31,5,Staff,Design,50000000.0,211,Quality,66.51,1
26,31,5,Staff,Design,50000000.0,211,Teamwork,68.06,1
26,31,5,Staff,Design,50000000.0,211,Time Management,68.49,1
26,31,5,Staff,Design,82017929.0,114,Attendance,70.05,1
26,31,5,Staff,Design,82017929.0,114,Efficiency,68.99,1
26,31,5,Staff,Design,82017929.0,114,HR,70.56,1
26,31,5,Staff,Design,82017929.0,114,Performance,76.12,1
26,31,5,Staff,Design,82017929.0,114,Project,63.3,1
26,31,5,Staff,Design,82017929.0,114,Quality,61.94,1
26,31,5,Staff,Design,82017929.0,114,Time Management,62.39,1
26,31,5,Staff,Design,110000000.0,199,Attendance,76.78,1
26,31,5,Staff,Design,110000000.0,199,Development,59.39,1
26,31,5,Staff,Design,110000000.0,199,Efficiency,63.17,1
26,31,5,Staff,Design,110000000.0,199,Finance,66.30499999999999,1
26,31,5,Staff,Design,110000000.0,199,HR,73.49000000000001,1
26,31,5,Staff,Design,110000000.0,199,Project,68.99,1
26,31,5,Staff,Design,110000000.0,199,Quality,59.66,1
26,31,5,Staff,Design,140000000.0,211,HR,69.25,1
26,31,5,Staff,Design,206368642.0,46,Attendance,74.155,1
26,31,5,Staff,Design,206368642.0,46,Efficiency,63.08,1
26,31,5,Staff,Design,206368642.0,46,Project,67.92,1
26,31,5,Staff,Design,206368642.0,46,Quality,66.05,1
26,31,5,Staff,Design,206368642.0,46,Teamwork,74.36,1
26,31,5,Staff,Design,355280620.0,347,Development,63.8,1
26,31,5,Staff,Design,355280620.0,347,Efficiency,72.11,1
26,31,5,Staff,Design,355280620.0,347,HR,67.88499999999999,1
26,31,5,Staff,Design,355280620.0,347,Innovation,64.41,1
26,31,5,Staff,Design,355280620.0,347,Performance,63.28,1
26,31,5,Staff,Design,355280620.0,347,Teamwork,67.72,1
26,31,5,Staff,Design,375514309.0,335,Attendance,73.86,1
26,31,5,Staff,Design,375514309.0,335,Development,59.12,1
26,31,5,Staff,Design,375514309.0,335,Finance,66.12,1
26,31,5,Staff,Design,375514309.0,335,HR,68.81,1
26,31,5,Staff,Design,375514309.0,335,Project,71.37,1
26,31,5,Staff,Design,375514309.0,335,Quality,66.25666666666667,1
26,31,5,Staff,Design,375514309.0,335,Technical,70.33500000000001,1
26,31,5,Staff,Design,375514309.0,335,Time Management,61.74,1
26,31,5,Staff,Design,377293102.0,80,Attendance,64.8,1
26,31,5,Staff,Design,377293102.0,80,Efficiency,71.93,1
26,31,5,Staff,Design,377293102.0,80,Quality,58.91,1
26,31,5,Staff,Design,377293102.0,80,Technical,70.01,1
26,31,5,Staff,Design,377293102.0,80,Time Management,65.86,1
27,23,4,Staff,Finance,75000000.0,203,Attendance,61.92,1
27,23,4,Staff,Finance,75000000.0,203,Development,60.17,1
27,23,4,Staff,Finance,75000000.0,203,Performance,65.62,1
27,23,4,Staff,Finance,75000000.0,203,Project,72.8,1
27,23,4,Staff,Finance,75000000.0,203,Quality,63.935,1
27,23,4,Staff,Finance,75000000.0,203,Technical,67.92,1
27,23,4,Staff,Finance,75000000.0,203,Time Management,58.27,1
27,23,4,Staff,Finance,134037811.0,31,Finance,71.0,1
27,23,4,Staff,Finance,134037811.0,31,Project,72.17,1
27,23,4,Staff,Finance,134037811.0,31,Quality,71.26,1
27,23,4,Staff,Finance,134037811.0,31,Time Management,78.88,1
27,23,4,Staff,Finance,178776637.0,118,Attendance,76.4,1
27,23,4,Staff,Finance,178776637.0,118,Development,62.08,1
27,23,4,Staff,Finance,178776637.0,118,Efficiency,63.95,1
27,23,4,Staff,Finance,178776637.0,118,Finance,70.205,1
27,23,4,Staff,Finance,178776637.0,118,HR,67.93,1
27,23,4,Staff,Finance,178776637.0,118,Innovation,65.35,1
27,23,4,Staff,Finance,178776637.0,118,Performance,62.75,1
27,23,4,Staff,Finance,178776637.0,118,Project,71.21,1
27,23,4,Staff,Finance,178776637.0,118,Quality,67.45,1
27,23,4,Staff,Finance,178776637.0,118,Teamwork,67.365,1
27,23,4,Staff,Finance,178776637.0,118,Technical,66.725,1
27,23,4,Staff,Finance,291862333.0,334,Development,67.37,1
27,23,4,Staff,Finance,291862333.0,334,Efficiency,71.77,1
27,23,4,Staff,Finance,291862333.0,334,Finance,69.66,1
27,23,4,Staff,Finance,291862333.0,334,HR,67.85,1
27,23,4,Staff,Finance,291862333.0,334,Innovation,60.05,1
27,23,4,Staff,Finance,291862333.0,334,Project,71.57,1
27,23,4,Staff,Finance,291862333.0,334,Quality,67.66666666666667,1
27,23,4,Staff,Finance,291862333.0,334,Teamwork,76.55,1
27,23,4,Staff,Finance,291862333.0,334,Time Management,71.82,1
27,23,4,Staff,Finance,291868109.0,256,Attendance,69.54,1
27,23,4,Staff,Finance,291868109.0,256,Efficiency,65.7,1
27,23,4,Staff,Finance,291868109.0,256,Finance,61.215,1
27,23,4,Staff,Finance,291868109.0,256,Innovation,50.99,1
27,23,4,Staff,Finance,291868109.0,256,Quality,62.74,1
27,23,4,Staff,Finance,355280620.0,347,HR,64.885,1
27,23,4,Staff,Finance,355280620.0,347,Innovation,51.32,1
27,23,4,Staff,Finance,355280620.0,347,Performance,56.99,1
27,23,4,Staff,Finance,355280620.0,347,Quality,61.21,1
27,23,4,Staff,Finance,355280620.0,347,Teamwork,65.915,1
27,23,4,Staff,Finance,355280620.0,347,Technical,62.58,1
27,23,4,Staff,Finance,466447298.0,297,Attendance,68.44,1
27,23,4,Staff,Finance,466447298.0,297,Development,60.98,1
27,23,4,Staff,Finance,466447298.0,297,Efficiency,70.78,1
27,23,4,Staff,Finance,466447298.0,297,HR,72.14,1
27,23,4,Staff,Finance,466447298.0,297,Performance,71.9,1
27,23,4,Staff,Finance,466447298.0,297,Quality,67.54333333333334,1
27,23,4,Staff,Finance,472961951.0,350,Attendance,66.79,1
27,23,4,Staff,Finance,472961951.0,350,Development,65.35,1
27,23,4,Staff,Finance,472961951.0,350,Finance,62.21,1
28,31,1,Staff,Procurement,80000000.0,138,Development,37.61,1
28,31,1,Staff,Procurement,80000000.0,138,Efficiency,58.22,1
28,31,1,Staff,Procurement,80000000.0,138,Finance,38.87,1
28,31,1,Staff,Procurement,80000000.0,138,HR,52.09,1
28,31,1,Staff,Procurement,80000000.0,138,Quality,46.59,1
28,31,1,Staff,Procurement,80000000.0,138,Teamwork,50.735,1
28,31,1,Staff,Procurement,80000000.0,138,Time Management,46.81,1
28,31,1,Staff,Procurement,95000000.0,211,Development,42.32,1
28,31,1,Staff,Procurement,95000000.0,211,Efficiency,50.35,1
28,31,1,Staff,Procurement,95000000.0,211,HR,51.26,1
28,31,1,Staff,Procurement,95000000.0,211,Quality,43.8,1
28,31,1,Staff,Procurement,110000000.0,199,HR,46.94,1
28,31,1,Staff,Procurement,110000000.0,199,Innovation,46.59,1
28,31,1,Staff,Procurement,110000000.0,199,Performance,39.745000000000005,1
28,31,1,Staff,Procurement,110000000.0,199,Quality,42.545,1
28,31,1,Staff,Procurement,110000000.0,199,Technical,43.455,1
28,31,1,Staff,Procurement,178776637.0,118,Attendance,60.85,1
28,31,1,Staff,Procurement,178776637.0,118,Efficiency,45.93000000000001,1
28,31,1,Staff,Procurement,178776637.0,118,Finance,48.83,1
28,31,1,Staff,Procurement,178776637.0,118,HR,48.495000000000005,1
28,31,1,Staff,Procurement,178776637.0,118,Performance,52.36,1
28,31,1,Staff,Procurement,178776637.0,118,Project,45.25,1
28,31,1,Staff,Procurement,178776637.0,118,Quality,47.5,1
28,31,1,Staff,Procurement,178776637.0,118,Teamwork,41.245,1
28,31,1,Staff,Procurement,178776637.0,118,Time Management,43.59,1
28,31,1,Staff,Procurement,291868109.0,256,Attendance,60.35,1
28,31,1,Staff,Procurement,291868109.0,256,Development,34.78,1
28,31,1,Staff,Procurement,291868109.0,256,HR,49.13,1
28,31,1,Staff,Procurement,291868109.0,256,Innovation,38.47,1
28,31,1,Staff,Procurement,291868109.0,256,Quality,40.64,1
28,31,1,Staff,Procurement,291868109.0,256,Teamwork,49.29,1
28,31,1,Staff,Procurement,400000000.0,259,Development,54.03,1
28,31,1,Staff,Procurement,400000000.0,259,Efficiency,51.25,1
28,31,1,Staff,Procurement,400000000.0,259,HR,47.13,1
28,31,1,Staff,Procurement,400000000.0,259,Quality,47.66,1
28,31,1,Staff,Procurement,466447298.0,297,Development,32.63,1
28,31,1,Staff,Procurement,466447298.0,297,Efficiency,46.85,1
28,31,1,Staff,Procurement,466447298.0,297,HR,42.11,1
28,31,1,Staff,Procurement,466447298.0,297,Quality,43.86,1
28,31,1,Staff,Procurement,500000000.0,356,Attendance,51.27,1
28,31,1,Staff,Procurement,500000000.0,356,Development,49.01,1
28,31,1,Staff,Procurement,500000000.0,356,HR,53.6,1
28,31,1,Staff,Procurement,500000000.0,356,Project,40.03,1
28,31,1,Staff,Procurement,500000000.0,356,Quality,40.77,1
28,31,1,Staff,Procurement,500000000.0,356,Technical,45.73,1
29,35,6,Senior Staff,Design,75000000.0,203,Attendance,65.44,1
29,35,6,Senior Staff,Design,75000000.0,203,Finance,75.39,1
29,35,6,Senior Staff,Design,75000000.0,203,Project,71.6,1
29,35,6,Senior Staff,Design,75000000.0,203,Quality,64.075,1
29,35,6,Senior Staff,Design,75000000.0,203,Teamwork,67.55,1
29,35,6,Senior Staff,Design,75000000.0,203,Time Management,70.73,1
29,35,6,Senior Staff,Design,90000000.0,244,Attendance,60.13,1
29,35,6,Senior Staff,Design,90000000.0,244,Efficiency,65.21000000000001,1
29,35,6,Senior Staff,Design,90000000.0,244,Innovation,62.61,1
29,35,6,Senior Staff,Design,90000000.0,244,Performance,66.21,1
29,35,6,Senior Staff,Design,90000000.0,244,Quality,68.7,1
29,35,6,Senior Staff,Design,95000000.0,211,Attendance,75.37,1
29,35,6,Senior Staff,Design,95000000.0,211,HR,68.69,1
29,35,6,Senior Staff,Design,95000000.0,211,Innovation,65.05,1
29,35,6,Senior Staff,Design,95000000.0,211,Teamwork,72.38,1
29,35,6,Senior Staff,Design,95000000.0,211,Technical,61.64,1
29,35,6,Senior Staff,Design,110000000.0,199,Attendance,73.85,1
29,35,6,Senior Staff,Design,110000000.0,199,Development,56.754999999999995,1
29,35,6,Senior Staff,Design,110000000.0,199,Efficiency,75.37,1
29,35,6,Senior Staff,Design,110000000.0,199,Finance,67.5,1
29,35,6,Senior Staff,Design,110000000.0,199,HR,67.55,1
29,35,6,Senior Staff,Design,110000000.0,199,Project,64.71,1
29,35,6,Senior Staff,Design,110000000.0,199,Quality,66.58666666666666,1
29,35,6,Senior Staff,Design,110000000.0,199,Teamwork,75.63,1
29,35,6,Senior Staff,Design,110000000.0,199,Technical,66.32,1
29,35,6,Senior Staff,Design,190000000.0,241,Development,65.22000000000001,1
29,35,6,Senior Staff,Design,190000000.0,241,Efficiency,65.41499999999999,1
29,35,6,Senior Staff,Design,190000000.0,241,HR,71.515,1
29,35,6,Senior Staff,Design,190000000.0,241,Innovation,62.77,1
29,35,6,Senior Staff,Design,190000000.0,241,Project,70.49,1
29,35,6,Senior Staff,Design,190000000.0,241,Quality,60.775,1
29,35,6,Senior Staff,Design,190000000.0,241,Technical,63.19,1
29,35,6,Senior Staff,Design,355280620.0,347,Attendance,68.13,1
29,35,6,Senior Staff,Design,355280620.0,347,Development,62.52,1
29,35,6,Senior Staff,Design,355280620.0,347,Finance,55.89,1
29,35,6,Senior Staff,Design,355280620.0,347,Teamwork,79.36,1
29,35,6,Senior Staff,Design,400000000.0,259,Development,68.31333333333333,1
29,35,6,Senior Staff,Design,400000000.0,259,HR,68.305,1
29,35,6,Senior Staff,Design,400000000.0,259,Performance,73.41499999999999,1
29,35,6,Senior Staff,Design,400000000.0,259,Project,67.22,1
29,35,6,Senior Staff,Design,400000000.0,259,Quality,66.40333333333334,1
29,35,6,Senior Staff,Design,400000000.0,259,Time Management,72.61,1
29,35,6,Senior Staff,Design,404564658.0,71,Project,73.86,1
30,34,8,Manager,Procurement,60000000.0,214,Development,80.24,0
30,34,8,Manager,Procurement,60000000.0,214,HR,97.01,0
30,34,8,Manager,Procurement,60000000.0,214,Project,87.0,0
30,34,8,Manager,Procurement,60000000.0,214,Technical,90.52,0
30,34,8,Manager,Procurement,130000000.0,303,Efficiency,89.045,0
30,34,8,Manager,Procurement,130000000.0,303,Finance,89.16,0
30,34,8,Manager,Procurement,130000000.0,303,HR,90.73,0
30,34,8,Manager,Procurement,130000000.0,303,Innovation,89.27,0
30,34,8,Manager,Procurement,130000000.0,303,Performance,91.33,0
30,34,8,Manager,Procurement,130000000.0,303,Project,89.58500000000001,0
30,34,8,Manager,Procurement,130000000.0,303,Quality,85.96333333333332,0
30,34,8,Manager,Procurement,130000000.0,303,Teamwork,92.02,0
30,34,8,Manager,Procurement,130000000.0,303,Time Management,95.99,0
30,34,8,Manager,Procurement,140000000.0,211,Attendance,92.7,0
30,34,8,Manager,Procurement,140000000.0,211,Development,85.64,0
30,34,8,Manager,Procurement,140000000.0,211,Efficiency,89.68,0
30,34,8,Manager,Procurement,140000000.0,211,Finance,92.69,0
30,34,8,Manager,Procurement,140000000.0,211,HR,87.575,0
30,34,8,Manager,Procurement,140000000.0,211,Performance,89.77,0
30,34,8,Manager,Procurement,140000000.0,211,Project,87.92,0
30,34,8,Manager,Procurement,140000000.0,211,Quality,85.51,0
30,34,8,Manager,Procurement,140000000.0,211,Teamwork,87.235,0
30,34,8,Manager,Procurement,140000000.0,211,Technical,96.12,0
30,34,8,Manager,Procurement,140000000.0,211,Time Management,95.75,0
30,34,8,Manager,Procurement,178776637.0,118,Attendance,98.0,0
30,34,8,Manager,Procurement,178776637.0,118,Development,89.66,0
30,34,8,Manager,Procurement,178776637.0,118,Innovation,88.515,0
30,34,8,Manager,Procurement,178776637.0,118,Performance,86.26,0
30,34,8,Manager,Procurement,178776637.0,118,Project,84.78,0
30,34,8,Manager,Procurement,178776637.0,118,Quality,88.31,0
30,34,8,Manager,Procurement,178776637.0,118,Technical,91.61,0
30,34,8,Manager,Procurement,200000000.0,167,Development,87.52,0
30,34,8,Manager,Procurement,200000000.0,167,Finance,81.58,0
30,34,8,Manager,Procurement,200000000.0,167,Technical,87.59,0
30,34,8,Manager,Procurement,300000000.0,242,Development,88.735,0
30,34,8,Manager,Procurement,300000000.0,242,Finance,84.13,0
30,34,8,Manager,Procurement,300000000.0,242,HR,90.12,0
30,34,8,Manager,Procurement,300000000.0,242,Innovation,88.39,0
30,34,8,Manager,Procurement,300000000.0,242,Performance,83.07,0
30,34,8,Manager,Procurement,300000000.0,242,Project,87.01,0
30,34,8,Manager,Procurement,300000000.0,242,Quality,86.475,0
30,34,8,Manager,Procurement,300000000.0,242,Time Management,95.69,0
30,34,8,Manager,Procurement,397696244.0,106,Finance,82.57,0
30,34,8,Manager,Procurement,397696244.0,106,Innovation,84.11,0
30,34,8,Manager,Procurement,397696244.0,106,Technical,86.43,0
30,34,8,Manager,Procurement,400000000.0,259,Development,85.21,0
30,34,8,Manager,Procurement,400000000.0,259,Innovation,93.13,0
30,34,8,Manager,Procurement,400000000.0,259,Quality,87.86,0
31,31,5,Senior Staff,Quality Assurance,60000000.0,214,Development,68.16,1
31,31,5,Senior Staff,Quality Assurance,60000000.0,214,Finance,81.92,1
31,31,5,Senior Staff,Quality Assurance,60000000.0,214,HR,74.88,1
31,31,5,Senior Staff,Quality Assurance,60000000.0,214,Quality,65.92,1
31,31,5,Senior Staff,Quality Assurance,134037811.0,31,Attendance,70.94,1
31,31,5,Senior Staff,Quality Assurance,134037811.0,31,HR,79.87,1
31,31,5,Senior Staff,Quality Assurance,134037811.0,31,Innovation,67.79,1
31,31,5,Senior Staff,Quality Assurance,134037811.0,31,Performance,71.61,1
31,31,5,Senior Staff,Quality Assurance,134037811.0,31,Project,65.11,1
31,31,5,Senior Staff,Quality Assurance,134037811.0,31,Teamwork,76.78,1
31,31,5,Senior Staff,Quality Assurance,190000000.0,241,Attendance,70.39,1
31,31,5,Senior Staff,Quality Assurance,190000000.0,241,Development,70.55,1
31,31,5,Senior Staff,Quality Assurance,190000000.0,241,Performance,62.98,1
31,31,5,Senior Staff,Quality Assurance,190000000.0,241,Quality,68.46,1
31,31,5,Senior Staff,Quality Assurance,300000000.0,242,Attendance,75.45,1
31,31,5,Senior Staff,Quality Assurance,300000000.0,242,HR,73.00999999999999,1
31,31,5,Senior Staff,Quality Assurance,300000000.0,242,Performance,65.28,1
31,31,5,Senior Staff,Quality Assurance,300000000.0,242,Quality,65.76,1
31,31,5,Senior Staff,Quality Assurance,355280620.0,347,Efficiency,65.41,1
31,31,5,Senior Staff,Quality Assurance,355280620.0,347,Finance,70.98,1
31,31,5,Senior Staff,Quality Assurance,355280620.0,347,HR,70.15,1
31,31,5,Senior Staff,Quality Assurance,355280620.0,347,Innovation,61.41,1
31,31,5,Senior Staff,Quality Assurance,355280620.0,347,Project,71.43,1
31,31,5,Senior Staff,Quality Assurance,355280620.0,347,Quality,60.05,1
31,31,5,Senior Staff,Quality Assurance,397696244.0,106,Performance,62.02,1
31,31,5,Senior Staff,Quality Assurance,404564658.0,71,Development,68.38,1
31,31,5,Senior Staff,Quality Assurance,404564658.0,71,HR,75.745,1
31,31,5,Senior Staff,Quality Assurance,404564658.0,71,Quality,68.32,1
31,31,5,Senior Staff,Quality Assurance,404564658.0,71,Time Management,72.4,1
31,31,5,Senior Staff,Quality Assurance,472961951.0,350,Innovation,72.15,1
31,31,5,Senior Staff,Quality Assurance,472961951.0,350,Project,72.19,1
31,31,5,Senior Staff,Quality Assurance,472961951.0,350,Quality,67.19,1
31,31,5,Senior Staff,Quality Assurance,472961951.0,350,Teamwork,71.96,1
31,31,5,Senior Staff,Quality Assurance,472961951.0,350,Time Management,69.73,1
32,41,13,Senior Manager,Human Resources,110000000.0,199,Efficiency,98.0,0
32,41,13,Senior Manager,Human Resources,110000000.0,199,HR,98.0,0
32,41,13,Senior Manager,Human Resources,110000000.0,199,Performance,98.0,0
32,41,13,Senior Manager,Human Resources,110000000.0,199,Project,98.0,0
32,41,13,Senior Manager,Human Resources,110000000.0,199,Quality,98.0,0
32,41,13,Senior Manager,Human Resources,110000000.0,199,Teamwork,98.0,0
32,41,13,Senior Manager,Human Resources,134037811.0,31,Efficiency,98.0,0
32,41,13,Senior Manager,Human Resources,134037811.0,31,HR,98.0,0
32,41,13,Senior Manager,Human Resources,134037811.0,31,Project,98.0,0
32,41,13,Senior Manager,Human Resources,134037811.0,31,Quality,98.0,0
32,41,13,Senior Manager,Human Resources,134037811.0,31,Teamwork,98.0,0
32,41,13,Senior Manager,Human Resources,134037811.0,31,Time Management,98.0,0
32,41,13,Senior Manager,Human Resources,200000000.0,167,Attendance,98.0,0
32,41,13,Senior Manager,Human Resources,200000000.0,167,Development,98.0,0
32,41,13,Senior Manager,Human Resources,200000000.0,167,HR,98.0,0
32,41,13,Senior Manager,Human Resources,200000000.0,167,Performance,98.0,0
32,41,13,Senior Manager,Human Resources,200000000.0,167,Project,98.0,0
32,41,13,Senior Manager,Human Resources,200000000.0,167,Quality,98.0,0
32,41,13,Senior Manager,Human Resources,220000000.0,225,Finance,98.0,0
32,41,13,Senior Manager,Human Resources,220000000.0,225,Performance,98.0,0
32,41,13,Senior Manager,Human Resources,220000000.0,225,Project,98.0,0
32,41,13,Senior Manager,Human Resources,220000000.0,225,Quality,98.0,0
32,41,13,Senior Manager,Human Resources,291862333.0,334,Attendance,98.0,0
32,41,13,Senior Manager,Human Resources,291862333.0,334,Development,98.0,0
32,41,13,Senior Manager,Human Resources,291862333.0,334,HR,98.0,0
32,41,13,Senior Manager,Human Resources,291862333.0,334,Project,98.0,0
32,41,13,Senior Manager,Human Resources,300000000.0,242,Development,93.71,0
32,41,13,Senior Manager,Human Resources,300000000.0,242,Efficiency,98.0,0
32,41,13,Senior Manager,Human Resources,300000000.0,242,Finance,97.53,0
32,41,13,Senior Manager,Human Resources,300000000.0,242,HR,98.0,0
32,41,13,Senior Manager,Human Resources,300000000.0,242,Performance,98.0,0
32,41,13,Senior Manager,Human Resources,300000000.0,242,Project,97.19666666666667,0
32,41,13,Senior Manager,Human Resources,300000000.0,242,Quality,97.535,0
32,41,13,Senior Manager,Human Resources,300000000.0,242,Teamwork,98.0,0
32,41,13,Senior Manager,Human Resources,300000000.0,242,Technical,98.0,0
32,41,13,Senior Manager,Human Resources,385820825.0,138,Attendance,98.0,0
32,41,13,Senior Manager,Human Resources,385820825.0,138,Development,98.0,0
32,41,13,Senior Manager,Human Resources,385820825.0,138,Efficiency,98.0,0
32,41,13,Senior Manager,Human Resources,385820825.0,138,HR,98.0,0
32,41,13,Senior Manager,Human Resources,385820825.0,138,Innovation,98.0,0
32,41,13,Senior Manager,Human Resources,385820825.0,138,Performance,98.0,0
32,41,13,Senior Manager,Human Resources,385820825.0,138,Quality,98.0,0
32,41,13,Senior Manager,Human Resources,385820825.0,138,Teamwork,98.0,0
32,41,13,Senior Manager,Human Resources,385820825.0,138,Time Management,98.0,0
32,41,13,Senior Manager,Human Resources,400000000.0,259,Efficiency,98.0,0
32,41,13,Senior Manager,Human Resources,400000000.0,259,HR,97.44,0
32,41,13,Senior Manager,Human Resources,400000000.0,259,Project,98.0,0
32,41,13,Senior Manager,Human Resources,400000000.0,259,Quality,98.0,0
33,23,1,Staff,Marketing,120000000.0,152,Development,45.58,1
33,23,1,Staff,Marketing,120000000.0,152,Finance,44.65,1
33,23,1,Staff,Marketing,120000000.0,152,Innovation,41.47,1
33,23,1,Staff,Marketing,120000000.0,152,Performance,50.03,1
33,23,1,Staff,Marketing,120000000.0,152,Project,56.24,1
33,23,1,Staff,Marketing,120000000.0,152,Quality,51.14,1
33,23,1,Staff,Marketing,120000000.0,152,Teamwork,49.1,1
33,23,1,Staff,Marketing,120000000.0,152,Time Management,56.61,1
33,23,1,Staff,Marketing,130000000.0,303,Finance,55.64,1
33,23,1,Staff,Marketing,130000000.0,303,HR,40.12,1
33,23,1,Staff,Marketing,130000000.0,303,Performance,54.57,1
33,23,1,Staff,Marketing,130000000.0,303,Quality,48.87,1
33,23,1,Staff,Marketing,130000000.0,303,Technical,55.88,1
33,23,1,Staff,Marketing,130000000.0,303,Time Management,47.15,1
33,23,1,Staff,Marketing,134037811.0,31,Finance,45.47,1
33,23,1,Staff,Marketing,134037811.0,31,HR,49.76,1
33,23,1,Staff,Marketing,134037811.0,31,Innovation,43.24,1
33,23,1,Staff,Marketing,190000000.0,241,Development,45.254999999999995,1
33,23,1,Staff,Marketing,190000000.0,241,Performance,49.37,1
33,23,1,Staff,Marketing,190000000.0,241,Quality,50.93,1
33,23,1,Staff,Marketing,190000000.0,241,Time Management,52.4,1
33,23,1,Staff,Marketing,365962025.0,249,Efficiency,53.85,1
33,23,1,Staff,Marketing,365962025.0,249,Quality,39.58,1
33,23,1,Staff,Marketing,365962025.0,249,Teamwork,54.095,1
33,23,1,Staff,Marketing,365962025.0,249,Technical,50.185,1
33,23,1,Staff,Marketing,375514309.0,335,Attendance,51.74,1
33,23,1,Staff,Marketing,375514309.0,335,Finance,45.66,1
33,23,1,Staff,Marketing,375514309.0,335,HR,47.55,1
33,23,1,Staff,Marketing,375514309.0,335,Project,46.35,1
33,23,1,Staff,Marketing,375514309.0,335,Quality,53.68666666666667,1
33,23,1,Staff,Marketing,375514309.0,335,Technical,53.69,1
33,23,1,Staff,Marketing,385820825.0,138,HR,48.8,1
33,23,1,Staff,Marketing,385820825.0,138,Project,45.79,1
33,23,1,Staff,Marketing,385820825.0,138,Quality,57.19,1
33,23,1,Staff,Marketing,385820825.0,138,Time Management,43.6,1
33,23,1,Staff,Marketing,466447298.0,297,Efficiency,52.44,1
33,23,1,Staff,Marketing,466447298.0,297,HR,50.48,1
33,23,1,Staff,Marketing,466447298.0,297,Performance,55.7,1
33,23,1,Staff,Marketing,466447298.0,297,Project,57.06,1
33,23,1,Staff,Marketing,466447298.0,297,Quality,49.9525,1
33,23,1,Staff,Marketing,466447298.0,297,Teamwork,53.21,1
33,23,1,Staff,Marketing,466447298.0,297,Technical,41.04,1
33,23,1,Staff,Marketing,466447298.0,297,Time Management,58.9,1
34,25,2,Staff,Quality Assurance,60000000.0,214,Development,59.28,1
34,25,2,Staff,Quality Assurance,60000000.0,214,Efficiency,64.97,1
34,25,2,Staff,Quality Assurance,60000000.0,214,Performance,74.06,1
34,25,2,Staff,Quality Assurance,60000000.0,214,Quality,62.3,1
34,25,2,Staff,Quality Assurance,60000000.0,214,Technical,71.49,1
34,25,2,Staff,Quality Assurance,60000000.0,214,Time Management,66.005,1
34,25,2,Staff,Quality Assurance,82017929.0,114,Development,65.18,1
34,25,2,Staff,Quality Assurance,82017929.0,114,HR,68.37,1
34,25,2,Staff,Quality Assurance,82017929.0,114,Innovation,59.4,1
34,25,2,Staff,Quality Assurance,82017929.0,114,Performance,65.79,1
34,25,2,Staff,Quality Assurance,82017929.0,114,Quality,69.33,1
34,25,2,Staff,Quality Assurance,82017929.0,114,Technical,63.54,1
34,25,2,Staff,Quality Assurance,82017929.0,114,Time Management,66.87,1
34,25,2,Staff,Quality Assurance,110000000.0,199,Attendance,73.29,1
34,25,2,Staff,Quality Assurance,110000000.0,199,Development,65.19,1
34,25,2,Staff,Quality Assurance,110000000.0,199,Efficiency,60.31,1
34,25,2,Staff,Quality Assurance,110000000.0,199,Finance,58.46,1
34,25,2,Staff,Quality Assurance,110000000.0,199,Performance,69.49,1
34,25,2,Staff,Quality Assurance,110000000.0,199,Quality,61.99,1
34,25,2,Staff,Quality Assurance,110000000.0,199,Teamwork,76.77,1
34,25,2,Staff,Quality Assurance,110000000.0,199,Technical,73.75,1
34,25,2,Staff,Quality Assurance,110000000.0,199,Time Management,80.83,1
34,25,2,Staff,Quality Assurance,150000000.0,274,Efficiency,66.48,1
34,25,2,Staff,Quality Assurance,150000000.0,274,HR,67.655,1
34,25,2,Staff,Quality Assurance,150000000.0,274,Innovation,58.62,1
34,25,2,Staff,Quality Assurance,150000000.0,274,Performance,68.01,1
34,25,2,Staff,Quality Assurance,150000000.0,274,Project,74.84,1
34,25,2,Staff,Quality Assurance,150000000.0,274,Quality,65.28,1
34,25,2,Staff,Quality Assurance,150000000.0,274,Technical,61.12,1
34,25,2,Staff,Quality Assurance,178776637.0,118,Attendance,65.65,1
34,25,2,Staff,Quality Assurance,178776637.0,118,HR,64.335,1
34,25,2,Staff,Quality Assurance,178776637.0,118,Innovation,57.14,1
34,25,2,Staff,Quality Assurance,178776637.0,118,Technical,66.54,1
34,25,2,Staff,Quality Assurance,178776637.0,118,Time Management,75.85,1
34,25,2,Staff,Quality Assurance,200000000.0,167,Attendance,65.68,1
34,25,2,Staff,Quality Assurance,200000000.0,167,Efficiency,61.99,1
34,25,2,Staff,Quality Assurance,200000000.0,167,Finance,70.26,1
34,25,2,Staff,Quality Assurance,200000000.0,167,HR,66.535,1
34,25,2,Staff,Quality Assurance,200000000.0,167,Quality,63.67,1
34,25,2,Staff,Quality Assurance,200000000.0,167,Technical,67.47999999999999,1
34,25,2,Staff,Quality Assurance,200000000.0,167,Time Management,65.215,1
34,25,2,Staff,Quality Assurance,369461833.0,321,Finance,59.29,1
34,25,2,Staff,Quality Assurance,369461833.0,321,HR,64.99,1
34,25,2,Staff,Quality Assurance,369461833.0,321,Innovation,63.705,1
34,25,2,Staff,Quality Assurance,369461833.0,321,Performance,72.36,1
34,25,2,Staff,Quality Assurance,369461833.0,321,Project,68.5,1
34,25,2,Staff,Quality Assurance,369461833.0,321,Quality,67.27,1
34,25,2,Staff,Quality Assurance,369461833.0,321,Technical,60.46,1
34,25,2,Staff,Quality Assurance,369461833.0,321,Time Management,70.095,1
34,25,2,Staff,Quality Assurance,377293102.0,80,Attendance,71.17,1
34,25,2,Staff,Quality Assurance,377293102.0,80,Project,66.76,1
34,25,2,Staff,Quality Assurance,377293102.0,80,Quality,64.04666666666667,1
34,25,2,Staff,Quality Assurance,377293102.0,80,Time Management,59.96,1
35,23,5,Staff,Operations,50000000.0,211,Attendance,64.32,1
35,23,5,Staff,Operations,50000000.0,211,Efficiency,76.31,1
35,23,5,Staff,Operations,50000000.0,211,HR,65.785,1
35,23,5,Staff,Operations,50000000.0,211,Performance,67.72,1
35,23,5,Staff,Operations,50000000.0,211,Quality,71.69200000000001,1
35,23,5,Staff,Operations,50000000.0,211,Teamwork,73.16,1
35,23,5,Staff,Operations,88214342.0,149,Finance,67.76,1
35,23,5,Staff,Operations,88214342.0,149,HR,74.84,1
35,23,5,Staff,Operations,88214342.0,149,Quality,66.455,1
35,23,5,Staff,Operations,120000000.0,152,Development,59.42,1
35,23,5,Staff,Operations,120000000.0,152,Efficiency,56.9,1
35,23,5,Staff,Operations,120000000.0,152,Innovation,66.34,1
35,23,5,Staff,Operations,120000000.0,152,Performance,70.7,1
35,23,5,Staff,Operations,120000000.0,152,Quality,64.07000000000001,1
35,23,5,Staff,Operations,120000000.0,152,Teamwork,66.99,1
35,23,5,Staff,Operations,120000000.0,152,Technical,57.23,1
35,23,5,Staff,Operations,120000000.0,152,Time Management,64.9,1
35,23,5,Staff,Operations,206368642.0,46,Finance,68.76,1
35,23,5,Staff,Operations,206368642.0,46,HR,65.285,1
35,23,5,Staff,Operations,206368642.0,46,Performance,69.995,1
35,23,5,Staff,Operations,206368642.0,46,Project,70.14,1
35,23,5,Staff,Operations,206368642.0,46,Quality,62.53,1
35,23,5,Staff,Operations,206368642.0,46,Teamwork,73.78,1
35,23,5,Staff,Operations,206368642.0,46,Technical,72.12,1
35,23,5,Staff,Operations,206368642.0,46,Time Management,72.99,1
35,23,5,Staff,Operations,365962025.0,249,Attendance,74.17,1
35,23,5,Staff,Operations,365962025.0,249,Development,58.95,1
35,23,5,Staff,Operations,365962025.0,249,Finance,66.28,1
35,23,5,Staff,Operations,365962025.0,249,HR,70.39333333333333,1
35,23,5,Staff,Operations,365962025.0,249,Performance,68.04,1
35,23,5,Staff,Operations,365962025.0,249,Quality,68.99,1
35,23,5,Staff,Operations,365962025.0,249,Technical,66.42,1
35,23,5,Staff,Operations,365962025.0,249,Time Management,60.0,1
35,23,5,Staff,Operations,369461833.0,321,Efficiency,58.64,1
35,23,5,Staff,Operations,369461833.0,321,Innovation,63.14,1
35,23,5,Staff,Operations,369461833.0,321,Technical,70.12,1
35,23,5,Staff,Operations,404564658.0,71,Development,66.23,1
35,23,5,Staff,Operations,404564658.0,71,Efficiency,69.27,1
35,23,5,Staff,Operations,404564658.0,71,Finance,69.68,1
35,23,5,Staff,Operations,404564658.0,71,HR,64.23,1
35,23,5,Staff,Operations,404564658.0,71,Performance,66.01,1
35,23,5,Staff,Operations,404564658.0,71,Project,66.66499999999999,1
35,23,5,Staff,Operations,404564658.0,71,Quality,66.88,1
35,23,5,Staff,Operations,404564658.0,71,Teamwork,60.06,1
35,23,5,Staff,Operations,472961951.0,350,Performance,60.78,1
35,23,5,Staff,Operations,472961951.0,350,Project,67.35,1
35,23,5,Staff,Operations,472961951.0,350,Quality,61.105000000000004,1
36,25,5,Staff,Human Resources,88214342.0,149,Development,73.87,1
36,25,5,Staff,Human Resources,88214342.0,149,Efficiency,66.1,1
36,25,5,Staff,Human Resources,88214342.0,149,HR,66.495,1
36,25,5,Staff,Human Resources,88214342.0,149,Quality,66.11,1
36,25,5,Staff,Human Resources,88214342.0,149,Teamwork,68.63,1
36,25,5,Staff,Human Resources,88214342.0,149,Technical,70.09,1
36,25,5,Staff,Human Resources,88214342.0,149,Time Management,67.22,1
36,25,5,Staff,Human Resources,90000000.0,244,Efficiency,58.39,1
36,25,5,Staff,Human Resources,90000000.0,244,HR,67.62,1
36,25,5,Staff,Human Resources,90000000.0,244,Performance,70.67,1
36,25,5,Staff,Human Resources,90000000.0,244,Project,67.54,1
36,25,5,Staff,Human Resources,90000000.0,244,Teamwork,67.76,1
36,25,5,Staff,Human Resources,134037811.0,31,Efficiency,74.19,1
36,25,5,Staff,Human Resources,134037811.0,31,Finance,61.99,1
36,25,5,Staff,Human Resources,134037811.0,31,HR,64.77,1
36,25,5,Staff,Human Resources,134037811.0,31,Performance,59.74,1
36,25,5,Staff,Human Resources,134037811.0,31,Quality,62.300000000000004,1
36,25,5,Staff,Human Resources,134037811.0,31,Technical,66.185,1
36,25,5,Staff,Human Resources,178776637.0,118,Development,57.28,1
36,25,5,Staff,Human Resources,178776637.0,118,Efficiency,62.93,1
36,25,5,Staff,Human Resources,178776637.0,118,Finance,61.27,1
36,25,5,Staff,Human Resources,178776637.0,118,HR,64.49,1
36,25,5,Staff,Human Resources,178776637.0,118,Performance,62.03,1
36,25,5,Staff,Human Resources,178776637.0,118,Project,60.32,1
36,25,5,Staff,Human Resources,204675132.0,174,Development,62.07,1
36,25,5,Staff,Human Resources,204675132.0,174,Efficiency,66.36,1
36,25,5,Staff,Human Resources,204675132.0,174,Performance,65.01,1
36,25,5,Staff,Human Resources,204675132.0,174,Project,59.27,1
36,25,5,Staff,Human Resources,204675132.0,174,Time Management,63.95,1
36,25,5,Staff,Human Resources,278244747.0,88,Attendance,67.25,1
36,25,5,Staff,Human Resources,278244747.0,88,Efficiency,65.82,1
36,25,5,Staff,Human Resources,278244747.0,88,Finance,62.13666666666668,1
36,25,5,Staff,Human Resources,278244747.0,88,HR,64.0,1
36,25,5,Staff,Human Resources,278244747.0,88,Innovation,57.54,1
36,25,5,Staff,Human Resources,278244747.0,88,Performance,65.1,1
36,25,5,Staff,Human Resources,278244747.0,88,Project,64.79,1
36,25,5,Staff,Human Resources,278244747.0,88,Quality,64.08,1
36,25,5,Staff,Human Resources,278244747.0,88,Teamwork,64.64,1
36,25,5,Staff,Human Resources,278244747.0,88,Time Management,68.63,1
36,25,5,Staff,Human Resources,375514309.0,335,Attendance,73.17500000000001,1
36,25,5,Staff,Human Resources,375514309.0,335,Development,63.49,1
36,25,5,Staff,Human Resources,375514309.0,335,Finance,63.63,1
36,25,5,Staff,Human Resources,375514309.0,335,HR,65.75999999999999,1
36,25,5,Staff,Human Resources,375514309.0,335,Innovation,66.38,1
36,25,5,Staff,Human Resources,375514309.0,335,Quality,64.075,1
36,25,5,Staff,Human Resources,375514309.0,335,Teamwork,73.545,1
36,25,5,Staff,Human Resources,375514309.0,335,Time Management,75.31,1
36,25,5,Staff,Human Resources,404564658.0,71,Efficiency,67.28,1
36,25,5,Staff,Human Resources,404564658.0,71,HR,65.86,1
36,25,5,Staff,Human Resources,404564658.0,71,Performance,55.45,1
36,25,5,Staff,Human Resources,404564658.0,71,Quality,60.85,1
37,43,10,Senior Manager,Operations,50000000.0,211,Development,98.0,0
37,43,10,Senior Manager,Operations,50000000.0,211,Finance,98.0,0
37,43,10,Senior Manager,Operations,50000000.0,211,HR,98.0,0
37,43,10,Senior Manager,Operations,50000000.0,211,Project,98.0,0
37,43,10,Senior Manager,Operations,50000000.0,211,Quality,98.0,0
37,43,10,Senior Manager,Operations,50000000.0,211,Teamwork,98.0,0
37,43,10,Senior Manager,Operations,50000000.0,211,Time Management,98.0,0
37,43,10,Senior Manager,Operations,150000000.0,274,Finance,98.0,0
37,43,10,Senior Manager,Operations,150000000.0,274,Innovation,95.19,0
37,43,10,Senior Manager,Operations,150000000.0,274,Project,98.0,0
37,43,10,Senior Manager,Operations,150000000.0,274,Quality,98.0,0
37,43,10,Senior Manager,Operations,204675132.0,174,Finance,98.0,0
37,43,10,Senior Manager,Operations,204675132.0,174,HR,98.0,0
37,43,10,Senior Manager,Operations,204675132.0,174,Innovation,98.0,0
37,43,10,Senior Manager,Operations,204675132.0,174,Quality,98.0,0
37,43,10,Senior Manager,Operations,204675132.0,174,Technical,98.0,0
37,43,10,Senior Manager,Operations,204675132.0,174,Time Management,98.0,0
37,43,10,Senior Manager,Operations,291868109.0,256,Attendance,98.0,0
37,43,10,Senior Manager,Operations,291868109.0,256,Development,98.0,0
37,43,10,Senior Manager,Operations,291868109.0,256,Finance,98.0,0
37,43,10,Senior Manager,Operations,291868109.0,256,HR,98.0,0
37,43,10,Senior Manager,Operations,291868109.0,256,Innovation,98.0,0
37,43,10,Senior Manager,Operations,291868109.0,256,Project,98.0,0
37,43,10,Senior Manager,Operations,291868109.0,256,Quality,98.0,0
37,43,10,Senior Manager,Operations,291868109.0,256,Teamwork,98.0,0
37,43,10,Senior Manager,Operations,291868109.0,256,Technical,98.0,0
37,43,10,Senior Manager,Operations,291868109.0,256,Time Management,98.0,0
37,43,10,Senior Manager,Operations,365962025.0,249,Attendance,98.0,0
37,43,10,Senior Manager,Operations,365962025.0,249,Efficiency,98.0,0
37,43,10,Senior Manager,Operations,365962025.0,249,HR,98.0,0
37,43,10,Senior Manager,Operations,365962025.0,249,Performance,98.0,0
37,43,10,Senior Manager,Operations,365962025.0,249,Project,98.0,0
37,43,10,Senior Manager,Operations,365962025.0,249,Quality,98.0,0
37,43,10,Senior Manager,Operations,365962025.0,249,Teamwork,98.0,0
37,43,10,Senior Manager,Operations,365962025.0,249,Technical,98.0,0
37,43,10,Senior Manager,Operations,365962025.0,249,Time Management,98.0,0
37,43,10,Senior Manager,Operations,377293102.0,80,Attendance,98.0,0
37,43,10,Senior Manager,Operations,377293102.0,80,Development,98.0,0
37,43,10,Senior Manager,Operations,377293102.0,80,Finance,98.0,0
37,43,10,Senior Manager,Operations,377293102.0,80,HR,98.0,0
37,43,10,Senior Manager,Operations,377293102.0,80,Innovation,98.0,0
37,43,10,Senior Manager,Operations,377293102.0,80,Performance,98.0,0
37,43,10,Senior Manager,Operations,377293102.0,80,Project,98.0,0
37,43,10,Senior Manager,Operations,377293102.0,80,Quality,98.0,0
37,43,10,Senior Manager,Operations,377293102.0,80,Teamwork,98.0,0
37,43,10,Senior Manager,Operations,377293102.0,80,Technical,98.0,0
37,43,10,Senior Manager,Operations,400000000.0,259,Innovation,98.0,0
37,43,10,Senior Manager,Operations,400000000.0,259,Performance,98.0,0
37,43,10,Senior Manager,Operations,400000000.0,259,Teamwork,98.0,0
37,43,10,Senior Manager,Operations,404564658.0,71,Development,98.0,0
37,43,10,Senior Manager,Operations,404564658.0,71,Efficiency,98.0,0
37,43,10,Senior Manager,Operations,404564658.0,71,Innovation,98.0,0
37,43,10,Senior Manager,Operations,404564658.0,71,Project,98.0,0
38,32,8,Manager,Procurement,80000000.0,138,Development,83.24,0
38,32,8,Manager,Procurement,80000000.0,138,Efficiency,89.22,0
38,32,8,Manager,Procurement,80000000.0,138,Innovation,84.735,0
38,32,8,Manager,Procurement,80000000.0,138,Project,88.21,0
38,32,8,Manager,Procurement,80000000.0,138,Quality,85.885,0
38,32,8,Manager,Procurement,80000000.0,138,Technical,85.92,0
38,32,8,Manager,Procurement,82017929.0,114,Attendance,97.35,0
38,32,8,Manager,Procurement,82017929.0,114,Development,86.48,0
38,32,8,Manager,Procurement,82017929.0,114,Finance,90.67,0
38,32,8,Manager,Procurement,82017929.0,114,HR,92.74,0
38,32,8,Manager,Procurement,82017929.0,114,Innovation,83.34,0
38,32,8,Manager,Procurement,82017929.0,114,Project,91.88,0
38,32,8,Manager,Procurement,82017929.0,114,Quality,87.60666666666667,0
38,32,8,Manager,Procurement,82017929.0,114,Teamwork,93.66,0
38,32,8,Manager,Procurement,82017929.0,114,Technical,91.39500000000001,0
38,32,8,Manager,Procurement,130000000.0,303,Finance,85.54,0
38,32,8,Manager,Procurement,130000000.0,303,Innovation,89.08,0
38,32,8,Manager,Procurement,130000000.0,303,Quality,87.6,0
38,32,8,Manager,Procurement,150000000.0,274,Attendance,95.69,0
38,32,8,Manager,Procurement,150000000.0,274,Finance,91.06,0
38,32,8,Manager,Procurement,150000000.0,274,Innovation,86.28,0
38,32,8,Manager,Procurement,150000000.0,274,Performance,91.99,0
38,32,8,Manager,Procurement,150000000.0,274,Project,98.0,0
38,32,8,Manager,Procurement,150000000.0,274,Teamwork,92.68,0
38,32,8,Manager,Procurement,180000000.0,193,Development,94.63,0
38,32,8,Manager,Procurement,180000000.0,193,Finance,83.16,0
38,32,8,Manager,Procurement,180000000.0,193,HR,91.81,0
38,32,8,Manager,Procurement,180000000.0,193,Performance,86.81,0
38,32,8,Manager,Procurement,180000000.0,193,Quality,87.6,0
38,32,8,Manager,Procurement,180000000.0,193,Teamwork,93.08,0
38,32,8,Manager,Procurement,180000000.0,193,Technical,91.14,0
38,32,8,Manager,Procurement,369461833.0,321,Efficiency,94.47,0
38,32,8,Manager,Procurement,369461833.0,321,Finance,79.11,0
38,32,8,Manager,Procurement,369461833.0,321,HR,91.29499999999999,0
38,32,8,Manager,Procurement,369461833.0,321,Innovation,89.89,0
38,32,8,Manager,Procurement,369461833.0,321,Performance,90.52,0
38,32,8,Manager,Procurement,369461833.0,321,Teamwork,96.67,0
38,32,8,Manager,Procurement,369461833.0,321,Technical,96.34,0
38,32,8,Manager,Procurement,369461833.0,321,Time Management,91.11,0
38,32,8,Manager,Procurement,404564658.0,71,Development,90.53999999999999,0
38,32,8,Manager,Procurement,404564658.0,71,Efficiency,92.57333333333334,0
38,32,8,Manager,Procurement,404564658.0,71,Finance,87.6,0
38,32,8,Manager,Procurement,404564658.0,71,HR,88.67,0
38,32,8,Manager,Procurement,404564658.0,71,Project,85.02,0
38,32,8,Manager,Procurement,404564658.0,71,Quality,88.33,0
38,32,8,Manager,Procurement,404564658.0,71,Teamwork,93.78999999999999,0
38,32,8,Manager,Procurement,404564658.0,71,Technical,97.95,0
38,32,8,Manager,Procurement,466447298.0,297,Attendance,95.74,0
38,32,8,Manager,Procurement,466447298.0,297,Development,80.32,0
38,32,8,Manager,Procurement,466447298.0,297,Efficiency,91.38,0
38,32,8,Manager,Procurement,466447298.0,297,HR,94.94,0
38,32,8,Manager,Procurement,466447298.0,297,Innovation,85.37,0
38,32,8,Manager,Procurement,466447298.0,297,Quality,85.61666666666667,0
38,32,8,Manager,Procurement,466447298.0,297,Teamwork,92.47999999999999,0
38,32,8,Manager,Procurement,466447298.0,297,Technical,91.14,0
39,35,9,Manager,Operations,88214342.0,149,Attendance,98.0,0
39,35,9,Manager,Operations,88214342.0,149,HR,94.96,0
39,35,9,Manager,Operations,88214342.0,149,Quality,98.0,0
39,35,9,Manager,Operations,88214342.0,149,Teamwork,94.53,0
39,35,9,Manager,Operations,90000000.0,244,Finance,89.81,0
39,35,9,Manager,Operations,90000000.0,244,HR,92.48,0
39,35,9,Manager,Operations,90000000.0,244,Performance,93.91999999999999,0
39,35,9,Manager,Operations,90000000.0,244,Quality,91.785,0
39,35,9,Manager,Operations,90000000.0,244,Teamwork,98.0,0
39,35,9,Manager,Operations,90000000.0,244,Technical,94.97,0
39,35,9,Manager,Operations,90000000.0,244,Time Management,94.63,0
39,35,9,Manager,Operations,178776637.0,118,Attendance,98.0,0
39,35,9,Manager,Operations,178776637.0,118,HR,97.23,0
39,35,9,Manager,Operations,178776637.0,118,Innovation,89.09,0
39,35,9,Manager,Operations,178776637.0,118,Performance,95.71,0
39,35,9,Manager,Operations,178776637.0,118,Project,91.26,0
39,35,9,Manager,Operations,178776637.0,118,Quality,92.922,0
39,35,9,Manager,Operations,178776637.0,118,Teamwork,91.62,0
39,35,9,Manager,Operations,178776637.0,118,Time Management,96.07,0
39,35,9,Manager,Operations,365962025.0,249,Finance,92.57,0
39,35,9,Manager,Operations,365962025.0,249,HR,95.425,0
39,35,9,Manager,Operations,365962025.0,249,Innovation,82.38,0
39,35,9,Manager,Operations,365962025.0,249,Performance,98.0,0
39,35,9,Manager,Operations,365962025.0,249,Quality,87.5,0
39,35,9,Manager,Operations,365962025.0,249,Teamwork,90.58,0
39,35,9,Manager,Operations,365962025.0,249,Technical,85.75,0
39,35,9,Manager,Operations,375514309.0,335,Development,87.18,0
39,35,9,Manager,Operations,375514309.0,335,Finance,89.05,0
39,35,9,Manager,Operations,375514309.0,335,HR,94.94,0
39,35,9,Manager,Operations,375514309.0,335,Innovation,93.16,0
39,35,9,Manager,Operations,375514309.0,335,Project,97.66,0
39,35,9,Manager,Operations,375514309.0,335,Quality,90.56,0
39,35,9,Manager,Operations,377293102.0,80,Finance,95.91,0
39,35,9,Manager,Operations,377293102.0,80,Quality,94.9,0
39,35,9,Manager,Operations,377293102.0,80,Technical,97.53,0
39,35,9,Manager,Operations,397696244.0,106,Attendance,98.0,0
39,35,9,Manager,Operations,397696244.0,106,Efficiency,95.58,0
39,35,9,Manager,Operations,397696244.0,106,HR,95.29,0
39,35,9,Manager,Operations,397696244.0,106,Innovation,87.68,0
39,35,9,Manager,Operations,397696244.0,106,Quality,91.83714285714287,0
39,35,9,Manager,Operations,397696244.0,106,Technical,88.3,0
39,35,9,Manager,Operations,397696244.0,106,Time Management,94.66499999999999,0
39,35,9,Manager,Operations,400000000.0,259,HR,94.76,0
39,35,9,Manager,Operations,400000000.0,259,Innovation,89.9,0
39,35,9,Manager,Operations,400000000.0,259,Performance,92.69,0
40,32,7,Senior Staff,Operations,90000000.0,244,Attendance,75.37,1
40,32,7,Senior Staff,Operations,90000000.0,244,Efficiency,66.57,1
40,32,7,Senior Staff,Operations,90000000.0,244,Finance,63.27,1
40,32,7,Senior Staff,Operations,90000000.0,244,Quality,61.39,1
40,32,7,Senior Staff,Operations,90000000.0,244,Technical,68.25,1
40,32,7,Senior Staff,Operations,90000000.0,244,Time Management,64.73,1
40,32,7,Senior Staff,Operations,170000000.0,229,Development,68.33500000000001,1
40,32,7,Senior Staff,Operations,170000000.0,229,Efficiency,75.88,1
40,32,7,Senior Staff,Operations,170000000.0,229,HR,76.845,1
40,32,7,Senior Staff,Operations,170000000.0,229,Innovation,69.22,1
40,32,7,Senior Staff,Operations,170000000.0,229,Performance,69.45,1
40,32,7,Senior Staff,Operations,170000000.0,229,Project,72.3,1
40,32,7,Senior Staff,Operations,170000000.0,229,Quality,62.26,1
40,32,7,Senior Staff,Operations,170000000.0,229,Time Management,67.33,1
40,32,7,Senior Staff,Operations,178776637.0,118,Development,59.76,1
40,32,7,Senior Staff,Operations,178776637.0,118,HR,70.54,1
40,32,7,Senior Staff,Operations,178776637.0,118,Performance,76.53,1
40,32,7,Senior Staff,Operations,178776637.0,118,Technical,71.57666666666667,1
40,32,7,Senior Staff,Operations,206368642.0,46,Attendance,71.19,1
40,32,7,Senior Staff,Operations,206368642.0,46,Efficiency,66.33,1
40,32,7,Senior Staff,Operations,206368642.0,46,Time Management,73.97,1
40,32,7,Senior Staff,Operations,220000000.0,225,Attendance,78.99,1
40,32,7,Senior Staff,Operations,220000000.0,225,Development,71.45,1
40,32,7,Senior Staff,Operations,220000000.0,225,Finance,63.875,1
40,32,7,Senior Staff,Operations,220000000.0,225,HR,78.055,1
40,32,7,Senior Staff,Operations,220000000.0,225,Quality,63.973333333333336,1
40,32,7,Senior Staff,Operations,220000000.0,225,Time Management,71.46,1
40,32,7,Senior Staff,Operations,250000000.0,291,Attendance,79.03,1
40,32,7,Senior Staff,Operations,250000000.0,291,Development,65.95,1
40,32,7,Senior Staff,Operations,250000000.0,291,Efficiency,66.56,1
40,32,7,Senior Staff,Operations,250000000.0,291,HR,79.94,1
40,32,7,Senior Staff,Operations,250000000.0,291,Innovation,72.18,1
40,32,7,Senior Staff,Operations,250000000.0,291,Project,66.295,1
40,32,7,Senior Staff,Operations,250000000.0,291,Quality,67.715,1
40,32,7,Senior Staff,Operations,250000000.0,291,Teamwork,76.1,1
40,32,7,Senior Staff,Operations,250000000.0,291,Technical,69.75,1
40,32,7,Senior Staff,Operations,400000000.0,259,Attendance,75.46000000000001,1
40,32,7,Senior Staff,Operations,400000000.0,259,Finance,65.79,1
40,32,7,Senior Staff,Operations,400000000.0,259,HR,73.6,1
40,32,7,Senior Staff,Operations,400000000.0,259,Innovation,68.28999999999999,1
40,32,7,Senior Staff,Operations,400000000.0,259,Quality,63.67,1
40,32,7,Senior Staff,Operations,400000000.0,259,Teamwork,67.96,1
40,32,7,Senior Staff,Operations,400000000.0,259,Technical,55.72,1
40,32,7,Senior Staff,Operations,400000000.0,259,Time Management,74.18,1
40,32,7,Senior Staff,Operations,472961951.0,350,Development,69.43,1
40,32,7,Senior Staff,Operations,472961951.0,350,Efficiency,67.025,1
40,32,7,Senior Staff,Operations,472961951.0,350,Finance,71.81,1
40,32,7,Senior Staff,Operations,472961951.0,350,HR,75.32,1
40,32,7,Senior Staff,Operations,472961951.0,350,Innovation,63.95,1
40,32,7,Senior Staff,Operations,472961951.0,350,Project,73.96,1
40,32,7,Senior Staff,Operations,472961951.0,350,Quality,67.245,1
40,32,7,Senior Staff,Operations,472961951.0,350,Technical,68.57,1
41,22,4,Staff,Finance,88214342.0,149,Development,54.459999999999994,1
41,22,4,Staff,Finance,88214342.0,149,Efficiency,70.36500000000001,1
41,22,4,Staff,Finance,88214342.0,149,HR,63.68,1
41,22,4,Staff,Finance,88214342.0,149,Project,67.41,1
41,22,4,Staff,Finance,88214342.0,149,Quality,61.20333333333334,1
41,22,4,Staff,Finance,88214342.0,149,Technical,66.85,1
41,22,4,Staff,Finance,88214342.0,149,Time Management,64.08500000000001,1
41,22,4,Staff,Finance,134037811.0,31,Efficiency,66.595,1
41,22,4,Staff,Finance,134037811.0,31,HR,74.15,1
41,22,4,Staff,Finance,134037811.0,31,Performance,70.52,1
41,22,4,Staff,Finance,134037811.0,31,Quality,66.50666666666666,1
41,22,4,Staff,Finance,134037811.0,31,Teamwork,66.77,1
41,22,4,Staff,Finance,178776637.0,118,Development,62.94,1
41,22,4,Staff,Finance,178776637.0,118,Efficiency,63.23,1
41,22,4,Staff,Finance,178776637.0,118,Finance,76.005,1
41,22,4,Staff,Finance,178776637.0,118,HR,65.33,1
41,22,4,Staff,Finance,178776637.0,118,Performance,72.45,1
41,22,4,Staff,Finance,178776637.0,118,Teamwork,71.325,1
41,22,4,Staff,Finance,178776637.0,118,Technical,69.17,1
41,22,4,Staff,Finance,178776637.0,118,Time Management,62.88,1
41,22,4,Staff,Finance,180000000.0,193,Development,73.0,1
41,22,4,Staff,Finance,180000000.0,193,HR,73.02,1
41,22,4,Staff,Finance,180000000.0,193,Innovation,68.07,1
41,22,4,Staff,Finance,180000000.0,193,Quality,74.22,1
41,22,4,Staff,Finance,204675132.0,174,Finance,62.28,1
41,22,4,Staff,Finance,204675132.0,174,HR,61.2,1
41,22,4,Staff,Finance,397696244.0,106,Efficiency,66.41,1
41,22,4,Staff,Finance,397696244.0,106,HR,60.27,1
41,22,4,Staff,Finance,397696244.0,106,Project,64.78,1
41,22,4,Staff,Finance,397696244.0,106,Quality,65.535,1
41,22,4,Staff,Finance,397696244.0,106,Time Management,63.88,1
41,22,4,Staff,Finance,466447298.0,297,Attendance,76.73,1
41,22,4,Staff,Finance,466447298.0,297,Efficiency,66.08,1
41,22,4,Staff,Finance,466447298.0,297,Finance,63.14,1
41,22,4,Staff,Finance,466447298.0,297,HR,54.93,1
41,22,4,Staff,Finance,466447298.0,297,Project,64.27,1
41,22,4,Staff,Finance,466447298.0,297,Quality,62.53,1
41,22,4,Staff,Finance,466447298.0,297,Teamwork,64.225,1
41,22,4,Staff,Finance,466447298.0,297,Technical,65.54,1
41,22,4,Staff,Finance,466447298.0,297,Time Management,70.34,1
41,22,4,Staff,Finance,493794225.0,102,Attendance,73.59,1
41,22,4,Staff,Finance,493794225.0,102,Development,65.5,1
41,22,4,Staff,Finance,493794225.0,102,Project,64.35,1
41,22,4,Staff,Finance,493794225.0,102,Quality,53.28,1
42,37,8,Manager,Human Resources,60000000.0,214,Development,88.595,0
42,37,8,Manager,Human Resources,60000000.0,214,Innovation,91.82,0
42,37,8,Manager,Human Resources,60000000.0,214,Performance,93.28,0
42,37,8,Manager,Human Resources,60000000.0,214,Technical,91.81,0
42,37,8,Manager,Human Resources,75000000.0,203,Development,87.26,0
42,37,8,Manager,Human Resources,75000000.0,203,HR,93.21,0
42,37,8,Manager,Human Resources,75000000.0,203,Project,89.43,0
42,37,8,Manager,Human Resources,80000000.0,138,Attendance,93.19,0
42,37,8,Manager,Human Resources,80000000.0,138,Finance,91.04,0
42,37,8,Manager,Human Resources,80000000.0,138,Innovation,93.8,0
42,37,8,Manager,Human Resources,80000000.0,138,Performance,82.82,0
42,37,8,Manager,Human Resources,80000000.0,138,Project,89.77,0
42,37,8,Manager,Human Resources,80000000.0,138,Quality,83.9,0
42,37,8,Manager,Human Resources,80000000.0,138,Technical,90.63,0
42,37,8,Manager,Human Resources,90000000.0,244,Attendance,95.69,0
42,37,8,Manager,Human Resources,90000000.0,244,Finance,87.44,0
42,37,8,Manager,Human Resources,90000000.0,244,HR,88.31,0
42,37,8,Manager,Human Resources,90000000.0,244,Performance,95.58000000000001,0
42,37,8,Manager,Human Resources,90000000.0,244,Quality,90.73,0
42,37,8,Manager,Human Resources,120000000.0,152,Attendance,97.88,0
42,37,8,Manager,Human Resources,120000000.0,152,Development,92.88,0
42,37,8,Manager,Human Resources,120000000.0,152,HR,96.45,0
42,37,8,Manager,Human Resources,120000000.0,152,Performance,85.45,0
42,37,8,Manager,Human Resources,120000000.0,152,Project,95.89,0
42,37,8,Manager,Human Resources,120000000.0,152,Quality,86.64,0
42,37,8,Manager,Human Resources,120000000.0,152,Teamwork,95.64500000000001,0
42,37,8,Manager,Human Resources,120000000.0,152,Technical,94.41,0
42,37,8,Manager,Human Resources,355280620.0,347,Attendance,94.63,0
42,37,8,Manager,Human Resources,355280620.0,347,Development,89.0,0
42,37,8,Manager,Human Resources,355280620.0,347,Efficiency,87.81,0
42,37,8,Manager,Human Resources,355280620.0,347,Finance,87.29,0
42,37,8,Manager,Human Resources,355280620.0,347,HR,94.25,0
42,37,8,Manager,Human Resources,355280620.0,347,Project,91.16,0
42,37,8,Manager,Human Resources,355280620.0,347,Quality,88.0475,0
42,37,8,Manager,Human Resources,355280620.0,347,Time Management,94.44,0
42,37,8,Manager,Human Resources,397696244.0,106,Development,89.525,0
42,37,8,Manager,Human Resources,397696244.0,106,Efficiency,86.88,0
42,37,8,Manager,Human Resources,397696244.0,106,Quality,88.9925,0
42,37,8,Manager,Human Resources,397696244.0,106,Teamwork,88.25,0
42,37,8,Manager,Human Resources,397696244.0,106,Technical,95.22,0
42,37,8,Manager,Human Resources,397696244.0,106,Time Management,93.045,0
42,37,8,Manager,Human Resources,472961951.0,350,Efficiency,87.61,0
42,37,8,Manager,Human Resources,472961951.0,350,Performance,93.54,0
42,37,8,Manager,Human Resources,472961951.0,350,Quality,89.59,0
42,37,8,Manager,Human Resources,472961951.0,350,Time Management,96.45,0
43,39,6,Manager,IT,50000000.0,211,Development,98.0,0
43,39,6,Manager,IT,50000000.0,211,Teamwork,98.0,0
43,39,6,Manager,IT,50000000.0,211,Time Management,96.49,0
43,39,6,Manager,IT,60000000.0,214,Efficiency,97.77,0
43,39,6,Manager,IT,60000000.0,214,Finance,98.0,0
43,39,6,Manager,IT,60000000.0,214,Project,98.0,0
43,39,6,Manager,IT,134037811.0,31,Quality,97.89500000000001,0
43,39,6,Manager,IT,150000000.0,274,Development,98.0,0
43,39,6,Manager,IT,150000000.0,274,Efficiency,95.44333333333333,0
43,39,6,Manager,IT,150000000.0,274,Finance,89.99,0
43,39,6,Manager,IT,150000000.0,274,HR,96.79333333333334,0
43,39,6,Manager,IT,150000000.0,274,Innovation,96.84,0
43,39,6,Manager,IT,150000000.0,274,Performance,97.87,0
43,39,6,Manager,IT,150000000.0,274,Quality,97.46999999999998,0
43,39,6,Manager,IT,150000000.0,274,Teamwork,97.935,0
43,39,6,Manager,IT,150000000.0,274,Technical,94.14,0
43,39,6,Manager,IT,150000000.0,274,Time Management,96.34,0
43,39,6,Manager,IT,278244747.0,88,Attendance,98.0,0
43,39,6,Manager,IT,278244747.0,88,Finance,98.0,0
43,39,6,Manager,IT,278244747.0,88,HR,98.0,0
43,39,6,Manager,IT,278244747.0,88,Performance,98.0,0
43,39,6,Manager,IT,278244747.0,88,Project,98.0,0
43,39,6,Manager,IT,278244747.0,88,Quality,98.0,0
43,39,6,Manager,IT,278244747.0,88,Technical,98.0,0
43,39,6,Manager,IT,355280620.0,347,Attendance,98.0,0
43,39,6,Manager,IT,355280620.0,347,Efficiency,92.17,0
43,39,6,Manager,IT,355280620.0,347,HR,95.81,0
43,39,6,Manager,IT,355280620.0,347,Project,95.46,0
43,39,6,Manager,IT,355280620.0,347,Quality,98.0,0
43,39,6,Manager,IT,355280620.0,347,Teamwork,98.0,0
43,39,6,Manager,IT,355280620.0,347,Technical,98.0,0
43,39,6,Manager,IT,355280620.0,347,Time Management,98.0,0
43,39,6,Manager,IT,375514309.0,335,Attendance,98.0,0
43,39,6,Manager,IT,375514309.0,335,Development,93.33,0
43,39,6,Manager,IT,375514309.0,335,HR,98.0,0
43,39,6,Manager,IT,375514309.0,335,Innovation,94.3,0
43,39,6,Manager,IT,375514309.0,335,Quality,97.68,0
43,39,6,Manager,IT,397696244.0,106,Development,90.61,0
43,39,6,Manager,IT,397696244.0,106,Innovation,96.99,0
43,39,6,Manager,IT,397696244.0,106,Quality,92.15,0
44,36,6,Manager,Human Resources,50000000.0,211,Development,84.85,0
44,36,6,Manager,Human Resources,50000000.0,211,Efficiency,90.005,0
44,36,6,Manager,Human Resources,50000000.0,211,Finance,89.31666666666666,0
44,36,6,Manager,Human Resources,50000000.0,211,HR,92.36333333333334,0
44,36,6,Manager,Human Resources,50000000.0,211,Performance,89.50999999999999,0
44,36,6,Manager,Human Resources,50000000.0,211,Project,86.42,0
44,36,6,Manager,Human Resources,50000000.0,211,Quality,85.38,0
44,36,6,Manager,Human Resources,50000000.0,211,Teamwork,91.06,0
44,36,6,Manager,Human Resources,50000000.0,211,Technical,87.93,0
44,36,6,Manager,Human Resources,60000000.0,214,Attendance,92.69,0
44,36,6,Manager,Human Resources,60000000.0,214,Development,85.685,0
44,36,6,Manager,Human Resources,60000000.0,214,HR,84.07,0
44,36,6,Manager,Human Resources,60000000.0,214,Quality,81.92,0
44,36,6,Manager,Human Resources,60000000.0,214,Teamwork,88.55,0
44,36,6,Manager,Human Resources,60000000.0,214,Time Management,88.905,0
44,36,6,Manager,Human Resources,206368642.0,46,Development,86.78,0
44,36,6,Manager,Human Resources,206368642.0,46,Efficiency,92.39,0
44,36,6,Manager,Human Resources,206368642.0,46,Finance,85.37,0
44,36,6,Manager,Human Resources,206368642.0,46,HR,90.32,0
44,36,6,Manager,Human Resources,206368642.0,46,Innovation,85.26,0
44,36,6,Manager,Human Resources,206368642.0,46,Quality,84.285,0
44,36,6,Manager,Human Resources,206368642.0,46,Time Management,91.19,0
44,36,6,Manager,Human Resources,278244747.0,88,Attendance,95.16499999999999,0
44,36,6,Manager,Human Resources,278244747.0,88,Development,88.3,0
44,36,6,Manager,Human Resources,278244747.0,88,Efficiency,82.93,0
44,36,6,Manager,Human Resources,278244747.0,88,Project,91.29499999999999,0
44,36,6,Manager,Human Resources,278244747.0,88,Quality,96.05,0
44,36,6,Manager,Human Resources,278244747.0,88,Time Management,86.01,0
44,36,6,Manager,Human Resources,355280620.0,347,Performance,88.26,0
44,36,6,Manager,Human Resources,355280620.0,347,Quality,87.86500000000001,0
44,36,6,Manager,Human Resources,355280620.0,347,Teamwork,91.25,0
44,36,6,Manager,Human Resources,355280620.0,347,Time Management,92.21,0
44,36,6,Manager,Human Resources,385820825.0,138,Development,81.7,0
44,36,6,Manager,Human Resources,385820825.0,138,Finance,92.14,0
44,36,6,Manager,Human Resources,385820825.0,138,HR,98.0,0
44,36,6,Manager,Human Resources,385820825.0,138,Innovation,84.07,0
44,36,6,Manager,Human Resources,385820825.0,138,Project,90.35,0
44,36,6,Manager,Human Resources,385820825.0,138,Quality,87.62,0
44,36,6,Manager,Human Resources,472961951.0,350,Attendance,93.315,0
44,36,6,Manager,Human Resources,472961951.0,350,Finance,88.65,0
44,36,6,Manager,Human Resources,472961951.0,350,HR,90.16666666666667,0
44,36,6,Manager,Human Resources,472961951.0,350,Innovation,92.79,0
44,36,6,Manager,Human Resources,472961951.0,350,Performance,96.41,0
44,36,6,Manager,Human Resources,472961951.0,350,Quality,82.75,0
44,36,6,Manager,Human Resources,493794225.0,102,Innovation,93.45,0
44,36,6,Manager,Human Resources,493794225.0,102,Technical,92.19,0
45,30,2,Staff,Finance,60000000.0,214,Development,64.74,1
45,30,2,Staff,Finance,60000000.0,214,Innovation,59.21,1
45,30,2,Staff,Finance,60000000.0,214,Quality,57.77,1
45,30,2,Staff,Finance,60000000.0,214,Technical,54.69,1
45,30,2,Staff,Finance,60000000.0,214,Time Management,70.54,1
45,30,2,Staff,Finance,110000000.0,199,Development,59.82,1
45,30,2,Staff,Finance,110000000.0,199,Technical,61.41,1
45,30,2,Staff,Finance,120000000.0,152,Attendance,72.97,1
45,30,2,Staff,Finance,120000000.0,152,Efficiency,66.76,1
45,30,2,Staff,Finance,120000000.0,152,Teamwork,70.81,1
45,30,2,Staff,Finance,120000000.0,152,Technical,70.08,1
45,30,2,Staff,Finance,140000000.0,211,Development,71.39,1
45,30,2,Staff,Finance,140000000.0,211,HR,68.48,1
45,30,2,Staff,Finance,200000000.0,167,Development,62.38,1
45,30,2,Staff,Finance,200000000.0,167,Efficiency,61.08,1
45,30,2,Staff,Finance,200000000.0,167,Finance,65.8,1
45,30,2,Staff,Finance,200000000.0,167,HR,67.31,1
45,30,2,Staff,Finance,200000000.0,167,Performance,68.75,1
45,30,2,Staff,Finance,200000000.0,167,Project,62.53,1
45,30,2,Staff,Finance,200000000.0,167,Quality,62.02,1
45,30,2,Staff,Finance,200000000.0,167,Technical,66.05,1
45,30,2,Staff,Finance,206368642.0,46,Attendance,69.37,1
45,30,2,Staff,Finance,206368642.0,46,Development,64.46,1
45,30,2,Staff,Finance,206368642.0,46,Finance,64.15,1
45,30,2,Staff,Finance,206368642.0,46,HR,71.07,1
45,30,2,Staff,Finance,206368642.0,46,Innovation,65.345,1
45,30,2,Staff,Finance,206368642.0,46,Performance,69.91,1
45,30,2,Staff,Finance,206368642.0,46,Quality,66.44,1
45,30,2,Staff,Finance,400000000.0,259,Attendance,69.25,1
45,30,2,Staff,Finance,400000000.0,259,Finance,65.94,1
45,30,2,Staff,Finance,400000000.0,259,Innovation,64.99,1
45,30,2,Staff,Finance,400000000.0,259,Performance,64.84,1
45,30,2,Staff,Finance,400000000.0,259,Quality,65.89,1
45,30,2,Staff,Finance,400000000.0,259,Time Management,60.11,1
45,30,2,Staff,Finance,472961951.0,350,Attendance,75.81,1
45,30,2,Staff,Finance,472961951.0,350,Finance,60.15,1
45,30,2,Staff,Finance,472961951.0,350,HR,68.82333333333334,1
45,30,2,Staff,Finance,472961951.0,350,Project,63.6,1
45,30,2,Staff,Finance,472961951.0,350,Quality,68.84,1
45,30,2,Staff,Finance,472961951.0,350,Teamwork,62.08,1
46,32,10,Manager,IT,60000000.0,214,Efficiency,98.0,0
46,32,10,Manager,IT,60000000.0,214,Finance,92.57,0
46,32,10,Manager,IT,60000000.0,214,Performance,98.0,0
46,32,10,Manager,IT,60000000.0,214,Project,98.0,0
46,32,10,Manager,IT,60000000.0,214,Quality,97.69,0
46,32,10,Manager,IT,60000000.0,214,Technical,98.0,0
46,32,10,Manager,IT,60000000.0,214,Time Management,98.0,0
46,32,10,Manager,IT,90000000.0,244,Attendance,98.0,0
46,32,10,Manager,IT,90000000.0,244,Finance,96.88,0
46,32,10,Manager,IT,90000000.0,244,HR,98.0,0
46,32,10,Manager,IT,90000000.0,244,Performance,97.33500000000001,0
46,32,10,Manager,IT,90000000.0,244,Project,97.69,0
46,32,10,Manager,IT,90000000.0,244,Quality,98.0,0
46,32,10,Manager,IT,90000000.0,244,Time Management,97.83500000000001,0
46,32,10,Manager,IT,95000000.0,211,Development,98.0,0
46,32,10,Manager,IT,95000000.0,211,Quality,98.0,0
46,32,10,Manager,IT,278244747.0,88,Development,98.0,0
46,32,10,Manager,IT,278244747.0,88,Efficiency,98.0,0
46,32,10,Manager,IT,278244747.0,88,HR,98.0,0
46,32,10,Manager,IT,278244747.0,88,Innovation,98.0,0
46,32,10,Manager,IT,278244747.0,88,Performance,98.0,0
46,32,10,Manager,IT,278244747.0,88,Quality,98.0,0
46,32,10,Manager,IT,278244747.0,88,Teamwork,98.0,0
46,32,10,Manager,IT,278244747.0,88,Time Management,98.0,0
46,32,10,Manager,IT,365962025.0,249,Attendance,98.0,0
46,32,10,Manager,IT,365962025.0,249,Finance,98.0,0
46,32,10,Manager,IT,365962025.0,249,HR,98.0,0
46,32,10,Manager,IT,365962025.0,249,Performance,98.0,0
46,32,10,Manager,IT,365962025.0,249,Project,98.0,0
46,32,10,Manager,IT,365962025.0,249,Quality,98.0,0
46,32,10,Manager,IT,377293102.0,80,Attendance,98.0,0
46,32,10,Manager,IT,377293102.0,80,Finance,98.0,0
46,32,10,Manager,IT,377293102.0,80,HR,98.0,0
46,32,10,Manager,IT,377293102.0,80,Innovation,95.94,0
46,32,10,Manager,IT,377293102.0,80,Teamwork,98.0,0
46,32,10,Manager,IT,377293102.0,80,Technical,98.0,0
46,32,10,Manager,IT,377293102.0,80,Time Management,98.0,0
46,32,10,Manager,IT,404564658.0,71,Attendance,98.0,0
46,32,10,Manager,IT,404564658.0,71,Efficiency,98.0,0
46,32,10,Manager,IT,404564658.0,71,Finance,98.0,0
46,32,10,Manager,IT,404564658.0,71,Innovation,98.0,0
46,32,10,Manager,IT,404564658.0,71,Performance,98.0,0
46,32,10,Manager,IT,404564658.0,71,Project,98.0,0
46,32,10,Manager,IT,404564658.0,71,Quality,98.0,0
46,32,10,Manager,IT,404564658.0,71,Teamwork,98.0,0
46,32,10,Manager,IT,404564658.0,71,Technical,98.0,0
46,32,10,Manager,IT,472961951.0,350,Efficiency,98.0,0
46,32,10,Manager,IT,472961951.0,350,HR,98.0,0
46,32,10,Manager,IT,472961951.0,350,Innovation,96.16,0
46,32,10,Manager,IT,472961951.0,350,Project,98.0,0
46,32,10,Manager,IT,472961951.0,350,Quality,98.0,0
46,32,10,Manager,IT,472961951.0,350,Technical,98.0,0
46,32,10,Manager,IT,472961951.0,350,Time Management,98.0,0
47,25,2,Staff,Marketing,60000000.0,214,Quality,63.46,1
47,25,2,Staff,Marketing,60000000.0,214,Time Management,71.65,1
47,25,2,Staff,Marketing,88214342.0,149,Development,61.61,1
47,25,2,Staff,Marketing,88214342.0,149,Efficiency,68.54,1
47,25,2,Staff,Marketing,88214342.0,149,HR,69.59,1
47,25,2,Staff,Marketing,88214342.0,149,Innovation,56.73,1
47,25,2,Staff,Marketing,88214342.0,149,Quality,75.11,1
47,25,2,Staff,Marketing,88214342.0,149,Teamwork,68.02,1
47,25,2,Staff,Marketing,88214342.0,149,Technical,70.04,1
47,25,2,Staff,Marketing,140000000.0,211,Development,55.53,1
47,25,2,Staff,Marketing,140000000.0,211,Efficiency,64.72,1
47,25,2,Staff,Marketing,140000000.0,211,HR,61.644999999999996,1
47,25,2,Staff,Marketing,140000000.0,211,Innovation,59.53,1
47,25,2,Staff,Marketing,140000000.0,211,Quality,59.480000000000004,1
47,25,2,Staff,Marketing,190000000.0,241,Efficiency,69.74,1
47,25,2,Staff,Marketing,190000000.0,241,HR,60.46,1
47,25,2,Staff,Marketing,190000000.0,241,Innovation,61.54,1
47,25,2,Staff,Marketing,200000000.0,167,Development,61.08,1
47,25,2,Staff,Marketing,200000000.0,167,Finance,63.065,1
47,25,2,Staff,Marketing,200000000.0,167,HR,68.3,1
47,25,2,Staff,Marketing,200000000.0,167,Innovation,63.65,1
47,25,2,Staff,Marketing,200000000.0,167,Quality,61.22,1
47,25,2,Staff,Marketing,200000000.0,167,Technical,62.04,1
47,25,2,Staff,Marketing,200000000.0,167,Time Management,65.785,1
47,25,2,Staff,Marketing,206368642.0,46,Efficiency,70.29,1
47,25,2,Staff,Marketing,206368642.0,46,Finance,71.98,1
47,25,2,Staff,Marketing,206368642.0,46,Time Management,69.24,1
47,25,2,Staff,Marketing,250000000.0,291,Innovation,61.89,1
47,25,2,Staff,Marketing,250000000.0,291,Project,66.505,1
47,25,2,Staff,Marketing,250000000.0,291,Quality,58.42,1
47,25,2,Staff,Marketing,250000000.0,291,Technical,62.66,1
47,25,2,Staff,Marketing,493794225.0,102,Development,59.35,1
47,25,2,Staff,Marketing,493794225.0,102,HR,59.14,1
47,25,2,Staff,Marketing,493794225.0,102,Project,67.15,1
47,25,2,Staff,Marketing,493794225.0,102,Quality,67.75999999999999,1
47,25,2,Staff,Marketing,493794225.0,102,Teamwork,69.54,1
48,25,2,Staff,Procurement,80000000.0,138,Development,49.49,1
48,25,2,Staff,Procurement,80000000.0,138,Efficiency,62.7,1
48,25,2,Staff,Procurement,80000000.0,138,HR,61.769999999999996,1
48,25,2,Staff,Procurement,80000000.0,138,Innovation,53.42,1
48,25,2,Staff,Procurement,80000000.0,138,Quality,62.836666666666666,1
48,25,2,Staff,Procurement,120000000.0,152,Development,60.88,1
48,25,2,Staff,Procurement,120000000.0,152,Efficiency,68.19,1
48,25,2,Staff,Procurement,120000000.0,152,Finance,62.64,1
48,25,2,Staff,Procurement,120000000.0,152,HR,62.296666666666674,1
48,25,2,Staff,Procurement,120000000.0,152,Innovation,68.4,1
48,25,2,Staff,Procurement,120000000.0,152,Project,60.44,1
48,25,2,Staff,Procurement,120000000.0,152,Quality,54.195,1
48,25,2,Staff,Procurement,120000000.0,152,Teamwork,64.98,1
48,25,2,Staff,Procurement,120000000.0,152,Technical,56.86,1
48,25,2,Staff,Procurement,130000000.0,303,Attendance,63.59,1
48,25,2,Staff,Procurement,130000000.0,303,Finance,54.97,1
48,25,2,Staff,Procurement,130000000.0,303,HR,69.95,1
48,25,2,Staff,Procurement,130000000.0,303,Performance,63.099999999999994,1
48,25,2,Staff,Procurement,130000000.0,303,Project,57.22,1
48,25,2,Staff,Procurement,130000000.0,303,Teamwork,54.97,1
48,25,2,Staff,Procurement,130000000.0,303,Technical,70.61,1
48,25,2,Staff,Procurement,130000000.0,303,Time Management,55.17,1
48,25,2,Staff,Procurement,140000000.0,211,Efficiency,68.2,1
48,25,2,Staff,Procurement,140000000.0,211,Finance,63.31,1
48,25,2,Staff,Procurement,140000000.0,211,HR,65.45,1
48,25,2,Staff,Procurement,140000000.0,211,Project,59.43,1
48,25,2,Staff,Procurement,180000000.0,193,Attendance,65.125,1
48,25,2,Staff,Procurement,180000000.0,193,Development,58.25,1
48,25,2,Staff,Procurement,180000000.0,193,Efficiency,61.89,1
48,25,2,Staff,Procurement,180000000.0,193,Finance,54.38,1
48,25,2,Staff,Procurement,180000000.0,193,Innovation,62.04,1
48,25,2,Staff,Procurement,180000000.0,193,Quality,59.20333333333334,1
48,25,2,Staff,Procurement,180000000.0,193,Teamwork,62.91,1
48,25,2,Staff,Procurement,180000000.0,193,Time Management,57.25,1
48,25,2,Staff,Procurement,220000000.0,225,Efficiency,63.735,1
48,25,2,Staff,Procurement,220000000.0,225,HR,60.75,1
48,25,2,Staff,Procurement,220000000.0,225,Quality,59.33,1
48,25,2,Staff,Procurement,220000000.0,225,Teamwork,66.485,1
48,25,2,Staff,Procurement,220000000.0,225,Technical,61.15,1
48,25,2,Staff,Procurement,291862333.0,334,Attendance,62.15,1
48,25,2,Staff,Procurement,291862333.0,334,Finance,47.76,1
48,25,2,Staff,Procurement,291862333.0,334,HR,58.35,1
48,25,2,Staff,Procurement,291862333.0,334,Time Management,54.17,1
48,25,2,Staff,Procurement,300000000.0,242,Quality,60.94,1
48,25,2,Staff,Procurement,300000000.0,242,Teamwork,66.62,1
48,25,2,Staff,Procurement,300000000.0,242,Time Management,58.5,1
49,25,1,Staff,Research & Development,50000000.0,211,HR,59.67,1
49,25,1,Staff,Research & Development,50000000.0,211,Quality,53.66,1
49,25,1,Staff,Research & Development,80000000.0,138,Attendance,54.24,1
49,25,1,Staff,Research & Development,80000000.0,138,Development,50.09,1
49,25,1,Staff,Research & Development,80000000.0,138,Efficiency,56.29,1
49,25,1,Staff,Research & Development,80000000.0,138,Finance,51.33,1
49,25,1,Staff,Research & Development,80000000.0,138,HR,54.96,1
49,25,1,Staff,Research & Development,80000000.0,138,Innovation,49.61,1
49,25,1,Staff,Research & Development,80000000.0,138,Quality,48.34,1
49,25,1,Staff,Research & Development,80000000.0,138,Teamwork,65.05,1
49,25,1,Staff,Research & Development,90000000.0,244,Attendance,51.68,1
49,25,1,Staff,Research & Development,90000000.0,244,Development,48.29,1
49,25,1,Staff,Research & Development,90000000.0,244,Finance,42.8,1
49,25,1,Staff,Research & Development,90000000.0,244,HR,48.0,1
49,25,1,Staff,Research & Development,90000000.0,244,Project,59.07,1
49,25,1,Staff,Research & Development,90000000.0,244,Quality,51.96,1
49,25,1,Staff,Research & Development,90000000.0,244,Teamwork,54.39,1
49,25,1,Staff,Research & Development,90000000.0,244,Technical,56.85,1
49,25,1,Staff,Research & Development,204675132.0,174,Development,50.61,1
49,25,1,Staff,Research & Development,204675132.0,174,Efficiency,40.28,1
49,25,1,Staff,Research & Development,204675132.0,174,HR,64.58,1
49,25,1,Staff,Research & Development,204675132.0,174,Performance,50.41,1
49,25,1,Staff,Research & Development,204675132.0,174,Quality,56.01,1
49,25,1,Staff,Research & Development,204675132.0,174,Time Management,47.26,1
49,25,1,Staff,Research & Development,291862333.0,334,Attendance,68.09,1
49,25,1,Staff,Research & Development,291862333.0,334,Development,49.61,1
49,25,1,Staff,Research & Development,291862333.0,334,Project,58.21,1
49,25,1,Staff,Research & Development,291862333.0,334,Quality,53.85,1
49,25,1,Staff,Research & Development,291862333.0,334,Teamwork,50.23,1
49,25,1,Staff,Research & Development,291862333.0,334,Time Management,56.58,1
49,25,1,Staff,Research & Development,300000000.0,242,Development,47.76,1
49,25,1,Staff,Research & Development,300000000.0,242,Finance,55.6,1
49,25,1,Staff,Research & Development,300000000.0,242,HR,53.449999999999996,1
49,25,1,Staff,Research & Development,300000000.0,242,Innovation,51.4,1
49,25,1,Staff,Research & Development,300000000.0,242,Performance,46.65,1
49,25,1,Staff,Research & Development,300000000.0,242,Quality,49.58,1
49,25,1,Staff,Research & Development,300000000.0,242,Teamwork,48.12,1
49,25,1,Staff,Research & Development,300000000.0,242,Technical,45.22,1
49,25,1,Staff,Research & Development,385820825.0,138,Attendance,59.36,1
49,25,1,Staff,Research & Development,385820825.0,138,Development,48.27,1
49,25,1,Staff,Research & Development,385820825.0,138,Finance,50.56,1
49,25,1,Staff,Research & Development,385820825.0,138,HR,55.5,1
49,25,1,Staff,Research & Development,385820825.0,138,Innovation,47.87,1
49,25,1,Staff,Research & Development,385820825.0,138,Performance,53.82,1
49,25,1,Staff,Research & Development,385820825.0,138,Project,56.34,1
49,25,1,Staff,Research & Development,385820825.0,138,Time Management,60.32,1
49,25,1,Staff,Research & Development,500000000.0,356,Development,43.27,1
49,25,1,Staff,Research & Development,500000000.0,356,Efficiency,59.41,1
49,25,1,Staff,Research & Development,500000000.0,356,Finance,47.42,1
49,25,1,Staff,Research & Development,500000000.0,356,HR,58.14,1
49,25,1,Staff,Research & Development,500000000.0,356,Quality,43.303333333333335,1
49,25,1,Staff,Research & Development,500000000.0,356,Teamwork,56.87,1
49,25,1,Staff,Research & Development,500000000.0,356,Time Management,44.01,1
50,27,1,Staff,Research & Development,88214342.0,149,Attendance,55.72,1
50,27,1,Staff,Research & Development,88214342.0,149,Efficiency,53.54,1
50,27,1,Staff,Research & Development,88214342.0,149,Finance,49.08,1
50,27,1,Staff,Research & Development,88214342.0,149,HR,60.38,1
50,27,1,Staff,Research & Development,88214342.0,149,Performance,53.73,1
50,27,1,Staff,Research & Development,88214342.0,149,Project,51.73,1
50,27,1,Staff,Research & Development,88214342.0,149,Quality,56.70333333333334,1
50,27,1,Staff,Research & Development,88214342.0,149,Teamwork,57.35,1
50,27,1,Staff,Research & Development,88214342.0,149,Technical,55.26,1
50,27,1,Staff,Research & Development,140000000.0,211,Development,46.73,1
50,27,1,Staff,Research & Development,180000000.0,193,Attendance,55.68,1
50,27,1,Staff,Research & Development,180000000.0,193,Development,45.72,1
50,27,1,Staff,Research & Development,180000000.0,193,Efficiency,46.46,1
50,27,1,Staff,Research & Development,180000000.0,193,Innovation,51.14,1
50,27,1,Staff,Research & Development,180000000.0,193,Performance,53.78,1
50,27,1,Staff,Research & Development,180000000.0,193,Quality,49.995000000000005,1
50,27,1,Staff,Research & Development,180000000.0,193,Teamwork,54.760000000000005,1
50,27,1,Staff,Research & Development,180000000.0,193,Technical,50.364999999999995,1
50,27,1,Staff,Research & Development,180000000.0,193,Time Management,43.1,1
50,27,1,Staff,Research & Development,204675132.0,174,Finance,58.93,1
50,27,1,Staff,Research & Development,204675132.0,174,HR,51.81,1
50,27,1,Staff,Research & Development,204675132.0,174,Innovation,46.93,1
50,27,1,Staff,Research & Development,204675132.0,174,Quality,52.05,1
50,27,1,Staff,Research & Development,204675132.0,174,Technical,51.275000000000006,1
50,27,1,Staff,Research & Development,204675132.0,174,Time Management,56.305,1
50,27,1,Staff,Research & Development,365962025.0,249,Attendance,53.08,1
50,27,1,Staff,Research & Development,365962025.0,249,HR,57.315,1
50,27,1,Staff,Research & Development,365962025.0,249,Innovation,46.58,1
50,27,1,Staff,Research & Development,365962025.0,249,Quality,49.923333333333325,1
50,27,1,Staff,Research & Development,365962025.0,249,Teamwork,47.97,1
50,27,1,Staff,Research & Development,377293102.0,80,Development,48.91,1
50,27,1,Staff,Research & Development,377293102.0,80,Efficiency,51.63,1
50,27,1,Staff,Research & Development,377293102.0,80,HR,50.745,1
50,27,1,Staff,Research & Development,377293102.0,80,Innovation,54.265,1
50,27,1,Staff,Research & Development,377293102.0,80,Performance,57.15,1
50,27,1,Staff,Research & Development,377293102.0,80,Project,46.8,1
50,27,1,Staff,Research & Development,377293102.0,80,Quality,49.48666666666667,1
50,27,1,Staff,Research & Development,493794225.0,102,Attendance,57.71,1
50,27,1,Staff,Research & Development,493794225.0,102,HR,52.599999999999994,1
50,27,1,Staff,Research & Development,493794225.0,102,Innovation,43.02,1
50,27,1,Staff,Research & Development,493794225.0,102,Project,48.605000000000004,1
50,27,1,Staff,Research & Development,493794225.0,102,Quality,44.75,1
50,27,1,Staff,Research & Development,493794225.0,102,Technical,52.39,1
50,27,1,Staff,Research & Development,493794225.0,102,Time Management,56.1,1
50,27,1,Staff,Research & Development,500000000.0,356,Attendance,49.81,1
50,27,1,Staff,Research & Development,500000000.0,356,Development,46.26,1
50,27,1,Staff,Research & Development,500000000.0,356,Innovation,48.97,1
50,27,1,Staff,Research & Development,500000000.0,356,Performance,42.8,1
50,27,1,Staff,Research & Development,500000000.0,356,Quality,49.685,1
50,27,1,Staff,Research & Development,500000000.0,356,Teamwork,45.99,1
50,27,1,Staff,Research & Development,500000000.0,356,Technical,50.51,1
51,25,2,Staff,Design,200000000.0,167,Development,58.23,1
51,25,2,Staff,Design,200000000.0,167,HR,68.6,1
51,25,2,Staff,Design,200000000.0,167,Innovation,60.32,1
51,25,2,Staff,Design,200000000.0,167,Performance,61.03,1
51,25,2,Staff,Design,369461833.0,321,Development,55.12,1
51,25,2,Staff,Design,369461833.0,321,Efficiency,65.64,1
51,25,2,Staff,Design,369461833.0,321,Finance,55.82,1
51,25,2,Staff,Design,369461833.0,321,HR,61.7,1
51,25,2,Staff,Design,369461833.0,321,Performance,61.82,1
51,25,2,Staff,Design,369461833.0,321,Technical,64.56,1
51,25,2,Staff,Design,377293102.0,80,Attendance,63.13,1
51,25,2,Staff,Design,377293102.0,80,Development,63.365,1
51,25,2,Staff,Design,377293102.0,80,Finance,66.44,1
51,25,2,Staff,Design,377293102.0,80,Quality,60.58,1
51,25,2,Staff,Design,377293102.0,80,Technical,67.14,1
51,25,2,Staff,Design,377293102.0,80,Time Management,58.9,1
51,25,2,Staff,Design,397696244.0,106,Development,59.32,1
51,25,2,Staff,Design,397696244.0,106,HR,61.894999999999996,1
51,25,2,Staff,Design,397696244.0,106,Innovation,57.81,1
51,25,2,Staff,Design,397696244.0,106,Performance,64.19,1
51,25,2,Staff,Design,397696244.0,106,Quality,57.696000000000005,1
51,25,2,Staff,Design,397696244.0,106,Teamwork,62.64,1
51,25,2,Staff,Design,397696244.0,106,Time Management,62.16,1
51,25,2,Staff,Design,404564658.0,71,Attendance,69.03,1
51,25,2,Staff,Design,404564658.0,71,Development,60.07,1
51,25,2,Staff,Design,404564658.0,71,Efficiency,68.85,1
51,25,2,Staff,Design,404564658.0,71,HR,64.77,1
51,25,2,Staff,Design,404564658.0,71,Project,67.41,1
51,25,2,Staff,Design,404564658.0,71,Quality,59.03,1
51,25,2,Staff,Design,404564658.0,71,Teamwork,61.11,1
51,25,2,Staff,Design,404564658.0,71,Technical,71.64,1
51,25,2,Staff,Design,466447298.0,297,Attendance,79.21,1
51,25,2,Staff,Design,466447298.0,297,Development,59.64,1
51,25,2,Staff,Design,466447298.0,297,Efficiency,56.52,1
51,25,2,Staff,Design,466447298.0,297,Finance,59.02,1
51,25,2,Staff,Design,466447298.0,297,HR,67.4,1
51,25,2,Staff,Design,466447298.0,297,Quality,63.63333333333333,1
51,25,2,Staff,Design,466447298.0,297,Teamwork,77.31,1
51,25,2,Staff,Design,466447298.0,297,Technical,67.88,1
51,25,2,Staff,Design,500000000.0,356,Innovation,67.34,1
51,25,2,Staff,Design,500000000.0,356,Performance,64.61,1
51,25,2,Staff,Design,500000000.0,356,Project,59.45,1
51,25,2,Staff,Design,500000000.0,356,Technical,72.3,1
52,23,5,Staff,Operations,90000000.0,244,Efficiency,77.03,1
52,23,5,Staff,Operations,90000000.0,244,HR,67.85,1
52,23,5,Staff,Operations,90000000.0,244,Innovation,60.34,1
52,23,5,Staff,Operations,90000000.0,244,Performance,66.59,1
52,23,5,Staff,Operations,90000000.0,244,Project,70.04,1
52,23,5,Staff,Operations,90000000.0,244,Quality,64.51,1
52,23,5,Staff,Operations,90000000.0,244,Teamwork,60.769999999999996,1
52,23,5,Staff,Operations,90000000.0,244,Technical,74.85,1
52,23,5,Staff,Operations,110000000.0,199,Attendance,74.61,1
52,23,5,Staff,Operations,110000000.0,199,Development,64.4,1
52,23,5,Staff,Operations,110000000.0,199,Efficiency,61.93,1
52,23,5,Staff,Operations,110000000.0,199,Finance,74.98,1
52,23,5,Staff,Operations,110000000.0,199,HR,66.96,1
52,23,5,Staff,Operations,110000000.0,199,Innovation,62.04,1
52,23,5,Staff,Operations,110000000.0,199,Quality,65.39,1
52,23,5,Staff,Operations,110000000.0,199,Time Management,63.18,1
52,23,5,Staff,Operations,134037811.0,31,Attendance,72.1,1
52,23,5,Staff,Operations,134037811.0,31,Development,60.75,1
52,23,5,Staff,Operations,134037811.0,31,HR,68.77,1
52,23,5,Staff,Operations,134037811.0,31,Performance,59.38,1
52,23,5,Staff,Operations,134037811.0,31,Quality,67.88250000000001,1
52,23,5,Staff,Operations,134037811.0,31,Teamwork,75.21000000000001,1
52,23,5,Staff,Operations,206368642.0,46,Development,63.59,1
52,23,5,Staff,Operations,206368642.0,46,Efficiency,61.88,1
52,23,5,Staff,Operations,206368642.0,46,HR,71.975,1
52,23,5,Staff,Operations,206368642.0,46,Performance,71.65666666666667,1
52,23,5,Staff,Operations,206368642.0,46,Project,71.16,1
52,23,5,Staff,Operations,206368642.0,46,Quality,67.16333333333334,1
52,23,5,Staff,Operations,206368642.0,46,Time Management,70.465,1
52,23,5,Staff,Operations,278244747.0,88,Finance,62.67,1
52,23,5,Staff,Operations,278244747.0,88,HR,73.11,1
52,23,5,Staff,Operations,278244747.0,88,Innovation,62.91,1
52,23,5,Staff,Operations,278244747.0,88,Performance,64.975,1
52,23,5,Staff,Operations,278244747.0,88,Project,75.76,1
52,23,5,Staff,Operations,278244747.0,88,Quality,64.13,1
52,23,5,Staff,Operations,278244747.0,88,Time Management,63.989999999999995,1
52,23,5,Staff,Operations,300000000.0,242,Innovation,66.07,1
52,23,5,Staff,Operations,300000000.0,242,Project,60.34,1
52,23,5,Staff,Operations,300000000.0,242,Quality,64.63,1
52,23,5,Staff,Operations,300000000.0,242,Teamwork,61.615,1
52,23,5,Staff,Operations,300000000.0,242,Time Management,56.39,1
52,23,5,Staff,Operations,365962025.0,249,Attendance,65.4,1
52,23,5,Staff,Operations,365962025.0,249,Efficiency,73.41,1
52,23,5,Staff,Operations,365962025.0,249,Innovation,61.51,1
52,23,5,Staff,Operations,365962025.0,249,Quality,68.295,1
52,23,5,Staff,Operations,369461833.0,321,Development,62.24,1
52,23,5,Staff,Operations,369461833.0,321,Efficiency,70.94666666666666,1
52,23,5,Staff,Operations,369461833.0,321,Finance,64.33,1
52,23,5,Staff,Operations,369461833.0,321,HR,67.61666666666667,1
52,23,5,Staff,Operations,369461833.0,321,Performance,58.44,1
52,23,5,Staff,Operations,369461833.0,321,Project,65.01,1
52,23,5,Staff,Operations,369461833.0,321,Quality,63.163333333333334,1
52,23,5,Staff,Operations,369461833.0,321,Teamwork,60.79,1
52,23,5,Staff,Operations,369461833.0,321,Technical,68.93,1
52,23,5,Staff,Operations,369461833.0,321,Time Management,66.77,1
53,42,8,Senior Manager,Design,75000000.0,203,Attendance,98.0,0
53,42,8,Senior Manager,Design,75000000.0,203,Development,98.0,0
53,42,8,Senior Manager,Design,75000000.0,203,Finance,98.0,0
53,42,8,Senior Manager,Design,75000000.0,203,HR,98.0,0
53,42,8,Senior Manager,Design,75000000.0,203,Quality,98.0,0
53,42,8,Senior Manager,Design,120000000.0,152,Attendance,98.0,0
53,42,8,Senior Manager,Design,120000000.0,152,Finance,98.0,0
53,42,8,Senior Manager,Design,120000000.0,152,Quality,98.0,0
53,42,8,Senior Manager,Design,120000000.0,152,Teamwork,98.0,0
53,42,8,Senior Manager,Design,120000000.0,152,Time Management,98.0,0
53,42,8,Senior Manager,Design,140000000.0,211,Development,98.0,0
53,42,8,Senior Manager,Design,140000000.0,211,Finance,98.0,0
53,42,8,Senior Manager,Design,140000000.0,211,HR,98.0,0
53,42,8,Senior Manager,Design,140000000.0,211,Performance,98.0,0
53,42,8,Senior Manager,Design,140000000.0,211,Project,98.0,0
53,42,8,Senior Manager,Design,140000000.0,211,Teamwork,98.0,0
53,42,8,Senior Manager,Design,180000000.0,193,Development,98.0,0
53,42,8,Senior Manager,Design,180000000.0,193,Efficiency,98.0,0
53,42,8,Senior Manager,Design,180000000.0,193,Finance,96.13,0
53,42,8,Senior Manager,Design,180000000.0,193,HR,98.0,0
53,42,8,Senior Manager,Design,180000000.0,193,Innovation,94.54,0
53,42,8,Senior Manager,Design,180000000.0,193,Performance,98.0,0
53,42,8,Senior Manager,Design,180000000.0,193,Quality,97.795,0
53,42,8,Senior Manager,Design,190000000.0,241,Attendance,98.0,0
53,42,8,Senior Manager,Design,190000000.0,241,Development,98.0,0
53,42,8,Senior Manager,Design,190000000.0,241,Efficiency,98.0,0
53,42,8,Senior Manager,Design,190000000.0,241,Finance,98.0,0
53,42,8,Senior Manager,Design,190000000.0,241,HR,98.0,0
53,42,8,Senior Manager,Design,190000000.0,241,Quality,98.0,0
53,42,8,Senior Manager,Design,190000000.0,241,Teamwork,98.0,0
53,42,8,Senior Manager,Design,190000000.0,241,Technical,98.0,0
53,42,8,Senior Manager,Design,190000000.0,241,Time Management,98.0,0
53,42,8,Senior Manager,Design,250000000.0,291,Attendance,98.0,0
53,42,8,Senior Manager,Design,250000000.0,291,Efficiency,98.0,0
53,42,8,Senior Manager,Design,250000000.0,291,HR,98.0,0
53,42,8,Senior Manager,Design,250000000.0,291,Innovation,98.0,0
53,42,8,Senior Manager,Design,250000000.0,291,Project,98.0,0
53,42,8,Senior Manager,Design,250000000.0,291,Quality,98.0,0
53,42,8,Senior Manager,Design,250000000.0,291,Teamwork,98.0,0
53,42,8,Senior Manager,Design,250000000.0,291,Time Management,98.0,0
53,42,8,Senior Manager,Design,291868109.0,256,Development,98.0,0
53,42,8,Senior Manager,Design,291868109.0,256,Efficiency,98.0,0
53,42,8,Senior Manager,Design,291868109.0,256,Performance,98.0,0
53,42,8,Senior Manager,Design,291868109.0,256,Project,98.0,0
53,42,8,Senior Manager,Design,291868109.0,256,Quality,98.0,0
53,42,8,Senior Manager,Design,291868109.0,256,Teamwork,98.0,0
53,42,8,Senior Manager,Design,291868109.0,256,Time Management,98.0,0
53,42,8,Senior Manager,Design,385820825.0,138,Attendance,98.0,0
53,42,8,Senior Manager,Design,385820825.0,138,Development,98.0,0
53,42,8,Senior Manager,Design,385820825.0,138,Innovation,98.0,0
53,42,8,Senior Manager,Design,385820825.0,138,Performance,98.0,0
53,42,8,Senior Manager,Design,385820825.0,138,Project,98.0,0
53,42,8,Senior Manager,Design,385820825.0,138,Quality,97.18,0
53,42,8,Senior Manager,Design,385820825.0,138,Teamwork,98.0,0
53,42,8,Senior Manager,Design,385820825.0,138,Time Management,98.0,0
54,42,12,Director,Research & Development,82017929.0,114,Efficiency,98.0,0
54,42,12,Director,Research & Development,82017929.0,114,Quality,98.0,0
54,42,12,Director,Research & Development,82017929.0,114,Technical,98.0,0
54,42,12,Director,Research & Development,90000000.0,244,Attendance,98.0,0
54,42,12,Director,Research & Development,90000000.0,244,Finance,98.0,0
54,42,12,Director,Research & Development,90000000.0,244,HR,98.0,0
54,42,12,Director,Research & Development,90000000.0,244,Project,98.0,0
54,42,12,Director,Research & Development,90000000.0,244,Quality,98.0,0
54,42,12,Director,Research & Development,90000000.0,244,Teamwork,98.0,0
54,42,12,Director,Research & Development,90000000.0,244,Technical,98.0,0
54,42,12,Director,Research & Development,95000000.0,211,Attendance,98.0,0
54,42,12,Director,Research & Development,95000000.0,211,Development,98.0,0
54,42,12,Director,Research & Development,95000000.0,211,Efficiency,98.0,0
54,42,12,Director,Research & Development,95000000.0,211,Innovation,98.0,0
54,42,12,Director,Research & Development,95000000.0,211,Project,98.0,0
54,42,12,Director,Research & Development,95000000.0,211,Quality,98.0,0
54,42,12,Director,Research & Development,95000000.0,211,Technical,98.0,0
54,42,12,Director,Research & Development,95000000.0,211,Time Management,98.0,0
54,42,12,Director,Research & Development,140000000.0,211,Finance,98.0,0
54,42,12,Director,Research & Development,140000000.0,211,Project,98.0,0
54,42,12,Director,Research & Development,206368642.0,46,Attendance,98.0,0
54,42,12,Director,Research & Development,206368642.0,46,Development,98.0,0
54,42,12,Director,Research & Development,206368642.0,46,Finance,98.0,0
54,42,12,Director,Research & Development,206368642.0,46,Innovation,98.0,0
54,42,12,Director,Research & Development,206368642.0,46,Performance,98.0,0
54,42,12,Director,Research & Development,206368642.0,46,Project,98.0,0
54,42,12,Director,Research & Development,206368642.0,46,Quality,98.0,0
54,42,12,Director,Research & Development,206368642.0,46,Teamwork,98.0,0
54,42,12,Director,Research & Development,300000000.0,242,Attendance,98.0,0
54,42,12,Director,Research & Development,300000000.0,242,Development,98.0,0
54,42,12,Director,Research & Development,300000000.0,242,Efficiency,98.0,0
54,42,12,Director,Research & Development,300000000.0,242,HR,98.0,0
54,42,12,Director,Research & Development,300000000.0,242,Innovation,98.0,0
54,42,12,Director,Research & Development,300000000.0,242,Project,98.0,0
54,42,12,Director,Research & Development,300000000.0,242,Quality,98.0,0
54,42,12,Director,Research & Development,300000000.0,242,Teamwork,98.0,0
54,42,12,Director,Research & Development,300000000.0,242,Time Management,98.0,0
54,42,12,Director,Research & Development,375514309.0,335,Attendance,98.0,0
54,42,12,Director,Research & Development,375514309.0,335,Efficiency,98.0,0
54,42,12,Director,Research & Development,375514309.0,335,HR,98.0,0
54,42,12,Director,Research & Development,375514309.0,335,Quality,98.0,0
54,42,12,Director,Research & Development,375514309.0,335,Teamwork,98.0,0
54,42,12,Director,Research & Development,377293102.0,80,Efficiency,98.0,0
54,42,12,Director,Research & Development,377293102.0,80,HR,98.0,0
54,42,12,Director,Research & Development,377293102.0,80,Performance,98.0,0
54,42,12,Director,Research & Development,377293102.0,80,Project,98.0,0
54,42,12,Director,Research & Development,377293102.0,80,Quality,98.0,0
54,42,12,Director,Research & Development,377293102.0,80,Teamwork,98.0,0
54,42,12,Director,Research & Development,377293102.0,80,Technical,98.0,0
55,31,3,Staff,Finance,88214342.0,149,Finance,65.61,1
55,31,3,Staff,Finance,88214342.0,149,HR,64.08,1
55,31,3,Staff,Finance,88214342.0,149,Innovation,68.4,1
55,31,3,Staff,Finance,88214342.0,149,Performance,70.15,1
55,31,3,Staff,Finance,88214342.0,149,Quality,62.81666666666666,1
55,31,3,Staff,Finance,88214342.0,149,Technical,65.19,1
55,31,3,Staff,Finance,88214342.0,149,Time Management,69.745,1
55,31,3,Staff,Finance,120000000.0,152,Attendance,77.62,1
55,31,3,Staff,Finance,120000000.0,152,Development,59.86,1
55,31,3,Staff,Finance,120000000.0,152,Innovation,62.38,1
55,31,3,Staff,Finance,120000000.0,152,Project,69.825,1
55,31,3,Staff,Finance,120000000.0,152,Teamwork,75.93,1
55,31,3,Staff,Finance,130000000.0,303,Attendance,64.93,1
55,31,3,Staff,Finance,130000000.0,303,Development,61.42,1
55,31,3,Staff,Finance,130000000.0,303,HR,68.47,1
55,31,3,Staff,Finance,130000000.0,303,Project,61.58,1
55,31,3,Staff,Finance,130000000.0,303,Quality,59.559999999999995,1
55,31,3,Staff,Finance,130000000.0,303,Teamwork,73.29,1
55,31,3,Staff,Finance,130000000.0,303,Technical,67.63499999999999,1
55,31,3,Staff,Finance,130000000.0,303,Time Management,68.03,1
55,31,3,Staff,Finance,170000000.0,229,Attendance,67.04,1
55,31,3,Staff,Finance,170000000.0,229,Finance,56.05,1
55,31,3,Staff,Finance,170000000.0,229,HR,70.88,1
55,31,3,Staff,Finance,170000000.0,229,Project,64.775,1
55,31,3,Staff,Finance,170000000.0,229,Quality,64.405,1
55,31,3,Staff,Finance,170000000.0,229,Technical,54.46,1
55,31,3,Staff,Finance,355280620.0,347,Attendance,62.63,1
55,31,3,Staff,Finance,355280620.0,347,Development,62.576666666666675,1
55,31,3,Staff,Finance,355280620.0,347,HR,68.005,1
55,31,3,Staff,Finance,355280620.0,347,Innovation,61.93,1
55,31,3,Staff,Finance,355280620.0,347,Performance,60.14,1
55,31,3,Staff,Finance,355280620.0,347,Quality,62.925,1
55,31,3,Staff,Finance,355280620.0,347,Teamwork,68.3,1
55,31,3,Staff,Finance,355280620.0,347,Technical,63.07,1
55,31,3,Staff,Finance,355280620.0,347,Time Management,64.37,1
55,31,3,Staff,Finance,385820825.0,138,Attendance,65.35,1
55,31,3,Staff,Finance,385820825.0,138,Development,61.94,1
55,31,3,Staff,Finance,385820825.0,138,HR,65.3,1
55,31,3,Staff,Finance,385820825.0,138,Innovation,55.65,1
55,31,3,Staff,Finance,385820825.0,138,Project,60.019999999999996,1
55,31,3,Staff,Finance,385820825.0,138,Quality,63.56666666666666,1
55,31,3,Staff,Finance,385820825.0,138,Teamwork,64.25,1
55,31,3,Staff,Finance,385820825.0,138,Technical,63.13,1
55,31,3,Staff,Finance,385820825.0,138,Time Management,71.58,1
55,31,3,Staff,Finance,397696244.0,106,Finance,58.35,1
55,31,3,Staff,Finance,397696244.0,106,Performance,62.4,1
55,31,3,Staff,Finance,397696244.0,106,Quality,63.38,1
55,31,3,Staff,Finance,397696244.0,106,Teamwork,65.19,1
55,31,3,Staff,Finance,397696244.0,106,Technical,60.24,1
55,31,3,Staff,Finance,397696244.0,106,Time Management,67.82,1
55,31,3,Staff,Finance,493794225.0,102,Attendance,68.74,1
55,31,3,Staff,Finance,493794225.0,102,Development,62.57,1
55,31,3,Staff,Finance,493794225.0,102,Efficiency,67.76,1
55,31,3,Staff,Finance,493794225.0,102,Finance,64.41,1
55,31,3,Staff,Finance,493794225.0,102,Performance,67.25,1
55,31,3,Staff,Finance,493794225.0,102,Project,71.57,1
55,31,3,Staff,Finance,493794225.0,102,Quality,66.53999999999999,1
55,31,3,Staff,Finance,493794225.0,102,Technical,60.31,1
56,34,9,Manager,Marketing,60000000.0,214,Attendance,98.0,0
56,34,9,Manager,Marketing,60000000.0,214,Development,86.6,0
56,34,9,Manager,Marketing,60000000.0,214,Efficiency,95.91499999999999,0
56,34,9,Manager,Marketing,60000000.0,214,HR,96.23,0
56,34,9,Manager,Marketing,60000000.0,214,Performance,98.0,0
56,34,9,Manager,Marketing,60000000.0,214,Project,96.965,0
56,34,9,Manager,Marketing,60000000.0,214,Quality,95.05,0
56,34,9,Manager,Marketing,60000000.0,214,Time Management,95.33,0
56,34,9,Manager,Marketing,204675132.0,174,Efficiency,93.82,0
56,34,9,Manager,Marketing,204675132.0,174,HR,98.0,0
56,34,9,Manager,Marketing,204675132.0,174,Performance,98.0,0
56,34,9,Manager,Marketing,204675132.0,174,Quality,95.765,0
56,34,9,Manager,Marketing,204675132.0,174,Time Management,97.13333333333333,0
56,34,9,Manager,Marketing,278244747.0,88,Development,93.23,0
56,34,9,Manager,Marketing,278244747.0,88,HR,98.0,0
56,34,9,Manager,Marketing,278244747.0,88,Innovation,92.24,0
56,34,9,Manager,Marketing,278244747.0,88,Project,98.0,0
56,34,9,Manager,Marketing,278244747.0,88,Teamwork,98.0,0
56,34,9,Manager,Marketing,278244747.0,88,Technical,90.18,0
56,34,9,Manager,Marketing,278244747.0,88,Time Management,98.0,0
56,34,9,Manager,Marketing,291868109.0,256,Efficiency,98.0,0
56,34,9,Manager,Marketing,291868109.0,256,Finance,96.34,0
56,34,9,Manager,Marketing,291868109.0,256,Innovation,95.83,0
56,34,9,Manager,Marketing,291868109.0,256,Time Management,94.53,0
56,34,9,Manager,Marketing,355280620.0,347,Development,94.18,0
56,34,9,Manager,Marketing,355280620.0,347,Efficiency,98.0,0
56,34,9,Manager,Marketing,355280620.0,347,HR,98.0,0
56,34,9,Manager,Marketing,355280620.0,347,Performance,98.0,0
56,34,9,Manager,Marketing,355280620.0,347,Quality,94.25999999999999,0
56,34,9,Manager,Marketing,355280620.0,347,Teamwork,98.0,0
56,34,9,Manager,Marketing,355280620.0,347,Time Management,98.0,0
56,34,9,Manager,Marketing,377293102.0,80,Development,92.43,0
56,34,9,Manager,Marketing,377293102.0,80,Finance,96.18,0
56,34,9,Manager,Marketing,377293102.0,80,Performance,96.07,0
56,34,9,Manager,Marketing,377293102.0,80,Quality,98.0,0
56,34,9,Manager,Marketing,377293102.0,80,Teamwork,98.0,0
56,34,9,Manager,Marketing,377293102.0,80,Technical,95.01,0
56,34,9,Manager,Marketing,400000000.0,259,Development,91.99,0
56,34,9,Manager,Marketing,400000000.0,259,HR,98.0,0
56,34,9,Manager,Marketing,400000000.0,259,Quality,98.0,0
56,34,9,Manager,Marketing,400000000.0,259,Technical,98.0,0
56,34,9,Manager,Marketing,472961951.0,350,Efficiency,98.0,0
56,34,9,Manager,Marketing,472961951.0,350,Finance,98.0,0
56,34,9,Manager,Marketing,472961951.0,350,HR,95.6,0
56,34,9,Manager,Marketing,472961951.0,350,Innovation,94.96,0
56,34,9,Manager,Marketing,472961951.0,350,Quality,91.47999999999999,0
56,34,9,Manager,Marketing,472961951.0,350,Time Management,98.0,0
57,29,5,Staff,Research & Development,90000000.0,244,Attendance,75.39,1
57,29,5,Staff,Research & Development,90000000.0,244,Finance,73.57,1
57,29,5,Staff,Research & Development,90000000.0,244,HR,73.43,1
57,29,5,Staff,Research & Development,90000000.0,244,Teamwork,82.7,1
57,29,5,Staff,Research & Development,90000000.0,244,Technical,76.0,1
57,29,5,Staff,Research & Development,95000000.0,211,Attendance,74.695,1
57,29,5,Staff,Research & Development,95000000.0,211,Development,67.63499999999999,1
57,29,5,Staff,Research & Development,95000000.0,211,Efficiency,76.04,1
57,29,5,Staff,Research & Development,95000000.0,211,HR,68.73,1
57,29,5,Staff,Research & Development,95000000.0,211,Innovation,63.69500000000001,1
57,29,5,Staff,Research & Development,95000000.0,211,Performance,70.315,1
57,29,5,Staff,Research & Development,95000000.0,211,Project,81.5,1
57,29,5,Staff,Research & Development,95000000.0,211,Quality,76.56,1
57,29,5,Staff,Research & Development,95000000.0,211,Teamwork,72.05000000000001,1
57,29,5,Staff,Research & Development,95000000.0,211,Time Management,59.92,1
57,29,5,Staff,Research & Development,120000000.0,152,Attendance,81.97,1
57,29,5,Staff,Research & Development,120000000.0,152,Finance,64.81,1
57,29,5,Staff,Research & Development,120000000.0,152,HR,67.91,1
57,29,5,Staff,Research & Development,120000000.0,152,Innovation,66.13,1
57,29,5,Staff,Research & Development,120000000.0,152,Performance,67.105,1
57,29,5,Staff,Research & Development,120000000.0,152,Project,65.38,1
57,29,5,Staff,Research & Development,120000000.0,152,Quality,64.07333333333334,1
57,29,5,Staff,Research & Development,140000000.0,211,Efficiency,78.01,1
57,29,5,Staff,Research & Development,140000000.0,211,Performance,83.89,1
57,29,5,Staff,Research & Development,170000000.0,229,Quality,65.39,1
57,29,5,Staff,Research & Development,170000000.0,229,Technical,68.12,1
57,29,5,Staff,Research & Development,170000000.0,229,Time Management,67.34,1
57,29,5,Staff,Research & Development,180000000.0,193,Innovation,70.19,1
57,29,5,Staff,Research & Development,180000000.0,193,Performance,73.61,1
57,29,5,Staff,Research & Development,180000000.0,193,Quality,66.48,1
57,29,5,Staff,Research & Development,291862333.0,334,Attendance,83.52,1
57,29,5,Staff,Research & Development,291862333.0,334,Efficiency,68.2,1
57,29,5,Staff,Research & Development,291862333.0,334,Finance,68.63,1
57,29,5,Staff,Research & Development,291862333.0,334,HR,83.87,1
57,29,5,Staff,Research & Development,291862333.0,334,Performance,75.59,1
57,29,5,Staff,Research & Development,291862333.0,334,Quality,70.07,1
57,29,5,Staff,Research & Development,291862333.0,334,Teamwork,82.405,1
57,29,5,Staff,Research & Development,291862333.0,334,Technical,73.37,1
57,29,5,Staff,Research & Development,291862333.0,334,Time Management,71.06,1
57,29,5,Staff,Research & Development,466447298.0,297,Efficiency,72.62,1
57,29,5,Staff,Research & Development,466447298.0,297,HR,75.98,1
57,29,5,Staff,Research & Development,466447298.0,297,Quality,78.18,1
58,28,4,Staff,Human Resources,90000000.0,244,Attendance,74.66,1
58,28,4,Staff,Human Resources,90000000.0,244,HR,62.47,1
58,28,4,Staff,Human Resources,90000000.0,244,Performance,63.31,1
58,28,4,Staff,Human Resources,90000000.0,244,Quality,56.37,1
58,28,4,Staff,Human Resources,95000000.0,211,Development,65.24,1
58,28,4,Staff,Human Resources,95000000.0,211,HR,68.24,1
58,28,4,Staff,Human Resources,95000000.0,211,Teamwork,68.64,1
58,28,4,Staff,Human Resources,134037811.0,31,Attendance,65.795,1
58,28,4,Staff,Human Resources,134037811.0,31,Efficiency,68.23,1
58,28,4,Staff,Human Resources,134037811.0,31,Finance,63.96,1
58,28,4,Staff,Human Resources,134037811.0,31,HR,67.59,1
58,28,4,Staff,Human Resources,134037811.0,31,Innovation,68.74,1
58,28,4,Staff,Human Resources,134037811.0,31,Project,63.42,1
58,28,4,Staff,Human Resources,134037811.0,31,Quality,68.52,1
58,28,4,Staff,Human Resources,150000000.0,274,Development,59.33,1
58,28,4,Staff,Human Resources,150000000.0,274,Efficiency,65.21,1
58,28,4,Staff,Human Resources,150000000.0,274,Finance,66.29,1
58,28,4,Staff,Human Resources,150000000.0,274,HR,73.65,1
58,28,4,Staff,Human Resources,150000000.0,274,Innovation,63.4,1
58,28,4,Staff,Human Resources,150000000.0,274,Quality,53.52,1
58,28,4,Staff,Human Resources,170000000.0,229,HR,62.85,1
58,28,4,Staff,Human Resources,170000000.0,229,Innovation,53.87,1
58,28,4,Staff,Human Resources,170000000.0,229,Project,61.34,1
58,28,4,Staff,Human Resources,170000000.0,229,Quality,66.49333333333333,1
58,28,4,Staff,Human Resources,355280620.0,347,Attendance,73.65,1
58,28,4,Staff,Human Resources,355280620.0,347,Development,63.730000000000004,1
58,28,4,Staff,Human Resources,355280620.0,347,Efficiency,73.72,1
58,28,4,Staff,Human Resources,355280620.0,347,Finance,62.83,1
58,28,4,Staff,Human Resources,355280620.0,347,HR,67.125,1
58,28,4,Staff,Human Resources,355280620.0,347,Quality,62.120000000000005,1
58,28,4,Staff,Human Resources,355280620.0,347,Teamwork,66.4,1
58,28,4,Staff,Human Resources,375514309.0,335,Attendance,73.74,1
58,28,4,Staff,Human Resources,375514309.0,335,Development,69.02,1
58,28,4,Staff,Human Resources,375514309.0,335,Innovation,63.35,1
58,28,4,Staff,Human Resources,404564658.0,71,Attendance,65.11,1
58,28,4,Staff,Human Resources,404564658.0,71,Development,59.35,1
58,28,4,Staff,Human Resources,404564658.0,71,Quality,61.47,1
59,35,10,Manager,Legal,82017929.0,114,Attendance,96.61,0
59,35,10,Manager,Legal,82017929.0,114,Development,94.82,0
59,35,10,Manager,Legal,82017929.0,114,Efficiency,91.91,0
59,35,10,Manager,Legal,82017929.0,114,Finance,90.68,0
59,35,10,Manager,Legal,82017929.0,114,HR,91.69999999999999,0
59,35,10,Manager,Legal,82017929.0,114,Performance,93.11,0
59,35,10,Manager,Legal,82017929.0,114,Quality,88.52,0
59,35,10,Manager,Legal,82017929.0,114,Teamwork,93.43,0
59,35,10,Manager,Legal,82017929.0,114,Time Management,96.47,0
59,35,10,Manager,Legal,110000000.0,199,Finance,89.65,0
59,35,10,Manager,Legal,110000000.0,199,Project,98.0,0
59,35,10,Manager,Legal,110000000.0,199,Quality,93.29,0
59,35,10,Manager,Legal,110000000.0,199,Technical,98.0,0
59,35,10,Manager,Legal,120000000.0,152,Attendance,96.2,0
59,35,10,Manager,Legal,120000000.0,152,HR,90.28,0
59,35,10,Manager,Legal,120000000.0,152,Performance,96.0,0
59,35,10,Manager,Legal,120000000.0,152,Teamwork,93.48,0
59,35,10,Manager,Legal,134037811.0,31,Efficiency,86.84,0
59,35,10,Manager,Legal,134037811.0,31,Finance,92.98,0
59,35,10,Manager,Legal,134037811.0,31,Performance,90.76,0
59,35,10,Manager,Legal,134037811.0,31,Project,96.66,0
59,35,10,Manager,Legal,134037811.0,31,Quality,90.265,0
59,35,10,Manager,Legal,134037811.0,31,Teamwork,86.99000000000001,0
59,35,10,Manager,Legal,150000000.0,274,Attendance,96.895,0
59,35,10,Manager,Legal,150000000.0,274,Development,88.06,0
59,35,10,Manager,Legal,150000000.0,274,Finance,95.37,0
59,35,10,Manager,Legal,150000000.0,274,HR,95.06,0
59,35,10,Manager,Legal,150000000.0,274,Performance,94.36,0
59,35,10,Manager,Legal,150000000.0,274,Project,92.71,0
59,35,10,Manager,Legal,150000000.0,274,Quality,91.725,0
59,35,10,Manager,Legal,250000000.0,291,Attendance,92.93,0
59,35,10,Manager,Legal,250000000.0,291,Efficiency,94.26,0
59,35,10,Manager,Legal,250000000.0,291,Innovation,86.54,0
59,35,10,Manager,Legal,250000000.0,291,Quality,91.82,0
59,35,10,Manager,Legal,369461833.0,321,Attendance,98.0,0
59,35,10,Manager,Legal,369461833.0,321,Efficiency,88.13,0
59,35,10,Manager,Legal,369461833.0,321,HR,88.8,0
59,35,10,Manager,Legal,369461833.0,321,Innovation,89.27,0
59,35,10,Manager,Legal,369461833.0,321,Quality,93.9,0
59,35,10,Manager,Legal,369461833.0,321,Teamwork,92.17,0
59,35,10,Manager,Legal,404564658.0,71,Attendance,97.25,0
59,35,10,Manager,Legal,404564658.0,71,Efficiency,87.37,0
59,35,10,Manager,Legal,404564658.0,71,Performance,89.52,0
59,35,10,Manager,Legal,404564658.0,71,Time Management,86.79,0
60,29,1,Staff,Procurement,50000000.0,211,Performance,41.68,1
60,29,1,Staff,Procurement,50000000.0,211,Quality,41.75,1
60,29,1,Staff,Procurement,50000000.0,211,Technical,48.2,1
60,29,1,Staff,Procurement,60000000.0,214,Development,56.65,1
60,29,1,Staff,Procurement,60000000.0,214,Efficiency,59.13,1
60,29,1,Staff,Procurement,60000000.0,214,Finance,46.77,1
60,29,1,Staff,Procurement,60000000.0,214,HR,49.81,1
60,29,1,Staff,Procurement,60000000.0,214,Quality,38.92,1
60,29,1,Staff,Procurement,60000000.0,214,Teamwork,45.56,1
60,29,1,Staff,Procurement,60000000.0,214,Time Management,44.04,1
60,29,1,Staff,Procurement,75000000.0,203,Attendance,57.26,1
60,29,1,Staff,Procurement,75000000.0,203,HR,49.81,1
60,29,1,Staff,Procurement,75000000.0,203,Project,53.58,1
60,29,1,Staff,Procurement,75000000.0,203,Quality,47.17,1
60,29,1,Staff,Procurement,120000000.0,152,Development,43.769999999999996,1
60,29,1,Staff,Procurement,120000000.0,152,Efficiency,44.725,1
60,29,1,Staff,Procurement,120000000.0,152,HR,48.605000000000004,1
60,29,1,Staff,Procurement,120000000.0,152,Project,53.24,1
60,29,1,Staff,Procurement,150000000.0,274,Efficiency,44.34,1
60,29,1,Staff,Procurement,150000000.0,274,HR,56.66,1
60,29,1,Staff,Procurement,150000000.0,274,Innovation,37.68,1
60,29,1,Staff,Procurement,150000000.0,274,Project,50.08,1
60,29,1,Staff,Procurement,150000000.0,274,Quality,43.99333333333333,1
60,29,1,Staff,Procurement,150000000.0,274,Technical,48.71,1
60,29,1,Staff,Procurement,150000000.0,274,Time Management,54.67,1
60,29,1,Staff,Procurement,180000000.0,193,Performance,47.45,1
60,29,1,Staff,Procurement,180000000.0,193,Project,53.46,1
60,29,1,Staff,Procurement,180000000.0,193,Quality,48.96,1
60,29,1,Staff,Procurement,180000000.0,193,Teamwork,49.33,1
60,29,1,Staff,Procurement,180000000.0,193,Technical,45.11,1
60,29,1,Staff,Procurement,180000000.0,193,Time Management,42.9,1
60,29,1,Staff,Procurement,291868109.0,256,Efficiency,52.64,1
60,29,1,Staff,Procurement,291868109.0,256,Finance,39.28,1
60,29,1,Staff,Procurement,291868109.0,256,HR,45.79,1
60,29,1,Staff,Procurement,291868109.0,256,Performance,48.894999999999996,1
60,29,1,Staff,Procurement,291868109.0,256,Quality,46.737500000000004,1
60,29,1,Staff,Procurement,291868109.0,256,Technical,54.09,1
60,29,1,Staff,Procurement,291868109.0,256,Time Management,42.224999999999994,1
60,29,1,Staff,Procurement,397696244.0,106,Innovation,41.07,1
60,29,1,Staff,Procurement,397696244.0,106,Project,43.63,1
60,29,1,Staff,Procurement,397696244.0,106,Technical,44.76,1
60,29,1,Staff,Procurement,397696244.0,106,Time Management,50.02,1
61,31,7,Senior Staff,Operations,90000000.0,244,Development,69.10499999999999,1
61,31,7,Senior Staff,Operations,90000000.0,244,Efficiency,66.56,1
61,31,7,Senior Staff,Operations,90000000.0,244,Finance,67.9,1
61,31,7,Senior Staff,Operations,90000000.0,244,HR,65.53,1
61,31,7,Senior Staff,Operations,90000000.0,244,Innovation,62.72,1
61,31,7,Senior Staff,Operations,90000000.0,244,Quality,68.505,1
61,31,7,Senior Staff,Operations,90000000.0,244,Teamwork,73.21666666666667,1
61,31,7,Senior Staff,Operations,90000000.0,244,Technical,68.0,1
61,31,7,Senior Staff,Operations,150000000.0,274,Development,67.88,1
61,31,7,Senior Staff,Operations,150000000.0,274,Finance,60.06,1
61,31,7,Senior Staff,Operations,150000000.0,274,Innovation,65.11,1
61,31,7,Senior Staff,Operations,150000000.0,274,Quality,68.855,1
61,31,7,Senior Staff,Operations,150000000.0,274,Teamwork,65.06,1
61,31,7,Senior Staff,Operations,150000000.0,274,Technical,63.87,1
61,31,7,Senior Staff,Operations,170000000.0,229,Development,77.77,1
61,31,7,Senior Staff,Operations,170000000.0,229,Finance,66.75,1
61,31,7,Senior Staff,Operations,170000000.0,229,HR,64.35333333333334,1
61,31,7,Senior Staff,Operations,170000000.0,229,Innovation,66.96,1
61,31,7,Senior Staff,Operations,170000000.0,229,Performance,70.27,1
61,31,7,Senior Staff,Operations,170000000.0,229,Project,69.88,1
61,31,7,Senior Staff,Operations,170000000.0,229,Quality,63.515,1
61,31,7,Senior Staff,Operations,170000000.0,229,Technical,66.18,1
61,31,7,Senior Staff,Operations,170000000.0,229,Time Management,70.72,1
61,31,7,Senior Staff,Operations,204675132.0,174,Development,71.8,1
61,31,7,Senior Staff,Operations,204675132.0,174,Project,65.17,1
61,31,7,Senior Staff,Operations,204675132.0,174,Quality,71.61,1
61,31,7,Senior Staff,Operations,250000000.0,291,Innovation,70.99,1
61,31,7,Senior Staff,Operations,250000000.0,291,Quality,65.2,1
61,31,7,Senior Staff,Operations,250000000.0,291,Technical,73.64,1
61,31,7,Senior Staff,Operations,278244747.0,88,Finance,68.53,1
61,31,7,Senior Staff,Operations,278244747.0,88,HR,68.265,1
61,31,7,Senior Staff,Operations,278244747.0,88,Innovation,65.79,1
61,31,7,Senior Staff,Operations,278244747.0,88,Performance,77.36,1
61,31,7,Senior Staff,Operations,278244747.0,88,Quality,75.07,1
61,31,7,Senior Staff,Operations,278244747.0,88,Teamwork,75.8,1
61,31,7,Senior Staff,Operations,278244747.0,88,Technical,63.04,1
61,31,7,Senior Staff,Operations,493794225.0,102,Attendance,79.28,1
61,31,7,Senior Staff,Operations,493794225.0,102,Innovation,64.41,1
61,31,7,Senior Staff,Operations,493794225.0,102,Quality,70.99,1
62,23,3,Staff,Operations,75000000.0,203,Attendance,70.8,1
62,23,3,Staff,Operations,75000000.0,203,Performance,58.24,1
62,23,3,Staff,Operations,75000000.0,203,Quality,60.12,1
62,23,3,Staff,Operations,120000000.0,152,Finance,67.12,1
62,23,3,Staff,Operations,130000000.0,303,Attendance,60.77,1
62,23,3,Staff,Operations,130000000.0,303,Efficiency,66.93,1
62,23,3,Staff,Operations,130000000.0,303,HR,74.51666666666667,1
62,23,3,Staff,Operations,130000000.0,303,Innovation,57.535,1
62,23,3,Staff,Operations,130000000.0,303,Project,59.98,1
62,23,3,Staff,Operations,130000000.0,303,Quality,64.26,1
62,23,3,Staff,Operations,130000000.0,303,Teamwork,72.66,1
62,23,3,Staff,Operations,200000000.0,167,Development,60.66,1
62,23,3,Staff,Operations,200000000.0,167,Efficiency,64.9,1
62,23,3,Staff,Operations,200000000.0,167,Innovation,60.34,1
62,23,3,Staff,Operations,200000000.0,167,Performance,61.675,1
62,23,3,Staff,Operations,200000000.0,167,Project,66.3,1
62,23,3,Staff,Operations,200000000.0,167,Quality,60.696666666666665,1
62,23,3,Staff,Operations,200000000.0,167,Teamwork,67.03,1
62,23,3,Staff,Operations,204675132.0,174,Efficiency,61.75,1
62,23,3,Staff,Operations,204675132.0,174,Finance,62.129999999999995,1
62,23,3,Staff,Operations,204675132.0,174,Performance,67.65,1
62,23,3,Staff,Operations,204675132.0,174,Quality,55.99,1
62,23,3,Staff,Operations,204675132.0,174,Teamwork,61.77,1
62,23,3,Staff,Operations,204675132.0,174,Technical,65.67,1
62,23,3,Staff,Operations,300000000.0,242,Attendance,63.38,1
62,23,3,Staff,Operations,300000000.0,242,Efficiency,65.23,1
62,23,3,Staff,Operations,300000000.0,242,Finance,61.61,1
62,23,3,Staff,Operations,300000000.0,242,HR,69.39500000000001,1
62,23,3,Staff,Operations,300000000.0,242,Innovation,53.78,1
62,23,3,Staff,Operations,300000000.0,242,Performance,65.5,1
62,23,3,Staff,Operations,300000000.0,242,Quality,58.61,1
62,23,3,Staff,Operations,300000000.0,242,Technical,69.7,1
62,23,3,Staff,Operations,466447298.0,297,Finance,62.19,1
62,23,3,Staff,Operations,466447298.0,297,HR,70.1,1
62,23,3,Staff,Operations,466447298.0,297,Innovation,60.64,1
62,23,3,Staff,Operations,466447298.0,297,Quality,60.052499999999995,1
62,23,3,Staff,Operations,466447298.0,297,Teamwork,69.965,1
62,23,3,Staff,Operations,466447298.0,297,Technical,60.74,1
62,23,3,Staff,Operations,493794225.0,102,Finance,62.39,1
62,23,3,Staff,Operations,493794225.0,102,Project,62.48,1
62,23,3,Staff,Operations,493794225.0,102,Quality,57.11,1
63,24,3,Staff,Finance,95000000.0,211,Attendance,71.24,1
63,24,3,Staff,Finance,95000000.0,211,Development,63.61,1
63,24,3,Staff,Finance,95000000.0,211,Efficiency,64.9,1
63,24,3,Staff,Finance,95000000.0,211,Finance,62.68,1
63,24,3,Staff,Finance,95000000.0,211,HR,66.955,1
63,24,3,Staff,Finance,95000000.0,211,Innovation,62.47,1
63,24,3,Staff,Finance,95000000.0,211,Project,65.36,1
63,24,3,Staff,Finance,95000000.0,211,Quality,64.0,1
63,24,3,Staff,Finance,95000000.0,211,Teamwork,71.85,1
63,24,3,Staff,Finance,95000000.0,211,Technical,65.305,1
63,24,3,Staff,Finance,95000000.0,211,Time Management,67.03,1
63,24,3,Staff,Finance,134037811.0,31,Finance,65.24,1
63,24,3,Staff,Finance,134037811.0,31,HR,66.995,1
63,24,3,Staff,Finance,134037811.0,31,Innovation,62.67,1
63,24,3,Staff,Finance,134037811.0,31,Performance,74.83,1
63,24,3,Staff,Finance,134037811.0,31,Quality,72.18,1
63,24,3,Staff,Finance,134037811.0,31,Teamwork,76.78,1
63,24,3,Staff,Finance,180000000.0,193,Development,61.32,1
63,24,3,Staff,Finance,180000000.0,193,Finance,67.86,1
63,24,3,Staff,Finance,180000000.0,193,HR,65.57000000000001,1
63,24,3,Staff,Finance,180000000.0,193,Innovation,57.44,1
63,24,3,Staff,Finance,180000000.0,193,Quality,63.5,1
63,24,3,Staff,Finance,180000000.0,193,Time Management,68.29,1
63,24,3,Staff,Finance,190000000.0,241,Attendance,72.14,1
63,24,3,Staff,Finance,190000000.0,241,Development,68.58,1
63,24,3,Staff,Finance,190000000.0,241,Efficiency,65.905,1
63,24,3,Staff,Finance,190000000.0,241,Finance,73.21,1
63,24,3,Staff,Finance,190000000.0,241,HR,62.7,1
63,24,3,Staff,Finance,190000000.0,241,Performance,63.43,1
63,24,3,Staff,Finance,190000000.0,241,Project,68.31,1
63,24,3,Staff,Finance,190000000.0,241,Quality,63.5,1
63,24,3,Staff,Finance,190000000.0,241,Technical,69.005,1
63,24,3,Staff,Finance,220000000.0,225,Development,54.28,1
63,24,3,Staff,Finance,220000000.0,225,Finance,59.79,1
63,24,3,Staff,Finance,220000000.0,225,HR,60.37,1
63,24,3,Staff,Finance,220000000.0,225,Innovation,65.71,1
63,24,3,Staff,Finance,220000000.0,225,Performance,57.89,1
63,24,3,Staff,Finance,220000000.0,225,Project,61.620000000000005,1
63,24,3,Staff,Finance,220000000.0,225,Quality,61.07,1
63,24,3,Staff,Finance,220000000.0,225,Teamwork,57.39,1
63,24,3,Staff,Finance,220000000.0,225,Technical,58.72,1
63,24,3,Staff,Finance,291862333.0,334,Development,71.69,1
63,24,3,Staff,Finance,291862333.0,334,Efficiency,67.075,1
63,24,3,Staff,Finance,291862333.0,334,Finance,65.19500000000001,1
63,24,3,Staff,Finance,291862333.0,334,HR,73.16499999999999,1
63,24,3,Staff,Finance,291862333.0,334,Project,71.22,1
63,24,3,Staff,Finance,291862333.0,334,Quality,63.585,1
63,24,3,Staff,Finance,291862333.0,334,Teamwork,74.37,1
63,24,3,Staff,Finance,291862333.0,334,Technical,71.04,1
63,24,3,Staff,Finance,291862333.0,334,Time Management,67.75,1
63,24,3,Staff,Finance,355280620.0,347,Development,59.22,1
63,24,3,Staff,Finance,355280620.0,347,HR,65.73,1
63,24,3,Staff,Finance,355280620.0,347,Innovation,61.39,1
63,24,3,Staff,Finance,355280620.0,347,Performance,64.625,1
63,24,3,Staff,Finance,355280620.0,347,Quality,64.2975,1
63,24,3,Staff,Finance,355280620.0,347,Technical,64.55,1
63,24,3,Staff,Finance,404564658.0,71,Efficiency,69.98,1
63,24,3,Staff,Finance,404564658.0,71,Finance,59.51,1
63,24,3,Staff,Finance,404564658.0,71,HR,72.2,1
63,24,3,Staff,Finance,404564658.0,71,Time Management,76.27,1
64,31,4,Staff,Marketing,82017929.0,114,Innovation,64.61,1
64,31,4,Staff,Marketing,82017929.0,114,Project,66.54,1
64,31,4,Staff,Marketing,82017929.0,114,Teamwork,71.52,1
64,31,4,Staff,Marketing,82017929.0,114,Time Management,63.43,1
64,31,4,Staff,Marketing,110000000.0,199,Attendance,70.955,1
64,31,4,Staff,Marketing,110000000.0,199,Development,66.38,1
64,31,4,Staff,Marketing,110000000.0,199,Efficiency,68.73,1
64,31,4,Staff,Marketing,110000000.0,199,Finance,63.52,1
64,31,4,Staff,Marketing,110000000.0,199,Innovation,68.41,1
64,31,4,Staff,Marketing,110000000.0,199,Performance,64.98,1
64,31,4,Staff,Marketing,110000000.0,199,Project,73.79,1
64,31,4,Staff,Marketing,110000000.0,199,Quality,63.120000000000005,1
64,31,4,Staff,Marketing,110000000.0,199,Teamwork,73.63,1
64,31,4,Staff,Marketing,110000000.0,199,Technical,64.78,1
64,31,4,Staff,Marketing,120000000.0,152,Efficiency,67.0,1
64,31,4,Staff,Marketing,120000000.0,152,HR,73.93,1
64,31,4,Staff,Marketing,120000000.0,152,Innovation,66.45,1
64,31,4,Staff,Marketing,120000000.0,152,Performance,73.27,1
64,31,4,Staff,Marketing,120000000.0,152,Project,71.44,1
64,31,4,Staff,Marketing,120000000.0,152,Quality,62.86,1
64,31,4,Staff,Marketing,120000000.0,152,Technical,68.22,1
64,31,4,Staff,Marketing,180000000.0,193,Attendance,64.55,1
64,31,4,Staff,Marketing,180000000.0,193,Finance,56.15,1
64,31,4,Staff,Marketing,180000000.0,193,HR,66.43666666666667,1
64,31,4,Staff,Marketing,180000000.0,193,Performance,62.81,1
64,31,4,Staff,Marketing,180000000.0,193,Project,59.37,1
64,31,4,Staff,Marketing,180000000.0,193,Quality,61.615,1
64,31,4,Staff,Marketing,180000000.0,193,Technical,63.74,1
64,31,4,Staff,Marketing,365962025.0,249,Development,65.4,1
64,31,4,Staff,Marketing,365962025.0,249,Finance,63.15,1
64,31,4,Staff,Marketing,365962025.0,249,Performance,58.76,1
64,31,4,Staff,Marketing,365962025.0,249,Quality,73.17999999999999,1
64,31,4,Staff,Marketing,365962025.0,249,Teamwork,71.78999999999999,1
64,31,4,Staff,Marketing,365962025.0,249,Technical,71.35,1
64,31,4,Staff,Marketing,377293102.0,80,Attendance,69.68,1
64,31,4,Staff,Marketing,377293102.0,80,Development,65.38,1
64,31,4,Staff,Marketing,377293102.0,80,Efficiency,66.16,1
64,31,4,Staff,Marketing,377293102.0,80,HR,70.7225,1
64,31,4,Staff,Marketing,377293102.0,80,Quality,66.68,1
64,31,4,Staff,Marketing,377293102.0,80,Teamwork,65.935,1
64,31,4,Staff,Marketing,377293102.0,80,Time Management,72.33,1
64,31,4,Staff,Marketing,404564658.0,71,Attendance,76.91,1
64,31,4,Staff,Marketing,493794225.0,102,Development,73.19,1
64,31,4,Staff,Marketing,493794225.0,102,Efficiency,64.08,1
64,31,4,Staff,Marketing,493794225.0,102,HR,70.43,1
64,31,4,Staff,Marketing,493794225.0,102,Innovation,51.92,1
64,31,4,Staff,Marketing,493794225.0,102,Quality,61.25333333333333,1
64,31,4,Staff,Marketing,493794225.0,102,Teamwork,64.46,1
65,38,8,Manager,IT,50000000.0,211,Teamwork,98.0,0
65,38,8,Manager,IT,50000000.0,211,Technical,98.0,0
65,38,8,Manager,IT,50000000.0,211,Time Management,97.32,0
65,38,8,Manager,IT,130000000.0,303,Attendance,98.0,0
65,38,8,Manager,IT,130000000.0,303,Development,98.0,0
65,38,8,Manager,IT,130000000.0,303,Finance,92.41,0
65,38,8,Manager,IT,130000000.0,303,Performance,98.0,0
65,38,8,Manager,IT,130000000.0,303,Quality,94.55000000000001,0
65,38,8,Manager,IT,130000000.0,303,Teamwork,98.0,0
65,38,8,Manager,IT,130000000.0,303,Technical,98.0,0
65,38,8,Manager,IT,140000000.0,211,Attendance,98.0,0
65,38,8,Manager,IT,140000000.0,211,Development,97.96,0
65,38,8,Manager,IT,140000000.0,211,Efficiency,98.0,0
65,38,8,Manager,IT,140000000.0,211,Finance,97.43,0
65,38,8,Manager,IT,140000000.0,211,HR,92.82,0
65,38,8,Manager,IT,140000000.0,211,Innovation,98.0,0
65,38,8,Manager,IT,140000000.0,211,Quality,93.7,0
65,38,8,Manager,IT,140000000.0,211,Technical,98.0,0
65,38,8,Manager,IT,140000000.0,211,Time Management,96.55,0
65,38,8,Manager,IT,250000000.0,291,Efficiency,98.0,0
65,38,8,Manager,IT,250000000.0,291,Finance,96.66,0
65,38,8,Manager,IT,369461833.0,321,Attendance,98.0,0
65,38,8,Manager,IT,369461833.0,321,HR,98.0,0
65,38,8,Manager,IT,369461833.0,321,Performance,98.0,0
65,38,8,Manager,IT,369461833.0,321,Project,98.0,0
65,38,8,Manager,IT,369461833.0,321,Quality,95.36500000000001,0
65,38,8,Manager,IT,369461833.0,321,Teamwork,96.21,0
65,38,8,Manager,IT,369461833.0,321,Technical,94.6,0
65,38,8,Manager,IT,369461833.0,321,Time Management,98.0,0
65,38,8,Manager,IT,404564658.0,71,Development,98.0,0
65,38,8,Manager,IT,404564658.0,71,Finance,98.0,0
65,38,8,Manager,IT,404564658.0,71,Performance,98.0,0
65,38,8,Manager,IT,404564658.0,71,Project,98.0,0
65,38,8,Manager,IT,404564658.0,71,Technical,98.0,0
65,38,8,Manager,IT,404564658.0,71,Time Management,98.0,0
65,38,8,Manager,IT,466447298.0,297,Finance,98.0,0
65,38,8,Manager,IT,466447298.0,297,HR,98.0,0
65,38,8,Manager,IT,466447298.0,297,Project,97.7,0
65,38,8,Manager,IT,466447298.0,297,Quality,97.055,0
65,38,8,Manager,IT,472961951.0,350,Development,98.0,0
65,38,8,Manager,IT,472961951.0,350,Efficiency,98.0,0
65,38,8,Manager,IT,472961951.0,350,Finance,98.0,0
65,38,8,Manager,IT,472961951.0,350,HR,98.0,0
65,38,8,Manager,IT,472961951.0,350,Innovation,98.0,0
65,38,8,Manager,IT,472961951.0,350,Project,98.0,0
65,38,8,Manager,IT,472961951.0,350,Quality,98.0,0
65,38,8,Manager,IT,472961951.0,350,Technical,98.0,0
66,32,7,Manager,Marketing,75000000.0,203,Development,91.29,0
66,32,7,Manager,Marketing,75000000.0,203,Efficiency,95.63,0
66,32,7,Manager,Marketing,75000000.0,203,HR,97.13,0
66,32,7,Manager,Marketing,75000000.0,203,Innovation,88.68,0
66,32,7,Manager,Marketing,75000000.0,203,Performance,88.88,0
66,32,7,Manager,Marketing,75000000.0,203,Quality,90.47,0
66,32,7,Manager,Marketing,75000000.0,203,Teamwork,98.0,0
66,32,7,Manager,Marketing,75000000.0,203,Technical,94.17333333333333,0
66,32,7,Manager,Marketing,75000000.0,203,Time Management,98.0,0
66,32,7,Manager,Marketing,95000000.0,211,Efficiency,95.91,0
66,32,7,Manager,Marketing,95000000.0,211,HR,98.0,0
66,32,7,Manager,Marketing,95000000.0,211,Project,94.24,0
66,32,7,Manager,Marketing,95000000.0,211,Quality,96.11,0
66,32,7,Manager,Marketing,95000000.0,211,Teamwork,98.0,0
66,32,7,Manager,Marketing,95000000.0,211,Technical,98.0,0
66,32,7,Manager,Marketing,95000000.0,211,Time Management,98.0,0
66,32,7,Manager,Marketing,134037811.0,31,HR,98.0,0
66,32,7,Manager,Marketing,134037811.0,31,Innovation,93.775,0
66,32,7,Manager,Marketing,134037811.0,31,Performance,98.0,0
66,32,7,Manager,Marketing,134037811.0,31,Project,93.92,0
66,32,7,Manager,Marketing,134037811.0,31,Quality,97.17,0
66,32,7,Manager,Marketing,134037811.0,31,Teamwork,94.62,0
66,32,7,Manager,Marketing,170000000.0,229,Attendance,98.0,0
66,32,7,Manager,Marketing,170000000.0,229,Development,92.02,0
66,32,7,Manager,Marketing,170000000.0,229,Innovation,94.97,0
66,32,7,Manager,Marketing,170000000.0,229,Performance,98.0,0
66,32,7,Manager,Marketing,170000000.0,229,Project,95.82,0
66,32,7,Manager,Marketing,170000000.0,229,Quality,93.34333333333332,0
66,32,7,Manager,Marketing,170000000.0,229,Teamwork,94.25,0
66,32,7,Manager,Marketing,170000000.0,229,Time Management,92.60499999999999,0
66,32,7,Manager,Marketing,206368642.0,46,Efficiency,89.46,0
66,32,7,Manager,Marketing,206368642.0,46,Finance,93.77,0
66,32,7,Manager,Marketing,206368642.0,46,HR,94.255,0
66,32,7,Manager,Marketing,206368642.0,46,Time Management,88.75,0
66,32,7,Manager,Marketing,220000000.0,225,Attendance,94.41,0
66,32,7,Manager,Marketing,220000000.0,225,Efficiency,96.65,0
66,32,7,Manager,Marketing,220000000.0,225,HR,97.9,0
66,32,7,Manager,Marketing,220000000.0,225,Innovation,95.85,0
66,32,7,Manager,Marketing,220000000.0,225,Performance,89.87,0
66,32,7,Manager,Marketing,220000000.0,225,Project,92.92,0
66,32,7,Manager,Marketing,220000000.0,225,Quality,91.84,0
66,32,7,Manager,Marketing,220000000.0,225,Time Management,98.0,0
66,32,7,Manager,Marketing,400000000.0,259,HR,96.84,0
66,32,7,Manager,Marketing,493794225.0,102,Attendance,93.74,0
66,32,7,Manager,Marketing,493794225.0,102,Development,92.12,0
66,32,7,Manager,Marketing,493794225.0,102,Finance,90.5,0
66,32,7,Manager,Marketing,493794225.0,102,HR,98.0,0
66,32,7,Manager,Marketing,493794225.0,102,Quality,93.355,0
66,32,7,Manager,Marketing,493794225.0,102,Time Management,95.5,0
67,41,9,Senior Manager,Design,88214342.0,149,Attendance,98.0,0
67,41,9,Senior Manager,Design,88214342.0,149,Efficiency,98.0,0
67,41,9,Senior Manager,Design,88214342.0,149,Finance,98.0,0
67,41,9,Senior Manager,Design,88214342.0,149,HR,98.0,0
67,41,9,Senior Manager,Design,88214342.0,149,Innovation,98.0,0
67,41,9,Senior Manager,Design,88214342.0,149,Quality,98.0,0
67,41,9,Senior Manager,Design,88214342.0,149,Teamwork,98.0,0
67,41,9,Senior Manager,Design,88214342.0,149,Technical,98.0,0
67,41,9,Senior Manager,Design,110000000.0,199,Development,98.0,0
67,41,9,Senior Manager,Design,110000000.0,199,Project,98.0,0
67,41,9,Senior Manager,Design,110000000.0,199,Quality,98.0,0
67,41,9,Senior Manager,Design,110000000.0,199,Teamwork,98.0,0
67,41,9,Senior Manager,Design,110000000.0,199,Technical,98.0,0
67,41,9,Senior Manager,Design,130000000.0,303,Efficiency,98.0,0
67,41,9,Senior Manager,Design,130000000.0,303,Quality,98.0,0
67,41,9,Senior Manager,Design,130000000.0,303,Technical,98.0,0
67,41,9,Senior Manager,Design,130000000.0,303,Time Management,98.0,0
67,41,9,Senior Manager,Design,170000000.0,229,Attendance,98.0,0
67,41,9,Senior Manager,Design,170000000.0,229,Development,98.0,0
67,41,9,Senior Manager,Design,170000000.0,229,Efficiency,98.0,0
67,41,9,Senior Manager,Design,170000000.0,229,Finance,98.0,0
67,41,9,Senior Manager,Design,170000000.0,229,HR,98.0,0
67,41,9,Senior Manager,Design,170000000.0,229,Project,98.0,0
67,41,9,Senior Manager,Design,170000000.0,229,Quality,97.964,0
67,41,9,Senior Manager,Design,170000000.0,229,Technical,98.0,0
67,41,9,Senior Manager,Design,180000000.0,193,Attendance,98.0,0
67,41,9,Senior Manager,Design,180000000.0,193,Efficiency,98.0,0
67,41,9,Senior Manager,Design,180000000.0,193,Finance,98.0,0
67,41,9,Senior Manager,Design,180000000.0,193,HR,98.0,0
67,41,9,Senior Manager,Design,180000000.0,193,Innovation,98.0,0
67,41,9,Senior Manager,Design,180000000.0,193,Time Management,98.0,0
67,41,9,Senior Manager,Design,369461833.0,321,Attendance,98.0,0
67,41,9,Senior Manager,Design,369461833.0,321,Finance,98.0,0
67,41,9,Senior Manager,Design,369461833.0,321,HR,98.0,0
67,41,9,Senior Manager,Design,369461833.0,321,Innovation,98.0,0
67,41,9,Senior Manager,Design,369461833.0,321,Project,98.0,0
67,41,9,Senior Manager,Design,369461833.0,321,Quality,98.0,0
67,41,9,Senior Manager,Design,369461833.0,321,Technical,98.0,0
67,41,9,Senior Manager,Design,369461833.0,321,Time Management,98.0,0
67,41,9,Senior Manager,Design,466447298.0,297,Development,98.0,0
67,41,9,Senior Manager,Design,466447298.0,297,Innovation,98.0,0
67,41,9,Senior Manager,Design,466447298.0,297,Teamwork,98.0,0
67,41,9,Senior Manager,Design,466447298.0,297,Technical,98.0,0
67,41,9,Senior Manager,Design,493794225.0,102,Efficiency,98.0,0
67,41,9,Senior Manager,Design,493794225.0,102,HR,98.0,0
67,41,9,Senior Manager,Design,493794225.0,102,Quality,97.95,0
67,41,9,Senior Manager,Design,493794225.0,102,Time Management,98.0,0
68,23,1,Staff,Research & Development,190000000.0,241,Attendance,56.23,1
68,23,1,Staff,Research & Development,190000000.0,241,Development,51.5,1
68,23,1,Staff,Research & Development,190000000.0,241,Efficiency,53.36,1
68,23,1,Staff,Research & Development,190000000.0,241,HR,45.74,1
68,23,1,Staff,Research & Development,190000000.0,241,Project,53.38,1
68,23,1,Staff,Research & Development,190000000.0,241,Teamwork,47.67,1
68,23,1,Staff,Research & Development,204675132.0,174,Attendance,59.78,1
68,23,1,Staff,Research & Development,204675132.0,174,Development,51.25,1
68,23,1,Staff,Research & Development,204675132.0,174,Innovation,57.8,1
68,23,1,Staff,Research & Development,204675132.0,174,Performance,59.57,1
68,23,1,Staff,Research & Development,204675132.0,174,Quality,59.105000000000004,1
68,23,1,Staff,Research & Development,204675132.0,174,Technical,43.06,1
68,23,1,Staff,Research & Development,204675132.0,174,Time Management,59.59,1
68,23,1,Staff,Research & Development,220000000.0,225,Development,32.77,1
68,23,1,Staff,Research & Development,220000000.0,225,Efficiency,45.65,1
68,23,1,Staff,Research & Development,220000000.0,225,HR,49.385,1
68,23,1,Staff,Research & Development,220000000.0,225,Performance,45.36,1
68,23,1,Staff,Research & Development,220000000.0,225,Teamwork,53.13,1
68,23,1,Staff,Research & Development,250000000.0,291,Development,49.870000000000005,1
68,23,1,Staff,Research & Development,250000000.0,291,Efficiency,57.435,1
68,23,1,Staff,Research & Development,250000000.0,291,Finance,52.13,1
68,23,1,Staff,Research & Development,250000000.0,291,HR,53.27,1
68,23,1,Staff,Research & Development,250000000.0,291,Performance,45.04,1
68,23,1,Staff,Research & Development,250000000.0,291,Project,48.95,1
68,23,1,Staff,Research & Development,250000000.0,291,Quality,44.42,1
68,23,1,Staff,Research & Development,250000000.0,291,Teamwork,43.89,1
68,23,1,Staff,Research & Development,250000000.0,291,Technical,51.18,1
68,23,1,Staff,Research & Development,250000000.0,291,Time Management,58.09,1
68,23,1,Staff,Research & Development,291862333.0,334,Attendance,65.3,1
68,23,1,Staff,Research & Development,291862333.0,334,Development,57.82,1
68,23,1,Staff,Research & Development,291862333.0,334,Performance,68.98,1
68,23,1,Staff,Research & Development,291862333.0,334,Quality,62.03,1
68,23,1,Staff,Research & Development,291862333.0,334,Teamwork,53.57,1
68,23,1,Staff,Research & Development,355280620.0,347,Attendance,54.51,1
68,23,1,Staff,Research & Development,355280620.0,347,Efficiency,54.31,1
68,23,1,Staff,Research & Development,355280620.0,347,Innovation,62.64,1
68,23,1,Staff,Research & Development,355280620.0,347,Technical,57.24,1
68,23,1,Staff,Research & Development,369461833.0,321,Attendance,61.03,1
68,23,1,Staff,Research & Development,369461833.0,321,Finance,50.09,1
68,23,1,Staff,Research & Development,369461833.0,321,HR,54.67,1
68,23,1,Staff,Research & Development,369461833.0,321,Performance,48.57,1
68,23,1,Staff,Research & Development,369461833.0,321,Quality,52.55,1
68,23,1,Staff,Research & Development,369461833.0,321,Teamwork,52.34,1
68,23,1,Staff,Research & Development,369461833.0,321,Time Management,52.58,1
68,23,1,Staff,Research & Development,400000000.0,259,Performance,54.29,1
68,23,1,Staff,Research & Development,400000000.0,259,Teamwork,60.29,1
69,29,2,Staff,Design,50000000.0,211,Attendance,64.905,1
69,29,2,Staff,Design,50000000.0,211,Development,61.83,1
69,29,2,Staff,Design,50000000.0,211,HR,67.525,1
69,29,2,Staff,Design,50000000.0,211,Innovation,60.75,1
69,29,2,Staff,Design,50000000.0,211,Quality,64.58333333333333,1
69,29,2,Staff,Design,50000000.0,211,Time Management,72.1,1
69,29,2,Staff,Design,80000000.0,138,Attendance,58.3,1
69,29,2,Staff,Design,80000000.0,138,Development,60.42,1
69,29,2,Staff,Design,80000000.0,138,Finance,59.36,1
69,29,2,Staff,Design,80000000.0,138,Project,66.96,1
69,29,2,Staff,Design,80000000.0,138,Quality,65.43,1
69,29,2,Staff,Design,80000000.0,138,Teamwork,71.39,1
69,29,2,Staff,Design,170000000.0,229,Attendance,72.25,1
69,29,2,Staff,Design,170000000.0,229,Efficiency,61.35,1
69,29,2,Staff,Design,170000000.0,229,Finance,57.94,1
69,29,2,Staff,Design,170000000.0,229,HR,67.64333333333333,1
69,29,2,Staff,Design,170000000.0,229,Innovation,60.12,1
69,29,2,Staff,Design,170000000.0,229,Performance,60.17,1
69,29,2,Staff,Design,170000000.0,229,Quality,56.75,1
69,29,2,Staff,Design,170000000.0,229,Teamwork,65.96,1
69,29,2,Staff,Design,170000000.0,229,Technical,59.52,1
69,29,2,Staff,Design,180000000.0,193,Attendance,61.13,1
69,29,2,Staff,Design,180000000.0,193,Development,55.32,1
69,29,2,Staff,Design,180000000.0,193,Efficiency,68.22,1
69,29,2,Staff,Design,180000000.0,193,Finance,64.83500000000001,1
69,29,2,Staff,Design,180000000.0,193,HR,58.62,1
69,29,2,Staff,Design,180000000.0,193,Performance,70.5,1
69,29,2,Staff,Design,180000000.0,193,Quality,59.08,1
69,29,2,Staff,Design,180000000.0,193,Teamwork,63.31,1
69,29,2,Staff,Design,180000000.0,193,Technical,73.99,1
69,29,2,Staff,Design,365962025.0,249,HR,64.05,1
69,29,2,Staff,Design,365962025.0,249,Innovation,61.92,1
69,29,2,Staff,Design,365962025.0,249,Project,62.64,1
69,29,2,Staff,Design,365962025.0,249,Quality,67.31,1
69,29,2,Staff,Design,369461833.0,321,Efficiency,65.88,1
69,29,2,Staff,Design,369461833.0,321,Performance,57.88,1
69,29,2,Staff,Design,369461833.0,321,Quality,58.77,1
69,29,2,Staff,Design,369461833.0,321,Time Management,63.24,1
69,29,2,Staff,Design,400000000.0,259,Development,58.260000000000005,1
69,29,2,Staff,Design,400000000.0,259,Efficiency,71.32,1
69,29,2,Staff,Design,400000000.0,259,HR,65.15,1
69,29,2,Staff,Design,400000000.0,259,Innovation,56.85,1
69,29,2,Staff,Design,400000000.0,259,Quality,57.53,1
69,29,2,Staff,Design,400000000.0,259,Technical,60.74,1
69,29,2,Staff,Design,400000000.0,259,Time Management,65.76,1
69,29,2,Staff,Design,472961951.0,350,Attendance,76.26,1
69,29,2,Staff,Design,472961951.0,350,HR,64.77,1
69,29,2,Staff,Design,472961951.0,350,Innovation,66.82,1
69,29,2,Staff,Design,472961951.0,350,Performance,66.9,1
69,29,2,Staff,Design,472961951.0,350,Quality,65.0,1
69,29,2,Staff,Design,472961951.0,350,Teamwork,63.61,1
69,29,2,Staff,Design,472961951.0,350,Technical,65.61,1
69,29,2,Staff,Design,472961951.0,350,Time Management,58.35,1
70,33,8,Manager,Human Resources,75000000.0,203,Efficiency,89.12,0
70,33,8,Manager,Human Resources,75000000.0,203,HR,95.29,0
70,33,8,Manager,Human Resources,75000000.0,203,Project,98.0,0
70,33,8,Manager,Human Resources,75000000.0,203,Quality,91.46,0
70,33,8,Manager,Human Resources,110000000.0,199,Attendance,94.89,0
70,33,8,Manager,Human Resources,110000000.0,199,Development,90.09,0
70,33,8,Manager,Human Resources,110000000.0,199,Efficiency,88.4,0
70,33,8,Manager,Human Resources,110000000.0,199,Finance,89.87,0
70,33,8,Manager,Human Resources,110000000.0,199,Innovation,82.06,0
70,33,8,Manager,Human Resources,110000000.0,199,Performance,92.35,0
70,33,8,Manager,Human Resources,110000000.0,199,Project,91.1,0
70,33,8,Manager,Human Resources,110000000.0,199,Quality,86.40666666666668,0
70,33,8,Manager,Human Resources,110000000.0,199,Teamwork,93.64,0
70,33,8,Manager,Human Resources,110000000.0,199,Technical,95.47,0
70,33,8,Manager,Human Resources,110000000.0,199,Time Management,98.0,0
70,33,8,Manager,Human Resources,200000000.0,167,Attendance,94.97,0
70,33,8,Manager,Human Resources,200000000.0,167,Development,91.99,0
70,33,8,Manager,Human Resources,200000000.0,167,Efficiency,98.0,0
70,33,8,Manager,Human Resources,200000000.0,167,Finance,89.84,0
70,33,8,Manager,Human Resources,200000000.0,167,HR,89.19,0
70,33,8,Manager,Human Resources,200000000.0,167,Performance,94.09,0
70,33,8,Manager,Human Resources,200000000.0,167,Project,86.8,0
70,33,8,Manager,Human Resources,200000000.0,167,Technical,89.85499999999999,0
70,33,8,Manager,Human Resources,220000000.0,225,Quality,91.97,0
70,33,8,Manager,Human Resources,300000000.0,242,Efficiency,91.09,0
70,33,8,Manager,Human Resources,300000000.0,242,Quality,88.74,0
70,33,8,Manager,Human Resources,397696244.0,106,Efficiency,95.44,0
70,33,8,Manager,Human Resources,397696244.0,106,Project,93.97,0
70,33,8,Manager,Human Resources,397696244.0,106,Teamwork,93.03,0
70,33,8,Manager,Human Resources,397696244.0,106,Technical,92.31,0
70,33,8,Manager,Human Resources,400000000.0,259,HR,89.56,0
70,33,8,Manager,Human Resources,400000000.0,259,Innovation,85.79,0
70,33,8,Manager,Human Resources,400000000.0,259,Performance,95.33,0
70,33,8,Manager,Human Resources,400000000.0,259,Project,92.14,0
70,33,8,Manager,Human Resources,493794225.0,102,Attendance,98.0,0
70,33,8,Manager,Human Resources,493794225.0,102,Development,90.43,0
70,33,8,Manager,Human Resources,493794225.0,102,Finance,88.74,0
70,33,8,Manager,Human Resources,493794225.0,102,HR,91.605,0
70,33,8,Manager,Human Resources,493794225.0,102,Performance,89.99000000000001,0
70,33,8,Manager,Human Resources,493794225.0,102,Project,92.59,0
70,33,8,Manager,Human Resources,493794225.0,102,Quality,88.73,0
70,33,8,Manager,Human Resources,493794225.0,102,Teamwork,98.0,0
71,30,5,Staff,IT,88214342.0,149,Attendance,85.59,1
71,30,5,Staff,IT,88214342.0,149,Project,76.53,1
71,30,5,Staff,IT,88214342.0,149,Quality,84.87,1
71,30,5,Staff,IT,190000000.0,241,Efficiency,72.14,1
71,30,5,Staff,IT,190000000.0,241,Performance,79.62,1
71,30,5,Staff,IT,190000000.0,241,Project,78.61,1
71,30,5,Staff,IT,190000000.0,241,Quality,72.1175,1
71,30,5,Staff,IT,190000000.0,241,Teamwork,76.03999999999999,1
71,30,5,Staff,IT,206368642.0,46,Attendance,72.9,1
71,30,5,Staff,IT,206368642.0,46,Development,63.17,1
71,30,5,Staff,IT,206368642.0,46,HR,77.13,1
71,30,5,Staff,IT,206368642.0,46,Project,82.34,1
71,30,5,Staff,IT,206368642.0,46,Quality,69.37,1
71,30,5,Staff,IT,206368642.0,46,Teamwork,82.58,1
71,30,5,Staff,IT,206368642.0,46,Time Management,74.33,1
71,30,5,Staff,IT,250000000.0,291,Attendance,75.775,1
71,30,5,Staff,IT,250000000.0,291,HR,66.05,1
71,30,5,Staff,IT,250000000.0,291,Performance,80.4,1
71,30,5,Staff,IT,250000000.0,291,Project,68.27,1
71,30,5,Staff,IT,250000000.0,291,Quality,75.545,1
71,30,5,Staff,IT,250000000.0,291,Teamwork,88.54,1
71,30,5,Staff,IT,250000000.0,291,Technical,68.97,1
71,30,5,Staff,IT,250000000.0,291,Time Management,69.0,1
71,30,5,Staff,IT,300000000.0,242,Attendance,70.18,1
71,30,5,Staff,IT,300000000.0,242,Development,65.91,1
71,30,5,Staff,IT,300000000.0,242,Efficiency,65.19,1
71,30,5,Staff,IT,300000000.0,242,Innovation,63.015,1
71,30,5,Staff,IT,300000000.0,242,Performance,70.42,1
71,30,5,Staff,IT,300000000.0,242,Project,66.45,1
71,30,5,Staff,IT,300000000.0,242,Quality,65.505,1
71,30,5,Staff,IT,300000000.0,242,Teamwork,73.44,1
71,30,5,Staff,IT,300000000.0,242,Technical,69.05,1
71,30,5,Staff,IT,365962025.0,249,HR,72.14,1
71,30,5,Staff,IT,365962025.0,249,Innovation,62.76,1
71,30,5,Staff,IT,365962025.0,249,Performance,71.54,1
71,30,5,Staff,IT,365962025.0,249,Quality,79.0,1
71,30,5,Staff,IT,365962025.0,249,Teamwork,76.0,1
71,30,5,Staff,IT,375514309.0,335,Attendance,76.44333333333333,1
71,30,5,Staff,IT,375514309.0,335,Development,72.49,1
71,30,5,Staff,IT,375514309.0,335,Finance,66.41,1
71,30,5,Staff,IT,375514309.0,335,HR,77.96,1
71,30,5,Staff,IT,375514309.0,335,Innovation,75.35,1
71,30,5,Staff,IT,375514309.0,335,Performance,77.37,1
71,30,5,Staff,IT,375514309.0,335,Project,78.32,1
71,30,5,Staff,IT,375514309.0,335,Quality,70.805,1
71,30,5,Staff,IT,375514309.0,335,Teamwork,77.135,1
71,30,5,Staff,IT,500000000.0,356,Development,63.8,1
71,30,5,Staff,IT,500000000.0,356,Efficiency,70.88,1
71,30,5,Staff,IT,500000000.0,356,Performance,66.54,1
71,30,5,Staff,IT,500000000.0,356,Teamwork,72.18,1
71,30,5,Staff,IT,500000000.0,356,Technical,69.49,1
72,28,5,Staff,Human Resources,180000000.0,193,Attendance,75.88,1
72,28,5,Staff,Human Resources,180000000.0,193,Development,68.56,1
72,28,5,Staff,Human Resources,180000000.0,193,Efficiency,68.57,1
72,28,5,Staff,Human Resources,180000000.0,193,Finance,61.63,1
72,28,5,Staff,Human Resources,180000000.0,193,HR,72.94,1
72,28,5,Staff,Human Resources,180000000.0,193,Innovation,61.52,1
72,28,5,Staff,Human Resources,180000000.0,193,Performance,64.26,1
72,28,5,Staff,Human Resources,180000000.0,193,Project,59.77,1
72,28,5,Staff,Human Resources,180000000.0,193,Quality,66.05250000000001,1
72,28,5,Staff,Human Resources,180000000.0,193,Technical,62.72,1
72,28,5,Staff,Human Resources,190000000.0,241,Development,63.39,1
72,28,5,Staff,Human Resources,190000000.0,241,Performance,65.18,1
72,28,5,Staff,Human Resources,190000000.0,241,Quality,68.59,1
72,28,5,Staff,Human Resources,190000000.0,241,Time Management,64.38,1
72,28,5,Staff,Human Resources,220000000.0,225,Finance,59.31,1
72,28,5,Staff,Human Resources,220000000.0,225,HR,65.34,1
72,28,5,Staff,Human Resources,220000000.0,225,Performance,65.35,1
72,28,5,Staff,Human Resources,220000000.0,225,Time Management,71.68,1
72,28,5,Staff,Human Resources,300000000.0,242,Attendance,69.81,1
72,28,5,Staff,Human Resources,300000000.0,242,Development,73.285,1
72,28,5,Staff,Human Resources,300000000.0,242,HR,62.34,1
72,28,5,Staff,Human Resources,300000000.0,242,Performance,59.91,1
72,28,5,Staff,Human Resources,300000000.0,242,Quality,55.09,1
72,28,5,Staff,Human Resources,300000000.0,242,Technical,65.23,1
72,28,5,Staff,Human Resources,300000000.0,242,Time Management,66.35,1
72,28,5,Staff,Human Resources,355280620.0,347,Efficiency,59.3,1
72,28,5,Staff,Human Resources,355280620.0,347,Finance,68.6,1
72,28,5,Staff,Human Resources,355280620.0,347,HR,65.77,1
72,28,5,Staff,Human Resources,355280620.0,347,Innovation,64.92,1
72,28,5,Staff,Human Resources,355280620.0,347,Performance,59.13,1
72,28,5,Staff,Human Resources,355280620.0,347,Quality,62.849999999999994,1
72,28,5,Staff,Human Resources,355280620.0,347,Teamwork,63.29,1
72,28,5,Staff,Human Resources,355280620.0,347,Time Management,61.525,1
72,28,5,Staff,Human Resources,369461833.0,321,Attendance,73.97,1
72,28,5,Staff,Human Resources,369461833.0,321,Finance,63.66,1
72,28,5,Staff,Human Resources,369461833.0,321,Performance,63.03,1
72,28,5,Staff,Human Resources,369461833.0,321,Quality,64.49,1
72,28,5,Staff,Human Resources,369461833.0,321,Technical,68.55,1
72,28,5,Staff,Human Resources,369461833.0,321,Time Management,70.83500000000001,1
72,28,5,Staff,Human Resources,377293102.0,80,Development,61.93,1
72,28,5,Staff,Human Resources,377293102.0,80,Efficiency,69.19,1
72,28,5,Staff,Human Resources,377293102.0,80,Finance,64.04,1
72,28,5,Staff,Human Resources,377293102.0,80,HR,66.76666666666667,1
72,28,5,Staff,Human Resources,377293102.0,80,Innovation,66.75999999999999,1
72,28,5,Staff,Human Resources,377293102.0,80,Project,60.6,1
72,28,5,Staff,Human Resources,377293102.0,80,Quality,64.15,1
72,28,5,Staff,Human Resources,377293102.0,80,Time Management,67.38,1
72,28,5,Staff,Human Resources,493794225.0,102,Attendance,70.63,1
72,28,5,Staff,Human Resources,493794225.0,102,Development,63.39,1
72,28,5,Staff,Human Resources,493794225.0,102,HR,66.49,1
72,28,5,Staff,Human Resources,493794225.0,102,Teamwork,63.84,1
73,44,13,Senior Manager,Human Resources,134037811.0,31,Attendance,98.0,0
73,44,13,Senior Manager,Human Resources,134037811.0,31,Development,98.0,0
73,44,13,Senior Manager,Human Resources,134037811.0,31,Finance,98.0,0
73,44,13,Senior Manager,Human Resources,134037811.0,31,Innovation,98.0,0
73,44,13,Senior Manager,Human Resources,134037811.0,31,Performance,98.0,0
73,44,13,Senior Manager,Human Resources,134037811.0,31,Teamwork,98.0,0
73,44,13,Senior Manager,Human Resources,180000000.0,193,Attendance,98.0,0
73,44,13,Senior Manager,Human Resources,180000000.0,193,Efficiency,98.0,0
73,44,13,Senior Manager,Human Resources,180000000.0,193,Finance,98.0,0
73,44,13,Senior Manager,Human Resources,180000000.0,193,Innovation,96.03,0
73,44,13,Senior Manager,Human Resources,180000000.0,193,Project,96.905,0
73,44,13,Senior Manager,Human Resources,180000000.0,193,Teamwork,98.0,0
73,44,13,Senior Manager,Human Resources,180000000.0,193,Technical,98.0,0
73,44,13,Senior Manager,Human Resources,180000000.0,193,Time Management,98.0,0
73,44,13,Senior Manager,Human Resources,206368642.0,46,Development,97.57333333333334,0
73,44,13,Senior Manager,Human Resources,206368642.0,46,Finance,97.89500000000001,0
73,44,13,Senior Manager,Human Resources,206368642.0,46,HR,98.0,0
73,44,13,Senior Manager,Human Resources,206368642.0,46,Innovation,97.85,0
73,44,13,Senior Manager,Human Resources,206368642.0,46,Performance,98.0,0
73,44,13,Senior Manager,Human Resources,206368642.0,46,Project,98.0,0
73,44,13,Senior Manager,Human Resources,206368642.0,46,Technical,98.0,0
73,44,13,Senior Manager,Human Resources,206368642.0,46,Time Management,98.0,0
73,44,13,Senior Manager,Human Resources,365962025.0,249,Attendance,98.0,0
73,44,13,Senior Manager,Human Resources,365962025.0,249,Development,98.0,0
73,44,13,Senior Manager,Human Resources,365962025.0,249,Quality,98.0,0
73,44,13,Senior Manager,Human Resources,365962025.0,249,Time Management,98.0,0
73,44,13,Senior Manager,Human Resources,385820825.0,138,Efficiency,98.0,0
73,44,13,Senior Manager,Human Resources,385820825.0,138,Finance,98.0,0
73,44,13,Senior Manager,Human Resources,385820825.0,138,HR,98.0,0
73,44,13,Senior Manager,Human Resources,385820825.0,138,Technical,98.0,0
73,44,13,Senior Manager,Human Resources,404564658.0,71,Finance,98.0,0
73,44,13,Senior Manager,Human Resources,404564658.0,71,HR,98.0,0
73,44,13,Senior Manager,Human Resources,404564658.0,71,Innovation,97.245,0
73,44,13,Senior Manager,Human Resources,404564658.0,71,Performance,98.0,0
73,44,13,Senior Manager,Human Resources,404564658.0,71,Project,98.0,0
73,44,13,Senior Manager,Human Resources,404564658.0,71,Quality,98.0,0
73,44,13,Senior Manager,Human Resources,404564658.0,71,Teamwork,98.0,0
73,44,13,Senior Manager,Human Resources,404564658.0,71,Technical,98.0,0
73,44,13,Senior Manager,Human Resources,404564658.0,71,Time Management,98.0,0
73,44,13,Senior Manager,Human Resources,466447298.0,297,Development,98.0,0
73,44,13,Senior Manager,Human Resources,466447298.0,297,Efficiency,98.0,0
73,44,13,Senior Manager,Human Resources,466447298.0,297,HR,98.0,0
73,44,13,Senior Manager,Human Resources,466447298.0,297,Innovation,98.0,0
73,44,13,Senior Manager,Human Resources,466447298.0,297,Performance,98.0,0
73,44,13,Senior Manager,Human Resources,466447298.0,297,Project,98.0,0
73,44,13,Senior Manager,Human Resources,466447298.0,297,Quality,98.0,0
73,44,13,Senior Manager,Human Resources,466447298.0,297,Technical,98.0,0
73,44,13,Senior Manager,Human Resources,500000000.0,356,Development,95.625,0
73,44,13,Senior Manager,Human Resources,500000000.0,356,Finance,98.0,0
73,44,13,Senior Manager,Human Resources,500000000.0,356,HR,98.0,0
73,44,13,Senior Manager,Human Resources,500000000.0,356,Innovation,92.07,0
73,44,13,Senior Manager,Human Resources,500000000.0,356,Performance,98.0,0
73,44,13,Senior Manager,Human Resources,500000000.0,356,Project,98.0,0
73,44,13,Senior Manager,Human Resources,500000000.0,356,Teamwork,98.0,0
73,44,13,Senior Manager,Human Resources,500000000.0,356,Technical,98.0,0
74,29,4,Staff,Marketing,134037811.0,31,Attendance,71.32,1
74,29,4,Staff,Marketing,134037811.0,31,Development,69.46,1
74,29,4,Staff,Marketing,134037811.0,31,Efficiency,71.98,1
74,29,4,Staff,Marketing,134037811.0,31,Finance,76.49,1
74,29,4,Staff,Marketing,134037811.0,31,HR,72.45,1
74,29,4,Staff,Marketing,134037811.0,31,Quality,71.38666666666667,1
74,29,4,Staff,Marketing,134037811.0,31,Teamwork,75.71000000000001,1
74,29,4,Staff,Marketing,140000000.0,211,Development,53.43,1
74,29,4,Staff,Marketing,140000000.0,211,Finance,61.65,1
74,29,4,Staff,Marketing,140000000.0,211,Project,65.95,1
74,29,4,Staff,Marketing,150000000.0,274,Attendance,80.725,1
74,29,4,Staff,Marketing,150000000.0,274,Development,67.74,1
74,29,4,Staff,Marketing,150000000.0,274,Efficiency,65.06,1
74,29,4,Staff,Marketing,150000000.0,274,Finance,68.24,1
74,29,4,Staff,Marketing,150000000.0,274,HR,68.195,1
74,29,4,Staff,Marketing,150000000.0,274,Innovation,67.63,1
74,29,4,Staff,Marketing,150000000.0,274,Performance,66.77,1
74,29,4,Staff,Marketing,150000000.0,274,Project,77.88,1
74,29,4,Staff,Marketing,150000000.0,274,Quality,66.86666666666666,1
74,29,4,Staff,Marketing,178776637.0,118,Attendance,69.52,1
74,29,4,Staff,Marketing,178776637.0,118,HR,65.51,1
74,29,4,Staff,Marketing,178776637.0,118,Performance,71.45,1
74,29,4,Staff,Marketing,178776637.0,118,Quality,68.64,1
74,29,4,Staff,Marketing,190000000.0,241,Development,54.23,1
74,29,4,Staff,Marketing,190000000.0,241,Efficiency,64.57,1
74,29,4,Staff,Marketing,190000000.0,241,Finance,59.19,1
74,29,4,Staff,Marketing,190000000.0,241,HR,66.97000000000001,1
74,29,4,Staff,Marketing,190000000.0,241,Quality,61.9275,1
74,29,4,Staff,Marketing,190000000.0,241,Technical,68.02,1
74,29,4,Staff,Marketing,200000000.0,167,Efficiency,65.4,1
74,29,4,Staff,Marketing,200000000.0,167,HR,68.9,1
74,29,4,Staff,Marketing,200000000.0,167,Innovation,64.72,1
74,29,4,Staff,Marketing,200000000.0,167,Project,63.91,1
74,29,4,Staff,Marketing,200000000.0,167,Quality,59.825,1
74,29,4,Staff,Marketing,200000000.0,167,Teamwork,74.435,1
74,29,4,Staff,Marketing,200000000.0,167,Time Management,77.48,1
74,29,4,Staff,Marketing,365962025.0,249,Attendance,76.98,1
74,29,4,Staff,Marketing,365962025.0,249,Development,69.55,1
74,29,4,Staff,Marketing,365962025.0,249,Finance,66.16499999999999,1
74,29,4,Staff,Marketing,365962025.0,249,HR,72.89500000000001,1
74,29,4,Staff,Marketing,365962025.0,249,Innovation,67.12,1
74,29,4,Staff,Marketing,365962025.0,249,Performance,74.94,1
74,29,4,Staff,Marketing,365962025.0,249,Project,70.655,1
74,29,4,Staff,Marketing,365962025.0,249,Quality,65.54,1
74,29,4,Staff,Marketing,365962025.0,249,Teamwork,63.57000000000001,1
74,29,4,Staff,Marketing,365962025.0,249,Technical,66.03,1
74,29,4,Staff,Marketing,400000000.0,259,Development,71.59,1
74,29,4,Staff,Marketing,400000000.0,259,Innovation,69.87,1
74,29,4,Staff,Marketing,400000000.0,259,Performance,69.7,1
74,29,4,Staff,Marketing,400000000.0,259,Time Management,70.01,1
75,22,1,Staff,Quality Assurance,50000000.0,211,Attendance,48.54,1
75,22,1,Staff,Quality Assurance,50000000.0,211,Efficiency,49.55,1
75,22,1,Staff,Quality Assurance,50000000.0,211,Finance,58.26,1
75,22,1,Staff,Quality Assurance,50000000.0,211,Innovation,41.62,1
75,22,1,Staff,Quality Assurance,50000000.0,211,Quality,47.55,1
75,22,1,Staff,Quality Assurance,50000000.0,211,Technical,47.0,1
75,22,1,Staff,Quality Assurance,82017929.0,114,Attendance,55.33,1
75,22,1,Staff,Quality Assurance,82017929.0,114,Efficiency,55.230000000000004,1
75,22,1,Staff,Quality Assurance,82017929.0,114,Finance,41.63,1
75,22,1,Staff,Quality Assurance,82017929.0,114,HR,47.88,1
75,22,1,Staff,Quality Assurance,82017929.0,114,Innovation,41.9,1
75,22,1,Staff,Quality Assurance,82017929.0,114,Performance,52.754999999999995,1
75,22,1,Staff,Quality Assurance,82017929.0,114,Quality,45.7,1
75,22,1,Staff,Quality Assurance,82017929.0,114,Technical,51.65,1
75,22,1,Staff,Quality Assurance,150000000.0,274,Development,43.77,1
75,22,1,Staff,Quality Assurance,150000000.0,274,Efficiency,53.525,1
75,22,1,Staff,Quality Assurance,150000000.0,274,HR,45.5,1
75,22,1,Staff,Quality Assurance,150000000.0,274,Performance,50.760000000000005,1
75,22,1,Staff,Quality Assurance,150000000.0,274,Quality,49.9975,1
75,22,1,Staff,Quality Assurance,150000000.0,274,Teamwork,52.47,1
75,22,1,Staff,Quality Assurance,150000000.0,274,Technical,50.629999999999995,1
75,22,1,Staff,Quality Assurance,170000000.0,229,Development,48.94,1
75,22,1,Staff,Quality Assurance,170000000.0,229,Efficiency,51.35,1
75,22,1,Staff,Quality Assurance,170000000.0,229,Innovation,48.6,1
75,22,1,Staff,Quality Assurance,170000000.0,229,Quality,47.825,1
75,22,1,Staff,Quality Assurance,170000000.0,229,Technical,43.89,1
75,22,1,Staff,Quality Assurance,206368642.0,46,HR,54.05,1
75,22,1,Staff,Quality Assurance,206368642.0,46,Innovation,48.55,1
75,22,1,Staff,Quality Assurance,206368642.0,46,Project,47.39,1
75,22,1,Staff,Quality Assurance,206368642.0,46,Quality,52.82,1
75,22,1,Staff,Quality Assurance,206368642.0,46,Time Management,60.7,1
75,22,1,Staff,Quality Assurance,278244747.0,88,Attendance,56.36,1
75,22,1,Staff,Quality Assurance,278244747.0,88,Efficiency,58.47,1
75,22,1,Staff,Quality Assurance,278244747.0,88,HR,53.92,1
75,22,1,Staff,Quality Assurance,278244747.0,88,Innovation,56.17,1
75,22,1,Staff,Quality Assurance,278244747.0,88,Quality,47.455,1
75,22,1,Staff,Quality Assurance,278244747.0,88,Teamwork,54.46,1
75,22,1,Staff,Quality Assurance,278244747.0,88,Time Management,55.59,1
75,22,1,Staff,Quality Assurance,291868109.0,256,Development,48.63,1
75,22,1,Staff,Quality Assurance,291868109.0,256,Project,52.22,1
75,22,1,Staff,Quality Assurance,291868109.0,256,Quality,46.535,1
75,22,1,Staff,Quality Assurance,404564658.0,71,Development,42.89,1
75,22,1,Staff,Quality Assurance,404564658.0,71,Innovation,41.11,1
75,22,1,Staff,Quality Assurance,404564658.0,71,Performance,52.66,1
75,22,1,Staff,Quality Assurance,404564658.0,71,Teamwork,51.4,1
75,22,1,Staff,Quality Assurance,404564658.0,71,Technical,44.84,1
75,22,1,Staff,Quality Assurance,404564658.0,71,Time Management,62.22,1
76,32,7,Manager,Design,90000000.0,244,Development,88.18,0
76,32,7,Manager,Design,90000000.0,244,Finance,93.53,0
76,32,7,Manager,Design,90000000.0,244,Project,89.26,0
76,32,7,Manager,Design,90000000.0,244,Quality,93.07,0
76,32,7,Manager,Design,90000000.0,244,Time Management,91.22,0
76,32,7,Manager,Design,110000000.0,199,Efficiency,88.57,0
76,32,7,Manager,Design,110000000.0,199,Finance,91.84,0
76,32,7,Manager,Design,110000000.0,199,HR,96.6175,0
76,32,7,Manager,Design,110000000.0,199,Innovation,93.85,0
76,32,7,Manager,Design,110000000.0,199,Quality,93.09666666666668,0
76,32,7,Manager,Design,110000000.0,199,Time Management,90.20500000000001,0
76,32,7,Manager,Design,120000000.0,152,Attendance,98.0,0
76,32,7,Manager,Design,120000000.0,152,Efficiency,94.75,0
76,32,7,Manager,Design,120000000.0,152,HR,94.09,0
76,32,7,Manager,Design,120000000.0,152,Innovation,86.62,0
76,32,7,Manager,Design,120000000.0,152,Performance,95.28,0
76,32,7,Manager,Design,120000000.0,152,Project,92.82,0
76,32,7,Manager,Design,120000000.0,152,Teamwork,92.07499999999999,0
76,32,7,Manager,Design,190000000.0,241,Innovation,86.11,0
76,32,7,Manager,Design,190000000.0,241,Quality,90.15,0
76,32,7,Manager,Design,190000000.0,241,Time Management,90.89,0
76,32,7,Manager,Design,250000000.0,291,Attendance,94.88,0
76,32,7,Manager,Design,250000000.0,291,Development,92.61,0
76,32,7,Manager,Design,250000000.0,291,Finance,95.23,0
76,32,7,Manager,Design,250000000.0,291,Quality,89.18,0
76,32,7,Manager,Design,250000000.0,291,Teamwork,92.81,0
76,32,7,Manager,Design,250000000.0,291,Technical,84.85,0
76,32,7,Manager,Design,369461833.0,321,Development,86.38,0
76,32,7,Manager,Design,369461833.0,321,HR,94.19,0
76,32,7,Manager,Design,369461833.0,321,Technical,94.61,0
76,32,7,Manager,Design,375514309.0,335,Efficiency,98.0,0
76,32,7,Manager,Design,375514309.0,335,Finance,91.83,0
76,32,7,Manager,Design,375514309.0,335,HR,97.77,0
76,32,7,Manager,Design,375514309.0,335,Innovation,86.33,0
76,32,7,Manager,Design,375514309.0,335,Performance,93.84,0
76,32,7,Manager,Design,375514309.0,335,Project,90.78999999999999,0
76,32,7,Manager,Design,375514309.0,335,Teamwork,93.82,0
76,32,7,Manager,Design,375514309.0,335,Technical,88.87,0
76,32,7,Manager,Design,375514309.0,335,Time Management,98.0,0
76,32,7,Manager,Design,493794225.0,102,Attendance,92.38,0
76,32,7,Manager,Design,493794225.0,102,Finance,88.48,0
76,32,7,Manager,Design,493794225.0,102,Quality,98.0,0
77,31,6,Senior Staff,Finance,60000000.0,214,Attendance,74.67,1
77,31,6,Senior Staff,Finance,60000000.0,214,Development,64.11,1
77,31,6,Senior Staff,Finance,60000000.0,214,HR,70.8,1
77,31,6,Senior Staff,Finance,60000000.0,214,Project,67.71,1
77,31,6,Senior Staff,Finance,60000000.0,214,Quality,62.186,1
77,31,6,Senior Staff,Finance,60000000.0,214,Teamwork,68.62,1
77,31,6,Senior Staff,Finance,82017929.0,114,Development,64.29,1
77,31,6,Senior Staff,Finance,82017929.0,114,Efficiency,67.63,1
77,31,6,Senior Staff,Finance,82017929.0,114,HR,61.730000000000004,1
77,31,6,Senior Staff,Finance,82017929.0,114,Innovation,62.91,1
77,31,6,Senior Staff,Finance,82017929.0,114,Quality,66.41,1
77,31,6,Senior Staff,Finance,82017929.0,114,Technical,77.31,1
77,31,6,Senior Staff,Finance,82017929.0,114,Time Management,70.115,1
77,31,6,Senior Staff,Finance,90000000.0,244,Quality,63.65,1
77,31,6,Senior Staff,Finance,90000000.0,244,Teamwork,76.59,1
77,31,6,Senior Staff,Finance,95000000.0,211,Attendance,72.03,1
77,31,6,Senior Staff,Finance,95000000.0,211,Performance,67.5,1
77,31,6,Senior Staff,Finance,95000000.0,211,Project,65.15,1
77,31,6,Senior Staff,Finance,95000000.0,211,Teamwork,79.0,1
77,31,6,Senior Staff,Finance,95000000.0,211,Technical,77.46,1
77,31,6,Senior Staff,Finance,95000000.0,211,Time Management,70.14,1
77,31,6,Senior Staff,Finance,180000000.0,193,Attendance,76.425,1
77,31,6,Senior Staff,Finance,180000000.0,193,Efficiency,67.73,1
77,31,6,Senior Staff,Finance,180000000.0,193,Innovation,64.62,1
77,31,6,Senior Staff,Finance,180000000.0,193,Performance,70.485,1
77,31,6,Senior Staff,Finance,180000000.0,193,Project,67.13,1
77,31,6,Senior Staff,Finance,180000000.0,193,Quality,68.83,1
77,31,6,Senior Staff,Finance,180000000.0,193,Time Management,81.17,1
77,31,6,Senior Staff,Finance,220000000.0,225,Attendance,72.48,1
77,31,6,Senior Staff,Finance,220000000.0,225,Finance,63.09,1
77,31,6,Senior Staff,Finance,220000000.0,225,Innovation,60.96,1
77,31,6,Senior Staff,Finance,220000000.0,225,Performance,59.81,1
77,31,6,Senior Staff,Finance,291868109.0,256,Attendance,74.27,1
77,31,6,Senior Staff,Finance,291868109.0,256,HR,63.885,1
77,31,6,Senior Staff,Finance,291868109.0,256,Teamwork,69.03,1
77,31,6,Senior Staff,Finance,369461833.0,321,Finance,70.3,1
77,31,6,Senior Staff,Finance,369461833.0,321,HR,69.53,1
77,31,6,Senior Staff,Finance,369461833.0,321,Project,70.62,1
77,31,6,Senior Staff,Finance,369461833.0,321,Quality,69.19,1
77,31,6,Senior Staff,Finance,369461833.0,321,Teamwork,69.94,1
77,31,6,Senior Staff,Finance,369461833.0,321,Time Management,68.52,1
78,37,8,Manager,Quality Assurance,88214342.0,149,Attendance,98.0,0
78,37,8,Manager,Quality Assurance,88214342.0,149,Efficiency,98.0,0
78,37,8,Manager,Quality Assurance,88214342.0,149,HR,97.95,0
78,37,8,Manager,Quality Assurance,88214342.0,149,Performance,97.965,0
78,37,8,Manager,Quality Assurance,88214342.0,149,Project,94.33,0
78,37,8,Manager,Quality Assurance,88214342.0,149,Quality,92.3,0
78,37,8,Manager,Quality Assurance,88214342.0,149,Teamwork,98.0,0
78,37,8,Manager,Quality Assurance,88214342.0,149,Technical,95.89,0
78,37,8,Manager,Quality Assurance,90000000.0,244,Development,91.695,0
78,37,8,Manager,Quality Assurance,90000000.0,244,Efficiency,92.64,0
78,37,8,Manager,Quality Assurance,90000000.0,244,Innovation,89.97999999999999,0
78,37,8,Manager,Quality Assurance,90000000.0,244,Performance,98.0,0
78,37,8,Manager,Quality Assurance,90000000.0,244,Project,94.46000000000001,0
78,37,8,Manager,Quality Assurance,90000000.0,244,Quality,94.31,0
78,37,8,Manager,Quality Assurance,95000000.0,211,Attendance,98.0,0
78,37,8,Manager,Quality Assurance,95000000.0,211,Efficiency,95.14,0
78,37,8,Manager,Quality Assurance,95000000.0,211,Finance,96.36,0
78,37,8,Manager,Quality Assurance,95000000.0,211,HR,98.0,0
78,37,8,Manager,Quality Assurance,95000000.0,211,Performance,97.92,0
78,37,8,Manager,Quality Assurance,95000000.0,211,Quality,94.83,0
78,37,8,Manager,Quality Assurance,110000000.0,199,Attendance,98.0,0
78,37,8,Manager,Quality Assurance,110000000.0,199,HR,98.0,0
78,37,8,Manager,Quality Assurance,110000000.0,199,Quality,95.84,0
78,37,8,Manager,Quality Assurance,110000000.0,199,Time Management,93.61,0
78,37,8,Manager,Quality Assurance,278244747.0,88,Attendance,95.2,0
78,37,8,Manager,Quality Assurance,278244747.0,88,Innovation,91.54,0
78,37,8,Manager,Quality Assurance,278244747.0,88,Project,94.88,0
78,37,8,Manager,Quality Assurance,278244747.0,88,Quality,97.38499999999999,0
78,37,8,Manager,Quality Assurance,278244747.0,88,Teamwork,94.69,0
78,37,8,Manager,Quality Assurance,278244747.0,88,Time Management,98.0,0
78,37,8,Manager,Quality Assurance,355280620.0,347,Attendance,98.0,0
78,37,8,Manager,Quality Assurance,355280620.0,347,Development,97.37,0
78,37,8,Manager,Quality Assurance,355280620.0,347,Efficiency,93.97,0
78,37,8,Manager,Quality Assurance,355280620.0,347,Performance,95.05,0
78,37,8,Manager,Quality Assurance,355280620.0,347,Quality,95.8,0
78,37,8,Manager,Quality Assurance,355280620.0,347,Teamwork,98.0,0
78,37,8,Manager,Quality Assurance,355280620.0,347,Technical,91.67,0
78,37,8,Manager,Quality Assurance,355280620.0,347,Time Management,98.0,0
78,37,8,Manager,Quality Assurance,369461833.0,321,Attendance,97.045,0
78,37,8,Manager,Quality Assurance,369461833.0,321,Development,94.73,0
78,37,8,Manager,Quality Assurance,369461833.0,321,HR,92.32,0
78,37,8,Manager,Quality Assurance,369461833.0,321,Innovation,92.445,0
78,37,8,Manager,Quality Assurance,369461833.0,321,Performance,98.0,0
78,37,8,Manager,Quality Assurance,369461833.0,321,Project,96.35,0
78,37,8,Manager,Quality Assurance,369461833.0,321,Quality,92.63,0
78,37,8,Manager,Quality Assurance,369461833.0,321,Technical,94.54,0
78,37,8,Manager,Quality Assurance,369461833.0,321,Time Management,94.64,0
78,37,8,Manager,Quality Assurance,385820825.0,138,Development,93.53,0
78,37,8,Manager,Quality Assurance,385820825.0,138,Quality,94.79,0
79,24,3,Staff,Design,90000000.0,244,Attendance,73.96333333333332,1
79,24,3,Staff,Design,90000000.0,244,Development,61.63,1
79,24,3,Staff,Design,90000000.0,244,Efficiency,69.79,1
79,24,3,Staff,Design,90000000.0,244,Finance,68.24,1
79,24,3,Staff,Design,90000000.0,244,HR,58.565,1
79,24,3,Staff,Design,90000000.0,244,Innovation,57.48,1
79,24,3,Staff,Design,90000000.0,244,Quality,63.83,1
79,24,3,Staff,Design,90000000.0,244,Technical,65.8,1
79,24,3,Staff,Design,90000000.0,244,Time Management,60.49,1
79,24,3,Staff,Design,130000000.0,303,Efficiency,62.61,1
79,24,3,Staff,Design,130000000.0,303,HR,65.73,1
79,24,3,Staff,Design,130000000.0,303,Quality,65.78,1
79,24,3,Staff,Design,130000000.0,303,Teamwork,68.42,1
79,24,3,Staff,Design,140000000.0,211,Attendance,69.69,1
79,24,3,Staff,Design,140000000.0,211,HR,65.85,1
79,24,3,Staff,Design,140000000.0,211,Innovation,62.48,1
79,24,3,Staff,Design,140000000.0,211,Quality,65.5,1
79,24,3,Staff,Design,140000000.0,211,Teamwork,65.98,1
79,24,3,Staff,Design,140000000.0,211,Time Management,66.14,1
79,24,3,Staff,Design,150000000.0,274,Efficiency,65.44,1
79,24,3,Staff,Design,150000000.0,274,Performance,64.95,1
79,24,3,Staff,Design,150000000.0,274,Project,63.48,1
79,24,3,Staff,Design,150000000.0,274,Quality,57.89,1
79,24,3,Staff,Design,150000000.0,274,Teamwork,63.49,1
79,24,3,Staff,Design,170000000.0,229,Attendance,74.46,1
79,24,3,Staff,Design,170000000.0,229,Efficiency,65.88,1
79,24,3,Staff,Design,170000000.0,229,HR,66.9,1
79,24,3,Staff,Design,170000000.0,229,Innovation,67.1,1
79,24,3,Staff,Design,170000000.0,229,Quality,58.045,1
79,24,3,Staff,Design,178776637.0,118,HR,59.79,1
79,24,3,Staff,Design,178776637.0,118,Project,67.54,1
79,24,3,Staff,Design,206368642.0,46,Attendance,72.28,1
79,24,3,Staff,Design,206368642.0,46,Finance,57.3,1
79,24,3,Staff,Design,206368642.0,46,HR,54.25,1
79,24,3,Staff,Design,206368642.0,46,Quality,66.01,1
79,24,3,Staff,Design,206368642.0,46,Teamwork,68.08,1
79,24,3,Staff,Design,206368642.0,46,Technical,68.6,1
79,24,3,Staff,Design,375514309.0,335,Development,58.31,1
79,24,3,Staff,Design,375514309.0,335,Project,68.95,1
79,24,3,Staff,Design,375514309.0,335,Quality,62.06,1
80,26,5,Staff,Quality Assurance,80000000.0,138,Attendance,74.17,1
80,26,5,Staff,Quality Assurance,80000000.0,138,Development,67.18,1
80,26,5,Staff,Quality Assurance,80000000.0,138,Efficiency,59.08,1
80,26,5,Staff,Quality Assurance,80000000.0,138,HR,77.72,1
80,26,5,Staff,Quality Assurance,80000000.0,138,Innovation,68.095,1
80,26,5,Staff,Quality Assurance,80000000.0,138,Performance,59.47,1
80,26,5,Staff,Quality Assurance,80000000.0,138,Project,65.29,1
80,26,5,Staff,Quality Assurance,80000000.0,138,Technical,66.79,1
80,26,5,Staff,Quality Assurance,80000000.0,138,Time Management,80.82,1
80,26,5,Staff,Quality Assurance,190000000.0,241,Attendance,72.14333333333333,1
80,26,5,Staff,Quality Assurance,190000000.0,241,Development,61.58,1
80,26,5,Staff,Quality Assurance,190000000.0,241,Efficiency,67.875,1
80,26,5,Staff,Quality Assurance,190000000.0,241,HR,73.03333333333333,1
80,26,5,Staff,Quality Assurance,190000000.0,241,Performance,66.595,1
80,26,5,Staff,Quality Assurance,190000000.0,241,Project,63.89,1
80,26,5,Staff,Quality Assurance,190000000.0,241,Quality,63.74,1
80,26,5,Staff,Quality Assurance,190000000.0,241,Technical,77.83,1
80,26,5,Staff,Quality Assurance,220000000.0,225,Development,69.54,1
80,26,5,Staff,Quality Assurance,220000000.0,225,Efficiency,65.75,1
80,26,5,Staff,Quality Assurance,220000000.0,225,Innovation,66.09,1
80,26,5,Staff,Quality Assurance,220000000.0,225,Performance,70.69,1
80,26,5,Staff,Quality Assurance,220000000.0,225,Quality,66.87,1
80,26,5,Staff,Quality Assurance,291862333.0,334,Attendance,74.05,1
80,26,5,Staff,Quality Assurance,291862333.0,334,HR,71.49,1
80,26,5,Staff,Quality Assurance,291862333.0,334,Innovation,73.34,1
80,26,5,Staff,Quality Assurance,291862333.0,334,Performance,71.38,1
80,26,5,Staff,Quality Assurance,291862333.0,334,Quality,66.43,1
80,26,5,Staff,Quality Assurance,291862333.0,334,Teamwork,70.83,1
80,26,5,Staff,Quality Assurance,291862333.0,334,Time Management,59.81,1
80,26,5,Staff,Quality Assurance,369461833.0,321,Development,65.55,1
80,26,5,Staff,Quality Assurance,369461833.0,321,Efficiency,71.47,1
80,26,5,Staff,Quality Assurance,369461833.0,321,HR,73.37,1
80,26,5,Staff,Quality Assurance,369461833.0,321,Performance,68.63,1
80,26,5,Staff,Quality Assurance,369461833.0,321,Quality,71.08,1
80,26,5,Staff,Quality Assurance,369461833.0,321,Teamwork,74.04499999999999,1
80,26,5,Staff,Quality Assurance,369461833.0,321,Technical,69.89,1
80,26,5,Staff,Quality Assurance,466447298.0,297,Development,58.94,1
80,26,5,Staff,Quality Assurance,466447298.0,297,HR,73.95,1
80,26,5,Staff,Quality Assurance,466447298.0,297,Innovation,63.224999999999994,1
80,26,5,Staff,Quality Assurance,466447298.0,297,Performance,69.27,1
80,26,5,Staff,Quality Assurance,466447298.0,297,Quality,59.35,1
80,26,5,Staff,Quality Assurance,466447298.0,297,Time Management,67.88,1
80,26,5,Staff,Quality Assurance,493794225.0,102,Development,63.38,1
80,26,5,Staff,Quality Assurance,493794225.0,102,Efficiency,68.06,1
80,26,5,Staff,Quality Assurance,493794225.0,102,Finance,68.32,1
80,26,5,Staff,Quality Assurance,493794225.0,102,HR,73.88,1
80,26,5,Staff,Quality Assurance,493794225.0,102,Performance,67.83,1
80,26,5,Staff,Quality Assurance,493794225.0,102,Project,71.48,1
80,26,5,Staff,Quality Assurance,493794225.0,102,Teamwork,69.23,1
80,26,5,Staff,Quality Assurance,493794225.0,102,Technical,70.39,1
80,26,5,Staff,Quality Assurance,500000000.0,356,HR,66.465,1
80,26,5,Staff,Quality Assurance,500000000.0,356,Innovation,61.49,1
80,26,5,Staff,Quality Assurance,500000000.0,356,Project,64.26,1
80,26,5,Staff,Quality Assurance,500000000.0,356,Quality,68.1,1
80,26,5,Staff,Quality Assurance,500000000.0,356,Time Management,65.51,1
81,36,9,Manager,Design,50000000.0,211,Attendance,98.0,0
81,36,9,Manager,Design,50000000.0,211,Finance,95.61,0
81,36,9,Manager,Design,50000000.0,211,Performance,92.4,0
81,36,9,Manager,Design,50000000.0,211,Quality,92.95,0
81,36,9,Manager,Design,50000000.0,211,Teamwork,95.98,0
81,36,9,Manager,Design,60000000.0,214,Efficiency,96.11,0
81,36,9,Manager,Design,60000000.0,214,HR,97.41,0
81,36,9,Manager,Design,60000000.0,214,Project,98.0,0
81,36,9,Manager,Design,60000000.0,214,Quality,94.08000000000001,0
81,36,9,Manager,Design,60000000.0,214,Teamwork,95.54,0
81,36,9,Manager,Design,82017929.0,114,Efficiency,94.895,0
81,36,9,Manager,Design,82017929.0,114,Finance,96.62,0
81,36,9,Manager,Design,82017929.0,114,HR,93.93,0
81,36,9,Manager,Design,82017929.0,114,Innovation,89.49000000000001,0
81,36,9,Manager,Design,82017929.0,114,Performance,94.02,0
81,36,9,Manager,Design,82017929.0,114,Project,93.63,0
81,36,9,Manager,Design,82017929.0,114,Quality,94.525,0
81,36,9,Manager,Design,82017929.0,114,Teamwork,96.51,0
81,36,9,Manager,Design,130000000.0,303,Finance,89.5,0
81,36,9,Manager,Design,130000000.0,303,HR,93.36,0
81,36,9,Manager,Design,130000000.0,303,Innovation,89.93,0
81,36,9,Manager,Design,130000000.0,303,Quality,89.69749999999999,0
81,36,9,Manager,Design,130000000.0,303,Teamwork,91.32,0
81,36,9,Manager,Design,130000000.0,303,Technical,95.03,0
81,36,9,Manager,Design,130000000.0,303,Time Management,96.72,0
81,36,9,Manager,Design,140000000.0,211,Attendance,97.45,0
81,36,9,Manager,Design,140000000.0,211,Finance,97.77,0
81,36,9,Manager,Design,140000000.0,211,Innovation,91.78,0
81,36,9,Manager,Design,140000000.0,211,Performance,90.67,0
81,36,9,Manager,Design,140000000.0,211,Project,98.0,0
81,36,9,Manager,Design,200000000.0,167,Technical,92.44,0
81,36,9,Manager,Design,369461833.0,321,Finance,89.23,0
81,36,9,Manager,Design,369461833.0,321,Performance,95.35,0
81,36,9,Manager,Design,369461833.0,321,Project,92.35,0
81,36,9,Manager,Design,369461833.0,321,Quality,90.80333333333334,0
81,36,9,Manager,Design,369461833.0,321,Teamwork,92.1,0
81,36,9,Manager,Design,369461833.0,321,Technical,96.08500000000001,0
81,36,9,Manager,Design,472961951.0,350,Performance,95.28,0
81,36,9,Manager,Design,472961951.0,350,Quality,92.555,0
81,36,9,Manager,Design,472961951.0,350,Teamwork,98.0,0
81,36,9,Manager,Design,472961951.0,350,Technical,94.79,0
82,33,8,Manager,Operations,80000000.0,138,Efficiency,91.16,0
82,33,8,Manager,Operations,80000000.0,138,Finance,88.24,0
82,33,8,Manager,Operations,80000000.0,138,Performance,96.11,0
82,33,8,Manager,Operations,80000000.0,138,Project,88.07,0
82,33,8,Manager,Operations,130000000.0,303,Attendance,94.78,0
82,33,8,Manager,Operations,130000000.0,303,Efficiency,97.9,0
82,33,8,Manager,Operations,130000000.0,303,Innovation,88.89500000000001,0
82,33,8,Manager,Operations,130000000.0,303,Performance,96.07,0
82,33,8,Manager,Operations,130000000.0,303,Project,90.48,0
82,33,8,Manager,Operations,130000000.0,303,Quality,92.05333333333334,0
82,33,8,Manager,Operations,130000000.0,303,Technical,98.0,0
82,33,8,Manager,Operations,134037811.0,31,Attendance,98.0,0
82,33,8,Manager,Operations,134037811.0,31,Finance,84.7,0
82,33,8,Manager,Operations,134037811.0,31,HR,95.77000000000001,0
82,33,8,Manager,Operations,134037811.0,31,Quality,95.2,0
82,33,8,Manager,Operations,150000000.0,274,Development,92.48,0
82,33,8,Manager,Operations,150000000.0,274,HR,89.91499999999999,0
82,33,8,Manager,Operations,150000000.0,274,Performance,94.17,0
82,33,8,Manager,Operations,150000000.0,274,Quality,90.92,0
82,33,8,Manager,Operations,178776637.0,118,Finance,87.55,0
82,33,8,Manager,Operations,178776637.0,118,HR,95.04,0
82,33,8,Manager,Operations,178776637.0,118,Performance,93.74,0
82,33,8,Manager,Operations,178776637.0,118,Project,88.9,0
82,33,8,Manager,Operations,178776637.0,118,Quality,89.66000000000001,0
82,33,8,Manager,Operations,178776637.0,118,Teamwork,98.0,0
82,33,8,Manager,Operations,178776637.0,118,Technical,93.33,0
82,33,8,Manager,Operations,291862333.0,334,Development,91.39,0
82,33,8,Manager,Operations,291862333.0,334,Project,90.63,0
82,33,8,Manager,Operations,291862333.0,334,Quality,94.27,0
82,33,8,Manager,Operations,385820825.0,138,Finance,96.0,0
82,33,8,Manager,Operations,385820825.0,138,HR,98.0,0
82,33,8,Manager,Operations,385820825.0,138,Innovation,88.89,0
82,33,8,Manager,Operations,385820825.0,138,Quality,92.43,0
82,33,8,Manager,Operations,400000000.0,259,Development,85.59,0
82,33,8,Manager,Operations,400000000.0,259,Innovation,84.2,0
82,33,8,Manager,Operations,400000000.0,259,Quality,87.93,0
83,29,6,Senior Staff,Procurement,75000000.0,203,Attendance,62.71,1
83,29,6,Senior Staff,Procurement,75000000.0,203,Efficiency,63.14,1
83,29,6,Senior Staff,Procurement,75000000.0,203,HR,61.8,1
83,29,6,Senior Staff,Procurement,75000000.0,203,Innovation,61.24,1
83,29,6,Senior Staff,Procurement,75000000.0,203,Project,64.2,1
83,29,6,Senior Staff,Procurement,75000000.0,203,Quality,65.28,1
83,29,6,Senior Staff,Procurement,75000000.0,203,Technical,67.76,1
83,29,6,Senior Staff,Procurement,88214342.0,149,Quality,69.08,1
83,29,6,Senior Staff,Procurement,170000000.0,229,Attendance,68.37,1
83,29,6,Senior Staff,Procurement,170000000.0,229,Efficiency,69.32333333333334,1
83,29,6,Senior Staff,Procurement,170000000.0,229,HR,61.93,1
83,29,6,Senior Staff,Procurement,170000000.0,229,Innovation,62.41,1
83,29,6,Senior Staff,Procurement,170000000.0,229,Performance,62.0,1
83,29,6,Senior Staff,Procurement,170000000.0,229,Quality,58.83,1
83,29,6,Senior Staff,Procurement,170000000.0,229,Teamwork,71.43,1
83,29,6,Senior Staff,Procurement,170000000.0,229,Time Management,60.05,1
83,29,6,Senior Staff,Procurement,178776637.0,118,Attendance,73.35,1
83,29,6,Senior Staff,Procurement,178776637.0,118,Development,60.23,1
83,29,6,Senior Staff,Procurement,178776637.0,118,HR,64.64,1
83,29,6,Senior Staff,Procurement,178776637.0,118,Performance,70.5,1
83,29,6,Senior Staff,Procurement,178776637.0,118,Quality,61.15,1
83,29,6,Senior Staff,Procurement,178776637.0,118,Teamwork,66.19,1
83,29,6,Senior Staff,Procurement,200000000.0,167,HR,61.41,1
83,29,6,Senior Staff,Procurement,200000000.0,167,Performance,58.17,1
83,29,6,Senior Staff,Procurement,200000000.0,167,Quality,63.45,1
83,29,6,Senior Staff,Procurement,200000000.0,167,Technical,62.32,1
83,29,6,Senior Staff,Procurement,204675132.0,174,Project,67.64,1
83,29,6,Senior Staff,Procurement,204675132.0,174,Quality,64.17666666666668,1
83,29,6,Senior Staff,Procurement,204675132.0,174,Teamwork,65.89,1
83,29,6,Senior Staff,Procurement,250000000.0,291,Efficiency,65.27,1
83,29,6,Senior Staff,Procurement,250000000.0,291,Innovation,58.46,1
83,29,6,Senior Staff,Procurement,250000000.0,291,Project,69.75,1
83,29,6,Senior Staff,Procurement,250000000.0,291,Quality,64.26333333333334,1
83,29,6,Senior Staff,Procurement,250000000.0,291,Teamwork,67.625,1
83,29,6,Senior Staff,Procurement,250000000.0,291,Time Management,58.01,1
83,29,6,Senior Staff,Procurement,397696244.0,106,Quality,60.42,1
83,29,6,Senior Staff,Procurement,397696244.0,106,Teamwork,74.41,1
84,23,5,Staff,Operations,75000000.0,203,HR,71.86,1
84,23,5,Staff,Operations,75000000.0,203,Innovation,59.31,1
84,23,5,Staff,Operations,75000000.0,203,Quality,63.295,1
84,23,5,Staff,Operations,75000000.0,203,Teamwork,74.74,1
84,23,5,Staff,Operations,110000000.0,199,Innovation,62.78,1
84,23,5,Staff,Operations,110000000.0,199,Performance,61.47,1
84,23,5,Staff,Operations,110000000.0,199,Quality,61.89,1
84,23,5,Staff,Operations,110000000.0,199,Teamwork,62.58,1
84,23,5,Staff,Operations,140000000.0,211,Attendance,66.2,1
84,23,5,Staff,Operations,140000000.0,211,Development,67.56,1
84,23,5,Staff,Operations,140000000.0,211,Efficiency,70.85499999999999,1
84,23,5,Staff,Operations,140000000.0,211,Finance,65.42,1
84,23,5,Staff,Operations,140000000.0,211,HR,67.78666666666668,1
84,23,5,Staff,Operations,140000000.0,211,Innovation,67.31,1
84,23,5,Staff,Operations,140000000.0,211,Performance,63.8,1
84,23,5,Staff,Operations,140000000.0,211,Project,72.94,1
84,23,5,Staff,Operations,140000000.0,211,Quality,66.58,1
84,23,5,Staff,Operations,140000000.0,211,Teamwork,65.4,1
84,23,5,Staff,Operations,140000000.0,211,Technical,64.25,1
84,23,5,Staff,Operations,140000000.0,211,Time Management,72.71,1
84,23,5,Staff,Operations,150000000.0,274,Development,63.61,1
84,23,5,Staff,Operations,150000000.0,274,Performance,63.52,1
84,23,5,Staff,Operations,150000000.0,274,Quality,54.14,1
84,23,5,Staff,Operations,178776637.0,118,Attendance,70.54,1
84,23,5,Staff,Operations,178776637.0,118,Innovation,74.44,1
84,23,5,Staff,Operations,178776637.0,118,Quality,61.26,1
84,23,5,Staff,Operations,178776637.0,118,Technical,65.34,1
84,23,5,Staff,Operations,180000000.0,193,Attendance,76.68,1
84,23,5,Staff,Operations,180000000.0,193,Development,59.76,1
84,23,5,Staff,Operations,180000000.0,193,Efficiency,64.75,1
84,23,5,Staff,Operations,180000000.0,193,Finance,69.18,1
84,23,5,Staff,Operations,180000000.0,193,HR,65.915,1
84,23,5,Staff,Operations,180000000.0,193,Innovation,66.17,1
84,23,5,Staff,Operations,180000000.0,193,Quality,65.71000000000001,1
84,23,5,Staff,Operations,180000000.0,193,Teamwork,70.91,1
84,23,5,Staff,Operations,180000000.0,193,Time Management,62.45,1
84,23,5,Staff,Operations,355280620.0,347,Attendance,73.44,1
84,23,5,Staff,Operations,355280620.0,347,Efficiency,70.89,1
84,23,5,Staff,Operations,355280620.0,347,Finance,64.78,1
84,23,5,Staff,Operations,355280620.0,347,HR,69.19,1
84,23,5,Staff,Operations,355280620.0,347,Quality,57.06,1
84,23,5,Staff,Operations,355280620.0,347,Teamwork,68.18,1
84,23,5,Staff,Operations,355280620.0,347,Technical,68.99,1
84,23,5,Staff,Operations,355280620.0,347,Time Management,72.08,1
84,23,5,Staff,Operations,385820825.0,138,Innovation,61.55,1
84,23,5,Staff,Operations,385820825.0,138,Quality,62.19,1
84,23,5,Staff,Operations,385820825.0,138,Teamwork,70.62,1
85,30,4,Staff,Finance,50000000.0,211,Innovation,61.83,1
85,30,4,Staff,Finance,50000000.0,211,Performance,78.75,1
85,30,4,Staff,Finance,50000000.0,211,Quality,73.25,1
85,30,4,Staff,Finance,50000000.0,211,Teamwork,73.79,1
85,30,4,Staff,Finance,50000000.0,211,Technical,72.23,1
85,30,4,Staff,Finance,50000000.0,211,Time Management,69.74,1
85,30,4,Staff,Finance,88214342.0,149,Efficiency,69.61,1
85,30,4,Staff,Finance,88214342.0,149,Finance,62.68,1
85,30,4,Staff,Finance,88214342.0,149,HR,62.82,1
85,30,4,Staff,Finance,88214342.0,149,Quality,61.08,1
85,30,4,Staff,Finance,88214342.0,149,Teamwork,74.0,1
85,30,4,Staff,Finance,88214342.0,149,Technical,76.57,1
85,30,4,Staff,Finance,88214342.0,149,Time Management,61.7,1
85,30,4,Staff,Finance,95000000.0,211,Development,61.31,1
85,30,4,Staff,Finance,95000000.0,211,Finance,63.47,1
85,30,4,Staff,Finance,95000000.0,211,HR,71.22333333333334,1
85,30,4,Staff,Finance,95000000.0,211,Performance,60.34,1
85,30,4,Staff,Finance,95000000.0,211,Quality,66.13,1
85,30,4,Staff,Finance,95000000.0,211,Teamwork,65.5,1
85,30,4,Staff,Finance,95000000.0,211,Technical,71.68,1
85,30,4,Staff,Finance,95000000.0,211,Time Management,66.49,1
85,30,4,Staff,Finance,130000000.0,303,Attendance,67.24000000000001,1
85,30,4,Staff,Finance,130000000.0,303,Efficiency,64.61,1
85,30,4,Staff,Finance,130000000.0,303,HR,69.02,1
85,30,4,Staff,Finance,130000000.0,303,Innovation,67.07,1
85,30,4,Staff,Finance,130000000.0,303,Quality,64.95333333333333,1
85,30,4,Staff,Finance,130000000.0,303,Technical,65.75,1
85,30,4,Staff,Finance,130000000.0,303,Time Management,53.98,1
85,30,4,Staff,Finance,140000000.0,211,Attendance,72.41,1
85,30,4,Staff,Finance,140000000.0,211,HR,71.84,1
85,30,4,Staff,Finance,140000000.0,211,Innovation,70.96,1
85,30,4,Staff,Finance,140000000.0,211,Performance,73.47,1
85,30,4,Staff,Finance,140000000.0,211,Quality,71.1925,1
85,30,4,Staff,Finance,140000000.0,211,Teamwork,67.43,1
85,30,4,Staff,Finance,140000000.0,211,Time Management,67.465,1
85,30,4,Staff,Finance,204675132.0,174,Development,64.68,1
85,30,4,Staff,Finance,204675132.0,174,Efficiency,73.13,1
85,30,4,Staff,Finance,204675132.0,174,Quality,67.83,1
85,30,4,Staff,Finance,204675132.0,174,Time Management,65.39,1
85,30,4,Staff,Finance,291862333.0,334,Attendance,75.57,1
85,30,4,Staff,Finance,291862333.0,334,Efficiency,62.56,1
85,30,4,Staff,Finance,291862333.0,334,Finance,68.15,1
85,30,4,Staff,Finance,291862333.0,334,HR,68.43,1
85,30,4,Staff,Finance,291862333.0,334,Innovation,72.59,1
85,30,4,Staff,Finance,291862333.0,334,Performance,67.655,1
85,30,4,Staff,Finance,291862333.0,334,Quality,69.45,1
85,30,4,Staff,Finance,291862333.0,334,Technical,69.61,1
85,30,4,Staff,Finance,291862333.0,334,Time Management,66.7,1
85,30,4,Staff,Finance,466447298.0,297,Development,63.04,1
85,30,4,Staff,Finance,466447298.0,297,Efficiency,60.81,1
85,30,4,Staff,Finance,466447298.0,297,Finance,64.73,1
85,30,4,Staff,Finance,466447298.0,297,HR,66.25999999999999,1
85,30,4,Staff,Finance,466447298.0,297,Innovation,60.34,1
85,30,4,Staff,Finance,466447298.0,297,Performance,69.95,1
85,30,4,Staff,Finance,466447298.0,297,Project,66.71000000000001,1
85,30,4,Staff,Finance,466447298.0,297,Quality,62.365,1
85,30,4,Staff,Finance,466447298.0,297,Technical,58.75,1
85,30,4,Staff,Finance,466447298.0,297,Time Management,69.98,1
86,28,1,Staff,Human Resources,110000000.0,199,Attendance,53.35,1
86,28,1,Staff,Human Resources,110000000.0,199,Development,48.02,1
86,28,1,Staff,Human Resources,110000000.0,199,Innovation,46.74,1
86,28,1,Staff,Human Resources,110000000.0,199,Performance,43.05,1
86,28,1,Staff,Human Resources,134037811.0,31,Attendance,65.98,1
86,28,1,Staff,Human Resources,134037811.0,31,Finance,56.63,1
86,28,1,Staff,Human Resources,134037811.0,31,Innovation,40.28,1
86,28,1,Staff,Human Resources,134037811.0,31,Quality,41.64,1
86,28,1,Staff,Human Resources,134037811.0,31,Technical,42.68,1
86,28,1,Staff,Human Resources,178776637.0,118,Development,40.61,1
86,28,1,Staff,Human Resources,178776637.0,118,Efficiency,41.15,1
86,28,1,Staff,Human Resources,178776637.0,118,Finance,54.2,1
86,28,1,Staff,Human Resources,178776637.0,118,HR,44.78,1
86,28,1,Staff,Human Resources,178776637.0,118,Quality,35.81,1
86,28,1,Staff,Human Resources,178776637.0,118,Teamwork,60.26,1
86,28,1,Staff,Human Resources,178776637.0,118,Technical,41.8,1
86,28,1,Staff,Human Resources,206368642.0,46,Development,43.86,1
86,28,1,Staff,Human Resources,206368642.0,46,Efficiency,54.745000000000005,1
86,28,1,Staff,Human Resources,206368642.0,46,Finance,53.11,1
86,28,1,Staff,Human Resources,206368642.0,46,HR,40.42,1
86,28,1,Staff,Human Resources,206368642.0,46,Performance,52.69,1
86,28,1,Staff,Human Resources,206368642.0,46,Project,44.05,1
86,28,1,Staff,Human Resources,206368642.0,46,Quality,52.94,1
86,28,1,Staff,Human Resources,300000000.0,242,Finance,51.82,1
86,28,1,Staff,Human Resources,300000000.0,242,HR,56.35,1
86,28,1,Staff,Human Resources,300000000.0,242,Project,59.26,1
86,28,1,Staff,Human Resources,355280620.0,347,Attendance,48.42,1
86,28,1,Staff,Human Resources,355280620.0,347,Development,47.3,1
86,28,1,Staff,Human Resources,355280620.0,347,Finance,50.37,1
86,28,1,Staff,Human Resources,355280620.0,347,HR,53.339999999999996,1
86,28,1,Staff,Human Resources,355280620.0,347,Innovation,38.93,1
86,28,1,Staff,Human Resources,355280620.0,347,Performance,40.51,1
86,28,1,Staff,Human Resources,355280620.0,347,Quality,47.36,1
86,28,1,Staff,Human Resources,355280620.0,347,Teamwork,41.03,1
86,28,1,Staff,Human Resources,397696244.0,106,Attendance,47.46,1
86,28,1,Staff,Human Resources,397696244.0,106,Efficiency,45.815,1
86,28,1,Staff,Human Resources,397696244.0,106,Innovation,37.625,1
86,28,1,Staff,Human Resources,397696244.0,106,Teamwork,48.92,1
86,28,1,Staff,Human Resources,397696244.0,106,Time Management,52.57,1
86,28,1,Staff,Human Resources,466447298.0,297,Attendance,52.51,1
86,28,1,Staff,Human Resources,466447298.0,297,HR,48.23,1
86,28,1,Staff,Human Resources,466447298.0,297,Quality,52.63,1
86,28,1,Staff,Human Resources,466447298.0,297,Time Management,54.39,1
87,30,6,Senior Staff,Operations,80000000.0,138,Finance,69.33500000000001,1
87,30,6,Senior Staff,Operations,80000000.0,138,HR,66.41499999999999,1
87,30,6,Senior Staff,Operations,80000000.0,138,Innovation,66.03,1
87,30,6,Senior Staff,Operations,80000000.0,138,Performance,68.46,1
87,30,6,Senior Staff,Operations,80000000.0,138,Project,63.32,1
87,30,6,Senior Staff,Operations,80000000.0,138,Quality,67.91,1
87,30,6,Senior Staff,Operations,80000000.0,138,Teamwork,70.54,1
87,30,6,Senior Staff,Operations,88214342.0,149,Attendance,74.42,1
87,30,6,Senior Staff,Operations,88214342.0,149,Efficiency,69.83000000000001,1
87,30,6,Senior Staff,Operations,88214342.0,149,Finance,69.7,1
87,30,6,Senior Staff,Operations,88214342.0,149,HR,70.61,1
87,30,6,Senior Staff,Operations,88214342.0,149,Innovation,67.01,1
87,30,6,Senior Staff,Operations,88214342.0,149,Quality,69.20333333333333,1
87,30,6,Senior Staff,Operations,88214342.0,149,Teamwork,65.18,1
87,30,6,Senior Staff,Operations,88214342.0,149,Time Management,66.215,1
87,30,6,Senior Staff,Operations,110000000.0,199,Attendance,76.39,1
87,30,6,Senior Staff,Operations,110000000.0,199,Development,61.4,1
87,30,6,Senior Staff,Operations,110000000.0,199,Efficiency,69.05,1
87,30,6,Senior Staff,Operations,110000000.0,199,Finance,73.92,1
87,30,6,Senior Staff,Operations,110000000.0,199,Quality,70.36,1
87,30,6,Senior Staff,Operations,110000000.0,199,Teamwork,74.57,1
87,30,6,Senior Staff,Operations,110000000.0,199,Technical,68.31,1
87,30,6,Senior Staff,Operations,110000000.0,199,Time Management,69.11,1
87,30,6,Senior Staff,Operations,134037811.0,31,Development,64.41,1
87,30,6,Senior Staff,Operations,134037811.0,31,HR,73.11,1
87,30,6,Senior Staff,Operations,134037811.0,31,Performance,68.9,1
87,30,6,Senior Staff,Operations,134037811.0,31,Project,73.14,1
87,30,6,Senior Staff,Operations,134037811.0,31,Quality,57.49,1
87,30,6,Senior Staff,Operations,134037811.0,31,Teamwork,69.935,1
87,30,6,Senior Staff,Operations,134037811.0,31,Technical,67.77,1
87,30,6,Senior Staff,Operations,150000000.0,274,Development,61.875,1
87,30,6,Senior Staff,Operations,150000000.0,274,HR,66.345,1
87,30,6,Senior Staff,Operations,150000000.0,274,Innovation,46.42,1
87,30,6,Senior Staff,Operations,150000000.0,274,Project,70.39,1
87,30,6,Senior Staff,Operations,150000000.0,274,Quality,59.15,1
87,30,6,Senior Staff,Operations,150000000.0,274,Teamwork,74.55,1
87,30,6,Senior Staff,Operations,204675132.0,174,Attendance,71.43,1
87,30,6,Senior Staff,Operations,204675132.0,174,Development,64.53,1
87,30,6,Senior Staff,Operations,204675132.0,174,Finance,67.62,1
87,30,6,Senior Staff,Operations,204675132.0,174,HR,72.12,1
87,30,6,Senior Staff,Operations,204675132.0,174,Innovation,61.0,1
87,30,6,Senior Staff,Operations,204675132.0,174,Performance,68.925,1
87,30,6,Senior Staff,Operations,204675132.0,174,Quality,61.385000000000005,1
87,30,6,Senior Staff,Operations,204675132.0,174,Teamwork,74.35,1
87,30,6,Senior Staff,Operations,204675132.0,174,Technical,72.53,1
87,30,6,Senior Staff,Operations,291868109.0,256,Development,65.51,1
87,30,6,Senior Staff,Operations,291868109.0,256,Finance,69.24,1
87,30,6,Senior Staff,Operations,291868109.0,256,Project,63.3,1
87,30,6,Senior Staff,Operations,291868109.0,256,Quality,67.57499999999999,1
87,30,6,Senior Staff,Operations,291868109.0,256,Teamwork,73.4,1
87,30,6,Senior Staff,Operations,291868109.0,256,Technical,67.24,1
87,30,6,Senior Staff,Operations,377293102.0,80,Attendance,76.06,1
87,30,6,Senior Staff,Operations,377293102.0,80,Development,64.65,1
87,30,6,Senior Staff,Operations,377293102.0,80,Efficiency,65.47,1
87,30,6,Senior Staff,Operations,377293102.0,80,HR,72.97,1
87,30,6,Senior Staff,Operations,377293102.0,80,Project,73.5,1
87,30,6,Senior Staff,Operations,377293102.0,80,Quality,72.53,1
87,30,6,Senior Staff,Operations,377293102.0,80,Teamwork,62.97,1
87,30,6,Senior Staff,Operations,377293102.0,80,Technical,71.62,1
88,31,3,Staff,IT,80000000.0,138,Attendance,76.58,1
88,31,3,Staff,IT,80000000.0,138,HR,71.48,1
88,31,3,Staff,IT,80000000.0,138,Performance,70.26,1
88,31,3,Staff,IT,80000000.0,138,Quality,65.41499999999999,1
88,31,3,Staff,IT,80000000.0,138,Technical,63.02,1
88,31,3,Staff,IT,88214342.0,149,Attendance,74.24,1
88,31,3,Staff,IT,88214342.0,149,HR,75.345,1
88,31,3,Staff,IT,88214342.0,149,Quality,66.53,1
88,31,3,Staff,IT,88214342.0,149,Time Management,78.69,1
88,31,3,Staff,IT,178776637.0,118,Finance,73.78,1
88,31,3,Staff,IT,178776637.0,118,Teamwork,69.73,1
88,31,3,Staff,IT,190000000.0,241,Finance,65.43,1
88,31,3,Staff,IT,190000000.0,241,HR,75.46,1
88,31,3,Staff,IT,190000000.0,241,Performance,70.82,1
88,31,3,Staff,IT,190000000.0,241,Project,65.05,1
88,31,3,Staff,IT,190000000.0,241,Quality,70.02666666666666,1
88,31,3,Staff,IT,190000000.0,241,Teamwork,69.84,1
88,31,3,Staff,IT,190000000.0,241,Technical,71.11,1
88,31,3,Staff,IT,220000000.0,225,Attendance,73.14,1
88,31,3,Staff,IT,220000000.0,225,Development,64.4,1
88,31,3,Staff,IT,220000000.0,225,Efficiency,66.18,1
88,31,3,Staff,IT,220000000.0,225,HR,72.84,1
88,31,3,Staff,IT,220000000.0,225,Performance,68.51,1
88,31,3,Staff,IT,220000000.0,225,Quality,68.25999999999999,1
88,31,3,Staff,IT,220000000.0,225,Teamwork,58.01,1
88,31,3,Staff,IT,220000000.0,225,Time Management,67.59,1
88,31,3,Staff,IT,365962025.0,249,Efficiency,59.87,1
88,31,3,Staff,IT,365962025.0,249,HR,77.5,1
88,31,3,Staff,IT,365962025.0,249,Performance,68.54,1
88,31,3,Staff,IT,365962025.0,249,Project,75.9,1
88,31,3,Staff,IT,365962025.0,249,Quality,67.5375,1
88,31,3,Staff,IT,365962025.0,249,Technical,71.52,1
88,31,3,Staff,IT,365962025.0,249,Time Management,65.54,1
88,31,3,Staff,IT,377293102.0,80,Development,59.29,1
88,31,3,Staff,IT,377293102.0,80,Finance,64.31,1
88,31,3,Staff,IT,377293102.0,80,Performance,71.95,1
88,31,3,Staff,IT,472961951.0,350,HR,73.6,1
88,31,3,Staff,IT,472961951.0,350,Innovation,67.09,1
88,31,3,Staff,IT,472961951.0,350,Quality,74.63,1
88,31,3,Staff,IT,472961951.0,350,Time Management,78.6,1
89,27,2,Staff,Legal,50000000.0,211,Attendance,58.91,1
89,27,2,Staff,Legal,50000000.0,211,Development,57.34,1
89,27,2,Staff,Legal,50000000.0,211,Finance,57.306666666666665,1
89,27,2,Staff,Legal,50000000.0,211,HR,65.49000000000001,1
89,27,2,Staff,Legal,50000000.0,211,Performance,56.97,1
89,27,2,Staff,Legal,50000000.0,211,Quality,59.595,1
89,27,2,Staff,Legal,50000000.0,211,Teamwork,61.519999999999996,1
89,27,2,Staff,Legal,50000000.0,211,Technical,59.98,1
89,27,2,Staff,Legal,82017929.0,114,Technical,65.46,1
89,27,2,Staff,Legal,90000000.0,244,Development,61.14,1
89,27,2,Staff,Legal,90000000.0,244,HR,64.875,1
89,27,2,Staff,Legal,90000000.0,244,Project,60.63,1
89,27,2,Staff,Legal,90000000.0,244,Quality,62.38,1
89,27,2,Staff,Legal,90000000.0,244,Teamwork,69.435,1
89,27,2,Staff,Legal,250000000.0,291,Development,55.99,1
89,27,2,Staff,Legal,250000000.0,291,Innovation,57.87,1
89,27,2,Staff,Legal,250000000.0,291,Performance,67.17,1
89,27,2,Staff,Legal,250000000.0,291,Project,63.23666666666667,1
89,27,2,Staff,Legal,250000000.0,291,Quality,61.72333333333333,1
89,27,2,Staff,Legal,250000000.0,291,Teamwork,63.59,1
89,27,2,Staff,Legal,250000000.0,291,Time Management,60.55,1
89,27,2,Staff,Legal,300000000.0,242,Attendance,64.24,1
89,27,2,Staff,Legal,300000000.0,242,Efficiency,61.13,1
89,27,2,Staff,Legal,300000000.0,242,HR,61.81,1
89,27,2,Staff,Legal,300000000.0,242,Innovation,54.55,1
89,27,2,Staff,Legal,300000000.0,242,Project,58.48,1
89,27,2,Staff,Legal,300000000.0,242,Quality,60.20666666666667,1
89,27,2,Staff,Legal,300000000.0,242,Technical,58.28,1
89,27,2,Staff,Legal,400000000.0,259,Attendance,73.82,1
89,27,2,Staff,Legal,400000000.0,259,Development,61.09,1
89,27,2,Staff,Legal,400000000.0,259,Efficiency,58.56,1
89,27,2,Staff,Legal,400000000.0,259,HR,62.16,1
89,27,2,Staff,Legal,400000000.0,259,Performance,53.7,1
89,27,2,Staff,Legal,400000000.0,259,Project,59.125,1
89,27,2,Staff,Legal,400000000.0,259,Quality,59.245000000000005,1
89,27,2,Staff,Legal,400000000.0,259,Teamwork,62.01,1
89,27,2,Staff,Legal,400000000.0,259,Technical,64.53999999999999,1
89,27,2,Staff,Legal,404564658.0,71,Attendance,63.809999999999995,1
89,27,2,Staff,Legal,404564658.0,71,Development,57.18,1
89,27,2,Staff,Legal,404564658.0,71,Efficiency,62.87,1
89,27,2,Staff,Legal,404564658.0,71,Finance,66.73,1
89,27,2,Staff,Legal,404564658.0,71,HR,62.56,1
89,27,2,Staff,Legal,404564658.0,71,Innovation,57.1,1
89,27,2,Staff,Legal,404564658.0,71,Quality,61.2775,1
89,27,2,Staff,Legal,404564658.0,71,Teamwork,62.94,1
89,27,2,Staff,Legal,466447298.0,297,Development,60.14,1
89,27,2,Staff,Legal,466447298.0,297,Finance,59.8,1
89,27,2,Staff,Legal,466447298.0,297,HR,63.68,1
89,27,2,Staff,Legal,466447298.0,297,Innovation,53.39,1
89,27,2,Staff,Legal,466447298.0,297,Performance,62.12,1
89,27,2,Staff,Legal,466447298.0,297,Teamwork,66.31,1
90,28,5,Staff,Finance,60000000.0,214,Quality,65.61500000000001,1
90,28,5,Staff,Finance,180000000.0,193,Efficiency,71.3,1
90,28,5,Staff,Finance,180000000.0,193,Finance,71.6,1
90,28,5,Staff,Finance,180000000.0,193,Teamwork,68.46,1
90,28,5,Staff,Finance,291862333.0,334,Development,74.11,1
90,28,5,Staff,Finance,291862333.0,334,HR,70.41,1
90,28,5,Staff,Finance,291862333.0,334,Quality,64.78,1
90,28,5,Staff,Finance,291862333.0,334,Teamwork,76.46,1
90,28,5,Staff,Finance,300000000.0,242,Attendance,71.19,1
90,28,5,Staff,Finance,300000000.0,242,HR,66.15,1
90,28,5,Staff,Finance,300000000.0,242,Quality,58.855000000000004,1
90,28,5,Staff,Finance,300000000.0,242,Time Management,62.56,1
90,28,5,Staff,Finance,355280620.0,347,Attendance,72.8,1
90,28,5,Staff,Finance,355280620.0,347,Finance,58.81,1
90,28,5,Staff,Finance,355280620.0,347,HR,65.13666666666667,1
90,28,5,Staff,Finance,355280620.0,347,Innovation,62.55666666666667,1
90,28,5,Staff,Finance,355280620.0,347,Performance,63.72,1
90,28,5,Staff,Finance,355280620.0,347,Quality,68.9,1
90,28,5,Staff,Finance,355280620.0,347,Teamwork,66.94,1
90,28,5,Staff,Finance,365962025.0,249,Attendance,65.74,1
90,28,5,Staff,Finance,365962025.0,249,Efficiency,63.8,1
90,28,5,Staff,Finance,365962025.0,249,Finance,60.57,1
90,28,5,Staff,Finance,365962025.0,249,HR,68.45333333333333,1
90,28,5,Staff,Finance,365962025.0,249,Project,70.61,1
90,28,5,Staff,Finance,365962025.0,249,Quality,60.47,1
90,28,5,Staff,Finance,365962025.0,249,Technical,57.34,1
90,28,5,Staff,Finance,365962025.0,249,Time Management,64.75,1
90,28,5,Staff,Finance,375514309.0,335,HR,64.89,1
90,28,5,Staff,Finance,375514309.0,335,Performance,74.18,1
90,28,5,Staff,Finance,375514309.0,335,Time Management,66.62,1
90,28,5,Staff,Finance,493794225.0,102,Attendance,72.015,1
90,28,5,Staff,Finance,493794225.0,102,Efficiency,64.05,1
90,28,5,Staff,Finance,493794225.0,102,Finance,61.7,1
90,28,5,Staff,Finance,493794225.0,102,HR,57.69,1
90,28,5,Staff,Finance,493794225.0,102,Innovation,60.77,1
90,28,5,Staff,Finance,493794225.0,102,Project,65.41,1
90,28,5,Staff,Finance,493794225.0,102,Quality,62.03,1
90,28,5,Staff,Finance,493794225.0,102,Time Management,60.49,1
91,37,9,Manager,Research & Development,50000000.0,211,Attendance,98.0,0
91,37,9,Manager,Research & Development,50000000.0,211,Efficiency,98.0,0
91,37,9,Manager,Research & Development,50000000.0,211,Finance,98.0,0
91,37,9,Manager,Research & Development,50000000.0,211,HR,98.0,0
91,37,9,Manager,Research & Development,50000000.0,211,Innovation,96.965,0
91,37,9,Manager,Research & Development,50000000.0,211,Performance,98.0,0
91,37,9,Manager,Research & Development,50000000.0,211,Project,98.0,0
91,37,9,Manager,Research & Development,50000000.0,211,Quality,98.0,0
91,37,9,Manager,Research & Development,50000000.0,211,Teamwork,98.0,0
91,37,9,Manager,Research & Development,50000000.0,211,Time Management,98.0,0
91,37,9,Manager,Research & Development,80000000.0,138,Attendance,98.0,0
91,37,9,Manager,Research & Development,80000000.0,138,Finance,90.21,0
91,37,9,Manager,Research & Development,80000000.0,138,Performance,98.0,0
91,37,9,Manager,Research & Development,80000000.0,138,Time Management,98.0,0
91,37,9,Manager,Research & Development,130000000.0,303,Attendance,98.0,0
91,37,9,Manager,Research & Development,130000000.0,303,Innovation,98.0,0
91,37,9,Manager,Research & Development,130000000.0,303,Project,98.0,0
91,37,9,Manager,Research & Development,130000000.0,303,Quality,97.22,0
91,37,9,Manager,Research & Development,130000000.0,303,Teamwork,98.0,0
91,37,9,Manager,Research & Development,150000000.0,274,Attendance,98.0,0
91,37,9,Manager,Research & Development,150000000.0,274,HR,98.0,0
91,37,9,Manager,Research & Development,150000000.0,274,Quality,98.0,0
91,37,9,Manager,Research & Development,178776637.0,118,Attendance,98.0,0
91,37,9,Manager,Research & Development,178776637.0,118,Development,98.0,0
91,37,9,Manager,Research & Development,178776637.0,118,HR,98.0,0
91,37,9,Manager,Research & Development,178776637.0,118,Project,98.0,0
91,37,9,Manager,Research & Development,178776637.0,118,Teamwork,98.0,0
91,37,9,Manager,Research & Development,206368642.0,46,Efficiency,98.0,0
91,37,9,Manager,Research & Development,206368642.0,46,Finance,98.0,0
91,37,9,Manager,Research & Development,206368642.0,46,HR,98.0,0
91,37,9,Manager,Research & Development,206368642.0,46,Innovation,98.0,0
91,37,9,Manager,Research & Development,206368642.0,46,Project,98.0,0
91,37,9,Manager,Research & Development,206368642.0,46,Time Management,98.0,0
91,37,9,Manager,Research & Development,472961951.0,350,Efficiency,98.0,0
91,37,9,Manager,Research & Development,472961951.0,350,Finance,98.0,0
91,37,9,Manager,Research & Development,472961951.0,350,Quality,98.0,0
91,37,9,Manager,Research & Development,472961951.0,350,Time Management,98.0,0
91,37,9,Manager,Research & Development,500000000.0,356,Attendance,97.79,0
91,37,9,Manager,Research & Development,500000000.0,356,Development,97.58,0
91,37,9,Manager,Research & Development,500000000.0,356,HR,95.19,0
91,37,9,Manager,Research & Development,500000000.0,356,Project,93.6,0
91,37,9,Manager,Research & Development,500000000.0,356,Teamwork,98.0,0
92,28,6,Senior Staff,Research & Development,60000000.0,214,Development,72.07,1
92,28,6,Senior Staff,Research & Development,60000000.0,214,Efficiency,74.075,1
92,28,6,Senior Staff,Research & Development,60000000.0,214,HR,79.07,1
92,28,6,Senior Staff,Research & Development,60000000.0,214,Quality,65.68,1
92,28,6,Senior Staff,Research & Development,60000000.0,214,Technical,69.14,1
92,28,6,Senior Staff,Research & Development,60000000.0,214,Time Management,67.23,1
92,28,6,Senior Staff,Research & Development,88214342.0,149,Innovation,71.29,1
92,28,6,Senior Staff,Research & Development,110000000.0,199,Quality,69.39,1
92,28,6,Senior Staff,Research & Development,190000000.0,241,Finance,74.21,1
92,28,6,Senior Staff,Research & Development,190000000.0,241,HR,76.2,1
92,28,6,Senior Staff,Research & Development,190000000.0,241,Quality,68.8,1
92,28,6,Senior Staff,Research & Development,190000000.0,241,Technical,68.87,1
92,28,6,Senior Staff,Research & Development,190000000.0,241,Time Management,72.57,1
92,28,6,Senior Staff,Research & Development,220000000.0,225,Development,71.87,1
92,28,6,Senior Staff,Research & Development,220000000.0,225,Efficiency,78.96,1
92,28,6,Senior Staff,Research & Development,220000000.0,225,Finance,68.64,1
92,28,6,Senior Staff,Research & Development,220000000.0,225,HR,79.095,1
92,28,6,Senior Staff,Research & Development,220000000.0,225,Innovation,63.43,1
92,28,6,Senior Staff,Research & Development,220000000.0,225,Quality,67.53,1
92,28,6,Senior Staff,Research & Development,220000000.0,225,Time Management,73.71,1
92,28,6,Senior Staff,Research & Development,291868109.0,256,Finance,77.92,1
92,28,6,Senior Staff,Research & Development,291868109.0,256,Innovation,67.74,1
92,28,6,Senior Staff,Research & Development,291868109.0,256,Quality,73.89,1
92,28,6,Senior Staff,Research & Development,291868109.0,256,Technical,81.22,1
92,28,6,Senior Staff,Research & Development,300000000.0,242,Attendance,74.34,1
92,28,6,Senior Staff,Research & Development,300000000.0,242,HR,72.42,1
92,28,6,Senior Staff,Research & Development,300000000.0,242,Innovation,66.89,1
92,28,6,Senior Staff,Research & Development,300000000.0,242,Performance,76.71,1
92,28,6,Senior Staff,Research & Development,300000000.0,242,Teamwork,69.66999999999999,1
92,28,6,Senior Staff,Research & Development,300000000.0,242,Technical,73.27,1
92,28,6,Senior Staff,Research & Development,500000000.0,356,Attendance,66.46,1
92,28,6,Senior Staff,Research & Development,500000000.0,356,HR,67.52,1
92,28,6,Senior Staff,Research & Development,500000000.0,356,Project,62.72,1
93,40,9,Senior Manager,Marketing,88214342.0,149,Attendance,98.0,0
93,40,9,Senior Manager,Marketing,88214342.0,149,Development,98.0,0
93,40,9,Senior Manager,Marketing,88214342.0,149,Efficiency,98.0,0
93,40,9,Senior Manager,Marketing,88214342.0,149,Finance,98.0,0
93,40,9,Senior Manager,Marketing,88214342.0,149,Innovation,98.0,0
93,40,9,Senior Manager,Marketing,88214342.0,149,Performance,98.0,0
93,40,9,Senior Manager,Marketing,88214342.0,149,Project,98.0,0
93,40,9,Senior Manager,Marketing,88214342.0,149,Quality,98.0,0
93,40,9,Senior Manager,Marketing,88214342.0,149,Teamwork,98.0,0
93,40,9,Senior Manager,Marketing,88214342.0,149,Technical,98.0,0
93,40,9,Senior Manager,Marketing,88214342.0,149,Time Management,98.0,0
93,40,9,Senior Manager,Marketing,110000000.0,199,Efficiency,98.0,0
93,40,9,Senior Manager,Marketing,110000000.0,199,Finance,98.0,0
93,40,9,Senior Manager,Marketing,110000000.0,199,HR,98.0,0
93,40,9,Senior Manager,Marketing,110000000.0,199,Quality,98.0,0
93,40,9,Senior Manager,Marketing,110000000.0,199,Teamwork,98.0,0
93,40,9,Senior Manager,Marketing,110000000.0,199,Technical,98.0,0
93,40,9,Senior Manager,Marketing,110000000.0,199,Time Management,98.0,0
93,40,9,Senior Manager,Marketing,120000000.0,152,Attendance,98.0,0
93,40,9,Senior Manager,Marketing,120000000.0,152,Development,97.71,0
93,40,9,Senior Manager,Marketing,120000000.0,152,HR,98.0,0
93,40,9,Senior Manager,Marketing,120000000.0,152,Performance,98.0,0
93,40,9,Senior Manager,Marketing,120000000.0,152,Project,98.0,0
93,40,9,Senior Manager,Marketing,120000000.0,152,Quality,98.0,0
93,40,9,Senior Manager,Marketing,120000000.0,152,Teamwork,98.0,0
93,40,9,Senior Manager,Marketing,120000000.0,152,Time Management,98.0,0
93,40,9,Senior Manager,Marketing,170000000.0,229,Attendance,98.0,0
93,40,9,Senior Manager,Marketing,170000000.0,229,Development,98.0,0
93,40,9,Senior Manager,Marketing,170000000.0,229,Efficiency,98.0,0
93,40,9,Senior Manager,Marketing,170000000.0,229,HR,98.0,0
93,40,9,Senior Manager,Marketing,170000000.0,229,Quality,98.0,0
93,40,9,Senior Manager,Marketing,170000000.0,229,Time Management,98.0,0
93,40,9,Senior Manager,Marketing,178776637.0,118,Attendance,98.0,0
93,40,9,Senior Manager,Marketing,178776637.0,118,Development,98.0,0
93,40,9,Senior Manager,Marketing,178776637.0,118,HR,98.0,0
93,40,9,Senior Manager,Marketing,178776637.0,118,Innovation,98.0,0
93,40,9,Senior Manager,Marketing,178776637.0,118,Quality,98.0,0
93,40,9,Senior Manager,Marketing,200000000.0,167,Performance,98.0,0
93,40,9,Senior Manager,Marketing,200000000.0,167,Quality,98.0,0
93,40,9,Senior Manager,Marketing,200000000.0,167,Teamwork,98.0,0
93,40,9,Senior Manager,Marketing,200000000.0,167,Technical,98.0,0
93,40,9,Senior Manager,Marketing,204675132.0,174,Development,98.0,0
93,40,9,Senior Manager,Marketing,204675132.0,174,HR,98.0,0
93,40,9,Senior Manager,Marketing,204675132.0,174,Teamwork,98.0,0
93,40,9,Senior Manager,Marketing,204675132.0,174,Technical,98.0,0
93,40,9,Senior Manager,Marketing,204675132.0,174,Time Management,98.0,0
93,40,9,Senior Manager,Marketing,466447298.0,297,Development,98.0,0
93,40,9,Senior Manager,Marketing,466447298.0,297,Innovation,98.0,0
93,40,9,Senior Manager,Marketing,466447298.0,297,Project,98.0,0
93,40,9,Senior Manager,Marketing,466447298.0,297,Quality,98.0,0
93,40,9,Senior Manager,Marketing,466447298.0,297,Teamwork,98.0,0
93,40,9,Senior Manager,Marketing,466447298.0,297,Technical,98.0,0
93,40,9,Senior Manager,Marketing,466447298.0,297,Time Management,98.0,0
94,29,6,Senior Staff,Operations,50000000.0,211,Teamwork,71.47,1
94,29,6,Senior Staff,Operations,50000000.0,211,Technical,71.29,1
94,29,6,Senior Staff,Operations,50000000.0,211,Time Management,72.18,1
94,29,6,Senior Staff,Operations,90000000.0,244,Efficiency,61.91,1
94,29,6,Senior Staff,Operations,90000000.0,244,Finance,61.75,1
94,29,6,Senior Staff,Operations,90000000.0,244,HR,66.33333333333333,1
94,29,6,Senior Staff,Operations,90000000.0,244,Project,69.69,1
94,29,6,Senior Staff,Operations,90000000.0,244,Quality,68.48,1
94,29,6,Senior Staff,Operations,90000000.0,244,Teamwork,69.19,1
94,29,6,Senior Staff,Operations,140000000.0,211,Efficiency,72.11,1
94,29,6,Senior Staff,Operations,140000000.0,211,Finance,63.83,1
94,29,6,Senior Staff,Operations,140000000.0,211,HR,67.43,1
94,29,6,Senior Staff,Operations,140000000.0,211,Performance,74.48,1
94,29,6,Senior Staff,Operations,140000000.0,211,Quality,68.43,1
94,29,6,Senior Staff,Operations,140000000.0,211,Technical,67.17,1
94,29,6,Senior Staff,Operations,140000000.0,211,Time Management,69.59,1
94,29,6,Senior Staff,Operations,178776637.0,118,Development,66.28,1
94,29,6,Senior Staff,Operations,178776637.0,118,Efficiency,65.54,1
94,29,6,Senior Staff,Operations,178776637.0,118,Finance,70.96,1
94,29,6,Senior Staff,Operations,178776637.0,118,HR,72.9,1
94,29,6,Senior Staff,Operations,178776637.0,118,Project,64.0,1
94,29,6,Senior Staff,Operations,178776637.0,118,Quality,64.6175,1
94,29,6,Senior Staff,Operations,178776637.0,118,Technical,67.93,1
94,29,6,Senior Staff,Operations,204675132.0,174,Finance,75.35,1
94,29,6,Senior Staff,Operations,204675132.0,174,Teamwork,76.77,1
94,29,6,Senior Staff,Operations,204675132.0,174,Time Management,73.44,1
94,29,6,Senior Staff,Operations,250000000.0,291,Attendance,68.18,1
94,29,6,Senior Staff,Operations,250000000.0,291,Finance,69.03,1
94,29,6,Senior Staff,Operations,250000000.0,291,Quality,68.17,1
94,29,6,Senior Staff,Operations,355280620.0,347,Development,67.765,1
94,29,6,Senior Staff,Operations,355280620.0,347,Finance,69.6,1
94,29,6,Senior Staff,Operations,355280620.0,347,HR,81.65,1
94,29,6,Senior Staff,Operations,355280620.0,347,Innovation,64.43,1
94,29,6,Senior Staff,Operations,355280620.0,347,Performance,65.74,1
94,29,6,Senior Staff,Operations,355280620.0,347,Project,65.43,1
94,29,6,Senior Staff,Operations,355280620.0,347,Quality,70.232,1
94,29,6,Senior Staff,Operations,355280620.0,347,Teamwork,74.64,1
94,29,6,Senior Staff,Operations,355280620.0,347,Technical,67.34,1
94,29,6,Senior Staff,Operations,400000000.0,259,Development,70.68,1
94,29,6,Senior Staff,Operations,400000000.0,259,Efficiency,66.96,1
94,29,6,Senior Staff,Operations,400000000.0,259,Finance,60.01,1
94,29,6,Senior Staff,Operations,400000000.0,259,HR,72.44666666666666,1
94,29,6,Senior Staff,Operations,400000000.0,259,Innovation,64.94,1
94,29,6,Senior Staff,Operations,400000000.0,259,Teamwork,72.61,1
95,27,5,Staff,Research & Development,60000000.0,214,Attendance,73.88,1
95,27,5,Staff,Research & Development,60000000.0,214,Efficiency,66.78,1
95,27,5,Staff,Research & Development,60000000.0,214,Finance,76.31,1
95,27,5,Staff,Research & Development,60000000.0,214,Project,68.01,1
95,27,5,Staff,Research & Development,60000000.0,214,Quality,64.89666666666666,1
95,27,5,Staff,Research & Development,60000000.0,214,Technical,75.0,1
95,27,5,Staff,Research & Development,60000000.0,214,Time Management,68.55,1
95,27,5,Staff,Research & Development,88214342.0,149,Attendance,80.84,1
95,27,5,Staff,Research & Development,88214342.0,149,Efficiency,70.18,1
95,27,5,Staff,Research & Development,88214342.0,149,Finance,71.57,1
95,27,5,Staff,Research & Development,88214342.0,149,Innovation,58.85,1
95,27,5,Staff,Research & Development,88214342.0,149,Performance,76.96,1
95,27,5,Staff,Research & Development,88214342.0,149,Quality,71.27,1
95,27,5,Staff,Research & Development,88214342.0,149,Teamwork,76.015,1
95,27,5,Staff,Research & Development,130000000.0,303,Attendance,65.61,1
95,27,5,Staff,Research & Development,130000000.0,303,Development,63.43,1
95,27,5,Staff,Research & Development,130000000.0,303,Finance,65.96,1
95,27,5,Staff,Research & Development,130000000.0,303,HR,71.11,1
95,27,5,Staff,Research & Development,130000000.0,303,Innovation,67.35,1
95,27,5,Staff,Research & Development,130000000.0,303,Project,70.16,1
95,27,5,Staff,Research & Development,130000000.0,303,Quality,71.56,1
95,27,5,Staff,Research & Development,130000000.0,303,Technical,68.2,1
95,27,5,Staff,Research & Development,206368642.0,46,Attendance,78.1,1
95,27,5,Staff,Research & Development,206368642.0,46,Efficiency,80.27,1
95,27,5,Staff,Research & Development,206368642.0,46,Finance,81.14,1
95,27,5,Staff,Research & Development,206368642.0,46,HR,87.715,1
95,27,5,Staff,Research & Development,206368642.0,46,Performance,76.63,1
95,27,5,Staff,Research & Development,206368642.0,46,Project,72.57,1
95,27,5,Staff,Research & Development,206368642.0,46,Quality,72.57000000000001,1
95,27,5,Staff,Research & Development,206368642.0,46,Technical,75.145,1
95,27,5,Staff,Research & Development,220000000.0,225,Development,67.99,1
95,27,5,Staff,Research & Development,220000000.0,225,Efficiency,58.65,1
95,27,5,Staff,Research & Development,220000000.0,225,HR,70.79,1
95,27,5,Staff,Research & Development,220000000.0,225,Performance,73.32,1
95,27,5,Staff,Research & Development,220000000.0,225,Project,67.79,1
95,27,5,Staff,Research & Development,220000000.0,225,Quality,79.14,1
95,27,5,Staff,Research & Development,220000000.0,225,Technical,71.35,1
95,27,5,Staff,Research & Development,220000000.0,225,Time Management,71.07,1
95,27,5,Staff,Research & Development,291868109.0,256,Efficiency,75.46,1
95,27,5,Staff,Research & Development,291868109.0,256,HR,72.23,1
95,27,5,Staff,Research & Development,291868109.0,256,Quality,74.82,1
95,27,5,Staff,Research & Development,291868109.0,256,Teamwork,81.56,1
95,27,5,Staff,Research & Development,291868109.0,256,Time Management,70.33,1
95,27,5,Staff,Research & Development,300000000.0,242,Development,58.25,1
95,27,5,Staff,Research & Development,300000000.0,242,Innovation,67.51,1
95,27,5,Staff,Research & Development,300000000.0,242,Performance,75.32,1
95,27,5,Staff,Research & Development,300000000.0,242,Project,65.785,1
95,27,5,Staff,Research & Development,300000000.0,242,Quality,66.17,1
95,27,5,Staff,Research & Development,300000000.0,242,Time Management,79.48,1
95,27,5,Staff,Research & Development,377293102.0,80,Performance,78.78,1
95,27,5,Staff,Research & Development,377293102.0,80,Quality,74.36,1
95,27,5,Staff,Research & Development,377293102.0,80,Teamwork,76.24,1
95,27,5,Staff,Research & Development,377293102.0,80,Technical,69.58,1
96,28,6,Senior Staff,Human Resources,60000000.0,214,Attendance,73.13,1
96,28,6,Senior Staff,Human Resources,60000000.0,214,Efficiency,64.07,1
96,28,6,Senior Staff,Human Resources,60000000.0,214,Finance,68.05,1
96,28,6,Senior Staff,Human Resources,60000000.0,214,Performance,68.66,1
96,28,6,Senior Staff,Human Resources,60000000.0,214,Quality,67.96333333333334,1
96,28,6,Senior Staff,Human Resources,60000000.0,214,Time Management,65.34333333333333,1
96,28,6,Senior Staff,Human Resources,110000000.0,199,Attendance,65.46,1
96,28,6,Senior Staff,Human Resources,110000000.0,199,Development,66.46,1
96,28,6,Senior Staff,Human Resources,110000000.0,199,Finance,63.14,1
96,28,6,Senior Staff,Human Resources,110000000.0,199,Innovation,65.12,1
96,28,6,Senior Staff,Human Resources,110000000.0,199,Project,67.89,1
96,28,6,Senior Staff,Human Resources,110000000.0,199,Quality,62.78,1
96,28,6,Senior Staff,Human Resources,110000000.0,199,Technical,63.12,1
96,28,6,Senior Staff,Human Resources,110000000.0,199,Time Management,73.81,1
96,28,6,Senior Staff,Human Resources,120000000.0,152,Development,66.66,1
96,28,6,Senior Staff,Human Resources,120000000.0,152,Efficiency,69.28,1
96,28,6,Senior Staff,Human Resources,120000000.0,152,Finance,70.62,1
96,28,6,Senior Staff,Human Resources,120000000.0,152,HR,59.76,1
96,28,6,Senior Staff,Human Resources,120000000.0,152,Innovation,67.515,1
96,28,6,Senior Staff,Human Resources,120000000.0,152,Project,68.75,1
96,28,6,Senior Staff,Human Resources,120000000.0,152,Quality,63.405,1
96,28,6,Senior Staff,Human Resources,120000000.0,152,Teamwork,81.66,1
96,28,6,Senior Staff,Human Resources,140000000.0,211,Finance,67.41,1
96,28,6,Senior Staff,Human Resources,140000000.0,211,HR,68.15,1
96,28,6,Senior Staff,Human Resources,140000000.0,211,Innovation,68.18,1
96,28,6,Senior Staff,Human Resources,140000000.0,211,Project,64.46,1
96,28,6,Senior Staff,Human Resources,140000000.0,211,Quality,61.875,1
96,28,6,Senior Staff,Human Resources,140000000.0,211,Teamwork,73.4,1
96,28,6,Senior Staff,Human Resources,178776637.0,118,Development,68.09,1
96,28,6,Senior Staff,Human Resources,178776637.0,118,Innovation,63.43,1
96,28,6,Senior Staff,Human Resources,178776637.0,118,Performance,68.145,1
96,28,6,Senior Staff,Human Resources,178776637.0,118,Project,65.26,1
96,28,6,Senior Staff,Human Resources,178776637.0,118,Quality,67.67250000000001,1
96,28,6,Senior Staff,Human Resources,178776637.0,118,Teamwork,67.65,1
96,28,6,Senior Staff,Human Resources,178776637.0,118,Technical,73.695,1
96,28,6,Senior Staff,Human Resources,206368642.0,46,Attendance,71.83,1
96,28,6,Senior Staff,Human Resources,206368642.0,46,Efficiency,79.83,1
96,28,6,Senior Staff,Human Resources,206368642.0,46,Finance,65.36,1
96,28,6,Senior Staff,Human Resources,206368642.0,46,HR,59.91,1
96,28,6,Senior Staff,Human Resources,206368642.0,46,Innovation,67.56,1
96,28,6,Senior Staff,Human Resources,206368642.0,46,Performance,59.14,1
96,28,6,Senior Staff,Human Resources,206368642.0,46,Quality,62.89333333333334,1
96,28,6,Senior Staff,Human Resources,206368642.0,46,Teamwork,67.46,1
96,28,6,Senior Staff,Human Resources,206368642.0,46,Time Management,59.91,1
96,28,6,Senior Staff,Human Resources,291862333.0,334,Development,63.81,1
96,28,6,Senior Staff,Human Resources,291862333.0,334,Innovation,66.76,1
96,28,6,Senior Staff,Human Resources,291862333.0,334,Project,64.43,1
96,28,6,Senior Staff,Human Resources,291862333.0,334,Quality,56.94,1
96,28,6,Senior Staff,Human Resources,291862333.0,334,Technical,67.6,1
96,28,6,Senior Staff,Human Resources,291862333.0,334,Time Management,71.99,1
96,28,6,Senior Staff,Human Resources,300000000.0,242,Development,65.24,1
96,28,6,Senior Staff,Human Resources,300000000.0,242,Finance,70.04499999999999,1
96,28,6,Senior Staff,Human Resources,300000000.0,242,HR,67.68,1
96,28,6,Senior Staff,Human Resources,300000000.0,242,Performance,69.42,1
96,28,6,Senior Staff,Human Resources,300000000.0,242,Quality,71.18,1
96,28,6,Senior Staff,Human Resources,300000000.0,242,Time Management,71.4,1
97,37,10,Manager,Legal,75000000.0,203,Attendance,92.82,0
97,37,10,Manager,Legal,75000000.0,203,Development,86.48,0
97,37,10,Manager,Legal,75000000.0,203,Efficiency,96.67,0
97,37,10,Manager,Legal,75000000.0,203,Performance,97.86,0
97,37,10,Manager,Legal,75000000.0,203,Project,95.23,0
97,37,10,Manager,Legal,75000000.0,203,Quality,95.78,0
97,37,10,Manager,Legal,110000000.0,199,Attendance,93.18,0
97,37,10,Manager,Legal,110000000.0,199,Efficiency,92.69,0
97,37,10,Manager,Legal,110000000.0,199,HR,93.38,0
97,37,10,Manager,Legal,110000000.0,199,Innovation,86.42,0
97,37,10,Manager,Legal,110000000.0,199,Performance,94.8,0
97,37,10,Manager,Legal,110000000.0,199,Quality,92.19,0
97,37,10,Manager,Legal,110000000.0,199,Teamwork,91.89,0
97,37,10,Manager,Legal,110000000.0,199,Technical,92.39,0
97,37,10,Manager,Legal,170000000.0,229,Attendance,95.06,0
97,37,10,Manager,Legal,170000000.0,229,Development,78.78,0
97,37,10,Manager,Legal,170000000.0,229,Finance,90.56,0
97,37,10,Manager,Legal,170000000.0,229,HR,89.715,0
97,37,10,Manager,Legal,170000000.0,229,Innovation,88.72,0
97,37,10,Manager,Legal,170000000.0,229,Performance,87.44,0
97,37,10,Manager,Legal,170000000.0,229,Quality,93.14333333333333,0
97,37,10,Manager,Legal,170000000.0,229,Teamwork,89.015,0
97,37,10,Manager,Legal,200000000.0,167,Project,92.47,0
97,37,10,Manager,Legal,200000000.0,167,Quality,93.09,0
97,37,10,Manager,Legal,200000000.0,167,Teamwork,90.87,0
97,37,10,Manager,Legal,355280620.0,347,Efficiency,89.92,0
97,37,10,Manager,Legal,355280620.0,347,Innovation,86.59,0
97,37,10,Manager,Legal,355280620.0,347,Performance,89.04,0
97,37,10,Manager,Legal,355280620.0,347,Project,89.67,0
97,37,10,Manager,Legal,355280620.0,347,Quality,90.3,0
97,37,10,Manager,Legal,365962025.0,249,Development,89.79,0
97,37,10,Manager,Legal,365962025.0,249,Efficiency,86.14500000000001,0
97,37,10,Manager,Legal,365962025.0,249,Finance,89.64,0
97,37,10,Manager,Legal,365962025.0,249,HR,89.265,0
97,37,10,Manager,Legal,365962025.0,249,Innovation,92.25,0
97,37,10,Manager,Legal,365962025.0,249,Performance,90.18,0
97,37,10,Manager,Legal,365962025.0,249,Project,88.88,0
97,37,10,Manager,Legal,365962025.0,249,Quality,90.78999999999999,0
97,37,10,Manager,Legal,365962025.0,249,Teamwork,91.03,0
97,37,10,Manager,Legal,365962025.0,249,Technical,95.63,0
97,37,10,Manager,Legal,500000000.0,356,Efficiency,96.57,0
97,37,10,Manager,Legal,500000000.0,356,HR,81.9,0
97,37,10,Manager,Legal,500000000.0,356,Quality,91.52,0
97,37,10,Manager,Legal,500000000.0,356,Teamwork,94.51,0
97,37,10,Manager,Legal,500000000.0,356,Time Management,87.38,0
98,28,1,Staff,IT,50000000.0,211,Efficiency,62.17,1
98,28,1,Staff,IT,50000000.0,211,Innovation,54.11,1
98,28,1,Staff,IT,50000000.0,211,Project,50.62,1
98,28,1,Staff,IT,80000000.0,138,Performance,57.14,1
98,28,1,Staff,IT,80000000.0,138,Quality,37.55,1
98,28,1,Staff,IT,80000000.0,138,Technical,48.37,1
98,28,1,Staff,IT,80000000.0,138,Time Management,55.95,1
98,28,1,Staff,IT,90000000.0,244,Attendance,50.88,1
98,28,1,Staff,IT,90000000.0,244,Development,57.6,1
98,28,1,Staff,IT,90000000.0,244,Finance,45.87,1
98,28,1,Staff,IT,90000000.0,244,HR,49.19,1
98,28,1,Staff,IT,90000000.0,244,Performance,55.81,1
98,28,1,Staff,IT,90000000.0,244,Project,55.575,1
98,28,1,Staff,IT,90000000.0,244,Quality,53.300000000000004,1
98,28,1,Staff,IT,90000000.0,244,Teamwork,52.06,1
98,28,1,Staff,IT,90000000.0,244,Time Management,52.565,1
98,28,1,Staff,IT,110000000.0,199,Attendance,60.34,1
98,28,1,Staff,IT,110000000.0,199,Development,48.62,1
98,28,1,Staff,IT,110000000.0,199,Project,59.64,1
98,28,1,Staff,IT,110000000.0,199,Technical,37.74,1
98,28,1,Staff,IT,204675132.0,174,Attendance,57.715,1
98,28,1,Staff,IT,204675132.0,174,Development,48.97,1
98,28,1,Staff,IT,204675132.0,174,Efficiency,48.41,1
98,28,1,Staff,IT,204675132.0,174,Finance,49.07,1
98,28,1,Staff,IT,204675132.0,174,HR,56.555,1
98,28,1,Staff,IT,204675132.0,174,Quality,53.269999999999996,1
98,28,1,Staff,IT,204675132.0,174,Teamwork,59.12,1
98,28,1,Staff,IT,204675132.0,174,Technical,57.07,1
98,28,1,Staff,IT,206368642.0,46,Attendance,59.12,1
98,28,1,Staff,IT,206368642.0,46,Development,55.99,1
98,28,1,Staff,IT,206368642.0,46,Finance,57.23,1
98,28,1,Staff,IT,206368642.0,46,HR,55.56,1
98,28,1,Staff,IT,206368642.0,46,Project,51.81,1
98,28,1,Staff,IT,206368642.0,46,Teamwork,61.48,1
98,28,1,Staff,IT,206368642.0,46,Time Management,51.63,1
98,28,1,Staff,IT,400000000.0,259,Attendance,55.42,1
98,28,1,Staff,IT,400000000.0,259,Development,56.38,1
98,28,1,Staff,IT,400000000.0,259,HR,57.155,1
98,28,1,Staff,IT,400000000.0,259,Innovation,47.97,1
98,28,1,Staff,IT,400000000.0,259,Project,55.36,1
98,28,1,Staff,IT,400000000.0,259,Teamwork,52.56,1
98,28,1,Staff,IT,400000000.0,259,Time Management,52.81,1
98,28,1,Staff,IT,466447298.0,297,Efficiency,57.83,1
98,28,1,Staff,IT,466447298.0,297,Finance,47.53,1
98,28,1,Staff,IT,466447298.0,297,HR,53.07,1
98,28,1,Staff,IT,466447298.0,297,Innovation,49.84,1
98,28,1,Staff,IT,466447298.0,297,Project,59.5,1
98,28,1,Staff,IT,466447298.0,297,Quality,57.769999999999996,1
98,28,1,Staff,IT,466447298.0,297,Teamwork,51.635,1
99,26,4,Staff,IT,88214342.0,149,Attendance,83.47,1
99,26,4,Staff,IT,88214342.0,149,Development,77.04,1
99,26,4,Staff,IT,88214342.0,149,HR,73.44,1
99,26,4,Staff,IT,88214342.0,149,Project,75.47,1
99,26,4,Staff,IT,88214342.0,149,Quality,73.92,1
99,26,4,Staff,IT,88214342.0,149,Teamwork,71.86,1
99,26,4,Staff,IT,88214342.0,149,Technical,76.78,1
99,26,4,Staff,IT,110000000.0,199,Development,71.425,1
99,26,4,Staff,IT,110000000.0,199,HR,75.74000000000001,1
99,26,4,Staff,IT,110000000.0,199,Innovation,65.775,1
99,26,4,Staff,IT,110000000.0,199,Performance,70.49,1
99,26,4,Staff,IT,110000000.0,199,Project,72.62,1
99,26,4,Staff,IT,110000000.0,199,Quality,71.67666666666666,1
99,26,4,Staff,IT,150000000.0,274,Attendance,71.05,1
99,26,4,Staff,IT,150000000.0,274,HR,71.26,1
99,26,4,Staff,IT,150000000.0,274,Innovation,67.58,1
99,26,4,Staff,IT,150000000.0,274,Project,72.9,1
99,26,4,Staff,IT,150000000.0,274,Teamwork,79.92,1
99,26,4,Staff,IT,180000000.0,193,Development,62.25,1
99,26,4,Staff,IT,180000000.0,193,Finance,68.13,1
99,26,4,Staff,IT,180000000.0,193,HR,70.77,1
99,26,4,Staff,IT,180000000.0,193,Innovation,67.84,1
99,26,4,Staff,IT,180000000.0,193,Technical,69.11500000000001,1
99,26,4,Staff,IT,180000000.0,193,Time Management,70.59,1
99,26,4,Staff,IT,220000000.0,225,HR,67.69,1
99,26,4,Staff,IT,220000000.0,225,Quality,64.31,1
99,26,4,Staff,IT,369461833.0,321,Attendance,61.43,1
99,26,4,Staff,IT,369461833.0,321,HR,73.02,1
99,26,4,Staff,IT,369461833.0,321,Innovation,69.065,1
99,26,4,Staff,IT,369461833.0,321,Performance,65.87,1
99,26,4,Staff,IT,369461833.0,321,Quality,63.89,1
99,26,4,Staff,IT,369461833.0,321,Teamwork,69.565,1
99,26,4,Staff,IT,369461833.0,321,Time Management,71.31,1
99,26,4,Staff,IT,377293102.0,80,Efficiency,69.28,1
99,26,4,Staff,IT,377293102.0,80,Finance,71.32,1
99,26,4,Staff,IT,377293102.0,80,Innovation,63.46,1
99,26,4,Staff,IT,377293102.0,80,Quality,69.17,1
99,26,4,Staff,IT,377293102.0,80,Teamwork,71.33,1
99,26,4,Staff,IT,377293102.0,80,Time Management,70.59,1
99,26,4,Staff,IT,466447298.0,297,Attendance,69.63,1
99,26,4,Staff,IT,466447298.0,297,Development,69.39,1
99,26,4,Staff,IT,466447298.0,297,Efficiency,72.3,1
99,26,4,Staff,IT,466447298.0,297,Performance,81.13,1
99,26,4,Staff,IT,466447298.0,297,Project,66.25,1
99,26,4,Staff,IT,466447298.0,297,Quality,68.19,1
99,26,4,Staff,IT,466447298.0,297,Time Management,75.52,1
100,24,4,Staff,Finance,75000000.0,203,Development,64.04,1
100,24,4,Staff,Finance,75000000.0,203,Finance,67.43,1
100,24,4,Staff,Finance,75000000.0,203,HR,68.21,1
100,24,4,Staff,Finance,75000000.0,203,Project,65.38,1
100,24,4,Staff,Finance,75000000.0,203,Quality,72.61,1
100,24,4,Staff,Finance,75000000.0,203,Teamwork,69.37,1
100,24,4,Staff,Finance,75000000.0,203,Technical,58.95,1
100,24,4,Staff,Finance,75000000.0,203,Time Management,70.17,1
100,24,4,Staff,Finance,90000000.0,244,Innovation,73.42,1
100,24,4,Staff,Finance,90000000.0,244,Performance,58.36,1
100,24,4,Staff,Finance,90000000.0,244,Project,70.25,1
100,24,4,Staff,Finance,90000000.0,244,Teamwork,73.85499999999999,1
100,24,4,Staff,Finance,90000000.0,244,Time Management,69.19,1
100,24,4,Staff,Finance,134037811.0,31,Finance,62.2,1
100,24,4,Staff,Finance,134037811.0,31,HR,70.87,1
100,24,4,Staff,Finance,134037811.0,31,Innovation,65.38,1
100,24,4,Staff,Finance,134037811.0,31,Quality,72.265,1
100,24,4,Staff,Finance,134037811.0,31,Time Management,75.77,1
100,24,4,Staff,Finance,355280620.0,347,Development,61.62,1
100,24,4,Staff,Finance,355280620.0,347,Innovation,58.61,1
100,24,4,Staff,Finance,355280620.0,347,Performance,61.53,1
100,24,4,Staff,Finance,355280620.0,347,Teamwork,68.99,1
100,24,4,Staff,Finance,355280620.0,347,Time Management,70.93,1
100,24,4,Staff,Finance,365962025.0,249,Attendance,69.01,1
100,24,4,Staff,Finance,365962025.0,249,Efficiency,64.12,1
100,24,4,Staff,Finance,365962025.0,249,Finance,62.74,1
100,24,4,Staff,Finance,365962025.0,249,HR,69.83,1
100,24,4,Staff,Finance,365962025.0,249,Innovation,55.54,1
100,24,4,Staff,Finance,365962025.0,249,Project,57.18,1
100,24,4,Staff,Finance,365962025.0,249,Quality,66.065,1
100,24,4,Staff,Finance,365962025.0,249,Teamwork,71.65,1
100,24,4,Staff,Finance,365962025.0,249,Technical,69.33,1
100,24,4,Staff,Finance,365962025.0,249,Time Management,70.13,1
100,24,4,Staff,Finance,369461833.0,321,Attendance,69.28,1
100,24,4,Staff,Finance,369461833.0,321,Development,66.66,1
100,24,4,Staff,Finance,369461833.0,321,Project,78.35,1
100,24,4,Staff,Finance,369461833.0,321,Quality,68.065,1
100,24,4,Staff,Finance,369461833.0,321,Time Management,67.26,1
100,24,4,Staff,Finance,385820825.0,138,Innovation,66.52,1
100,24,4,Staff,Finance,385820825.0,138,Performance,70.58,1
100,24,4,Staff,Finance,385820825.0,138,Quality,62.83,1
100,24,4,Staff,Finance,385820825.0,138,Teamwork,67.14,1
100,24,4,Staff,Finance,385820825.0,138,Technical,61.82,1
100,24,4,Staff,Finance,385820825.0,138,Time Management,69.5,1
100,24,4,Staff,Finance,472961951.0,350,Attendance,67.65,1
100,24,4,Staff,Finance,472961951.0,350,Development,59.92,1
100,24,4,Staff,Finance,472961951.0,350,Efficiency,65.03,1
100,24,4,Staff,Finance,472961951.0,350,Finance,58.745000000000005,1
100,24,4,Staff,Finance,472961951.0,350,HR,67.535,1
100,24,4,Staff,Finance,472961951.0,350,Quality,65.77,1
100,24,4,Staff,Finance,472961951.0,350,Teamwork,70.53,1
100,24,4,Staff,Finance,472961951.0,350,Technical,67.72,1
101,25,2,Staff,IT,80000000.0,138,Attendance,74.69,1
101,25,2,Staff,IT,80000000.0,138,Development,55.36,1
101,25,2,Staff,IT,80000000.0,138,Efficiency,65.77,1
101,25,2,Staff,IT,80000000.0,138,Finance,60.56,1
101,25,2,Staff,IT,80000000.0,138,HR,68.43,1
101,25,2,Staff,IT,80000000.0,138,Innovation,57.49,1
101,25,2,Staff,IT,80000000.0,138,Performance,60.07,1
101,25,2,Staff,IT,80000000.0,138,Quality,72.28,1
101,25,2,Staff,IT,80000000.0,138,Technical,67.12,1
101,25,2,Staff,IT,80000000.0,138,Time Management,63.6,1
101,25,2,Staff,IT,95000000.0,211,Attendance,75.69,1
101,25,2,Staff,IT,95000000.0,211,HR,74.56,1
101,25,2,Staff,IT,95000000.0,211,Project,70.29,1
101,25,2,Staff,IT,95000000.0,211,Quality,69.815,1
101,25,2,Staff,IT,95000000.0,211,Teamwork,76.095,1
101,25,2,Staff,IT,95000000.0,211,Time Management,66.04,1
101,25,2,Staff,IT,130000000.0,303,Innovation,63.59,1
101,25,2,Staff,IT,130000000.0,303,Project,58.45,1
101,25,2,Staff,IT,130000000.0,303,Quality,61.94,1
101,25,2,Staff,IT,130000000.0,303,Technical,64.61,1
101,25,2,Staff,IT,130000000.0,303,Time Management,64.73,1
101,25,2,Staff,IT,150000000.0,274,Attendance,76.37,1
101,25,2,Staff,IT,150000000.0,274,Finance,73.37,1
101,25,2,Staff,IT,150000000.0,274,Innovation,62.95,1
101,25,2,Staff,IT,150000000.0,274,Performance,69.15,1
101,25,2,Staff,IT,150000000.0,274,Quality,61.73333333333333,1
101,25,2,Staff,IT,150000000.0,274,Time Management,69.32,1
101,25,2,Staff,IT,278244747.0,88,Development,67.93,1
101,25,2,Staff,IT,278244747.0,88,Finance,70.43,1
101,25,2,Staff,IT,278244747.0,88,HR,72.04,1
101,25,2,Staff,IT,278244747.0,88,Performance,70.45,1
101,25,2,Staff,IT,278244747.0,88,Project,74.81,1
101,25,2,Staff,IT,278244747.0,88,Quality,74.19,1
101,25,2,Staff,IT,278244747.0,88,Teamwork,73.14,1
101,25,2,Staff,IT,278244747.0,88,Technical,76.77,1
101,25,2,Staff,IT,278244747.0,88,Time Management,74.63,1
101,25,2,Staff,IT,355280620.0,347,Innovation,59.53,1
101,25,2,Staff,IT,355280620.0,347,Performance,67.47,1
101,25,2,Staff,IT,355280620.0,347,Project,68.67,1
101,25,2,Staff,IT,355280620.0,347,Quality,70.9,1
101,25,2,Staff,IT,377293102.0,80,Development,63.2,1
101,25,2,Staff,IT,377293102.0,80,Efficiency,66.04,1
101,25,2,Staff,IT,377293102.0,80,Finance,70.01,1
101,25,2,Staff,IT,377293102.0,80,HR,77.07,1
101,25,2,Staff,IT,377293102.0,80,Innovation,59.38,1
101,25,2,Staff,IT,377293102.0,80,Performance,69.66,1
101,25,2,Staff,IT,377293102.0,80,Quality,69.155,1
101,25,2,Staff,IT,377293102.0,80,Teamwork,80.72,1
101,25,2,Staff,IT,377293102.0,80,Technical,70.57,1
101,25,2,Staff,IT,500000000.0,356,Finance,72.2,1
101,25,2,Staff,IT,500000000.0,356,HR,67.26,1
101,25,2,Staff,IT,500000000.0,356,Performance,65.86,1
101,25,2,Staff,IT,500000000.0,356,Quality,59.88,1
101,25,2,Staff,IT,500000000.0,356,Technical,61.82,1
101,25,2,Staff,IT,500000000.0,356,Time Management,58.71,1
102,22,1,Staff,Research & Development,95000000.0,211,Finance,51.21666666666667,1
102,22,1,Staff,Research & Development,95000000.0,211,HR,54.65,1
102,22,1,Staff,Research & Development,95000000.0,211,Innovation,62.24,1
102,22,1,Staff,Research & Development,95000000.0,211,Performance,49.855000000000004,1
102,22,1,Staff,Research & Development,95000000.0,211,Project,57.879999999999995,1
102,22,1,Staff,Research & Development,95000000.0,211,Quality,45.10333333333333,1
102,22,1,Staff,Research & Development,95000000.0,211,Teamwork,54.79,1
102,22,1,Staff,Research & Development,150000000.0,274,Teamwork,46.58,1
102,22,1,Staff,Research & Development,150000000.0,274,Time Management,40.91,1
102,22,1,Staff,Research & Development,178776637.0,118,Efficiency,53.69,1
102,22,1,Staff,Research & Development,178776637.0,118,Innovation,54.775,1
102,22,1,Staff,Research & Development,178776637.0,118,Performance,41.9,1
102,22,1,Staff,Research & Development,178776637.0,118,Project,51.7,1
102,22,1,Staff,Research & Development,178776637.0,118,Quality,54.68666666666667,1
102,22,1,Staff,Research & Development,178776637.0,118,Teamwork,52.55,1
102,22,1,Staff,Research & Development,178776637.0,118,Technical,60.99,1
102,22,1,Staff,Research & Development,250000000.0,291,Attendance,57.92,1
102,22,1,Staff,Research & Development,250000000.0,291,Development,47.85,1
102,22,1,Staff,Research & Development,250000000.0,291,Efficiency,46.34,1
102,22,1,Staff,Research & Development,250000000.0,291,Finance,49.82,1
102,22,1,Staff,Research & Development,250000000.0,291,HR,59.3,1
102,22,1,Staff,Research & Development,250000000.0,291,Innovation,47.585,1
102,22,1,Staff,Research & Development,250000000.0,291,Quality,52.694,1
102,22,1,Staff,Research & Development,300000000.0,242,Attendance,53.935,1
102,22,1,Staff,Research & Development,300000000.0,242,Development,46.74,1
102,22,1,Staff,Research & Development,300000000.0,242,Finance,47.0,1
102,22,1,Staff,Research & Development,300000000.0,242,Innovation,41.425,1
102,22,1,Staff,Research & Development,300000000.0,242,Quality,49.77,1
102,22,1,Staff,Research & Development,300000000.0,242,Technical,50.38,1
102,22,1,Staff,Research & Development,355280620.0,347,Development,64.44,1
102,22,1,Staff,Research & Development,355280620.0,347,Finance,52.71,1
102,22,1,Staff,Research & Development,355280620.0,347,HR,56.623333333333335,1
102,22,1,Staff,Research & Development,355280620.0,347,Project,56.96,1
102,22,1,Staff,Research & Development,355280620.0,347,Quality,51.78,1
102,22,1,Staff,Research & Development,355280620.0,347,Teamwork,54.370000000000005,1
102,22,1,Staff,Research & Development,355280620.0,347,Time Management,55.739999999999995,1
102,22,1,Staff,Research & Development,385820825.0,138,Development,50.24,1
102,22,1,Staff,Research & Development,385820825.0,138,Finance,52.08,1
102,22,1,Staff,Research & Development,385820825.0,138,Project,53.17,1
102,22,1,Staff,Research & Development,385820825.0,138,Quality,51.03,1
102,22,1,Staff,Research & Development,385820825.0,138,Technical,57.46,1
102,22,1,Staff,Research & Development,385820825.0,138,Time Management,52.59,1
102,22,1,Staff,Research & Development,493794225.0,102,Development,47.68,1
102,22,1,Staff,Research & Development,493794225.0,102,HR,49.64,1
102,22,1,Staff,Research & Development,493794225.0,102,Innovation,43.03,1
102,22,1,Staff,Research & Development,493794225.0,102,Performance,57.28,1
103,30,4,Staff,Procurement,50000000.0,211,Efficiency,67.35,1
103,30,4,Staff,Procurement,50000000.0,211,Finance,59.94,1
103,30,4,Staff,Procurement,50000000.0,211,Performance,58.31,1
103,30,4,Staff,Procurement,50000000.0,211,Project,63.4,1
103,30,4,Staff,Procurement,50000000.0,211,Quality,67.71000000000001,1
103,30,4,Staff,Procurement,120000000.0,152,Attendance,73.24,1
103,30,4,Staff,Procurement,120000000.0,152,Finance,57.69,1
103,30,4,Staff,Procurement,120000000.0,152,Performance,70.94,1
103,30,4,Staff,Procurement,120000000.0,152,Time Management,57.46,1
103,30,4,Staff,Procurement,134037811.0,31,Attendance,70.1,1
103,30,4,Staff,Procurement,134037811.0,31,Finance,71.07,1
103,30,4,Staff,Procurement,134037811.0,31,Project,60.01,1
103,30,4,Staff,Procurement,134037811.0,31,Technical,61.98,1
103,30,4,Staff,Procurement,278244747.0,88,Attendance,71.88,1
103,30,4,Staff,Procurement,278244747.0,88,Development,61.36,1
103,30,4,Staff,Procurement,278244747.0,88,Efficiency,60.3,1
103,30,4,Staff,Procurement,278244747.0,88,HR,63.19,1
103,30,4,Staff,Procurement,278244747.0,88,Performance,66.87,1
103,30,4,Staff,Procurement,278244747.0,88,Quality,62.815,1
103,30,4,Staff,Procurement,278244747.0,88,Teamwork,56.57,1
103,30,4,Staff,Procurement,278244747.0,88,Technical,60.49,1
103,30,4,Staff,Procurement,355280620.0,347,Finance,60.489999999999995,1
103,30,4,Staff,Procurement,355280620.0,347,Performance,65.665,1
103,30,4,Staff,Procurement,355280620.0,347,Quality,60.099999999999994,1
103,30,4,Staff,Procurement,355280620.0,347,Teamwork,64.56,1
103,30,4,Staff,Procurement,355280620.0,347,Technical,68.15,1
103,30,4,Staff,Procurement,355280620.0,347,Time Management,65.4,1
103,30,4,Staff,Procurement,375514309.0,335,Finance,62.02,1
103,30,4,Staff,Procurement,375514309.0,335,HR,61.31,1
103,30,4,Staff,Procurement,375514309.0,335,Quality,52.56,1
103,30,4,Staff,Procurement,377293102.0,80,Attendance,66.12,1
103,30,4,Staff,Procurement,377293102.0,80,Development,62.03,1
103,30,4,Staff,Procurement,377293102.0,80,Finance,64.42,1
103,30,4,Staff,Procurement,377293102.0,80,Innovation,52.94,1
103,30,4,Staff,Procurement,377293102.0,80,Performance,63.05,1
103,30,4,Staff,Procurement,377293102.0,80,Quality,57.97,1
103,30,4,Staff,Procurement,493794225.0,102,Attendance,68.66499999999999,1
103,30,4,Staff,Procurement,493794225.0,102,Development,58.03,1
103,30,4,Staff,Procurement,493794225.0,102,Efficiency,64.16,1
103,30,4,Staff,Procurement,493794225.0,102,Finance,67.09,1
103,30,4,Staff,Procurement,493794225.0,102,Innovation,53.05,1
103,30,4,Staff,Procurement,493794225.0,102,Quality,59.83,1
103,30,4,Staff,Procurement,493794225.0,102,Teamwork,60.94,1
103,30,4,Staff,Procurement,493794225.0,102,Technical,62.51,1
103,30,4,Staff,Procurement,493794225.0,102,Time Management,66.08,1
104,48,13,Senior Manager,Production,80000000.0,138,Development,93.86,0
104,48,13,Senior Manager,Production,80000000.0,138,Efficiency,98.0,0
104,48,13,Senior Manager,Production,80000000.0,138,Finance,98.0,0
104,48,13,Senior Manager,Production,80000000.0,138,HR,98.0,0
104,48,13,Senior Manager,Production,80000000.0,138,Teamwork,98.0,0
104,48,13,Senior Manager,Production,80000000.0,138,Time Management,98.0,0
104,48,13,Senior Manager,Production,82017929.0,114,Development,98.0,0
104,48,13,Senior Manager,Production,82017929.0,114,Innovation,98.0,0
104,48,13,Senior Manager,Production,180000000.0,193,Attendance,98.0,0
104,48,13,Senior Manager,Production,180000000.0,193,Efficiency,96.7,0
104,48,13,Senior Manager,Production,180000000.0,193,HR,98.0,0
104,48,13,Senior Manager,Production,180000000.0,193,Innovation,98.0,0
104,48,13,Senior Manager,Production,180000000.0,193,Quality,98.0,0
104,48,13,Senior Manager,Production,180000000.0,193,Teamwork,98.0,0
104,48,13,Senior Manager,Production,180000000.0,193,Technical,98.0,0
104,48,13,Senior Manager,Production,369461833.0,321,Attendance,98.0,0
104,48,13,Senior Manager,Production,369461833.0,321,Efficiency,98.0,0
104,48,13,Senior Manager,Production,369461833.0,321,Finance,98.0,0
104,48,13,Senior Manager,Production,369461833.0,321,Innovation,95.97,0
104,48,13,Senior Manager,Production,369461833.0,321,Quality,97.73666666666666,0
104,48,13,Senior Manager,Production,397696244.0,106,Development,94.81,0
104,48,13,Senior Manager,Production,397696244.0,106,Efficiency,98.0,0
104,48,13,Senior Manager,Production,397696244.0,106,HR,98.0,0
104,48,13,Senior Manager,Production,397696244.0,106,Performance,95.965,0
104,48,13,Senior Manager,Production,397696244.0,106,Quality,96.22,0
104,48,13,Senior Manager,Production,397696244.0,106,Teamwork,98.0,0
104,48,13,Senior Manager,Production,397696244.0,106,Technical,94.52,0
104,48,13,Senior Manager,Production,400000000.0,259,Attendance,98.0,0
104,48,13,Senior Manager,Production,400000000.0,259,Development,98.0,0
104,48,13,Senior Manager,Production,400000000.0,259,Efficiency,98.0,0
104,48,13,Senior Manager,Production,400000000.0,259,HR,98.0,0
104,48,13,Senior Manager,Production,400000000.0,259,Innovation,98.0,0
104,48,13,Senior Manager,Production,400000000.0,259,Performance,97.02000000000001,0
104,48,13,Senior Manager,Production,400000000.0,259,Quality,97.78,0
104,48,13,Senior Manager,Production,400000000.0,259,Teamwork,98.0,0
104,48,13,Senior Manager,Production,400000000.0,259,Technical,98.0,0
104,48,13,Senior Manager,Production,404564658.0,71,Development,98.0,0
104,48,13,Senior Manager,Production,404564658.0,71,Finance,98.0,0
104,48,13,Senior Manager,Production,404564658.0,71,Innovation,98.0,0
104,48,13,Senior Manager,Production,404564658.0,71,Quality,98.0,0
104,48,13,Senior Manager,Production,404564658.0,71,Teamwork,98.0,0
104,48,13,Senior Manager,Production,493794225.0,102,Finance,97.07,0
104,48,13,Senior Manager,Production,493794225.0,102,Quality,96.205,0
105,28,1,Staff,Human Resources,50000000.0,211,Development,36.5,1
105,28,1,Staff,Human Resources,50000000.0,211,Efficiency,53.709999999999994,1
105,28,1,Staff,Human Resources,50000000.0,211,Finance,47.94,1
105,28,1,Staff,Human Resources,50000000.0,211,HR,53.18,1
105,28,1,Staff,Human Resources,50000000.0,211,Innovation,43.08,1
105,28,1,Staff,Human Resources,50000000.0,211,Project,42.61,1
105,28,1,Staff,Human Resources,50000000.0,211,Quality,48.655,1
105,28,1,Staff,Human Resources,50000000.0,211,Teamwork,48.12,1
105,28,1,Staff,Human Resources,50000000.0,211,Technical,55.15,1
105,28,1,Staff,Human Resources,80000000.0,138,Efficiency,48.43,1
105,28,1,Staff,Human Resources,80000000.0,138,Finance,43.33,1
105,28,1,Staff,Human Resources,80000000.0,138,HR,52.1,1
105,28,1,Staff,Human Resources,80000000.0,138,Quality,43.06,1
105,28,1,Staff,Human Resources,88214342.0,149,Efficiency,47.62,1
105,28,1,Staff,Human Resources,88214342.0,149,HR,43.14,1
105,28,1,Staff,Human Resources,88214342.0,149,Quality,39.555,1
105,28,1,Staff,Human Resources,140000000.0,211,Attendance,46.49,1
105,28,1,Staff,Human Resources,140000000.0,211,Efficiency,43.74,1
105,28,1,Staff,Human Resources,140000000.0,211,Innovation,54.88,1
105,28,1,Staff,Human Resources,140000000.0,211,Performance,44.120000000000005,1
105,28,1,Staff,Human Resources,170000000.0,229,Finance,44.03,1
105,28,1,Staff,Human Resources,170000000.0,229,HR,52.9,1
105,28,1,Staff,Human Resources,170000000.0,229,Innovation,41.96,1
105,28,1,Staff,Human Resources,170000000.0,229,Project,60.13,1
105,28,1,Staff,Human Resources,170000000.0,229,Teamwork,64.98,1
105,28,1,Staff,Human Resources,170000000.0,229,Time Management,51.46,1
105,28,1,Staff,Human Resources,220000000.0,225,HR,50.84,1
105,28,1,Staff,Human Resources,220000000.0,225,Innovation,41.62,1
105,28,1,Staff,Human Resources,220000000.0,225,Quality,41.34,1
105,28,1,Staff,Human Resources,220000000.0,225,Time Management,49.31,1
105,28,1,Staff,Human Resources,291862333.0,334,Finance,43.96,1
105,28,1,Staff,Human Resources,291862333.0,334,HR,51.6,1
105,28,1,Staff,Human Resources,291862333.0,334,Project,51.33,1
105,28,1,Staff,Human Resources,291862333.0,334,Technical,50.27,1
105,28,1,Staff,Human Resources,472961951.0,350,Finance,53.95,1
105,28,1,Staff,Human Resources,472961951.0,350,Time Management,33.54,1
106,35,8,Senior Staff,Production,178776637.0,118,Efficiency,72.31,1
106,35,8,Senior Staff,Production,178776637.0,118,HR,63.04,1
106,35,8,Senior Staff,Production,178776637.0,118,Innovation,57.37,1
106,35,8,Senior Staff,Production,178776637.0,118,Performance,63.79,1
106,35,8,Senior Staff,Production,178776637.0,118,Quality,66.49,1
106,35,8,Senior Staff,Production,178776637.0,118,Teamwork,72.885,1
106,35,8,Senior Staff,Production,250000000.0,291,Efficiency,61.94,1
106,35,8,Senior Staff,Production,250000000.0,291,HR,62.66,1
106,35,8,Senior Staff,Production,250000000.0,291,Quality,65.66,1
106,35,8,Senior Staff,Production,250000000.0,291,Time Management,62.41,1
106,35,8,Senior Staff,Production,300000000.0,242,Efficiency,62.76,1
106,35,8,Senior Staff,Production,300000000.0,242,Innovation,57.25,1
106,35,8,Senior Staff,Production,300000000.0,242,Performance,66.7,1
106,35,8,Senior Staff,Production,300000000.0,242,Quality,62.10666666666666,1
106,35,8,Senior Staff,Production,300000000.0,242,Teamwork,60.58,1
106,35,8,Senior Staff,Production,300000000.0,242,Technical,67.04,1
106,35,8,Senior Staff,Production,300000000.0,242,Time Management,61.02,1
106,35,8,Senior Staff,Production,355280620.0,347,Quality,61.04666666666666,1
106,35,8,Senior Staff,Production,355280620.0,347,Teamwork,69.39,1
106,35,8,Senior Staff,Production,375514309.0,335,Development,61.2,1
106,35,8,Senior Staff,Production,375514309.0,335,Finance,70.61,1
106,35,8,Senior Staff,Production,375514309.0,335,HR,67.42,1
106,35,8,Senior Staff,Production,375514309.0,335,Innovation,63.94666666666666,1
106,35,8,Senior Staff,Production,375514309.0,335,Project,69.39500000000001,1
106,35,8,Senior Staff,Production,375514309.0,335,Quality,67.45333333333333,1
106,35,8,Senior Staff,Production,375514309.0,335,Technical,73.81,1
106,35,8,Senior Staff,Production,375514309.0,335,Time Management,66.295,1
106,35,8,Senior Staff,Production,377293102.0,80,Development,63.38,1
106,35,8,Senior Staff,Production,377293102.0,80,Efficiency,65.22999999999999,1
106,35,8,Senior Staff,Production,377293102.0,80,Finance,64.72,1
106,35,8,Senior Staff,Production,377293102.0,80,Innovation,62.214999999999996,1
106,35,8,Senior Staff,Production,377293102.0,80,Project,70.91,1
106,35,8,Senior Staff,Production,404564658.0,71,Finance,67.91,1
106,35,8,Senior Staff,Production,404564658.0,71,Teamwork,72.98,1
106,35,8,Senior Staff,Production,500000000.0,356,Efficiency,62.36,1
106,35,8,Senior Staff,Production,500000000.0,356,Finance,64.7,1
106,35,8,Senior Staff,Production,500000000.0,356,Innovation,60.42,1
106,35,8,Senior Staff,Production,500000000.0,356,Project,62.46,1
106,35,8,Senior Staff,Production,500000000.0,356,Quality,63.462,1
106,35,8,Senior Staff,Production,500000000.0,356,Teamwork,69.96,1
106,35,8,Senior Staff,Production,500000000.0,356,Time Management,63.445,1
107,56,24,Director,Logistics,90000000.0,244,Attendance,98.0,0
107,56,24,Director,Logistics,90000000.0,244,Development,95.37,0
107,56,24,Director,Logistics,90000000.0,244,Efficiency,98.0,0
107,56,24,Director,Logistics,90000000.0,244,Performance,98.0,0
107,56,24,Director,Logistics,90000000.0,244,Quality,98.0,0
107,56,24,Director,Logistics,110000000.0,199,Attendance,98.0,0
107,56,24,Director,Logistics,110000000.0,199,Efficiency,98.0,0
107,56,24,Director,Logistics,110000000.0,199,Finance,98.0,0
107,56,24,Director,Logistics,110000000.0,199,HR,98.0,0
107,56,24,Director,Logistics,110000000.0,199,Performance,98.0,0
107,56,24,Director,Logistics,110000000.0,199,Project,98.0,0
107,56,24,Director,Logistics,110000000.0,199,Technical,98.0,0
107,56,24,Director,Logistics,130000000.0,303,Attendance,98.0,0
107,56,24,Director,Logistics,130000000.0,303,Efficiency,98.0,0
107,56,24,Director,Logistics,130000000.0,303,Finance,98.0,0
107,56,24,Director,Logistics,130000000.0,303,Innovation,97.06,0
107,56,24,Director,Logistics,130000000.0,303,Performance,98.0,0
107,56,24,Director,Logistics,130000000.0,303,Quality,96.91333333333334,0
107,56,24,Director,Logistics,130000000.0,303,Teamwork,98.0,0
107,56,24,Director,Logistics,130000000.0,303,Time Management,98.0,0
107,56,24,Director,Logistics,200000000.0,167,Attendance,98.0,0
107,56,24,Director,Logistics,200000000.0,167,Efficiency,98.0,0
107,56,24,Director,Logistics,200000000.0,167,HR,98.0,0
107,56,24,Director,Logistics,200000000.0,167,Innovation,98.0,0
107,56,24,Director,Logistics,200000000.0,167,Performance,98.0,0
107,56,24,Director,Logistics,200000000.0,167,Project,98.0,0
107,56,24,Director,Logistics,200000000.0,167,Quality,98.0,0
107,56,24,Director,Logistics,200000000.0,167,Teamwork,98.0,0
107,56,24,Director,Logistics,200000000.0,167,Time Management,98.0,0
107,56,24,Director,Logistics,278244747.0,88,Attendance,98.0,0
107,56,24,Director,Logistics,278244747.0,88,Development,98.0,0
107,56,24,Director,Logistics,278244747.0,88,Efficiency,98.0,0
107,56,24,Director,Logistics,278244747.0,88,Finance,98.0,0
107,56,24,Director,Logistics,278244747.0,88,HR,98.0,0
107,56,24,Director,Logistics,278244747.0,88,Innovation,98.0,0
107,56,24,Director,Logistics,278244747.0,88,Quality,95.13999999999999,0
107,56,24,Director,Logistics,278244747.0,88,Teamwork,98.0,0
107,56,24,Director,Logistics,278244747.0,88,Time Management,98.0,0
107,56,24,Director,Logistics,300000000.0,242,Attendance,98.0,0
107,56,24,Director,Logistics,300000000.0,242,Efficiency,98.0,0
107,56,24,Director,Logistics,300000000.0,242,HR,98.0,0
107,56,24,Director,Logistics,300000000.0,242,Performance,98.0,0
107,56,24,Director,Logistics,300000000.0,242,Quality,97.75333333333333,0
107,56,24,Director,Logistics,300000000.0,242,Teamwork,98.0,0
107,56,24,Director,Logistics,300000000.0,242,Technical,97.97666666666667,0
107,56,24,Director,Logistics,300000000.0,242,Time Management,98.0,0
107,56,24,Director,Logistics,385820825.0,138,Development,98.0,0
107,56,24,Director,Logistics,385820825.0,138,Finance,98.0,0
107,56,24,Director,Logistics,385820825.0,138,Performance,98.0,0
107,56,24,Director,Logistics,385820825.0,138,Quality,98.0,0
108,37,11,Manager,Production,60000000.0,214,Development,87.13,0
108,37,11,Manager,Production,60000000.0,214,HR,95.43,0
108,37,11,Manager,Production,60000000.0,214,Innovation,86.83,0
108,37,11,Manager,Production,60000000.0,214,Performance,94.03,0
108,37,11,Manager,Production,60000000.0,214,Project,89.44,0
108,37,11,Manager,Production,60000000.0,214,Quality,90.02,0
108,37,11,Manager,Production,60000000.0,214,Teamwork,96.435,0
108,37,11,Manager,Production,60000000.0,214,Time Management,92.50999999999999,0
108,37,11,Manager,Production,75000000.0,203,Attendance,93.82,0
108,37,11,Manager,Production,75000000.0,203,Development,91.56,0
108,37,11,Manager,Production,75000000.0,203,HR,96.06,0
108,37,11,Manager,Production,75000000.0,203,Project,94.01,0
108,37,11,Manager,Production,75000000.0,203,Quality,98.0,0
108,37,11,Manager,Production,90000000.0,244,Efficiency,90.73,0
108,37,11,Manager,Production,90000000.0,244,Finance,91.51,0
108,37,11,Manager,Production,90000000.0,244,Innovation,90.51,0
108,37,11,Manager,Production,90000000.0,244,Quality,92.84,0
108,37,11,Manager,Production,90000000.0,244,Technical,93.82,0
108,37,11,Manager,Production,140000000.0,211,Development,86.065,0
108,37,11,Manager,Production,140000000.0,211,HR,95.62333333333333,0
108,37,11,Manager,Production,140000000.0,211,Innovation,87.04,0
108,37,11,Manager,Production,140000000.0,211,Performance,93.46000000000001,0
108,37,11,Manager,Production,140000000.0,211,Quality,94.05,0
108,37,11,Manager,Production,140000000.0,211,Teamwork,96.89,0
108,37,11,Manager,Production,140000000.0,211,Technical,92.72,0
108,37,11,Manager,Production,190000000.0,241,Attendance,98.0,0
108,37,11,Manager,Production,190000000.0,241,Finance,83.74,0
108,37,11,Manager,Production,190000000.0,241,Performance,92.55,0
108,37,11,Manager,Production,190000000.0,241,Project,98.0,0
108,37,11,Manager,Production,190000000.0,241,Quality,90.14,0
108,37,11,Manager,Production,190000000.0,241,Teamwork,97.58,0
108,37,11,Manager,Production,369461833.0,321,Attendance,98.0,0
108,37,11,Manager,Production,369461833.0,321,Finance,92.76,0
108,37,11,Manager,Production,369461833.0,321,Performance,90.08,0
108,37,11,Manager,Production,369461833.0,321,Quality,90.875,0
108,37,11,Manager,Production,369461833.0,321,Time Management,94.12,0
108,37,11,Manager,Production,377293102.0,80,Efficiency,93.0,0
108,37,11,Manager,Production,377293102.0,80,Innovation,89.375,0
108,37,11,Manager,Production,377293102.0,80,Project,97.01,0
108,37,11,Manager,Production,377293102.0,80,Quality,94.4825,0
108,37,11,Manager,Production,377293102.0,80,Teamwork,96.4,0
108,37,11,Manager,Production,377293102.0,80,Time Management,94.42,0
108,37,11,Manager,Production,472961951.0,350,Attendance,98.0,0
108,37,11,Manager,Production,472961951.0,350,Development,94.85,0
108,37,11,Manager,Production,472961951.0,350,Efficiency,95.18,0
108,37,11,Manager,Production,472961951.0,350,Finance,98.0,0
108,37,11,Manager,Production,472961951.0,350,Quality,93.17,0
108,37,11,Manager,Production,472961951.0,350,Teamwork,98.0,0
109,46,11,Manager,Finance,50000000.0,211,Attendance,98.0,0
109,46,11,Manager,Finance,50000000.0,211,Efficiency,98.0,0
109,46,11,Manager,Finance,50000000.0,211,Innovation,94.63,0
109,46,11,Manager,Finance,50000000.0,211,Performance,98.0,0
109,46,11,Manager,Finance,50000000.0,211,Quality,97.47,0
109,46,11,Manager,Finance,50000000.0,211,Time Management,98.0,0
109,46,11,Manager,Finance,80000000.0,138,Efficiency,87.09,0
109,46,11,Manager,Finance,80000000.0,138,Finance,93.71,0
109,46,11,Manager,Finance,80000000.0,138,HR,94.705,0
109,46,11,Manager,Finance,80000000.0,138,Innovation,89.30666666666667,0
109,46,11,Manager,Finance,80000000.0,138,Performance,97.56,0
109,46,11,Manager,Finance,80000000.0,138,Project,93.56,0
109,46,11,Manager,Finance,80000000.0,138,Quality,85.32,0
109,46,11,Manager,Finance,80000000.0,138,Technical,92.26,0
109,46,11,Manager,Finance,80000000.0,138,Time Management,90.13,0
109,46,11,Manager,Finance,120000000.0,152,Attendance,98.0,0
109,46,11,Manager,Finance,120000000.0,152,Innovation,98.0,0
109,46,11,Manager,Finance,120000000.0,152,Teamwork,98.0,0
109,46,11,Manager,Finance,120000000.0,152,Technical,98.0,0
109,46,11,Manager,Finance,134037811.0,31,Development,95.53,0
109,46,11,Manager,Finance,134037811.0,31,Performance,98.0,0
109,46,11,Manager,Finance,134037811.0,31,Project,98.0,0
109,46,11,Manager,Finance,134037811.0,31,Quality,96.98,0
109,46,11,Manager,Finance,150000000.0,274,Attendance,98.0,0
109,46,11,Manager,Finance,150000000.0,274,Finance,93.37,0
109,46,11,Manager,Finance,150000000.0,274,HR,97.98,0
109,46,11,Manager,Finance,150000000.0,274,Innovation,90.06,0
109,46,11,Manager,Finance,150000000.0,274,Performance,89.86,0
109,46,11,Manager,Finance,150000000.0,274,Quality,93.3,0
109,46,11,Manager,Finance,150000000.0,274,Teamwork,98.0,0
109,46,11,Manager,Finance,150000000.0,274,Technical,95.875,0
109,46,11,Manager,Finance,150000000.0,274,Time Management,96.55000000000001,0
109,46,11,Manager,Finance,220000000.0,225,Attendance,92.67,0
109,46,11,Manager,Finance,220000000.0,225,HR,93.58,0
109,46,11,Manager,Finance,220000000.0,225,Innovation,87.78,0
109,46,11,Manager,Finance,220000000.0,225,Performance,91.75,0
109,46,11,Manager,Finance,220000000.0,225,Project,95.185,0
109,46,11,Manager,Finance,220000000.0,225,Quality,92.93,0
109,46,11,Manager,Finance,220000000.0,225,Teamwork,93.735,0
109,46,11,Manager,Finance,220000000.0,225,Time Management,89.4,0
109,46,11,Manager,Finance,250000000.0,291,Development,97.125,0
109,46,11,Manager,Finance,250000000.0,291,Performance,93.29,0
109,46,11,Manager,Finance,250000000.0,291,Project,98.0,0
109,46,11,Manager,Finance,250000000.0,291,Quality,98.0,0
109,46,11,Manager,Finance,250000000.0,291,Technical,98.0,0
109,46,11,Manager,Finance,300000000.0,242,Development,94.97,0
109,46,11,Manager,Finance,300000000.0,242,HR,92.34,0
109,46,11,Manager,Finance,300000000.0,242,Innovation,86.88,0
110,42,10,Senior Manager,Research & Development,88214342.0,149,HR,98.0,0
110,42,10,Senior Manager,Research & Development,95000000.0,211,HR,98.0,0
110,42,10,Senior Manager,Research & Development,95000000.0,211,Innovation,98.0,0
110,42,10,Senior Manager,Research & Development,95000000.0,211,Quality,98.0,0
110,42,10,Senior Manager,Research & Development,180000000.0,193,Attendance,98.0,0
110,42,10,Senior Manager,Research & Development,180000000.0,193,Efficiency,98.0,0
110,42,10,Senior Manager,Research & Development,180000000.0,193,Finance,98.0,0
110,42,10,Senior Manager,Research & Development,180000000.0,193,HR,98.0,0
110,42,10,Senior Manager,Research & Development,180000000.0,193,Innovation,98.0,0
110,42,10,Senior Manager,Research & Development,180000000.0,193,Quality,98.0,0
110,42,10,Senior Manager,Research & Development,180000000.0,193,Technical,98.0,0
110,42,10,Senior Manager,Research & Development,206368642.0,46,Attendance,98.0,0
110,42,10,Senior Manager,Research & Development,206368642.0,46,HR,98.0,0
110,42,10,Senior Manager,Research & Development,206368642.0,46,Innovation,98.0,0
110,42,10,Senior Manager,Research & Development,206368642.0,46,Performance,98.0,0
110,42,10,Senior Manager,Research & Development,206368642.0,46,Project,98.0,0
110,42,10,Senior Manager,Research & Development,206368642.0,46,Quality,98.0,0
110,42,10,Senior Manager,Research & Development,206368642.0,46,Teamwork,98.0,0
110,42,10,Senior Manager,Research & Development,220000000.0,225,Attendance,98.0,0
110,42,10,Senior Manager,Research & Development,220000000.0,225,Finance,98.0,0
110,42,10,Senior Manager,Research & Development,220000000.0,225,Performance,98.0,0
110,42,10,Senior Manager,Research & Development,220000000.0,225,Quality,98.0,0
110,42,10,Senior Manager,Research & Development,220000000.0,225,Teamwork,98.0,0
110,42,10,Senior Manager,Research & Development,220000000.0,225,Technical,98.0,0
110,42,10,Senior Manager,Research & Development,220000000.0,225,Time Management,98.0,0
110,42,10,Senior Manager,Research & Development,250000000.0,291,HR,98.0,0
110,42,10,Senior Manager,Research & Development,250000000.0,291,Performance,98.0,0
110,42,10,Senior Manager,Research & Development,250000000.0,291,Quality,98.0,0
110,42,10,Senior Manager,Research & Development,250000000.0,291,Teamwork,98.0,0
110,42,10,Senior Manager,Research & Development,278244747.0,88,Development,98.0,0
110,42,10,Senior Manager,Research & Development,278244747.0,88,Finance,98.0,0
110,42,10,Senior Manager,Research & Development,278244747.0,88,HR,98.0,0
110,42,10,Senior Manager,Research & Development,278244747.0,88,Innovation,98.0,0
110,42,10,Senior Manager,Research & Development,278244747.0,88,Quality,98.0,0
110,42,10,Senior Manager,Research & Development,397696244.0,106,Attendance,98.0,0
110,42,10,Senior Manager,Research & Development,397696244.0,106,Performance,98.0,0
110,42,10,Senior Manager,Research & Development,397696244.0,106,Quality,98.0,0
111,22,2,Staff,Sales,50000000.0,211,Development,55.38,1
111,22,2,Staff,Sales,50000000.0,211,Efficiency,57.47,1
111,22,2,Staff,Sales,50000000.0,211,Finance,47.92,1
111,22,2,Staff,Sales,50000000.0,211,HR,56.28,1
111,22,2,Staff,Sales,50000000.0,211,Performance,54.995,1
111,22,2,Staff,Sales,50000000.0,211,Project,55.82,1
111,22,2,Staff,Sales,50000000.0,211,Quality,62.6,1
111,22,2,Staff,Sales,50000000.0,211,Teamwork,55.79,1
111,22,2,Staff,Sales,60000000.0,214,Attendance,52.84,1
111,22,2,Staff,Sales,60000000.0,214,HR,53.39,1
111,22,2,Staff,Sales,60000000.0,214,Project,47.26,1
111,22,2,Staff,Sales,60000000.0,214,Quality,49.40333333333333,1
111,22,2,Staff,Sales,60000000.0,214,Technical,55.11,1
111,22,2,Staff,Sales,60000000.0,214,Time Management,61.32,1
111,22,2,Staff,Sales,110000000.0,199,Attendance,60.75,1
111,22,2,Staff,Sales,110000000.0,199,Efficiency,41.75,1
111,22,2,Staff,Sales,110000000.0,199,HR,52.21,1
111,22,2,Staff,Sales,110000000.0,199,Quality,48.5,1
111,22,2,Staff,Sales,110000000.0,199,Teamwork,54.33,1
111,22,2,Staff,Sales,150000000.0,274,Attendance,59.13,1
111,22,2,Staff,Sales,204675132.0,174,Attendance,47.22,1
111,22,2,Staff,Sales,204675132.0,174,Efficiency,49.03,1
111,22,2,Staff,Sales,204675132.0,174,HR,52.29,1
111,22,2,Staff,Sales,204675132.0,174,Innovation,49.39,1
111,22,2,Staff,Sales,204675132.0,174,Performance,52.2,1
111,22,2,Staff,Sales,204675132.0,174,Quality,47.596666666666664,1
111,22,2,Staff,Sales,204675132.0,174,Technical,44.335,1
111,22,2,Staff,Sales,206368642.0,46,Efficiency,48.66,1
111,22,2,Staff,Sales,206368642.0,46,Finance,40.91,1
111,22,2,Staff,Sales,206368642.0,46,Quality,46.92,1
111,22,2,Staff,Sales,206368642.0,46,Teamwork,57.12,1
111,22,2,Staff,Sales,206368642.0,46,Time Management,53.89,1
111,22,2,Staff,Sales,375514309.0,335,HR,45.24,1
111,22,2,Staff,Sales,375514309.0,335,Innovation,42.9,1
111,22,2,Staff,Sales,375514309.0,335,Performance,50.25,1
111,22,2,Staff,Sales,375514309.0,335,Project,48.12,1
111,22,2,Staff,Sales,375514309.0,335,Quality,49.01,1
111,22,2,Staff,Sales,466447298.0,297,Development,50.46,1
111,22,2,Staff,Sales,466447298.0,297,HR,49.35,1
111,22,2,Staff,Sales,466447298.0,297,Innovation,47.11,1
111,22,2,Staff,Sales,466447298.0,297,Performance,52.74,1
111,22,2,Staff,Sales,466447298.0,297,Quality,47.29,1
111,22,2,Staff,Sales,466447298.0,297,Teamwork,52.595,1
111,22,2,Staff,Sales,466447298.0,297,Technical,58.65,1
111,22,2,Staff,Sales,466447298.0,297,Time Management,56.97,1
112,27,2,Staff,Human Resources,90000000.0,244,Attendance,63.09,1
112,27,2,Staff,Human Resources,90000000.0,244,Efficiency,55.15,1
112,27,2,Staff,Human Resources,90000000.0,244,HR,47.42,1
112,27,2,Staff,Human Resources,90000000.0,244,Performance,50.48,1
112,27,2,Staff,Human Resources,90000000.0,244,Teamwork,48.49,1
112,27,2,Staff,Human Resources,140000000.0,211,Development,38.35,1
112,27,2,Staff,Human Resources,140000000.0,211,Efficiency,38.73,1
112,27,2,Staff,Human Resources,140000000.0,211,HR,51.15,1
112,27,2,Staff,Human Resources,140000000.0,211,Innovation,45.92,1
112,27,2,Staff,Human Resources,140000000.0,211,Performance,43.86,1
112,27,2,Staff,Human Resources,140000000.0,211,Project,53.59,1
112,27,2,Staff,Human Resources,140000000.0,211,Quality,44.69,1
112,27,2,Staff,Human Resources,178776637.0,118,Attendance,57.83,1
112,27,2,Staff,Human Resources,178776637.0,118,Efficiency,43.86,1
112,27,2,Staff,Human Resources,178776637.0,118,Finance,46.42,1
112,27,2,Staff,Human Resources,178776637.0,118,HR,49.855000000000004,1
112,27,2,Staff,Human Resources,178776637.0,118,Innovation,44.52,1
112,27,2,Staff,Human Resources,178776637.0,118,Teamwork,53.55,1
112,27,2,Staff,Human Resources,178776637.0,118,Time Management,52.19,1
112,27,2,Staff,Human Resources,180000000.0,193,Development,40.66,1
112,27,2,Staff,Human Resources,180000000.0,193,Finance,47.47,1
112,27,2,Staff,Human Resources,180000000.0,193,HR,49.8,1
112,27,2,Staff,Human Resources,206368642.0,46,Attendance,49.5,1
112,27,2,Staff,Human Resources,206368642.0,46,HR,58.8,1
112,27,2,Staff,Human Resources,206368642.0,46,Performance,47.754999999999995,1
112,27,2,Staff,Human Resources,206368642.0,46,Quality,43.8,1
112,27,2,Staff,Human Resources,206368642.0,46,Teamwork,60.22,1
112,27,2,Staff,Human Resources,206368642.0,46,Technical,43.61,1
112,27,2,Staff,Human Resources,291862333.0,334,Finance,44.78,1
112,27,2,Staff,Human Resources,291862333.0,334,HR,46.23,1
112,27,2,Staff,Human Resources,291862333.0,334,Performance,44.85,1
112,27,2,Staff,Human Resources,291862333.0,334,Project,51.44,1
112,27,2,Staff,Human Resources,291862333.0,334,Quality,50.989999999999995,1
112,27,2,Staff,Human Resources,291862333.0,334,Teamwork,48.475,1
112,27,2,Staff,Human Resources,291862333.0,334,Technical,50.54,1
112,27,2,Staff,Human Resources,472961951.0,350,Efficiency,44.01,1
112,27,2,Staff,Human Resources,472961951.0,350,Innovation,50.23,1
112,27,2,Staff,Human Resources,472961951.0,350,Quality,38.36,1
112,27,2,Staff,Human Resources,472961951.0,350,Teamwork,48.74,1
112,27,2,Staff,Human Resources,472961951.0,350,Time Management,47.41,1
112,27,2,Staff,Human Resources,500000000.0,356,Development,47.29,1
112,27,2,Staff,Human Resources,500000000.0,356,Project,48.44,1
112,27,2,Staff,Human Resources,500000000.0,356,Technical,47.45,1
113,24,2,Staff,Finance,82017929.0,114,Attendance,57.114999999999995,1
113,24,2,Staff,Finance,82017929.0,114,Development,50.739999999999995,1
113,24,2,Staff,Finance,82017929.0,114,HR,54.35,1
113,24,2,Staff,Finance,82017929.0,114,Innovation,45.845,1
113,24,2,Staff,Finance,82017929.0,114,Performance,53.92,1
113,24,2,Staff,Finance,82017929.0,114,Quality,48.29,1
113,24,2,Staff,Finance,82017929.0,114,Time Management,53.69,1
113,24,2,Staff,Finance,90000000.0,244,Attendance,51.15,1
113,24,2,Staff,Finance,90000000.0,244,Development,48.83,1
113,24,2,Staff,Finance,90000000.0,244,HR,52.68666666666667,1
113,24,2,Staff,Finance,90000000.0,244,Innovation,49.95,1
113,24,2,Staff,Finance,90000000.0,244,Performance,45.36,1
113,24,2,Staff,Finance,90000000.0,244,Quality,51.21,1
113,24,2,Staff,Finance,90000000.0,244,Teamwork,48.09,1
113,24,2,Staff,Finance,110000000.0,199,Efficiency,50.33,1
113,24,2,Staff,Finance,110000000.0,199,HR,53.615,1
113,24,2,Staff,Finance,110000000.0,199,Quality,54.52,1
113,24,2,Staff,Finance,110000000.0,199,Teamwork,60.21,1
113,24,2,Staff,Finance,250000000.0,291,Attendance,61.17,1
113,24,2,Staff,Finance,250000000.0,291,HR,57.42,1
113,24,2,Staff,Finance,250000000.0,291,Project,49.54,1
113,24,2,Staff,Finance,250000000.0,291,Quality,46.11,1
113,24,2,Staff,Finance,250000000.0,291,Technical,60.69,1
113,24,2,Staff,Finance,291868109.0,256,Attendance,55.85,1
113,24,2,Staff,Finance,291868109.0,256,Development,47.18,1
113,24,2,Staff,Finance,291868109.0,256,Finance,44.35,1
113,24,2,Staff,Finance,291868109.0,256,HR,43.52,1
113,24,2,Staff,Finance,291868109.0,256,Performance,47.69,1
113,24,2,Staff,Finance,291868109.0,256,Quality,46.765,1
113,24,2,Staff,Finance,291868109.0,256,Time Management,50.63,1
113,24,2,Staff,Finance,300000000.0,242,Quality,56.5,1
113,24,2,Staff,Finance,375514309.0,335,Efficiency,45.34,1
113,24,2,Staff,Finance,375514309.0,335,HR,50.565,1
113,24,2,Staff,Finance,375514309.0,335,Innovation,48.5,1
113,24,2,Staff,Finance,375514309.0,335,Performance,52.605000000000004,1
113,24,2,Staff,Finance,375514309.0,335,Project,52.79,1
113,24,2,Staff,Finance,375514309.0,335,Quality,48.71,1
113,24,2,Staff,Finance,375514309.0,335,Technical,54.21,1
113,24,2,Staff,Finance,500000000.0,356,Attendance,60.96,1
113,24,2,Staff,Finance,500000000.0,356,Development,41.86,1
113,24,2,Staff,Finance,500000000.0,356,Efficiency,51.46,1
113,24,2,Staff,Finance,500000000.0,356,HR,53.355,1
113,24,2,Staff,Finance,500000000.0,356,Project,53.125,1
113,24,2,Staff,Finance,500000000.0,356,Quality,48.57,1
113,24,2,Staff,Finance,500000000.0,356,Technical,56.72,1
113,24,2,Staff,Finance,500000000.0,356,Time Management,48.14,1
114,28,3,Staff,Corporate Strategy,60000000.0,214,HR,63.38,1
114,28,3,Staff,Corporate Strategy,60000000.0,214,Quality,64.51333333333334,1
114,28,3,Staff,Corporate Strategy,60000000.0,214,Technical,64.14,1
114,28,3,Staff,Corporate Strategy,95000000.0,211,Attendance,76.46,1
114,28,3,Staff,Corporate Strategy,95000000.0,211,Efficiency,66.11,1
114,28,3,Staff,Corporate Strategy,95000000.0,211,Finance,66.21,1
114,28,3,Staff,Corporate Strategy,95000000.0,211,Quality,62.28,1
114,28,3,Staff,Corporate Strategy,95000000.0,211,Technical,68.31,1
114,28,3,Staff,Corporate Strategy,95000000.0,211,Time Management,67.31,1
114,28,3,Staff,Corporate Strategy,120000000.0,152,HR,71.41,1
114,28,3,Staff,Corporate Strategy,120000000.0,152,Innovation,61.09,1
114,28,3,Staff,Corporate Strategy,140000000.0,211,Attendance,66.07,1
114,28,3,Staff,Corporate Strategy,140000000.0,211,HR,73.575,1
114,28,3,Staff,Corporate Strategy,140000000.0,211,Project,71.7,1
114,28,3,Staff,Corporate Strategy,140000000.0,211,Technical,65.67,1
114,28,3,Staff,Corporate Strategy,200000000.0,167,Attendance,77.63499999999999,1
114,28,3,Staff,Corporate Strategy,200000000.0,167,Finance,66.78,1
114,28,3,Staff,Corporate Strategy,200000000.0,167,HR,71.545,1
114,28,3,Staff,Corporate Strategy,200000000.0,167,Quality,70.58000000000001,1
114,28,3,Staff,Corporate Strategy,200000000.0,167,Teamwork,71.55,1
114,28,3,Staff,Corporate Strategy,355280620.0,347,Development,70.46,1
114,28,3,Staff,Corporate Strategy,355280620.0,347,Innovation,61.0,1
114,28,3,Staff,Corporate Strategy,355280620.0,347,Quality,70.75,1
114,28,3,Staff,Corporate Strategy,355280620.0,347,Teamwork,57.45,1
114,28,3,Staff,Corporate Strategy,365962025.0,249,Attendance,73.26,1
114,28,3,Staff,Corporate Strategy,365962025.0,249,Development,66.87,1
114,28,3,Staff,Corporate Strategy,365962025.0,249,Efficiency,65.75,1
114,28,3,Staff,Corporate Strategy,365962025.0,249,HR,67.3,1
114,28,3,Staff,Corporate Strategy,365962025.0,249,Performance,66.63,1
114,28,3,Staff,Corporate Strategy,365962025.0,249,Quality,67.72999999999999,1
114,28,3,Staff,Corporate Strategy,365962025.0,249,Teamwork,67.5,1
114,28,3,Staff,Corporate Strategy,377293102.0,80,Attendance,70.06333333333333,1
114,28,3,Staff,Corporate Strategy,377293102.0,80,Efficiency,61.17,1
114,28,3,Staff,Corporate Strategy,377293102.0,80,HR,76.35,1
114,28,3,Staff,Corporate Strategy,377293102.0,80,Project,67.76,1
114,28,3,Staff,Corporate Strategy,377293102.0,80,Quality,66.10000000000001,1
114,28,3,Staff,Corporate Strategy,377293102.0,80,Teamwork,72.41,1
114,28,3,Staff,Corporate Strategy,377293102.0,80,Time Management,67.3,1
115,29,5,Senior Staff,Production,60000000.0,214,Development,64.34,1
115,29,5,Senior Staff,Production,60000000.0,214,Quality,64.61,1
115,29,5,Senior Staff,Production,75000000.0,203,Efficiency,72.62,1
115,29,5,Senior Staff,Production,75000000.0,203,HR,69.38,1
115,29,5,Senior Staff,Production,75000000.0,203,Performance,68.6,1
115,29,5,Senior Staff,Production,75000000.0,203,Project,63.19,1
115,29,5,Senior Staff,Production,75000000.0,203,Quality,66.76,1
115,29,5,Senior Staff,Production,80000000.0,138,Development,65.04,1
115,29,5,Senior Staff,Production,80000000.0,138,HR,61.36,1
115,29,5,Senior Staff,Production,80000000.0,138,Quality,65.27,1
115,29,5,Senior Staff,Production,130000000.0,303,Efficiency,64.28,1
115,29,5,Senior Staff,Production,130000000.0,303,HR,70.29,1
115,29,5,Senior Staff,Production,130000000.0,303,Quality,72.73,1
115,29,5,Senior Staff,Production,130000000.0,303,Technical,66.77,1
115,29,5,Senior Staff,Production,130000000.0,303,Time Management,67.02,1
115,29,5,Senior Staff,Production,170000000.0,229,Attendance,70.2,1
115,29,5,Senior Staff,Production,170000000.0,229,Development,56.96,1
115,29,5,Senior Staff,Production,170000000.0,229,Efficiency,69.88,1
115,29,5,Senior Staff,Production,170000000.0,229,Finance,64.67,1
115,29,5,Senior Staff,Production,170000000.0,229,HR,69.61,1
115,29,5,Senior Staff,Production,170000000.0,229,Innovation,60.67,1
115,29,5,Senior Staff,Production,170000000.0,229,Performance,68.6,1
115,29,5,Senior Staff,Production,170000000.0,229,Project,70.96,1
115,29,5,Senior Staff,Production,170000000.0,229,Quality,66.47,1
115,29,5,Senior Staff,Production,170000000.0,229,Time Management,70.9,1
115,29,5,Senior Staff,Production,204675132.0,174,Development,64.77,1
115,29,5,Senior Staff,Production,204675132.0,174,Efficiency,71.71,1
115,29,5,Senior Staff,Production,204675132.0,174,Finance,75.41,1
115,29,5,Senior Staff,Production,204675132.0,174,Teamwork,62.16,1
115,29,5,Senior Staff,Production,291868109.0,256,Attendance,71.74,1
115,29,5,Senior Staff,Production,291868109.0,256,Efficiency,62.4,1
115,29,5,Senior Staff,Production,291868109.0,256,Finance,70.02000000000001,1
115,29,5,Senior Staff,Production,291868109.0,256,HR,71.99,1
115,29,5,Senior Staff,Production,291868109.0,256,Innovation,62.83,1
115,29,5,Senior Staff,Production,291868109.0,256,Performance,68.34,1
115,29,5,Senior Staff,Production,291868109.0,256,Project,73.83,1
115,29,5,Senior Staff,Production,291868109.0,256,Quality,61.56,1
115,29,5,Senior Staff,Production,385820825.0,138,Efficiency,61.295,1
115,29,5,Senior Staff,Production,385820825.0,138,Finance,63.935,1
115,29,5,Senior Staff,Production,385820825.0,138,HR,64.0475,1
115,29,5,Senior Staff,Production,385820825.0,138,Performance,64.34,1
115,29,5,Senior Staff,Production,385820825.0,138,Project,65.84,1
115,29,5,Senior Staff,Production,385820825.0,138,Quality,62.7,1
115,29,5,Senior Staff,Production,385820825.0,138,Time Management,68.74,1
116,29,5,Staff,Design,95000000.0,211,Attendance,80.21,1
116,29,5,Staff,Design,95000000.0,211,Efficiency,72.3,1
116,29,5,Staff,Design,95000000.0,211,HR,61.53,1
116,29,5,Staff,Design,110000000.0,199,HR,64.18,1
116,29,5,Staff,Design,110000000.0,199,Performance,66.56,1
116,29,5,Staff,Design,110000000.0,199,Quality,66.73,1
116,29,5,Staff,Design,120000000.0,152,Development,65.89,1
116,29,5,Staff,Design,120000000.0,152,Time Management,72.34,1
116,29,5,Staff,Design,178776637.0,118,Efficiency,66.11500000000001,1
116,29,5,Staff,Design,178776637.0,118,HR,71.05,1
116,29,5,Staff,Design,178776637.0,118,Innovation,58.76,1
116,29,5,Staff,Design,178776637.0,118,Quality,61.156666666666666,1
116,29,5,Staff,Design,178776637.0,118,Teamwork,68.4,1
116,29,5,Staff,Design,178776637.0,118,Time Management,78.16,1
116,29,5,Staff,Design,190000000.0,241,Finance,64.17,1
116,29,5,Staff,Design,190000000.0,241,HR,70.46,1
116,29,5,Staff,Design,190000000.0,241,Project,64.87,1
116,29,5,Staff,Design,190000000.0,241,Teamwork,72.65,1
116,29,5,Staff,Design,200000000.0,167,Attendance,71.70666666666666,1
116,29,5,Staff,Design,200000000.0,167,Development,59.13,1
116,29,5,Staff,Design,200000000.0,167,Efficiency,65.98,1
116,29,5,Staff,Design,200000000.0,167,Finance,72.45,1
116,29,5,Staff,Design,200000000.0,167,HR,70.63,1
116,29,5,Staff,Design,200000000.0,167,Innovation,67.1,1
116,29,5,Staff,Design,200000000.0,167,Performance,68.655,1
116,29,5,Staff,Design,200000000.0,167,Quality,61.833333333333336,1
116,29,5,Staff,Design,200000000.0,167,Teamwork,70.18,1
116,29,5,Staff,Design,291868109.0,256,Efficiency,75.62,1
116,29,5,Staff,Design,291868109.0,256,HR,71.3,1
116,29,5,Staff,Design,291868109.0,256,Quality,69.39666666666666,1
116,29,5,Staff,Design,397696244.0,106,Attendance,74.6,1
116,29,5,Staff,Design,397696244.0,106,Development,64.37,1
116,29,5,Staff,Design,397696244.0,106,Finance,66.57,1
116,29,5,Staff,Design,397696244.0,106,HR,74.53,1
116,29,5,Staff,Design,397696244.0,106,Teamwork,73.42,1
116,29,5,Staff,Design,397696244.0,106,Technical,65.92,1
117,26,3,Staff,Sales,80000000.0,138,Development,72.71,1
117,26,3,Staff,Sales,80000000.0,138,Innovation,58.67,1
117,26,3,Staff,Sales,80000000.0,138,Quality,60.585,1
117,26,3,Staff,Sales,80000000.0,138,Technical,68.48,1
117,26,3,Staff,Sales,80000000.0,138,Time Management,68.1,1
117,26,3,Staff,Sales,120000000.0,152,Attendance,77.47,1
117,26,3,Staff,Sales,120000000.0,152,Development,75.69,1
117,26,3,Staff,Sales,120000000.0,152,Efficiency,68.01,1
117,26,3,Staff,Sales,120000000.0,152,Finance,73.6,1
117,26,3,Staff,Sales,120000000.0,152,Performance,70.91,1
117,26,3,Staff,Sales,120000000.0,152,Quality,70.39,1
117,26,3,Staff,Sales,120000000.0,152,Technical,72.59,1
117,26,3,Staff,Sales,134037811.0,31,Attendance,83.19,1
117,26,3,Staff,Sales,134037811.0,31,HR,70.0,1
117,26,3,Staff,Sales,134037811.0,31,Innovation,78.47,1
117,26,3,Staff,Sales,134037811.0,31,Performance,78.95,1
117,26,3,Staff,Sales,134037811.0,31,Quality,68.41,1
117,26,3,Staff,Sales,190000000.0,241,Attendance,64.29,1
117,26,3,Staff,Sales,190000000.0,241,Development,59.39,1
117,26,3,Staff,Sales,190000000.0,241,Efficiency,62.9,1
117,26,3,Staff,Sales,190000000.0,241,Finance,56.04,1
117,26,3,Staff,Sales,190000000.0,241,HR,61.37,1
117,26,3,Staff,Sales,190000000.0,241,Performance,61.71000000000001,1
117,26,3,Staff,Sales,190000000.0,241,Teamwork,62.445,1
117,26,3,Staff,Sales,190000000.0,241,Time Management,64.985,1
117,26,3,Staff,Sales,204675132.0,174,Attendance,69.28,1
117,26,3,Staff,Sales,204675132.0,174,Development,55.99,1
117,26,3,Staff,Sales,204675132.0,174,HR,64.59,1
117,26,3,Staff,Sales,204675132.0,174,Innovation,59.32,1
117,26,3,Staff,Sales,204675132.0,174,Performance,59.59,1
117,26,3,Staff,Sales,204675132.0,174,Quality,70.66,1
117,26,3,Staff,Sales,204675132.0,174,Teamwork,65.54,1
117,26,3,Staff,Sales,204675132.0,174,Time Management,67.37,1
117,26,3,Staff,Sales,278244747.0,88,Attendance,74.63,1
117,26,3,Staff,Sales,278244747.0,88,Quality,65.7,1
117,26,3,Staff,Sales,278244747.0,88,Teamwork,71.08,1
117,26,3,Staff,Sales,278244747.0,88,Technical,63.425,1
117,26,3,Staff,Sales,369461833.0,321,Finance,64.94,1
117,26,3,Staff,Sales,369461833.0,321,Performance,68.37,1
117,26,3,Staff,Sales,369461833.0,321,Quality,65.81,1
117,26,3,Staff,Sales,369461833.0,321,Time Management,72.84,1
117,26,3,Staff,Sales,500000000.0,356,Attendance,76.41,1
117,26,3,Staff,Sales,500000000.0,356,Development,65.35,1
117,26,3,Staff,Sales,500000000.0,356,HR,65.56,1
117,26,3,Staff,Sales,500000000.0,356,Innovation,63.68,1
117,26,3,Staff,Sales,500000000.0,356,Project,70.92,1
117,26,3,Staff,Sales,500000000.0,356,Technical,71.2,1
118,30,2,Staff,IT,88214342.0,149,Finance,57.57,1
118,30,2,Staff,IT,88214342.0,149,Innovation,60.7,1
118,30,2,Staff,IT,88214342.0,149,Quality,50.18,1
118,30,2,Staff,IT,88214342.0,149,Teamwork,57.66,1
118,30,2,Staff,IT,120000000.0,152,Attendance,56.645,1
118,30,2,Staff,IT,120000000.0,152,Development,58.2,1
118,30,2,Staff,IT,120000000.0,152,Efficiency,62.41,1
118,30,2,Staff,IT,120000000.0,152,Finance,50.5,1
118,30,2,Staff,IT,120000000.0,152,HR,48.59,1
118,30,2,Staff,IT,120000000.0,152,Performance,60.93000000000001,1
118,30,2,Staff,IT,120000000.0,152,Project,54.74,1
118,30,2,Staff,IT,120000000.0,152,Quality,53.156666666666666,1
118,30,2,Staff,IT,120000000.0,152,Teamwork,59.12,1
118,30,2,Staff,IT,130000000.0,303,Attendance,56.44,1
118,30,2,Staff,IT,130000000.0,303,Development,56.120000000000005,1
118,30,2,Staff,IT,130000000.0,303,Efficiency,48.88,1
118,30,2,Staff,IT,130000000.0,303,HR,53.81,1
118,30,2,Staff,IT,130000000.0,303,Quality,53.629999999999995,1
118,30,2,Staff,IT,130000000.0,303,Teamwork,54.02,1
118,30,2,Staff,IT,150000000.0,274,Innovation,46.46,1
118,30,2,Staff,IT,150000000.0,274,Project,46.74,1
118,30,2,Staff,IT,150000000.0,274,Quality,53.45,1
118,30,2,Staff,IT,150000000.0,274,Technical,54.12,1
118,30,2,Staff,IT,150000000.0,274,Time Management,51.79,1
118,30,2,Staff,IT,204675132.0,174,Attendance,59.09,1
118,30,2,Staff,IT,204675132.0,174,HR,61.61,1
118,30,2,Staff,IT,204675132.0,174,Innovation,59.52,1
118,30,2,Staff,IT,204675132.0,174,Performance,56.4,1
118,30,2,Staff,IT,204675132.0,174,Quality,59.11,1
118,30,2,Staff,IT,204675132.0,174,Teamwork,54.47,1
118,30,2,Staff,IT,204675132.0,174,Technical,58.11,1
118,30,2,Staff,IT,291862333.0,334,Attendance,58.406666666666666,1
118,30,2,Staff,IT,291862333.0,334,HR,52.09,1
118,30,2,Staff,IT,291862333.0,334,Quality,55.82666666666666,1
118,30,2,Staff,IT,291862333.0,334,Technical,58.56,1
118,30,2,Staff,IT,291862333.0,334,Time Management,54.64,1
118,30,2,Staff,IT,369461833.0,321,HR,56.58,1
118,30,2,Staff,IT,369461833.0,321,Quality,48.115,1
119,40,8,Manager,Finance,88214342.0,149,Efficiency,91.82,0
119,40,8,Manager,Finance,88214342.0,149,Finance,82.68,0
119,40,8,Manager,Finance,88214342.0,149,HR,98.0,0
119,40,8,Manager,Finance,88214342.0,149,Project,97.87,0
119,40,8,Manager,Finance,88214342.0,149,Teamwork,98.0,0
119,40,8,Manager,Finance,134037811.0,31,HR,97.79,0
119,40,8,Manager,Finance,134037811.0,31,Innovation,89.28,0
119,40,8,Manager,Finance,134037811.0,31,Performance,98.0,0
119,40,8,Manager,Finance,134037811.0,31,Quality,98.0,0
119,40,8,Manager,Finance,150000000.0,274,Efficiency,96.51,0
119,40,8,Manager,Finance,150000000.0,274,Finance,95.39,0
119,40,8,Manager,Finance,150000000.0,274,HR,95.94999999999999,0
119,40,8,Manager,Finance,150000000.0,274,Project,93.46,0
119,40,8,Manager,Finance,150000000.0,274,Quality,95.535,0
119,40,8,Manager,Finance,150000000.0,274,Teamwork,98.0,0
119,40,8,Manager,Finance,150000000.0,274,Time Management,98.0,0
119,40,8,Manager,Finance,190000000.0,241,Attendance,98.0,0
119,40,8,Manager,Finance,190000000.0,241,Efficiency,96.16499999999999,0
119,40,8,Manager,Finance,190000000.0,241,Finance,97.29,0
119,40,8,Manager,Finance,190000000.0,241,Performance,96.77,0
119,40,8,Manager,Finance,190000000.0,241,Quality,96.53999999999999,0
119,40,8,Manager,Finance,291862333.0,334,Attendance,98.0,0
119,40,8,Manager,Finance,291862333.0,334,Development,92.535,0
119,40,8,Manager,Finance,291862333.0,334,Finance,94.41499999999999,0
119,40,8,Manager,Finance,291862333.0,334,Innovation,96.0,0
119,40,8,Manager,Finance,291862333.0,334,Performance,91.49,0
119,40,8,Manager,Finance,291862333.0,334,Project,98.0,0
119,40,8,Manager,Finance,291862333.0,334,Quality,92.44,0
119,40,8,Manager,Finance,291862333.0,334,Teamwork,98.0,0
119,40,8,Manager,Finance,291862333.0,334,Time Management,98.0,0
119,40,8,Manager,Finance,300000000.0,242,Attendance,96.21,0
119,40,8,Manager,Finance,300000000.0,242,Development,85.04,0
119,40,8,Manager,Finance,300000000.0,242,Efficiency,91.9,0
119,40,8,Manager,Finance,300000000.0,242,Finance,88.76,0
119,40,8,Manager,Finance,300000000.0,242,Innovation,93.09,0
119,40,8,Manager,Finance,300000000.0,242,Quality,85.42500000000001,0
119,40,8,Manager,Finance,300000000.0,242,Technical,92.62,0
119,40,8,Manager,Finance,300000000.0,242,Time Management,84.23,0
119,40,8,Manager,Finance,377293102.0,80,Attendance,90.62,0
119,40,8,Manager,Finance,377293102.0,80,Finance,86.41,0
119,40,8,Manager,Finance,377293102.0,80,HR,92.56,0
119,40,8,Manager,Finance,377293102.0,80,Project,91.91,0
119,40,8,Manager,Finance,377293102.0,80,Quality,86.88,0
119,40,8,Manager,Finance,377293102.0,80,Technical,90.71,0
119,40,8,Manager,Finance,404564658.0,71,Development,88.94,0
119,40,8,Manager,Finance,404564658.0,71,Finance,87.81,0
119,40,8,Manager,Finance,404564658.0,71,HR,92.38,0
119,40,8,Manager,Finance,404564658.0,71,Quality,93.055,0
119,40,8,Manager,Finance,404564658.0,71,Teamwork,98.0,0
119,40,8,Manager,Finance,404564658.0,71,Time Management,92.025,0
120,44,11,Manager,Corporate Strategy,50000000.0,211,Efficiency,97.63,0
120,44,11,Manager,Corporate Strategy,50000000.0,211,Finance,98.0,0
120,44,11,Manager,Corporate Strategy,50000000.0,211,HR,98.0,0
120,44,11,Manager,Corporate Strategy,50000000.0,211,Quality,95.56,0
120,44,11,Manager,Corporate Strategy,50000000.0,211,Teamwork,98.0,0
120,44,11,Manager,Corporate Strategy,50000000.0,211,Technical,95.17,0
120,44,11,Manager,Corporate Strategy,110000000.0,199,Efficiency,98.0,0
120,44,11,Manager,Corporate Strategy,110000000.0,199,Innovation,92.54,0
120,44,11,Manager,Corporate Strategy,110000000.0,199,Performance,98.0,0
120,44,11,Manager,Corporate Strategy,120000000.0,152,Attendance,98.0,0
120,44,11,Manager,Corporate Strategy,120000000.0,152,Development,92.69,0
120,44,11,Manager,Corporate Strategy,120000000.0,152,Efficiency,98.0,0
120,44,11,Manager,Corporate Strategy,120000000.0,152,Finance,98.0,0
120,44,11,Manager,Corporate Strategy,120000000.0,152,HR,94.03,0
120,44,11,Manager,Corporate Strategy,120000000.0,152,Innovation,98.0,0
120,44,11,Manager,Corporate Strategy,120000000.0,152,Performance,98.0,0
120,44,11,Manager,Corporate Strategy,120000000.0,152,Project,95.22,0
120,44,11,Manager,Corporate Strategy,120000000.0,152,Quality,95.595,0
120,44,11,Manager,Corporate Strategy,120000000.0,152,Teamwork,95.12,0
120,44,11,Manager,Corporate Strategy,120000000.0,152,Technical,86.32,0
120,44,11,Manager,Corporate Strategy,120000000.0,152,Time Management,95.45,0
120,44,11,Manager,Corporate Strategy,130000000.0,303,HR,93.03,0
120,44,11,Manager,Corporate Strategy,130000000.0,303,Performance,94.07,0
120,44,11,Manager,Corporate Strategy,130000000.0,303,Quality,94.115,0
120,44,11,Manager,Corporate Strategy,130000000.0,303,Teamwork,98.0,0
120,44,11,Manager,Corporate Strategy,130000000.0,303,Technical,90.81,0
120,44,11,Manager,Corporate Strategy,130000000.0,303,Time Management,98.0,0
120,44,11,Manager,Corporate Strategy,200000000.0,167,Development,95.38,0
120,44,11,Manager,Corporate Strategy,200000000.0,167,Efficiency,98.0,0
120,44,11,Manager,Corporate Strategy,200000000.0,167,Finance,97.95,0
120,44,11,Manager,Corporate Strategy,200000000.0,167,Performance,95.56,0
120,44,11,Manager,Corporate Strategy,200000000.0,167,Project,97.38,0
120,44,11,Manager,Corporate Strategy,200000000.0,167,Quality,96.555,0
120,44,11,Manager,Corporate Strategy,200000000.0,167,Time Management,98.0,0
120,44,11,Manager,Corporate Strategy,365962025.0,249,HR,98.0,0
120,44,11,Manager,Corporate Strategy,365962025.0,249,Innovation,95.36,0
120,44,11,Manager,Corporate Strategy,365962025.0,249,Quality,97.16,0
120,44,11,Manager,Corporate Strategy,365962025.0,249,Teamwork,98.0,0
120,44,11,Manager,Corporate Strategy,369461833.0,321,Attendance,98.0,0
120,44,11,Manager,Corporate Strategy,369461833.0,321,Development,98.0,0
120,44,11,Manager,Corporate Strategy,369461833.0,321,HR,97.09,0
120,44,11,Manager,Corporate Strategy,369461833.0,321,Performance,97.74,0
120,44,11,Manager,Corporate Strategy,369461833.0,321,Quality,97.75,0
120,44,11,Manager,Corporate Strategy,369461833.0,321,Teamwork,98.0,0
120,44,11,Manager,Corporate Strategy,369461833.0,321,Time Management,98.0,0
120,44,11,Manager,Corporate Strategy,500000000.0,356,Attendance,98.0,0
120,44,11,Manager,Corporate Strategy,500000000.0,356,Development,94.08,0
120,44,11,Manager,Corporate Strategy,500000000.0,356,Efficiency,98.0,0
120,44,11,Manager,Corporate Strategy,500000000.0,356,Finance,98.0,0
120,44,11,Manager,Corporate Strategy,500000000.0,356,HR,96.09,0
120,44,11,Manager,Corporate Strategy,500000000.0,356,Innovation,92.49,0
120,44,11,Manager,Corporate Strategy,500000000.0,356,Performance,91.14,0
120,44,11,Manager,Corporate Strategy,500000000.0,356,Project,89.99,0
120,44,11,Manager,Corporate Strategy,500000000.0,356,Quality,92.22,0
120,44,11,Manager,Corporate Strategy,500000000.0,356,Technical,96.735,0
121,37,10,Manager,Customer Service,50000000.0,211,Attendance,98.0,0
121,37,10,Manager,Customer Service,50000000.0,211,Development,85.88,0
121,37,10,Manager,Customer Service,50000000.0,211,Finance,97.45,0
121,37,10,Manager,Customer Service,50000000.0,211,HR,92.54,0
121,37,10,Manager,Customer Service,50000000.0,211,Project,97.93,0
121,37,10,Manager,Customer Service,50000000.0,211,Quality,91.21666666666665,0
121,37,10,Manager,Customer Service,50000000.0,211,Technical,88.98,0
121,37,10,Manager,Customer Service,50000000.0,211,Time Management,94.81,0
121,37,10,Manager,Customer Service,110000000.0,199,Attendance,93.755,0
121,37,10,Manager,Customer Service,110000000.0,199,Development,90.73,0
121,37,10,Manager,Customer Service,110000000.0,199,Efficiency,90.45,0
121,37,10,Manager,Customer Service,110000000.0,199,Finance,89.97,0
121,37,10,Manager,Customer Service,110000000.0,199,HR,89.84,0
121,37,10,Manager,Customer Service,110000000.0,199,Performance,92.35,0
121,37,10,Manager,Customer Service,110000000.0,199,Quality,87.91,0
121,37,10,Manager,Customer Service,110000000.0,199,Teamwork,98.0,0
121,37,10,Manager,Customer Service,110000000.0,199,Time Management,96.24000000000001,0
121,37,10,Manager,Customer Service,140000000.0,211,Attendance,93.115,0
121,37,10,Manager,Customer Service,140000000.0,211,Efficiency,92.21,0
121,37,10,Manager,Customer Service,140000000.0,211,Finance,94.25,0
121,37,10,Manager,Customer Service,140000000.0,211,HR,89.46666666666665,0
121,37,10,Manager,Customer Service,140000000.0,211,Innovation,79.95,0
121,37,10,Manager,Customer Service,140000000.0,211,Performance,89.35,0
121,37,10,Manager,Customer Service,140000000.0,211,Quality,87.19666666666667,0
121,37,10,Manager,Customer Service,140000000.0,211,Technical,88.55,0
121,37,10,Manager,Customer Service,140000000.0,211,Time Management,92.43,0
121,37,10,Manager,Customer Service,178776637.0,118,Attendance,97.58,0
121,37,10,Manager,Customer Service,178776637.0,118,Efficiency,96.41,0
121,37,10,Manager,Customer Service,178776637.0,118,HR,97.42,0
121,37,10,Manager,Customer Service,178776637.0,118,Innovation,89.91,0
121,37,10,Manager,Customer Service,178776637.0,118,Quality,93.02,0
121,37,10,Manager,Customer Service,178776637.0,118,Teamwork,98.0,0
121,37,10,Manager,Customer Service,178776637.0,118,Technical,94.62,0
121,37,10,Manager,Customer Service,178776637.0,118,Time Management,93.62,0
121,37,10,Manager,Customer Service,355280620.0,347,Development,91.19,0
121,37,10,Manager,Customer Service,355280620.0,347,Quality,86.925,0
121,37,10,Manager,Customer Service,355280620.0,347,Technical,89.19,0
121,37,10,Manager,Customer Service,355280620.0,347,Time Management,90.75,0
121,37,10,Manager,Customer Service,377293102.0,80,Attendance,98.0,0
121,37,10,Manager,Customer Service,377293102.0,80,Development,92.87,0
121,37,10,Manager,Customer Service,377293102.0,80,Efficiency,87.9,0
121,37,10,Manager,Customer Service,377293102.0,80,Finance,92.13,0
121,37,10,Manager,Customer Service,377293102.0,80,HR,93.25,0
121,37,10,Manager,Customer Service,377293102.0,80,Innovation,88.74000000000001,0
121,37,10,Manager,Customer Service,377293102.0,80,Quality,89.58999999999999,0
121,37,10,Manager,Customer Service,377293102.0,80,Technical,91.86,0
121,37,10,Manager,Customer Service,385820825.0,138,Finance,88.535,0
121,37,10,Manager,Customer Service,385820825.0,138,HR,92.38,0
121,37,10,Manager,Customer Service,385820825.0,138,Innovation,85.87,0
121,37,10,Manager,Customer Service,385820825.0,138,Quality,86.38,0
121,37,10,Manager,Customer Service,385820825.0,138,Teamwork,95.33,0
121,37,10,Manager,Customer Service,385820825.0,138,Technical,84.42,0
121,37,10,Manager,Customer Service,385820825.0,138,Time Management,92.88,0
121,37,10,Manager,Customer Service,466447298.0,297,Attendance,95.00333333333333,0
121,37,10,Manager,Customer Service,466447298.0,297,Development,85.0,0
121,37,10,Manager,Customer Service,466447298.0,297,Efficiency,90.58,0
121,37,10,Manager,Customer Service,466447298.0,297,HR,95.935,0
121,37,10,Manager,Customer Service,466447298.0,297,Performance,92.91,0
121,37,10,Manager,Customer Service,466447298.0,297,Project,93.32,0
121,37,10,Manager,Customer Service,466447298.0,297,Quality,87.37666666666667,0
121,37,10,Manager,Customer Service,466447298.0,297,Technical,87.83,0
121,37,10,Manager,Customer Service,466447298.0,297,Time Management,96.54,0
122,37,7,Senior Staff,Operations,75000000.0,203,Attendance,75.89,1
122,37,7,Senior Staff,Operations,75000000.0,203,Efficiency,68.7,1
122,37,7,Senior Staff,Operations,75000000.0,203,HR,66.84,1
122,37,7,Senior Staff,Operations,75000000.0,203,Performance,64.745,1
122,37,7,Senior Staff,Operations,75000000.0,203,Project,62.5,1
122,37,7,Senior Staff,Operations,75000000.0,203,Quality,69.43,1
122,37,7,Senior Staff,Operations,75000000.0,203,Teamwork,63.15,1
122,37,7,Senior Staff,Operations,75000000.0,203,Technical,71.6,1
122,37,7,Senior Staff,Operations,88214342.0,149,Attendance,83.85,1
122,37,7,Senior Staff,Operations,88214342.0,149,Efficiency,73.16499999999999,1
122,37,7,Senior Staff,Operations,88214342.0,149,Technical,74.86,1
122,37,7,Senior Staff,Operations,90000000.0,244,Attendance,76.56,1
122,37,7,Senior Staff,Operations,90000000.0,244,HR,70.69,1
122,37,7,Senior Staff,Operations,90000000.0,244,Innovation,66.375,1
122,37,7,Senior Staff,Operations,90000000.0,244,Quality,61.07,1
122,37,7,Senior Staff,Operations,90000000.0,244,Time Management,60.39,1
122,37,7,Senior Staff,Operations,130000000.0,303,Attendance,70.205,1
122,37,7,Senior Staff,Operations,130000000.0,303,Efficiency,69.21,1
122,37,7,Senior Staff,Operations,130000000.0,303,HR,69.23,1
122,37,7,Senior Staff,Operations,130000000.0,303,Performance,73.79,1
122,37,7,Senior Staff,Operations,130000000.0,303,Quality,67.35,1
122,37,7,Senior Staff,Operations,130000000.0,303,Teamwork,70.02,1
122,37,7,Senior Staff,Operations,130000000.0,303,Time Management,67.98,1
122,37,7,Senior Staff,Operations,134037811.0,31,Efficiency,76.62,1
122,37,7,Senior Staff,Operations,134037811.0,31,Finance,65.71,1
122,37,7,Senior Staff,Operations,134037811.0,31,Performance,63.58,1
122,37,7,Senior Staff,Operations,134037811.0,31,Quality,65.485,1
122,37,7,Senior Staff,Operations,134037811.0,31,Teamwork,69.53,1
122,37,7,Senior Staff,Operations,134037811.0,31,Technical,66.2,1
122,37,7,Senior Staff,Operations,134037811.0,31,Time Management,74.01,1
122,37,7,Senior Staff,Operations,204675132.0,174,HR,68.24,1
122,37,7,Senior Staff,Operations,204675132.0,174,Innovation,68.46,1
122,37,7,Senior Staff,Operations,204675132.0,174,Project,56.81,1
122,37,7,Senior Staff,Operations,204675132.0,174,Teamwork,73.11,1
122,37,7,Senior Staff,Operations,204675132.0,174,Technical,77.91,1
122,37,7,Senior Staff,Operations,375514309.0,335,Attendance,71.28,1
122,37,7,Senior Staff,Operations,375514309.0,335,Development,65.54,1
122,37,7,Senior Staff,Operations,375514309.0,335,Efficiency,77.38,1
122,37,7,Senior Staff,Operations,375514309.0,335,Finance,65.49,1
122,37,7,Senior Staff,Operations,375514309.0,335,Teamwork,72.2,1
122,37,7,Senior Staff,Operations,472961951.0,350,Attendance,71.21,1
122,37,7,Senior Staff,Operations,472961951.0,350,Development,63.57,1
122,37,7,Senior Staff,Operations,472961951.0,350,HR,78.79,1
122,37,7,Senior Staff,Operations,472961951.0,350,Project,65.74,1
122,37,7,Senior Staff,Operations,472961951.0,350,Quality,65.15333333333334,1
122,37,7,Senior Staff,Operations,472961951.0,350,Teamwork,73.04,1
122,37,7,Senior Staff,Operations,472961951.0,350,Time Management,77.03,1
123,47,13,Manager,Customer Service,90000000.0,244,Attendance,91.94,0
123,47,13,Manager,Customer Service,90000000.0,244,Efficiency,94.64,0
123,47,13,Manager,Customer Service,90000000.0,244,Finance,88.47,0
123,47,13,Manager,Customer Service,90000000.0,244,HR,89.28,0
123,47,13,Manager,Customer Service,90000000.0,244,Innovation,85.78666666666668,0
123,47,13,Manager,Customer Service,90000000.0,244,Performance,90.05,0
123,47,13,Manager,Customer Service,90000000.0,244,Teamwork,94.03,0
123,47,13,Manager,Customer Service,90000000.0,244,Technical,90.6,0
123,47,13,Manager,Customer Service,90000000.0,244,Time Management,89.33500000000001,0
123,47,13,Manager,Customer Service,170000000.0,229,Attendance,89.01,0
123,47,13,Manager,Customer Service,170000000.0,229,Efficiency,89.07,0
123,47,13,Manager,Customer Service,170000000.0,229,HR,95.925,0
123,47,13,Manager,Customer Service,170000000.0,229,Innovation,89.73,0
123,47,13,Manager,Customer Service,170000000.0,229,Project,91.675,0
123,47,13,Manager,Customer Service,170000000.0,229,Quality,89.755,0
123,47,13,Manager,Customer Service,170000000.0,229,Time Management,96.54,0
123,47,13,Manager,Customer Service,204675132.0,174,Attendance,97.24,0
123,47,13,Manager,Customer Service,204675132.0,174,Development,90.305,0
123,47,13,Manager,Customer Service,204675132.0,174,Efficiency,92.88,0
123,47,13,Manager,Customer Service,204675132.0,174,HR,92.23,0
123,47,13,Manager,Customer Service,204675132.0,174,Innovation,89.72,0
123,47,13,Manager,Customer Service,204675132.0,174,Performance,96.61,0
123,47,13,Manager,Customer Service,204675132.0,174,Project,93.43,0
123,47,13,Manager,Customer Service,204675132.0,174,Quality,90.75999999999999,0
123,47,13,Manager,Customer Service,204675132.0,174,Teamwork,91.33,0
123,47,13,Manager,Customer Service,250000000.0,291,Efficiency,87.3,0
123,47,13,Manager,Customer Service,250000000.0,291,Technical,87.45,0
123,47,13,Manager,Customer Service,291862333.0,334,HR,85.96,0
123,47,13,Manager,Customer Service,291868109.0,256,Finance,88.60499999999999,0
123,47,13,Manager,Customer Service,291868109.0,256,HR,93.53,0
123,47,13,Manager,Customer Service,291868109.0,256,Innovation,84.83,0
123,47,13,Manager,Customer Service,291868109.0,256,Project,89.805,0
123,47,13,Manager,Customer Service,291868109.0,256,Quality,87.02,0
123,47,13,Manager,Customer Service,291868109.0,256,Teamwork,94.16,0
123,47,13,Manager,Customer Service,291868109.0,256,Technical,83.85,0
123,47,13,Manager,Customer Service,375514309.0,335,HR,92.05,0
123,47,13,Manager,Customer Service,375514309.0,335,Innovation,92.98,0
123,47,13,Manager,Customer Service,375514309.0,335,Quality,86.63,0
123,47,13,Manager,Customer Service,375514309.0,335,Technical,84.56,0
123,47,13,Manager,Customer Service,375514309.0,335,Time Management,85.48,0
123,47,13,Manager,Customer Service,472961951.0,350,Attendance,98.0,0
123,47,13,Manager,Customer Service,472961951.0,350,Efficiency,90.27,0
123,47,13,Manager,Customer Service,472961951.0,350,Finance,95.75,0
123,47,13,Manager,Customer Service,472961951.0,350,HR,86.64,0
123,47,13,Manager,Customer Service,472961951.0,350,Performance,89.5,0
123,47,13,Manager,Customer Service,472961951.0,350,Quality,87.72666666666667,0
123,47,13,Manager,Customer Service,472961951.0,350,Technical,91.83,0
123,47,13,Manager,Customer Service,472961951.0,350,Time Management,93.33,0
124,27,1,Staff,Marketing,75000000.0,203,Attendance,55.73,1
124,27,1,Staff,Marketing,75000000.0,203,Development,47.68,1
124,27,1,Staff,Marketing,75000000.0,203,Efficiency,48.94,1
124,27,1,Staff,Marketing,75000000.0,203,Finance,50.64,1
124,27,1,Staff,Marketing,75000000.0,203,HR,40.77,1
124,27,1,Staff,Marketing,75000000.0,203,Innovation,43.38,1
124,27,1,Staff,Marketing,75000000.0,203,Project,54.54,1
124,27,1,Staff,Marketing,75000000.0,203,Quality,54.54,1
124,27,1,Staff,Marketing,75000000.0,203,Teamwork,53.03,1
124,27,1,Staff,Marketing,75000000.0,203,Time Management,51.41,1
124,27,1,Staff,Marketing,82017929.0,114,HR,51.8,1
124,27,1,Staff,Marketing,82017929.0,114,Performance,43.87,1
124,27,1,Staff,Marketing,82017929.0,114,Quality,43.5,1
124,27,1,Staff,Marketing,82017929.0,114,Teamwork,50.6,1
124,27,1,Staff,Marketing,120000000.0,152,Attendance,52.67,1
124,27,1,Staff,Marketing,120000000.0,152,Development,47.23,1
124,27,1,Staff,Marketing,120000000.0,152,Efficiency,51.63,1
124,27,1,Staff,Marketing,120000000.0,152,Innovation,49.83,1
124,27,1,Staff,Marketing,120000000.0,152,Performance,56.61,1
124,27,1,Staff,Marketing,120000000.0,152,Quality,48.17,1
124,27,1,Staff,Marketing,120000000.0,152,Teamwork,44.28,1
124,27,1,Staff,Marketing,120000000.0,152,Time Management,55.1,1
124,27,1,Staff,Marketing,190000000.0,241,Attendance,49.92,1
124,27,1,Staff,Marketing,190000000.0,241,Efficiency,55.02,1
124,27,1,Staff,Marketing,190000000.0,241,Innovation,47.83,1
124,27,1,Staff,Marketing,291868109.0,256,HR,54.2675,1
124,27,1,Staff,Marketing,291868109.0,256,Innovation,51.67,1
124,27,1,Staff,Marketing,291868109.0,256,Project,54.48,1
124,27,1,Staff,Marketing,291868109.0,256,Quality,51.0375,1
124,27,1,Staff,Marketing,291868109.0,256,Technical,51.08,1
124,27,1,Staff,Marketing,291868109.0,256,Time Management,55.2,1
124,27,1,Staff,Marketing,369461833.0,321,Attendance,57.7,1
124,27,1,Staff,Marketing,369461833.0,321,Development,53.26,1
124,27,1,Staff,Marketing,369461833.0,321,Finance,47.55,1
124,27,1,Staff,Marketing,369461833.0,321,HR,53.29,1
124,27,1,Staff,Marketing,369461833.0,321,Innovation,51.69,1
124,27,1,Staff,Marketing,369461833.0,321,Performance,45.18,1
124,27,1,Staff,Marketing,369461833.0,321,Project,53.9,1
124,27,1,Staff,Marketing,369461833.0,321,Quality,51.315,1
124,27,1,Staff,Marketing,369461833.0,321,Teamwork,56.78,1
124,27,1,Staff,Marketing,369461833.0,321,Technical,51.08,1
124,27,1,Staff,Marketing,369461833.0,321,Time Management,48.96,1
124,27,1,Staff,Marketing,377293102.0,80,Attendance,51.01,1
124,27,1,Staff,Marketing,377293102.0,80,Finance,49.14,1
124,27,1,Staff,Marketing,377293102.0,80,HR,56.17,1
124,27,1,Staff,Marketing,377293102.0,80,Project,52.620000000000005,1
124,27,1,Staff,Marketing,377293102.0,80,Quality,50.66,1
124,27,1,Staff,Marketing,377293102.0,80,Teamwork,52.65,1
124,27,1,Staff,Marketing,377293102.0,80,Technical,47.58,1
124,27,1,Staff,Marketing,466447298.0,297,Attendance,55.01,1
124,27,1,Staff,Marketing,466447298.0,297,Efficiency,50.715,1
124,27,1,Staff,Marketing,466447298.0,297,Finance,55.35,1
124,27,1,Staff,Marketing,466447298.0,297,Performance,53.38,1
124,27,1,Staff,Marketing,466447298.0,297,Teamwork,51.02,1
125,22,2,Staff,IT,80000000.0,138,Development,67.92,1
125,22,2,Staff,IT,80000000.0,138,Project,66.15,1
125,22,2,Staff,IT,80000000.0,138,Teamwork,75.92,1
125,22,2,Staff,IT,82017929.0,114,Development,69.37,1
125,22,2,Staff,IT,82017929.0,114,Efficiency,63.33,1
125,22,2,Staff,IT,82017929.0,114,HR,66.1,1
125,22,2,Staff,IT,82017929.0,114,Innovation,54.5,1
125,22,2,Staff,IT,82017929.0,114,Performance,67.44,1
125,22,2,Staff,IT,82017929.0,114,Project,61.53,1
125,22,2,Staff,IT,82017929.0,114,Quality,73.58,1
125,22,2,Staff,IT,82017929.0,114,Teamwork,68.89,1
125,22,2,Staff,IT,82017929.0,114,Time Management,62.8,1
125,22,2,Staff,IT,90000000.0,244,Performance,67.51,1
125,22,2,Staff,IT,90000000.0,244,Project,69.73,1
125,22,2,Staff,IT,90000000.0,244,Quality,62.64,1
125,22,2,Staff,IT,90000000.0,244,Teamwork,67.12,1
125,22,2,Staff,IT,95000000.0,211,Development,66.41,1
125,22,2,Staff,IT,95000000.0,211,Teamwork,75.49,1
125,22,2,Staff,IT,95000000.0,211,Time Management,67.46,1
125,22,2,Staff,IT,110000000.0,199,Innovation,65.42,1
125,22,2,Staff,IT,110000000.0,199,Performance,65.04,1
125,22,2,Staff,IT,110000000.0,199,Technical,61.4,1
125,22,2,Staff,IT,110000000.0,199,Time Management,60.24,1
125,22,2,Staff,IT,369461833.0,321,Development,61.11,1
125,22,2,Staff,IT,369461833.0,321,Finance,64.83,1
125,22,2,Staff,IT,369461833.0,321,HR,70.18,1
125,22,2,Staff,IT,369461833.0,321,Project,68.145,1
125,22,2,Staff,IT,369461833.0,321,Technical,69.25,1
125,22,2,Staff,IT,375514309.0,335,Attendance,73.77,1
125,22,2,Staff,IT,375514309.0,335,Development,64.76,1
125,22,2,Staff,IT,375514309.0,335,Efficiency,64.35,1
125,22,2,Staff,IT,375514309.0,335,Finance,66.07,1
125,22,2,Staff,IT,375514309.0,335,Project,65.43,1
125,22,2,Staff,IT,375514309.0,335,Quality,71.35166666666667,1
125,22,2,Staff,IT,375514309.0,335,Teamwork,73.9,1
125,22,2,Staff,IT,375514309.0,335,Technical,72.23,1
125,22,2,Staff,IT,375514309.0,335,Time Management,69.6,1
126,41,10,Manager,Operations,60000000.0,214,Attendance,98.0,0
126,41,10,Manager,Operations,60000000.0,214,Development,90.71,0
126,41,10,Manager,Operations,60000000.0,214,Finance,97.02,0
126,41,10,Manager,Operations,60000000.0,214,HR,98.0,0
126,41,10,Manager,Operations,60000000.0,214,Performance,87.67,0
126,41,10,Manager,Operations,60000000.0,214,Teamwork,94.7,0
126,41,10,Manager,Operations,60000000.0,214,Technical,93.65,0
126,41,10,Manager,Operations,82017929.0,114,Attendance,98.0,0
126,41,10,Manager,Operations,82017929.0,114,HR,92.93,0
126,41,10,Manager,Operations,82017929.0,114,Performance,98.0,0
126,41,10,Manager,Operations,82017929.0,114,Quality,89.005,0
126,41,10,Manager,Operations,82017929.0,114,Teamwork,95.4,0
126,41,10,Manager,Operations,82017929.0,114,Technical,89.2,0
126,41,10,Manager,Operations,95000000.0,211,Attendance,96.38,0
126,41,10,Manager,Operations,95000000.0,211,Finance,98.0,0
126,41,10,Manager,Operations,95000000.0,211,HR,91.19,0
126,41,10,Manager,Operations,95000000.0,211,Performance,94.7,0
126,41,10,Manager,Operations,95000000.0,211,Quality,94.91999999999999,0
126,41,10,Manager,Operations,95000000.0,211,Time Management,87.39,0
126,41,10,Manager,Operations,130000000.0,303,Attendance,98.0,0
126,41,10,Manager,Operations,130000000.0,303,Development,90.055,0
126,41,10,Manager,Operations,130000000.0,303,Efficiency,97.7,0
126,41,10,Manager,Operations,130000000.0,303,Finance,86.06,0
126,41,10,Manager,Operations,130000000.0,303,Performance,95.67,0
126,41,10,Manager,Operations,130000000.0,303,Quality,93.19,0
126,41,10,Manager,Operations,130000000.0,303,Time Management,97.44,0
126,41,10,Manager,Operations,150000000.0,274,HR,93.19,0
126,41,10,Manager,Operations,150000000.0,274,Performance,89.45,0
126,41,10,Manager,Operations,150000000.0,274,Quality,89.15,0
126,41,10,Manager,Operations,150000000.0,274,Teamwork,98.0,0
126,41,10,Manager,Operations,291862333.0,334,Attendance,98.0,0
126,41,10,Manager,Operations,291862333.0,334,Efficiency,95.495,0
126,41,10,Manager,Operations,291862333.0,334,HR,97.0,0
126,41,10,Manager,Operations,291862333.0,334,Innovation,98.0,0
126,41,10,Manager,Operations,291862333.0,334,Performance,90.28,0
126,41,10,Manager,Operations,291862333.0,334,Quality,94.234,0
126,41,10,Manager,Operations,291862333.0,334,Teamwork,96.41333333333334,0
126,41,10,Manager,Operations,291862333.0,334,Technical,98.0,0
126,41,10,Manager,Operations,291862333.0,334,Time Management,93.89,0
126,41,10,Manager,Operations,300000000.0,242,Efficiency,93.35,0
126,41,10,Manager,Operations,300000000.0,242,HR,93.77,0
126,41,10,Manager,Operations,300000000.0,242,Innovation,92.09,0
126,41,10,Manager,Operations,300000000.0,242,Performance,92.15,0
126,41,10,Manager,Operations,300000000.0,242,Project,94.89,0
126,41,10,Manager,Operations,300000000.0,242,Quality,90.815,0
126,41,10,Manager,Operations,300000000.0,242,Technical,92.05,0
126,41,10,Manager,Operations,493794225.0,102,Development,92.39,0
126,41,10,Manager,Operations,493794225.0,102,Efficiency,89.0,0
126,41,10,Manager,Operations,493794225.0,102,Finance,86.315,0
126,41,10,Manager,Operations,493794225.0,102,HR,94.45,0
126,41,10,Manager,Operations,493794225.0,102,Innovation,88.98,0
126,41,10,Manager,Operations,493794225.0,102,Quality,90.345,0
126,41,10,Manager,Operations,493794225.0,102,Teamwork,98.0,0
126,41,10,Manager,Operations,493794225.0,102,Technical,89.34,0
126,41,10,Manager,Operations,493794225.0,102,Time Management,95.0,0
127,48,11,Manager,Production,90000000.0,244,Attendance,98.0,0
127,48,11,Manager,Production,90000000.0,244,Quality,91.64500000000001,0
127,48,11,Manager,Production,110000000.0,199,Attendance,98.0,0
127,48,11,Manager,Production,110000000.0,199,Efficiency,97.185,0
127,48,11,Manager,Production,110000000.0,199,Finance,91.31,0
127,48,11,Manager,Production,110000000.0,199,Quality,90.50999999999999,0
127,48,11,Manager,Production,110000000.0,199,Teamwork,88.41,0
127,48,11,Manager,Production,110000000.0,199,Technical,97.59,0
127,48,11,Manager,Production,140000000.0,211,Development,87.51,0
127,48,11,Manager,Production,140000000.0,211,Efficiency,95.28,0
127,48,11,Manager,Production,140000000.0,211,Finance,94.04,0
127,48,11,Manager,Production,140000000.0,211,Innovation,89.71000000000001,0
127,48,11,Manager,Production,140000000.0,211,Performance,93.0,0
127,48,11,Manager,Production,140000000.0,211,Project,92.77,0
127,48,11,Manager,Production,140000000.0,211,Quality,93.94,0
127,48,11,Manager,Production,140000000.0,211,Teamwork,93.74,0
127,48,11,Manager,Production,180000000.0,193,Attendance,96.65,0
127,48,11,Manager,Production,180000000.0,193,Efficiency,95.2,0
127,48,11,Manager,Production,180000000.0,193,HR,96.515,0
127,48,11,Manager,Production,180000000.0,193,Quality,95.13,0
127,48,11,Manager,Production,180000000.0,193,Teamwork,89.91,0
127,48,11,Manager,Production,180000000.0,193,Technical,95.57,0
127,48,11,Manager,Production,180000000.0,193,Time Management,92.075,0
127,48,11,Manager,Production,206368642.0,46,Development,92.09,0
127,48,11,Manager,Production,206368642.0,46,Efficiency,96.24000000000001,0
127,48,11,Manager,Production,206368642.0,46,Finance,94.47,0
127,48,11,Manager,Production,206368642.0,46,Teamwork,94.5,0
127,48,11,Manager,Production,291868109.0,256,Development,91.28,0
127,48,11,Manager,Production,291868109.0,256,Efficiency,89.32,0
127,48,11,Manager,Production,291868109.0,256,Finance,91.62,0
127,48,11,Manager,Production,291868109.0,256,HR,90.81,0
127,48,11,Manager,Production,291868109.0,256,Innovation,97.21,0
127,48,11,Manager,Production,291868109.0,256,Performance,98.0,0
127,48,11,Manager,Production,291868109.0,256,Quality,89.41,0
127,48,11,Manager,Production,291868109.0,256,Technical,94.06,0
127,48,11,Manager,Production,291868109.0,256,Time Management,98.0,0
127,48,11,Manager,Production,466447298.0,297,Development,88.47,0
127,48,11,Manager,Production,466447298.0,297,Innovation,91.63,0
127,48,11,Manager,Production,466447298.0,297,Project,92.83,0
127,48,11,Manager,Production,466447298.0,297,Quality,89.65,0
127,48,11,Manager,Production,493794225.0,102,Attendance,92.53,0
127,48,11,Manager,Production,493794225.0,102,Development,88.35,0
127,48,11,Manager,Production,493794225.0,102,Finance,91.0,0
127,48,11,Manager,Production,493794225.0,102,HR,89.97,0
127,48,11,Manager,Production,493794225.0,102,Performance,91.71,0
127,48,11,Manager,Production,493794225.0,102,Project,89.995,0
127,48,11,Manager,Production,493794225.0,102,Quality,88.48,0
127,48,11,Manager,Production,493794225.0,102,Teamwork,98.0,0
127,48,11,Manager,Production,493794225.0,102,Technical,93.39,0
127,48,11,Manager,Production,493794225.0,102,Time Management,90.56,0
128,29,1,Staff,Design,50000000.0,211,Efficiency,40.8,1
128,29,1,Staff,Design,50000000.0,211,Finance,50.81,1
128,29,1,Staff,Design,50000000.0,211,Innovation,57.03,1
128,29,1,Staff,Design,50000000.0,211,Performance,43.63,1
128,29,1,Staff,Design,50000000.0,211,Project,57.85,1
128,29,1,Staff,Design,50000000.0,211,Quality,49.29,1
128,29,1,Staff,Design,50000000.0,211,Technical,47.37,1
128,29,1,Staff,Design,50000000.0,211,Time Management,54.06,1
128,29,1,Staff,Design,82017929.0,114,Attendance,44.35,1
128,29,1,Staff,Design,82017929.0,114,HR,50.425,1
128,29,1,Staff,Design,82017929.0,114,Quality,44.82333333333333,1
128,29,1,Staff,Design,130000000.0,303,HR,58.73,1
128,29,1,Staff,Design,130000000.0,303,Innovation,48.7,1
128,29,1,Staff,Design,130000000.0,303,Time Management,40.84,1
128,29,1,Staff,Design,150000000.0,274,Development,48.58,1
128,29,1,Staff,Design,150000000.0,274,Efficiency,47.78,1
128,29,1,Staff,Design,150000000.0,274,Finance,47.71,1
128,29,1,Staff,Design,150000000.0,274,Innovation,44.29,1
128,29,1,Staff,Design,150000000.0,274,Quality,47.166666666666664,1
128,29,1,Staff,Design,150000000.0,274,Technical,58.82,1
128,29,1,Staff,Design,150000000.0,274,Time Management,48.55,1
128,29,1,Staff,Design,291868109.0,256,Development,50.12,1
128,29,1,Staff,Design,291868109.0,256,Efficiency,54.36,1
128,29,1,Staff,Design,291868109.0,256,Finance,47.45,1
128,29,1,Staff,Design,291868109.0,256,HR,51.965,1
128,29,1,Staff,Design,291868109.0,256,Quality,46.33,1
128,29,1,Staff,Design,375514309.0,335,Efficiency,44.13,1
128,29,1,Staff,Design,375514309.0,335,Innovation,45.58,1
128,29,1,Staff,Design,397696244.0,106,Attendance,51.1,1
128,29,1,Staff,Design,397696244.0,106,Development,49.4,1
128,29,1,Staff,Design,397696244.0,106,Efficiency,49.8,1
128,29,1,Staff,Design,397696244.0,106,HR,45.81,1
128,29,1,Staff,Design,397696244.0,106,Quality,51.06666666666666,1
128,29,1,Staff,Design,397696244.0,106,Technical,46.71,1
128,29,1,Staff,Design,397696244.0,106,Time Management,45.42,1
128,29,1,Staff,Design,472961951.0,350,Project,56.78,1
129,23,2,Staff,Design,50000000.0,211,Development,47.614999999999995,1
129,23,2,Staff,Design,50000000.0,211,Efficiency,51.72,1
129,23,2,Staff,Design,50000000.0,211,Finance,47.245000000000005,1
129,23,2,Staff,Design,50000000.0,211,HR,44.31,1
129,23,2,Staff,Design,50000000.0,211,Innovation,43.07,1
129,23,2,Staff,Design,50000000.0,211,Performance,50.69,1
129,23,2,Staff,Design,50000000.0,211,Project,46.76,1
129,23,2,Staff,Design,50000000.0,211,Quality,46.36666666666667,1
129,23,2,Staff,Design,50000000.0,211,Time Management,56.155,1
129,23,2,Staff,Design,75000000.0,203,Attendance,55.09,1
129,23,2,Staff,Design,75000000.0,203,Finance,43.41,1
129,23,2,Staff,Design,75000000.0,203,HR,52.37,1
129,23,2,Staff,Design,75000000.0,203,Innovation,52.02,1
129,23,2,Staff,Design,75000000.0,203,Performance,51.77,1
129,23,2,Staff,Design,75000000.0,203,Project,59.16,1
129,23,2,Staff,Design,75000000.0,203,Quality,38.32,1
129,23,2,Staff,Design,75000000.0,203,Time Management,56.28,1
129,23,2,Staff,Design,110000000.0,199,Development,45.45,1
129,23,2,Staff,Design,110000000.0,199,Performance,54.77,1
129,23,2,Staff,Design,110000000.0,199,Quality,46.93,1
129,23,2,Staff,Design,206368642.0,46,Attendance,52.55,1
129,23,2,Staff,Design,206368642.0,46,Efficiency,46.39,1
129,23,2,Staff,Design,206368642.0,46,Finance,49.27,1
129,23,2,Staff,Design,206368642.0,46,Performance,48.78,1
129,23,2,Staff,Design,206368642.0,46,Quality,41.75,1
129,23,2,Staff,Design,206368642.0,46,Time Management,38.58,1
129,23,2,Staff,Design,369461833.0,321,Finance,52.23,1
129,23,2,Staff,Design,369461833.0,321,HR,57.09,1
129,23,2,Staff,Design,369461833.0,321,Innovation,39.57,1
129,23,2,Staff,Design,369461833.0,321,Project,53.8,1
129,23,2,Staff,Design,369461833.0,321,Quality,53.185,1
129,23,2,Staff,Design,375514309.0,335,Attendance,57.65,1
129,23,2,Staff,Design,375514309.0,335,Development,50.09,1
129,23,2,Staff,Design,375514309.0,335,Finance,45.45,1
129,23,2,Staff,Design,375514309.0,335,HR,49.19,1
129,23,2,Staff,Design,375514309.0,335,Innovation,46.59,1
129,23,2,Staff,Design,375514309.0,335,Performance,53.605000000000004,1
129,23,2,Staff,Design,375514309.0,335,Quality,44.76,1
129,23,2,Staff,Design,375514309.0,335,Technical,48.04,1
129,23,2,Staff,Design,375514309.0,335,Time Management,42.57,1
129,23,2,Staff,Design,377293102.0,80,Attendance,48.6,1
129,23,2,Staff,Design,377293102.0,80,Development,37.71,1
129,23,2,Staff,Design,377293102.0,80,Efficiency,51.48,1
129,23,2,Staff,Design,377293102.0,80,HR,47.73,1
129,23,2,Staff,Design,377293102.0,80,Innovation,46.09,1
129,23,2,Staff,Design,377293102.0,80,Performance,46.835,1
129,23,2,Staff,Design,377293102.0,80,Project,47.11,1
129,23,2,Staff,Design,377293102.0,80,Teamwork,53.13,1
129,23,2,Staff,Design,377293102.0,80,Technical,51.91,1
129,23,2,Staff,Design,377293102.0,80,Time Management,52.3,1
129,23,2,Staff,Design,385820825.0,138,Attendance,55.45,1
129,23,2,Staff,Design,385820825.0,138,Development,44.915,1
129,23,2,Staff,Design,385820825.0,138,Efficiency,55.84,1
129,23,2,Staff,Design,385820825.0,138,Finance,52.97,1
129,23,2,Staff,Design,385820825.0,138,Performance,46.0,1
129,23,2,Staff,Design,385820825.0,138,Project,47.955,1
129,23,2,Staff,Design,385820825.0,138,Quality,57.4,1
129,23,2,Staff,Design,385820825.0,138,Technical,54.49,1
130,43,15,Senior Manager,Design,50000000.0,211,Innovation,96.08,0
130,43,15,Senior Manager,Design,80000000.0,138,Efficiency,98.0,0
130,43,15,Senior Manager,Design,80000000.0,138,Finance,98.0,0
130,43,15,Senior Manager,Design,80000000.0,138,HR,98.0,0
130,43,15,Senior Manager,Design,80000000.0,138,Quality,98.0,0
130,43,15,Senior Manager,Design,80000000.0,138,Teamwork,98.0,0
130,43,15,Senior Manager,Design,206368642.0,46,Efficiency,98.0,0
130,43,15,Senior Manager,Design,206368642.0,46,HR,98.0,0
130,43,15,Senior Manager,Design,206368642.0,46,Innovation,98.0,0
130,43,15,Senior Manager,Design,206368642.0,46,Project,98.0,0
130,43,15,Senior Manager,Design,206368642.0,46,Quality,98.0,0
130,43,15,Senior Manager,Design,206368642.0,46,Teamwork,98.0,0
130,43,15,Senior Manager,Design,206368642.0,46,Technical,98.0,0
130,43,15,Senior Manager,Design,206368642.0,46,Time Management,98.0,0
130,43,15,Senior Manager,Design,377293102.0,80,Development,98.0,0
130,43,15,Senior Manager,Design,377293102.0,80,Finance,98.0,0
130,43,15,Senior Manager,Design,377293102.0,80,Innovation,98.0,0
130,43,15,Senior Manager,Design,377293102.0,80,Quality,98.0,0
130,43,15,Senior Manager,Design,377293102.0,80,Teamwork,98.0,0
130,43,15,Senior Manager,Design,397696244.0,106,Finance,98.0,0
130,43,15,Senior Manager,Design,397696244.0,106,Innovation,98.0,0
130,43,15,Senior Manager,Design,397696244.0,106,Performance,98.0,0
130,43,15,Senior Manager,Design,397696244.0,106,Project,98.0,0
130,43,15,Senior Manager,Design,397696244.0,106,Quality,98.0,0
130,43,15,Senior Manager,Design,397696244.0,106,Time Management,98.0,0
130,43,15,Senior Manager,Design,400000000.0,259,Attendance,98.0,0
130,43,15,Senior Manager,Design,400000000.0,259,Development,98.0,0
130,43,15,Senior Manager,Design,400000000.0,259,Efficiency,98.0,0
130,43,15,Senior Manager,Design,400000000.0,259,HR,98.0,0
130,43,15,Senior Manager,Design,400000000.0,259,Innovation,98.0,0
130,43,15,Senior Manager,Design,400000000.0,259,Quality,98.0,0
130,43,15,Senior Manager,Design,400000000.0,259,Technical,98.0,0
130,43,15,Senior Manager,Design,404564658.0,71,Finance,98.0,0
130,43,15,Senior Manager,Design,404564658.0,71,HR,98.0,0
130,43,15,Senior Manager,Design,404564658.0,71,Innovation,98.0,0
130,43,15,Senior Manager,Design,404564658.0,71,Performance,98.0,0
130,43,15,Senior Manager,Design,404564658.0,71,Project,98.0,0
130,43,15,Senior Manager,Design,404564658.0,71,Quality,97.845,0
130,43,15,Senior Manager,Design,404564658.0,71,Teamwork,98.0,0
130,43,15,Senior Manager,Design,404564658.0,71,Time Management,98.0,0
130,43,15,Senior Manager,Design,472961951.0,350,Attendance,98.0,0
130,43,15,Senior Manager,Design,472961951.0,350,Development,98.0,0
130,43,15,Senior Manager,Design,472961951.0,350,Efficiency,98.0,0
130,43,15,Senior Manager,Design,472961951.0,350,Finance,98.0,0
130,43,15,Senior Manager,Design,472961951.0,350,Performance,98.0,0
130,43,15,Senior Manager,Design,472961951.0,350,Project,98.0,0
130,43,15,Senior Manager,Design,472961951.0,350,Quality,98.0,0
131,22,1,Staff,IT,110000000.0,199,Attendance,51.63,1
131,22,1,Staff,IT,110000000.0,199,Development,56.47,1
131,22,1,Staff,IT,110000000.0,199,Efficiency,57.16,1
131,22,1,Staff,IT,110000000.0,199,HR,56.31999999999999,1
131,22,1,Staff,IT,110000000.0,199,Performance,51.8,1
131,22,1,Staff,IT,110000000.0,199,Quality,56.36,1
131,22,1,Staff,IT,110000000.0,199,Teamwork,54.385000000000005,1
131,22,1,Staff,IT,110000000.0,199,Technical,54.67,1
131,22,1,Staff,IT,110000000.0,199,Time Management,54.14000000000001,1
131,22,1,Staff,IT,130000000.0,303,Development,55.32,1
131,22,1,Staff,IT,130000000.0,303,Finance,44.21,1
131,22,1,Staff,IT,130000000.0,303,Project,63.27,1
131,22,1,Staff,IT,140000000.0,211,Development,45.08,1
131,22,1,Staff,IT,140000000.0,211,Performance,46.49,1
131,22,1,Staff,IT,140000000.0,211,Quality,49.614999999999995,1
131,22,1,Staff,IT,178776637.0,118,Project,58.91,1
131,22,1,Staff,IT,190000000.0,241,Development,57.78,1
131,22,1,Staff,IT,190000000.0,241,Efficiency,52.08,1
131,22,1,Staff,IT,190000000.0,241,Finance,47.94,1
131,22,1,Staff,IT,190000000.0,241,Innovation,52.65,1
131,22,1,Staff,IT,190000000.0,241,Performance,52.1,1
131,22,1,Staff,IT,190000000.0,241,Quality,57.43,1
131,22,1,Staff,IT,190000000.0,241,Teamwork,65.62,1
131,22,1,Staff,IT,190000000.0,241,Technical,46.54,1
131,22,1,Staff,IT,190000000.0,241,Time Management,61.25,1
131,22,1,Staff,IT,365962025.0,249,HR,43.11,1
131,22,1,Staff,IT,365962025.0,249,Project,50.36,1
131,22,1,Staff,IT,365962025.0,249,Quality,58.83,1
131,22,1,Staff,IT,365962025.0,249,Teamwork,55.31,1
131,22,1,Staff,IT,365962025.0,249,Time Management,56.86,1
131,22,1,Staff,IT,472961951.0,350,Attendance,60.86,1
131,22,1,Staff,IT,472961951.0,350,Development,60.66,1
131,22,1,Staff,IT,472961951.0,350,Efficiency,59.39,1
131,22,1,Staff,IT,472961951.0,350,HR,60.71,1
131,22,1,Staff,IT,472961951.0,350,Innovation,44.25,1
131,22,1,Staff,IT,472961951.0,350,Performance,51.175,1
131,22,1,Staff,IT,472961951.0,350,Project,48.9,1
131,22,1,Staff,IT,472961951.0,350,Quality,55.27,1
131,22,1,Staff,IT,472961951.0,350,Teamwork,58.39,1
131,22,1,Staff,IT,472961951.0,350,Time Management,61.07,1
131,22,1,Staff,IT,500000000.0,356,Attendance,62.65,1
132,22,2,Staff,Marketing,80000000.0,138,Development,46.69,1
132,22,2,Staff,Marketing,80000000.0,138,HR,56.6,1
132,22,2,Staff,Marketing,80000000.0,138,Innovation,48.565,1
132,22,2,Staff,Marketing,80000000.0,138,Performance,50.66,1
132,22,2,Staff,Marketing,80000000.0,138,Project,45.11,1
132,22,2,Staff,Marketing,80000000.0,138,Quality,54.605000000000004,1
132,22,2,Staff,Marketing,80000000.0,138,Technical,50.01,1
132,22,2,Staff,Marketing,170000000.0,229,Efficiency,57.44,1
132,22,2,Staff,Marketing,170000000.0,229,Innovation,51.92,1
132,22,2,Staff,Marketing,170000000.0,229,Project,55.62,1
132,22,2,Staff,Marketing,170000000.0,229,Quality,52.91,1
132,22,2,Staff,Marketing,190000000.0,241,Attendance,54.02,1
132,22,2,Staff,Marketing,190000000.0,241,HR,47.99,1
132,22,2,Staff,Marketing,190000000.0,241,Project,51.93,1
132,22,2,Staff,Marketing,190000000.0,241,Quality,49.505,1
132,22,2,Staff,Marketing,190000000.0,241,Technical,44.5,1
132,22,2,Staff,Marketing,190000000.0,241,Time Management,54.77,1
132,22,2,Staff,Marketing,206368642.0,46,Attendance,57.06,1
132,22,2,Staff,Marketing,206368642.0,46,Efficiency,47.7,1
132,22,2,Staff,Marketing,206368642.0,46,Finance,45.73,1
132,22,2,Staff,Marketing,206368642.0,46,HR,49.995,1
132,22,2,Staff,Marketing,206368642.0,46,Innovation,46.53,1
132,22,2,Staff,Marketing,206368642.0,46,Performance,58.205,1
132,22,2,Staff,Marketing,206368642.0,46,Quality,42.01,1
132,22,2,Staff,Marketing,220000000.0,225,HR,57.51,1
132,22,2,Staff,Marketing,220000000.0,225,Quality,44.64,1
132,22,2,Staff,Marketing,300000000.0,242,Innovation,44.18,1
132,22,2,Staff,Marketing,300000000.0,242,Project,43.08,1
132,22,2,Staff,Marketing,365962025.0,249,Quality,40.27,1
132,22,2,Staff,Marketing,466447298.0,297,Development,49.1,1
132,22,2,Staff,Marketing,466447298.0,297,Finance,47.01,1
132,22,2,Staff,Marketing,466447298.0,297,HR,55.46,1
132,22,2,Staff,Marketing,466447298.0,297,Innovation,47.44,1
132,22,2,Staff,Marketing,466447298.0,297,Performance,56.07666666666666,1
132,22,2,Staff,Marketing,466447298.0,297,Project,55.63,1
132,22,2,Staff,Marketing,466447298.0,297,Quality,51.29,1
132,22,2,Staff,Marketing,466447298.0,297,Teamwork,55.51,1
133,30,4,Staff,Operations,80000000.0,138,Attendance,65.735,1
133,30,4,Staff,Operations,80000000.0,138,Efficiency,70.26,1
133,30,4,Staff,Operations,80000000.0,138,Performance,63.365,1
133,30,4,Staff,Operations,80000000.0,138,Quality,62.27,1
133,30,4,Staff,Operations,80000000.0,138,Teamwork,65.86,1
133,30,4,Staff,Operations,80000000.0,138,Technical,69.32,1
133,30,4,Staff,Operations,88214342.0,149,Attendance,76.06,1
133,30,4,Staff,Operations,88214342.0,149,Development,67.31,1
133,30,4,Staff,Operations,88214342.0,149,HR,60.28,1
133,30,4,Staff,Operations,88214342.0,149,Quality,58.295,1
133,30,4,Staff,Operations,90000000.0,244,Development,62.3,1
133,30,4,Staff,Operations,90000000.0,244,Efficiency,66.66,1
133,30,4,Staff,Operations,90000000.0,244,Finance,63.185,1
133,30,4,Staff,Operations,90000000.0,244,Performance,66.98,1
133,30,4,Staff,Operations,90000000.0,244,Quality,72.94,1
133,30,4,Staff,Operations,90000000.0,244,Time Management,65.3,1
133,30,4,Staff,Operations,150000000.0,274,Development,66.21,1
133,30,4,Staff,Operations,150000000.0,274,Finance,68.85,1
133,30,4,Staff,Operations,150000000.0,274,HR,72.33,1
133,30,4,Staff,Operations,150000000.0,274,Innovation,53.35,1
133,30,4,Staff,Operations,150000000.0,274,Performance,69.68,1
133,30,4,Staff,Operations,150000000.0,274,Project,58.99,1
133,30,4,Staff,Operations,150000000.0,274,Quality,56.83,1
133,30,4,Staff,Operations,150000000.0,274,Teamwork,66.46,1
133,30,4,Staff,Operations,150000000.0,274,Time Management,65.63,1
133,30,4,Staff,Operations,278244747.0,88,Efficiency,65.57,1
133,30,4,Staff,Operations,278244747.0,88,Finance,62.6,1
133,30,4,Staff,Operations,278244747.0,88,HR,70.13,1
133,30,4,Staff,Operations,278244747.0,88,Innovation,62.69,1
133,30,4,Staff,Operations,278244747.0,88,Quality,69.34166666666667,1
133,30,4,Staff,Operations,278244747.0,88,Teamwork,75.62,1
133,30,4,Staff,Operations,278244747.0,88,Technical,68.955,1
133,30,4,Staff,Operations,278244747.0,88,Time Management,59.83,1
133,30,4,Staff,Operations,291862333.0,334,Development,67.72,1
133,30,4,Staff,Operations,291862333.0,334,Innovation,59.58,1
133,30,4,Staff,Operations,291862333.0,334,Project,71.65,1
133,30,4,Staff,Operations,355280620.0,347,Innovation,58.43,1
133,30,4,Staff,Operations,355280620.0,347,Quality,69.67,1
133,30,4,Staff,Operations,355280620.0,347,Technical,65.92,1
133,30,4,Staff,Operations,375514309.0,335,Efficiency,60.32,1
133,30,4,Staff,Operations,375514309.0,335,HR,64.32,1
133,30,4,Staff,Operations,375514309.0,335,Innovation,60.42,1
133,30,4,Staff,Operations,375514309.0,335,Performance,65.23,1
133,30,4,Staff,Operations,375514309.0,335,Quality,68.11,1
133,30,4,Staff,Operations,375514309.0,335,Teamwork,62.51,1
133,30,4,Staff,Operations,375514309.0,335,Time Management,71.66,1
134,22,3,Staff,Research & Development,75000000.0,203,Development,64.11,1
134,22,3,Staff,Research & Development,75000000.0,203,Project,70.33,1
134,22,3,Staff,Research & Development,75000000.0,203,Quality,72.11500000000001,1
134,22,3,Staff,Research & Development,95000000.0,211,Efficiency,72.58,1
134,22,3,Staff,Research & Development,95000000.0,211,HR,64.65,1
134,22,3,Staff,Research & Development,95000000.0,211,Quality,74.6,1
134,22,3,Staff,Research & Development,95000000.0,211,Technical,70.72,1
134,22,3,Staff,Research & Development,120000000.0,152,Finance,66.43,1
134,22,3,Staff,Research & Development,120000000.0,152,HR,78.07,1
134,22,3,Staff,Research & Development,120000000.0,152,Quality,64.77,1
134,22,3,Staff,Research & Development,120000000.0,152,Technical,66.18,1
134,22,3,Staff,Research & Development,120000000.0,152,Time Management,69.51,1
134,22,3,Staff,Research & Development,180000000.0,193,Attendance,74.82,1
134,22,3,Staff,Research & Development,180000000.0,193,Development,64.315,1
134,22,3,Staff,Research & Development,180000000.0,193,Efficiency,66.595,1
134,22,3,Staff,Research & Development,180000000.0,193,HR,69.37,1
134,22,3,Staff,Research & Development,180000000.0,193,Performance,68.33,1
134,22,3,Staff,Research & Development,180000000.0,193,Quality,67.92500000000001,1
134,22,3,Staff,Research & Development,180000000.0,193,Teamwork,71.07666666666667,1
134,22,3,Staff,Research & Development,180000000.0,193,Technical,73.035,1
134,22,3,Staff,Research & Development,180000000.0,193,Time Management,76.43,1
134,22,3,Staff,Research & Development,204675132.0,174,Attendance,77.37,1
134,22,3,Staff,Research & Development,204675132.0,174,Development,66.84,1
134,22,3,Staff,Research & Development,204675132.0,174,Efficiency,72.06,1
134,22,3,Staff,Research & Development,204675132.0,174,Innovation,65.46,1
134,22,3,Staff,Research & Development,204675132.0,174,Project,72.55,1
134,22,3,Staff,Research & Development,204675132.0,174,Quality,75.72999999999999,1
134,22,3,Staff,Research & Development,204675132.0,174,Time Management,71.67,1
134,22,3,Staff,Research & Development,206368642.0,46,Development,71.8,1
134,22,3,Staff,Research & Development,206368642.0,46,Finance,74.15,1
134,22,3,Staff,Research & Development,206368642.0,46,HR,71.29,1
134,22,3,Staff,Research & Development,206368642.0,46,Project,69.1,1
134,22,3,Staff,Research & Development,206368642.0,46,Quality,67.31,1
134,22,3,Staff,Research & Development,206368642.0,46,Technical,72.31,1
134,22,3,Staff,Research & Development,206368642.0,46,Time Management,70.77,1
134,22,3,Staff,Research & Development,397696244.0,106,Attendance,66.5,1
134,22,3,Staff,Research & Development,397696244.0,106,Finance,60.99,1
134,22,3,Staff,Research & Development,397696244.0,106,HR,65.94,1
134,22,3,Staff,Research & Development,397696244.0,106,Project,70.64,1
134,22,3,Staff,Research & Development,397696244.0,106,Quality,63.32,1
134,22,3,Staff,Research & Development,397696244.0,106,Time Management,72.20500000000001,1
134,22,3,Staff,Research & Development,400000000.0,259,Development,60.43,1
134,22,3,Staff,Research & Development,400000000.0,259,HR,70.42,1
134,22,3,Staff,Research & Development,400000000.0,259,Performance,69.36,1
134,22,3,Staff,Research & Development,400000000.0,259,Project,72.7,1
134,22,3,Staff,Research & Development,400000000.0,259,Technical,71.39,1
135,29,5,Senior Staff,IT,50000000.0,211,Development,77.3,1
135,29,5,Senior Staff,IT,50000000.0,211,Quality,66.92,1
135,29,5,Senior Staff,IT,50000000.0,211,Time Management,68.55,1
135,29,5,Senior Staff,IT,95000000.0,211,HR,75.25,1
135,29,5,Senior Staff,IT,95000000.0,211,Innovation,74.75,1
135,29,5,Senior Staff,IT,95000000.0,211,Quality,77.03,1
135,29,5,Senior Staff,IT,95000000.0,211,Teamwork,78.5,1
135,29,5,Senior Staff,IT,120000000.0,152,HR,74.02,1
135,29,5,Senior Staff,IT,120000000.0,152,Quality,70.15,1
135,29,5,Senior Staff,IT,150000000.0,274,Attendance,79.87,1
135,29,5,Senior Staff,IT,150000000.0,274,HR,75.945,1
135,29,5,Senior Staff,IT,150000000.0,274,Performance,73.07,1
135,29,5,Senior Staff,IT,150000000.0,274,Teamwork,69.44,1
135,29,5,Senior Staff,IT,204675132.0,174,Attendance,83.53,1
135,29,5,Senior Staff,IT,204675132.0,174,Innovation,70.06,1
135,29,5,Senior Staff,IT,204675132.0,174,Teamwork,78.84,1
135,29,5,Senior Staff,IT,206368642.0,46,Development,67.68,1
135,29,5,Senior Staff,IT,206368642.0,46,Efficiency,68.84,1
135,29,5,Senior Staff,IT,206368642.0,46,HR,73.02000000000001,1
135,29,5,Senior Staff,IT,206368642.0,46,Project,82.96,1
135,29,5,Senior Staff,IT,206368642.0,46,Quality,83.93,1
135,29,5,Senior Staff,IT,206368642.0,46,Teamwork,78.34,1
135,29,5,Senior Staff,IT,206368642.0,46,Technical,78.16499999999999,1
135,29,5,Senior Staff,IT,369461833.0,321,Development,74.75,1
135,29,5,Senior Staff,IT,369461833.0,321,Efficiency,72.86,1
135,29,5,Senior Staff,IT,369461833.0,321,HR,71.69,1
135,29,5,Senior Staff,IT,369461833.0,321,Innovation,73.84,1
135,29,5,Senior Staff,IT,369461833.0,321,Project,74.46000000000001,1
135,29,5,Senior Staff,IT,369461833.0,321,Quality,68.85666666666667,1
135,29,5,Senior Staff,IT,369461833.0,321,Technical,76.73500000000001,1
135,29,5,Senior Staff,IT,369461833.0,321,Time Management,61.04,1
135,29,5,Senior Staff,IT,404564658.0,71,Attendance,86.18,1
135,29,5,Senior Staff,IT,404564658.0,71,Development,74.425,1
135,29,5,Senior Staff,IT,404564658.0,71,Finance,72.9,1
135,29,5,Senior Staff,IT,404564658.0,71,Innovation,65.275,1
135,29,5,Senior Staff,IT,404564658.0,71,Project,79.03,1
135,29,5,Senior Staff,IT,404564658.0,71,Quality,73.885,1
135,29,5,Senior Staff,IT,404564658.0,71,Technical,73.32,1
136,25,5,Staff,Design,50000000.0,211,Attendance,72.24,1
136,25,5,Staff,Design,50000000.0,211,Development,59.68,1
136,25,5,Staff,Design,50000000.0,211,Innovation,71.88,1
136,25,5,Staff,Design,50000000.0,211,Teamwork,70.8,1
136,25,5,Staff,Design,50000000.0,211,Time Management,69.79,1
136,25,5,Staff,Design,90000000.0,244,Attendance,71.09,1
136,25,5,Staff,Design,90000000.0,244,Efficiency,61.58,1
136,25,5,Staff,Design,90000000.0,244,HR,67.88499999999999,1
136,25,5,Staff,Design,90000000.0,244,Innovation,64.50333333333333,1
136,25,5,Staff,Design,90000000.0,244,Quality,64.15599999999999,1
136,25,5,Staff,Design,90000000.0,244,Teamwork,67.51,1
136,25,5,Staff,Design,90000000.0,244,Technical,52.77,1
136,25,5,Staff,Design,130000000.0,303,Attendance,67.87,1
136,25,5,Staff,Design,130000000.0,303,Efficiency,66.075,1
136,25,5,Staff,Design,130000000.0,303,Finance,66.03,1
136,25,5,Staff,Design,130000000.0,303,HR,68.71000000000001,1
136,25,5,Staff,Design,130000000.0,303,Innovation,61.675,1
136,25,5,Staff,Design,130000000.0,303,Performance,65.59,1
136,25,5,Staff,Design,130000000.0,303,Project,69.19,1
136,25,5,Staff,Design,130000000.0,303,Quality,65.982,1
136,25,5,Staff,Design,130000000.0,303,Teamwork,64.33,1
136,25,5,Staff,Design,130000000.0,303,Technical,70.5,1
136,25,5,Staff,Design,130000000.0,303,Time Management,70.37,1
136,25,5,Staff,Design,134037811.0,31,Efficiency,68.56,1
136,25,5,Staff,Design,134037811.0,31,HR,67.03,1
136,25,5,Staff,Design,134037811.0,31,Innovation,61.69,1
136,25,5,Staff,Design,134037811.0,31,Performance,68.71,1
136,25,5,Staff,Design,134037811.0,31,Quality,69.09,1
136,25,5,Staff,Design,190000000.0,241,Quality,61.05,1
136,25,5,Staff,Design,220000000.0,225,Development,57.695,1
136,25,5,Staff,Design,220000000.0,225,Finance,69.03,1
136,25,5,Staff,Design,220000000.0,225,Quality,63.73,1
136,25,5,Staff,Design,220000000.0,225,Technical,65.14,1
136,25,5,Staff,Design,220000000.0,225,Time Management,62.17,1
136,25,5,Staff,Design,404564658.0,71,Efficiency,69.66,1
136,25,5,Staff,Design,404564658.0,71,Finance,57.01,1
136,25,5,Staff,Design,404564658.0,71,HR,66.57,1
136,25,5,Staff,Design,404564658.0,71,Innovation,61.27,1
136,25,5,Staff,Design,404564658.0,71,Performance,69.47,1
136,25,5,Staff,Design,404564658.0,71,Quality,72.03,1
136,25,5,Staff,Design,404564658.0,71,Teamwork,71.03,1
136,25,5,Staff,Design,500000000.0,356,Attendance,63.3,1
136,25,5,Staff,Design,500000000.0,356,Innovation,60.66,1
136,25,5,Staff,Design,500000000.0,356,Quality,66.71,1
136,25,5,Staff,Design,500000000.0,356,Teamwork,67.21,1
136,25,5,Staff,Design,500000000.0,356,Technical,64.14,1
136,25,5,Staff,Design,500000000.0,356,Time Management,64.59,1
137,30,3,Staff,Sales,88214342.0,149,Attendance,73.37,1
137,30,3,Staff,Sales,88214342.0,149,Development,66.14,1
137,30,3,Staff,Sales,88214342.0,149,Efficiency,62.62,1
137,30,3,Staff,Sales,88214342.0,149,Finance,69.62,1
137,30,3,Staff,Sales,88214342.0,149,HR,65.735,1
137,30,3,Staff,Sales,88214342.0,149,Innovation,51.17,1
137,30,3,Staff,Sales,88214342.0,149,Performance,58.08,1
137,30,3,Staff,Sales,88214342.0,149,Project,64.17,1
137,30,3,Staff,Sales,88214342.0,149,Teamwork,70.58000000000001,1
137,30,3,Staff,Sales,88214342.0,149,Technical,66.02,1
137,30,3,Staff,Sales,88214342.0,149,Time Management,69.965,1
137,30,3,Staff,Sales,130000000.0,303,HR,67.72999999999999,1
137,30,3,Staff,Sales,130000000.0,303,Performance,58.03,1
137,30,3,Staff,Sales,130000000.0,303,Quality,63.06,1
137,30,3,Staff,Sales,140000000.0,211,Efficiency,60.71,1
137,30,3,Staff,Sales,140000000.0,211,HR,63.120000000000005,1
137,30,3,Staff,Sales,140000000.0,211,Innovation,54.45,1
137,30,3,Staff,Sales,140000000.0,211,Project,59.77,1
137,30,3,Staff,Sales,140000000.0,211,Quality,65.3925,1
137,30,3,Staff,Sales,180000000.0,193,Finance,56.39,1
137,30,3,Staff,Sales,180000000.0,193,Quality,56.625,1
137,30,3,Staff,Sales,180000000.0,193,Teamwork,61.73,1
137,30,3,Staff,Sales,200000000.0,167,Innovation,65.81,1
137,30,3,Staff,Sales,200000000.0,167,Performance,70.03,1
137,30,3,Staff,Sales,200000000.0,167,Project,75.19,1
137,30,3,Staff,Sales,200000000.0,167,Quality,65.64,1
137,30,3,Staff,Sales,200000000.0,167,Technical,65.7,1
137,30,3,Staff,Sales,200000000.0,167,Time Management,64.8,1
137,30,3,Staff,Sales,278244747.0,88,Development,67.37,1
137,30,3,Staff,Sales,278244747.0,88,Efficiency,62.92,1
137,30,3,Staff,Sales,278244747.0,88,Finance,60.72,1
137,30,3,Staff,Sales,278244747.0,88,Teamwork,64.99,1
137,30,3,Staff,Sales,291868109.0,256,Innovation,63.51,1
137,30,3,Staff,Sales,291868109.0,256,Performance,65.98,1
137,30,3,Staff,Sales,291868109.0,256,Project,67.66,1
137,30,3,Staff,Sales,291868109.0,256,Quality,63.19,1
137,30,3,Staff,Sales,291868109.0,256,Technical,68.82,1
137,30,3,Staff,Sales,291868109.0,256,Time Management,68.32,1
137,30,3,Staff,Sales,365962025.0,249,Attendance,78.42,1
137,30,3,Staff,Sales,365962025.0,249,Development,60.91,1
137,30,3,Staff,Sales,365962025.0,249,Efficiency,66.73,1
137,30,3,Staff,Sales,365962025.0,249,Finance,72.29,1
137,30,3,Staff,Sales,365962025.0,249,HR,71.71000000000001,1
137,30,3,Staff,Sales,365962025.0,249,Innovation,64.2,1
137,30,3,Staff,Sales,365962025.0,249,Project,69.75,1
137,30,3,Staff,Sales,365962025.0,249,Quality,69.6,1
137,30,3,Staff,Sales,365962025.0,249,Technical,71.75,1
138,28,2,Staff,Marketing,110000000.0,199,Development,60.96,1
138,28,2,Staff,Marketing,110000000.0,199,Finance,61.13,1
138,28,2,Staff,Marketing,110000000.0,199,HR,69.0,1
138,28,2,Staff,Marketing,110000000.0,199,Project,71.49,1
138,28,2,Staff,Marketing,110000000.0,199,Quality,67.01666666666667,1
138,28,2,Staff,Marketing,110000000.0,199,Teamwork,73.6,1
138,28,2,Staff,Marketing,130000000.0,303,Efficiency,63.48,1
138,28,2,Staff,Marketing,130000000.0,303,HR,69.12,1
138,28,2,Staff,Marketing,130000000.0,303,Innovation,58.14,1
138,28,2,Staff,Marketing,130000000.0,303,Project,64.28999999999999,1
138,28,2,Staff,Marketing,130000000.0,303,Quality,71.34,1
138,28,2,Staff,Marketing,130000000.0,303,Technical,63.48,1
138,28,2,Staff,Marketing,170000000.0,229,Attendance,62.63,1
138,28,2,Staff,Marketing,170000000.0,229,Development,61.62,1
138,28,2,Staff,Marketing,170000000.0,229,Efficiency,68.98,1
138,28,2,Staff,Marketing,170000000.0,229,HR,68.02,1
138,28,2,Staff,Marketing,170000000.0,229,Performance,66.3,1
138,28,2,Staff,Marketing,170000000.0,229,Quality,65.04,1
138,28,2,Staff,Marketing,170000000.0,229,Teamwork,69.11,1
138,28,2,Staff,Marketing,178776637.0,118,Attendance,73.26,1
138,28,2,Staff,Marketing,178776637.0,118,Development,69.17,1
138,28,2,Staff,Marketing,178776637.0,118,HR,66.53,1
138,28,2,Staff,Marketing,178776637.0,118,Quality,78.01,1
138,28,2,Staff,Marketing,178776637.0,118,Teamwork,82.05,1
138,28,2,Staff,Marketing,200000000.0,167,Attendance,66.8,1
138,28,2,Staff,Marketing,200000000.0,167,Development,63.45,1
138,28,2,Staff,Marketing,200000000.0,167,HR,68.36,1
138,28,2,Staff,Marketing,200000000.0,167,Innovation,61.79,1
138,28,2,Staff,Marketing,200000000.0,167,Quality,61.029999999999994,1
138,28,2,Staff,Marketing,200000000.0,167,Time Management,66.66,1
138,28,2,Staff,Marketing,365962025.0,249,Attendance,72.56,1
138,28,2,Staff,Marketing,365962025.0,249,Efficiency,62.04,1
138,28,2,Staff,Marketing,365962025.0,249,HR,67.62,1
138,28,2,Staff,Marketing,365962025.0,249,Innovation,67.245,1
138,28,2,Staff,Marketing,365962025.0,249,Project,67.9,1
138,28,2,Staff,Marketing,365962025.0,249,Quality,65.67500000000001,1
138,28,2,Staff,Marketing,365962025.0,249,Teamwork,70.72,1
138,28,2,Staff,Marketing,365962025.0,249,Technical,63.09,1
138,28,2,Staff,Marketing,385820825.0,138,Performance,57.88,1
138,28,2,Staff,Marketing,385820825.0,138,Teamwork,67.3,1
138,28,2,Staff,Marketing,493794225.0,102,Development,56.614999999999995,1
138,28,2,Staff,Marketing,493794225.0,102,HR,65.06,1
138,28,2,Staff,Marketing,493794225.0,102,Innovation,66.25,1
138,28,2,Staff,Marketing,493794225.0,102,Quality,62.10666666666666,1
139,22,4,Staff,Corporate Strategy,50000000.0,211,Development,71.52,1
139,22,4,Staff,Corporate Strategy,50000000.0,211,Finance,69.15,1
139,22,4,Staff,Corporate Strategy,50000000.0,211,Project,69.11,1
139,22,4,Staff,Corporate Strategy,60000000.0,214,Development,57.42,1
139,22,4,Staff,Corporate Strategy,60000000.0,214,Efficiency,66.41,1
139,22,4,Staff,Corporate Strategy,60000000.0,214,HR,72.48,1
139,22,4,Staff,Corporate Strategy,60000000.0,214,Innovation,65.95,1
139,22,4,Staff,Corporate Strategy,60000000.0,214,Performance,68.77,1
139,22,4,Staff,Corporate Strategy,60000000.0,214,Quality,64.41000000000001,1
139,22,4,Staff,Corporate Strategy,60000000.0,214,Teamwork,65.93,1
139,22,4,Staff,Corporate Strategy,60000000.0,214,Technical,59.99,1
139,22,4,Staff,Corporate Strategy,95000000.0,211,Attendance,73.63,1
139,22,4,Staff,Corporate Strategy,95000000.0,211,Efficiency,69.21,1
139,22,4,Staff,Corporate Strategy,95000000.0,211,HR,72.73,1
139,22,4,Staff,Corporate Strategy,95000000.0,211,Quality,68.16,1
139,22,4,Staff,Corporate Strategy,95000000.0,211,Teamwork,73.58,1
139,22,4,Staff,Corporate Strategy,134037811.0,31,Development,62.44,1
139,22,4,Staff,Corporate Strategy,134037811.0,31,Efficiency,73.37,1
139,22,4,Staff,Corporate Strategy,134037811.0,31,Finance,69.0,1
139,22,4,Staff,Corporate Strategy,134037811.0,31,HR,72.74666666666667,1
139,22,4,Staff,Corporate Strategy,134037811.0,31,Performance,73.14,1
139,22,4,Staff,Corporate Strategy,134037811.0,31,Quality,64.34,1
139,22,4,Staff,Corporate Strategy,134037811.0,31,Teamwork,78.22,1
139,22,4,Staff,Corporate Strategy,134037811.0,31,Technical,68.21,1
139,22,4,Staff,Corporate Strategy,170000000.0,229,Development,60.36,1
139,22,4,Staff,Corporate Strategy,170000000.0,229,Performance,66.1,1
139,22,4,Staff,Corporate Strategy,170000000.0,229,Project,60.52,1
139,22,4,Staff,Corporate Strategy,170000000.0,229,Quality,67.24,1
139,22,4,Staff,Corporate Strategy,220000000.0,225,Attendance,76.46,1
139,22,4,Staff,Corporate Strategy,220000000.0,225,Development,63.63,1
139,22,4,Staff,Corporate Strategy,220000000.0,225,Efficiency,68.41,1
139,22,4,Staff,Corporate Strategy,220000000.0,225,HR,72.84,1
139,22,4,Staff,Corporate Strategy,220000000.0,225,Project,67.83500000000001,1
139,22,4,Staff,Corporate Strategy,220000000.0,225,Quality,64.02,1
139,22,4,Staff,Corporate Strategy,220000000.0,225,Time Management,65.325,1
139,22,4,Staff,Corporate Strategy,377293102.0,80,Attendance,74.28,1
139,22,4,Staff,Corporate Strategy,377293102.0,80,Finance,66.76,1
139,22,4,Staff,Corporate Strategy,377293102.0,80,Innovation,67.08,1
139,22,4,Staff,Corporate Strategy,377293102.0,80,Performance,79.83,1
139,22,4,Staff,Corporate Strategy,377293102.0,80,Project,66.52,1
139,22,4,Staff,Corporate Strategy,377293102.0,80,Quality,71.88,1
139,22,4,Staff,Corporate Strategy,377293102.0,80,Technical,70.65,1
139,22,4,Staff,Corporate Strategy,500000000.0,356,Development,68.06,1
139,22,4,Staff,Corporate Strategy,500000000.0,356,Efficiency,68.54,1
139,22,4,Staff,Corporate Strategy,500000000.0,356,Finance,64.0,1
139,22,4,Staff,Corporate Strategy,500000000.0,356,HR,70.96,1
139,22,4,Staff,Corporate Strategy,500000000.0,356,Performance,67.54,1
139,22,4,Staff,Corporate Strategy,500000000.0,356,Quality,73.455,1
139,22,4,Staff,Corporate Strategy,500000000.0,356,Teamwork,67.545,1
139,22,4,Staff,Corporate Strategy,500000000.0,356,Technical,59.88,1
140,24,3,Staff,Procurement,95000000.0,211,Attendance,73.55,1
140,24,3,Staff,Procurement,95000000.0,211,Finance,69.25,1
140,24,3,Staff,Procurement,95000000.0,211,HR,67.51,1
140,24,3,Staff,Procurement,95000000.0,211,Performance,62.37,1
140,24,3,Staff,Procurement,95000000.0,211,Project,59.93,1
140,24,3,Staff,Procurement,95000000.0,211,Quality,61.1,1
140,24,3,Staff,Procurement,95000000.0,211,Technical,61.56,1
140,24,3,Staff,Procurement,95000000.0,211,Time Management,61.57,1
140,24,3,Staff,Procurement,140000000.0,211,Efficiency,63.11,1
140,24,3,Staff,Procurement,140000000.0,211,HR,57.43,1
140,24,3,Staff,Procurement,140000000.0,211,Innovation,63.05,1
140,24,3,Staff,Procurement,140000000.0,211,Project,62.75,1
140,24,3,Staff,Procurement,140000000.0,211,Quality,64.95,1
140,24,3,Staff,Procurement,140000000.0,211,Teamwork,66.01,1
140,24,3,Staff,Procurement,140000000.0,211,Technical,63.52,1
140,24,3,Staff,Procurement,140000000.0,211,Time Management,62.0,1
140,24,3,Staff,Procurement,206368642.0,46,Attendance,68.69,1
140,24,3,Staff,Procurement,206368642.0,46,Efficiency,64.83,1
140,24,3,Staff,Procurement,206368642.0,46,HR,65.33,1
140,24,3,Staff,Procurement,206368642.0,46,Performance,61.79,1
140,24,3,Staff,Procurement,206368642.0,46,Quality,61.48,1
140,24,3,Staff,Procurement,206368642.0,46,Technical,59.75,1
140,24,3,Staff,Procurement,291862333.0,334,Performance,61.91,1
140,24,3,Staff,Procurement,291862333.0,334,Project,68.03,1
140,24,3,Staff,Procurement,291862333.0,334,Quality,64.52,1
140,24,3,Staff,Procurement,291862333.0,334,Technical,63.379999999999995,1
140,24,3,Staff,Procurement,291868109.0,256,Development,63.03,1
140,24,3,Staff,Procurement,291868109.0,256,Efficiency,64.855,1
140,24,3,Staff,Procurement,291868109.0,256,Finance,64.565,1
140,24,3,Staff,Procurement,291868109.0,256,Innovation,57.0,1
140,24,3,Staff,Procurement,291868109.0,256,Performance,64.14,1
140,24,3,Staff,Procurement,291868109.0,256,Quality,60.79,1
140,24,3,Staff,Procurement,291868109.0,256,Technical,54.2,1
140,24,3,Staff,Procurement,355280620.0,347,Attendance,64.84,1
140,24,3,Staff,Procurement,355280620.0,347,Finance,56.7,1
140,24,3,Staff,Procurement,355280620.0,347,Performance,61.84,1
140,24,3,Staff,Procurement,355280620.0,347,Quality,57.96,1
140,24,3,Staff,Procurement,355280620.0,347,Technical,66.26,1
140,24,3,Staff,Procurement,385820825.0,138,Efficiency,59.7,1
140,24,3,Staff,Procurement,385820825.0,138,HR,59.1,1
140,24,3,Staff,Procurement,385820825.0,138,Innovation,59.61,1
140,24,3,Staff,Procurement,385820825.0,138,Performance,61.17,1
140,24,3,Staff,Procurement,385820825.0,138,Quality,63.655,1
140,24,3,Staff,Procurement,385820825.0,138,Technical,68.6,1
140,24,3,Staff,Procurement,385820825.0,138,Time Management,57.8,1
140,24,3,Staff,Procurement,472961951.0,350,Efficiency,69.61,1
140,24,3,Staff,Procurement,472961951.0,350,Finance,58.61,1
140,24,3,Staff,Procurement,472961951.0,350,HR,67.44,1
140,24,3,Staff,Procurement,472961951.0,350,Quality,57.025,1
140,24,3,Staff,Procurement,472961951.0,350,Teamwork,65.505,1
141,26,5,Staff,Legal,60000000.0,214,Development,59.33,1
141,26,5,Staff,Legal,60000000.0,214,Efficiency,62.769999999999996,1
141,26,5,Staff,Legal,60000000.0,214,Finance,57.63,1
141,26,5,Staff,Legal,60000000.0,214,HR,69.05,1
141,26,5,Staff,Legal,60000000.0,214,Project,62.35,1
141,26,5,Staff,Legal,60000000.0,214,Quality,62.015,1
141,26,5,Staff,Legal,88214342.0,149,HR,70.23,1
141,26,5,Staff,Legal,88214342.0,149,Innovation,66.23,1
141,26,5,Staff,Legal,88214342.0,149,Project,63.71,1
141,26,5,Staff,Legal,88214342.0,149,Quality,57.93,1
141,26,5,Staff,Legal,134037811.0,31,Efficiency,69.46,1
141,26,5,Staff,Legal,134037811.0,31,Finance,67.94,1
141,26,5,Staff,Legal,134037811.0,31,HR,71.905,1
141,26,5,Staff,Legal,134037811.0,31,Innovation,57.3,1
141,26,5,Staff,Legal,134037811.0,31,Performance,68.28999999999999,1
141,26,5,Staff,Legal,134037811.0,31,Quality,59.22,1
141,26,5,Staff,Legal,134037811.0,31,Time Management,66.32,1
141,26,5,Staff,Legal,140000000.0,211,Quality,60.08,1
141,26,5,Staff,Legal,140000000.0,211,Time Management,60.37,1
141,26,5,Staff,Legal,190000000.0,241,Development,59.87,1
141,26,5,Staff,Legal,190000000.0,241,Efficiency,54.15,1
141,26,5,Staff,Legal,190000000.0,241,Finance,60.83,1
141,26,5,Staff,Legal,190000000.0,241,HR,65.79,1
141,26,5,Staff,Legal,190000000.0,241,Innovation,60.09,1
141,26,5,Staff,Legal,190000000.0,241,Performance,57.32,1
141,26,5,Staff,Legal,190000000.0,241,Quality,65.95,1
141,26,5,Staff,Legal,190000000.0,241,Technical,63.15,1
141,26,5,Staff,Legal,200000000.0,167,Development,57.33,1
141,26,5,Staff,Legal,200000000.0,167,Efficiency,60.52,1
141,26,5,Staff,Legal,377293102.0,80,Attendance,68.35,1
141,26,5,Staff,Legal,377293102.0,80,Development,61.525000000000006,1
141,26,5,Staff,Legal,377293102.0,80,HR,70.885,1
141,26,5,Staff,Legal,377293102.0,80,Project,65.89,1
141,26,5,Staff,Legal,377293102.0,80,Quality,56.25,1
141,26,5,Staff,Legal,377293102.0,80,Teamwork,62.44,1
141,26,5,Staff,Legal,400000000.0,259,Attendance,69.19,1
141,26,5,Staff,Legal,400000000.0,259,Efficiency,65.49,1
141,26,5,Staff,Legal,400000000.0,259,Finance,62.92,1
141,26,5,Staff,Legal,400000000.0,259,HR,63.955,1
141,26,5,Staff,Legal,400000000.0,259,Quality,58.825,1
141,26,5,Staff,Legal,400000000.0,259,Teamwork,72.77,1
141,26,5,Staff,Legal,400000000.0,259,Time Management,60.1,1
142,24,3,Staff,Corporate Strategy,82017929.0,114,Attendance,72.2,1
142,24,3,Staff,Corporate Strategy,82017929.0,114,Efficiency,67.555,1
142,24,3,Staff,Corporate Strategy,82017929.0,114,Performance,69.04,1
142,24,3,Staff,Corporate Strategy,82017929.0,114,Project,58.8,1
142,24,3,Staff,Corporate Strategy,82017929.0,114,Quality,66.24,1
142,24,3,Staff,Corporate Strategy,82017929.0,114,Technical,67.73,1
142,24,3,Staff,Corporate Strategy,95000000.0,211,Attendance,77.29,1
142,24,3,Staff,Corporate Strategy,95000000.0,211,Finance,66.02,1
142,24,3,Staff,Corporate Strategy,95000000.0,211,Performance,75.8,1
142,24,3,Staff,Corporate Strategy,95000000.0,211,Quality,65.05,1
142,24,3,Staff,Corporate Strategy,95000000.0,211,Teamwork,72.27,1
142,24,3,Staff,Corporate Strategy,95000000.0,211,Technical,70.49,1
142,24,3,Staff,Corporate Strategy,134037811.0,31,HR,67.04,1
142,24,3,Staff,Corporate Strategy,134037811.0,31,Quality,66.32,1
142,24,3,Staff,Corporate Strategy,134037811.0,31,Technical,70.55,1
142,24,3,Staff,Corporate Strategy,250000000.0,291,Finance,72.2,1
142,24,3,Staff,Corporate Strategy,250000000.0,291,HR,63.519999999999996,1
142,24,3,Staff,Corporate Strategy,250000000.0,291,Innovation,61.66,1
142,24,3,Staff,Corporate Strategy,250000000.0,291,Time Management,65.26,1
142,24,3,Staff,Corporate Strategy,291862333.0,334,Attendance,72.9,1
142,24,3,Staff,Corporate Strategy,291862333.0,334,Efficiency,72.41499999999999,1
142,24,3,Staff,Corporate Strategy,291862333.0,334,Finance,68.205,1
142,24,3,Staff,Corporate Strategy,291862333.0,334,HR,66.24,1
142,24,3,Staff,Corporate Strategy,291862333.0,334,Innovation,65.87,1
142,24,3,Staff,Corporate Strategy,291862333.0,334,Performance,71.27,1
142,24,3,Staff,Corporate Strategy,291862333.0,334,Quality,63.41,1
142,24,3,Staff,Corporate Strategy,291862333.0,334,Technical,63.76,1
142,24,3,Staff,Corporate Strategy,300000000.0,242,HR,63.88,1
142,24,3,Staff,Corporate Strategy,300000000.0,242,Innovation,67.06,1
142,24,3,Staff,Corporate Strategy,300000000.0,242,Project,77.31,1
142,24,3,Staff,Corporate Strategy,300000000.0,242,Quality,63.745000000000005,1
142,24,3,Staff,Corporate Strategy,400000000.0,259,Attendance,70.125,1
142,24,3,Staff,Corporate Strategy,400000000.0,259,Efficiency,54.71,1
142,24,3,Staff,Corporate Strategy,400000000.0,259,HR,66.69,1
142,24,3,Staff,Corporate Strategy,400000000.0,259,Innovation,60.54,1
142,24,3,Staff,Corporate Strategy,400000000.0,259,Performance,68.13,1
142,24,3,Staff,Corporate Strategy,400000000.0,259,Quality,70.32,1
142,24,3,Staff,Corporate Strategy,400000000.0,259,Teamwork,69.37,1
142,24,3,Staff,Corporate Strategy,400000000.0,259,Technical,61.78,1
142,24,3,Staff,Corporate Strategy,400000000.0,259,Time Management,69.17,1
142,24,3,Staff,Corporate Strategy,466447298.0,297,Finance,58.79,1
142,24,3,Staff,Corporate Strategy,466447298.0,297,Project,67.14,1
142,24,3,Staff,Corporate Strategy,466447298.0,297,Time Management,67.565,1
143,41,13,Manager,Operations,60000000.0,214,Attendance,94.52,0
143,41,13,Manager,Operations,60000000.0,214,HR,98.0,0
143,41,13,Manager,Operations,60000000.0,214,Performance,92.63,0
143,41,13,Manager,Operations,60000000.0,214,Project,90.84,0
143,41,13,Manager,Operations,60000000.0,214,Quality,92.5,0
143,41,13,Manager,Operations,60000000.0,214,Technical,91.14,0
143,41,13,Manager,Operations,60000000.0,214,Time Management,93.51,0
143,41,13,Manager,Operations,80000000.0,138,Quality,93.02,0
143,41,13,Manager,Operations,80000000.0,138,Technical,96.88,0
143,41,13,Manager,Operations,82017929.0,114,Attendance,98.0,0
143,41,13,Manager,Operations,82017929.0,114,Development,91.9,0
143,41,13,Manager,Operations,82017929.0,114,Finance,97.65,0
143,41,13,Manager,Operations,82017929.0,114,HR,96.83,0
143,41,13,Manager,Operations,82017929.0,114,Quality,89.505,0
143,41,13,Manager,Operations,82017929.0,114,Teamwork,95.13,0
143,41,13,Manager,Operations,82017929.0,114,Time Management,92.82,0
143,41,13,Manager,Operations,140000000.0,211,Attendance,96.64,0
143,41,13,Manager,Operations,140000000.0,211,Efficiency,91.6,0
143,41,13,Manager,Operations,140000000.0,211,HR,97.25,0
143,41,13,Manager,Operations,140000000.0,211,Innovation,94.17,0
143,41,13,Manager,Operations,140000000.0,211,Project,97.03,0
143,41,13,Manager,Operations,140000000.0,211,Teamwork,96.56,0
143,41,13,Manager,Operations,140000000.0,211,Time Management,87.6,0
143,41,13,Manager,Operations,190000000.0,241,Attendance,98.0,0
143,41,13,Manager,Operations,190000000.0,241,Development,90.14,0
143,41,13,Manager,Operations,190000000.0,241,Efficiency,96.89,0
143,41,13,Manager,Operations,190000000.0,241,Finance,84.01,0
143,41,13,Manager,Operations,190000000.0,241,HR,98.0,0
143,41,13,Manager,Operations,190000000.0,241,Innovation,88.69,0
143,41,13,Manager,Operations,190000000.0,241,Project,93.9,0
143,41,13,Manager,Operations,190000000.0,241,Quality,93.66666666666667,0
143,41,13,Manager,Operations,190000000.0,241,Technical,95.12,0
143,41,13,Manager,Operations,206368642.0,46,Attendance,98.0,0
143,41,13,Manager,Operations,206368642.0,46,Development,92.95,0
143,41,13,Manager,Operations,206368642.0,46,Efficiency,98.0,0
143,41,13,Manager,Operations,206368642.0,46,HR,97.31,0
143,41,13,Manager,Operations,206368642.0,46,Performance,95.79,0
143,41,13,Manager,Operations,206368642.0,46,Quality,94.58999999999999,0
143,41,13,Manager,Operations,206368642.0,46,Teamwork,98.0,0
143,41,13,Manager,Operations,206368642.0,46,Time Management,97.86,0
143,41,13,Manager,Operations,278244747.0,88,Attendance,97.06,0
143,41,13,Manager,Operations,278244747.0,88,Performance,93.18,0
143,41,13,Manager,Operations,278244747.0,88,Project,98.0,0
143,41,13,Manager,Operations,278244747.0,88,Time Management,92.65,0
143,41,13,Manager,Operations,375514309.0,335,Development,90.97,0
143,41,13,Manager,Operations,375514309.0,335,Efficiency,94.07,0
143,41,13,Manager,Operations,375514309.0,335,HR,92.26,0
143,41,13,Manager,Operations,375514309.0,335,Innovation,87.06,0
143,41,13,Manager,Operations,375514309.0,335,Performance,96.11500000000001,0
143,41,13,Manager,Operations,375514309.0,335,Project,95.03,0
143,41,13,Manager,Operations,375514309.0,335,Quality,92.72,0
143,41,13,Manager,Operations,375514309.0,335,Teamwork,98.0,0
143,41,13,Manager,Operations,375514309.0,335,Time Management,85.61,0
144,43,8,Manager,Procurement,50000000.0,211,Attendance,93.4,0
144,43,8,Manager,Procurement,50000000.0,211,Innovation,81.54,0
144,43,8,Manager,Procurement,50000000.0,211,Project,85.56,0
144,43,8,Manager,Procurement,50000000.0,211,Quality,88.61000000000001,0
144,43,8,Manager,Procurement,50000000.0,211,Teamwork,88.64,0
144,43,8,Manager,Procurement,50000000.0,211,Technical,88.28,0
144,43,8,Manager,Procurement,50000000.0,211,Time Management,90.17,0
144,43,8,Manager,Procurement,60000000.0,214,Attendance,91.67,0
144,43,8,Manager,Procurement,60000000.0,214,HR,92.46,0
144,43,8,Manager,Procurement,60000000.0,214,Innovation,84.32,0
144,43,8,Manager,Procurement,60000000.0,214,Technical,87.16,0
144,43,8,Manager,Procurement,82017929.0,114,Attendance,92.52,0
144,43,8,Manager,Procurement,82017929.0,114,Development,86.07,0
144,43,8,Manager,Procurement,82017929.0,114,Innovation,92.53,0
144,43,8,Manager,Procurement,90000000.0,244,Attendance,95.32,0
144,43,8,Manager,Procurement,90000000.0,244,Development,87.77,0
144,43,8,Manager,Procurement,90000000.0,244,Finance,87.49,0
144,43,8,Manager,Procurement,90000000.0,244,HR,93.45,0
144,43,8,Manager,Procurement,90000000.0,244,Project,89.38,0
144,43,8,Manager,Procurement,90000000.0,244,Quality,90.575,0
144,43,8,Manager,Procurement,90000000.0,244,Technical,86.64,0
144,43,8,Manager,Procurement,90000000.0,244,Time Management,93.11,0
144,43,8,Manager,Procurement,180000000.0,193,HR,96.54,0
144,43,8,Manager,Procurement,180000000.0,193,Technical,83.12,0
144,43,8,Manager,Procurement,190000000.0,241,Attendance,98.0,0
144,43,8,Manager,Procurement,190000000.0,241,Efficiency,88.88499999999999,0
144,43,8,Manager,Procurement,190000000.0,241,Finance,88.75,0
144,43,8,Manager,Procurement,190000000.0,241,HR,88.92500000000001,0
144,43,8,Manager,Procurement,190000000.0,241,Quality,87.61,0
144,43,8,Manager,Procurement,190000000.0,241,Technical,94.89,0
144,43,8,Manager,Procurement,190000000.0,241,Time Management,92.32,0
144,43,8,Manager,Procurement,206368642.0,46,Project,86.91,0
144,43,8,Manager,Procurement,206368642.0,46,Quality,84.69,0
144,43,8,Manager,Procurement,369461833.0,321,Attendance,94.15,0
144,43,8,Manager,Procurement,369461833.0,321,Development,88.48,0
144,43,8,Manager,Procurement,369461833.0,321,Efficiency,95.21000000000001,0
144,43,8,Manager,Procurement,369461833.0,321,HR,93.02,0
144,43,8,Manager,Procurement,369461833.0,321,Project,93.81,0
144,43,8,Manager,Procurement,369461833.0,321,Quality,90.36,0
145,27,2,Staff,IT,75000000.0,203,Attendance,72.86,1
145,27,2,Staff,IT,75000000.0,203,Development,58.97,1
145,27,2,Staff,IT,75000000.0,203,Finance,64.94,1
145,27,2,Staff,IT,75000000.0,203,Performance,59.46,1
145,27,2,Staff,IT,75000000.0,203,Quality,70.91999999999999,1
145,27,2,Staff,IT,75000000.0,203,Teamwork,66.24,1
145,27,2,Staff,IT,75000000.0,203,Time Management,71.67,1
145,27,2,Staff,IT,90000000.0,244,Attendance,71.125,1
145,27,2,Staff,IT,90000000.0,244,Efficiency,65.7,1
145,27,2,Staff,IT,90000000.0,244,HR,74.29,1
145,27,2,Staff,IT,90000000.0,244,Innovation,67.88,1
145,27,2,Staff,IT,90000000.0,244,Performance,70.33,1
145,27,2,Staff,IT,90000000.0,244,Project,70.72,1
145,27,2,Staff,IT,90000000.0,244,Quality,70.39833333333333,1
145,27,2,Staff,IT,90000000.0,244,Teamwork,67.88,1
145,27,2,Staff,IT,190000000.0,241,Finance,68.23,1
145,27,2,Staff,IT,190000000.0,241,Innovation,62.24,1
145,27,2,Staff,IT,190000000.0,241,Quality,75.38,1
145,27,2,Staff,IT,190000000.0,241,Teamwork,72.6,1
145,27,2,Staff,IT,200000000.0,167,Attendance,61.89,1
145,27,2,Staff,IT,200000000.0,167,Development,60.565,1
145,27,2,Staff,IT,200000000.0,167,HR,79.31,1
145,27,2,Staff,IT,200000000.0,167,Project,66.90666666666667,1
145,27,2,Staff,IT,200000000.0,167,Teamwork,74.16,1
145,27,2,Staff,IT,278244747.0,88,Efficiency,69.08,1
145,27,2,Staff,IT,278244747.0,88,HR,70.48333333333333,1
145,27,2,Staff,IT,278244747.0,88,Quality,73.19333333333333,1
145,27,2,Staff,IT,278244747.0,88,Teamwork,74.03,1
145,27,2,Staff,IT,278244747.0,88,Technical,74.74,1
145,27,2,Staff,IT,365962025.0,249,Attendance,68.25,1
145,27,2,Staff,IT,365962025.0,249,Efficiency,75.45,1
145,27,2,Staff,IT,365962025.0,249,Finance,67.33,1
145,27,2,Staff,IT,365962025.0,249,HR,67.0,1
145,27,2,Staff,IT,365962025.0,249,Innovation,66.68,1
145,27,2,Staff,IT,365962025.0,249,Project,73.77,1
145,27,2,Staff,IT,365962025.0,249,Quality,67.55,1
145,27,2,Staff,IT,365962025.0,249,Teamwork,68.7,1
145,27,2,Staff,IT,365962025.0,249,Technical,66.82,1
145,27,2,Staff,IT,365962025.0,249,Time Management,68.79,1
145,27,2,Staff,IT,404564658.0,71,Finance,68.13,1
145,27,2,Staff,IT,404564658.0,71,Quality,72.54,1
145,27,2,Staff,IT,404564658.0,71,Teamwork,71.44,1
145,27,2,Staff,IT,404564658.0,71,Technical,67.78,1
145,27,2,Staff,IT,493794225.0,102,Development,65.46,1
145,27,2,Staff,IT,493794225.0,102,Time Management,66.0,1
146,30,1,Staff,Procurement,88214342.0,149,Development,41.9,1
146,30,1,Staff,Procurement,88214342.0,149,Performance,38.39,1
146,30,1,Staff,Procurement,88214342.0,149,Project,39.89,1
146,30,1,Staff,Procurement,88214342.0,149,Quality,44.53,1
146,30,1,Staff,Procurement,88214342.0,149,Teamwork,46.71,1
146,30,1,Staff,Procurement,88214342.0,149,Time Management,47.78,1
146,30,1,Staff,Procurement,90000000.0,244,Development,47.44,1
146,30,1,Staff,Procurement,90000000.0,244,Efficiency,49.25,1
146,30,1,Staff,Procurement,90000000.0,244,HR,44.66,1
146,30,1,Staff,Procurement,90000000.0,244,Performance,48.54,1
146,30,1,Staff,Procurement,90000000.0,244,Quality,42.525,1
146,30,1,Staff,Procurement,90000000.0,244,Teamwork,47.4,1
146,30,1,Staff,Procurement,130000000.0,303,Efficiency,45.73,1
146,30,1,Staff,Procurement,130000000.0,303,Time Management,49.08,1
146,30,1,Staff,Procurement,190000000.0,241,Quality,50.31,1
146,30,1,Staff,Procurement,190000000.0,241,Technical,48.91,1
146,30,1,Staff,Procurement,204675132.0,174,Development,45.05,1
146,30,1,Staff,Procurement,300000000.0,242,HR,47.43,1
146,30,1,Staff,Procurement,300000000.0,242,Innovation,38.78,1
146,30,1,Staff,Procurement,300000000.0,242,Project,48.230000000000004,1
146,30,1,Staff,Procurement,300000000.0,242,Quality,44.480000000000004,1
146,30,1,Staff,Procurement,300000000.0,242,Teamwork,45.29,1
146,30,1,Staff,Procurement,300000000.0,242,Technical,41.6,1
146,30,1,Staff,Procurement,377293102.0,80,Finance,54.16,1
146,30,1,Staff,Procurement,377293102.0,80,HR,54.64,1
146,30,1,Staff,Procurement,377293102.0,80,Quality,43.406666666666666,1
146,30,1,Staff,Procurement,377293102.0,80,Teamwork,36.2,1
146,30,1,Staff,Procurement,377293102.0,80,Time Management,54.22,1
146,30,1,Staff,Procurement,400000000.0,259,HR,53.17,1
146,30,1,Staff,Procurement,400000000.0,259,Quality,40.33,1
146,30,1,Staff,Procurement,400000000.0,259,Teamwork,51.92,1
147,39,14,Manager,Logistics,60000000.0,214,Development,85.68,0
147,39,14,Manager,Logistics,60000000.0,214,HR,87.795,0
147,39,14,Manager,Logistics,60000000.0,214,Performance,82.38,0
147,39,14,Manager,Logistics,60000000.0,214,Quality,91.7775,0
147,39,14,Manager,Logistics,60000000.0,214,Teamwork,95.48,0
147,39,14,Manager,Logistics,75000000.0,203,Efficiency,96.42,0
147,39,14,Manager,Logistics,75000000.0,203,Finance,88.97,0
147,39,14,Manager,Logistics,75000000.0,203,Project,85.85,0
147,39,14,Manager,Logistics,75000000.0,203,Quality,90.94,0
147,39,14,Manager,Logistics,75000000.0,203,Teamwork,92.66,0
147,39,14,Manager,Logistics,75000000.0,203,Technical,93.11,0
147,39,14,Manager,Logistics,82017929.0,114,Attendance,91.97,0
147,39,14,Manager,Logistics,82017929.0,114,Development,90.62,0
147,39,14,Manager,Logistics,82017929.0,114,Finance,88.18,0
147,39,14,Manager,Logistics,82017929.0,114,HR,93.77,0
147,39,14,Manager,Logistics,82017929.0,114,Innovation,88.49,0
147,39,14,Manager,Logistics,82017929.0,114,Performance,91.25,0
147,39,14,Manager,Logistics,82017929.0,114,Project,91.64999999999999,0
147,39,14,Manager,Logistics,82017929.0,114,Quality,87.225,0
147,39,14,Manager,Logistics,82017929.0,114,Teamwork,94.9,0
147,39,14,Manager,Logistics,82017929.0,114,Technical,92.49,0
147,39,14,Manager,Logistics,82017929.0,114,Time Management,91.00333333333333,0
147,39,14,Manager,Logistics,130000000.0,303,Finance,92.92,0
147,39,14,Manager,Logistics,130000000.0,303,HR,92.66,0
147,39,14,Manager,Logistics,130000000.0,303,Performance,88.845,0
147,39,14,Manager,Logistics,130000000.0,303,Project,93.04,0
147,39,14,Manager,Logistics,130000000.0,303,Quality,84.66,0
147,39,14,Manager,Logistics,130000000.0,303,Technical,91.73333333333333,0
147,39,14,Manager,Logistics,170000000.0,229,Attendance,97.98,0
147,39,14,Manager,Logistics,170000000.0,229,Development,84.11,0
147,39,14,Manager,Logistics,170000000.0,229,Finance,84.59,0
147,39,14,Manager,Logistics,170000000.0,229,HR,88.85499999999999,0
147,39,14,Manager,Logistics,170000000.0,229,Innovation,84.08,0
147,39,14,Manager,Logistics,170000000.0,229,Project,89.06,0
147,39,14,Manager,Logistics,170000000.0,229,Technical,90.25,0
147,39,14,Manager,Logistics,291862333.0,334,Attendance,89.56,0
147,39,14,Manager,Logistics,291862333.0,334,Efficiency,86.88,0
147,39,14,Manager,Logistics,291862333.0,334,Teamwork,88.76,0
147,39,14,Manager,Logistics,369461833.0,321,Attendance,92.65,0
147,39,14,Manager,Logistics,369461833.0,321,Efficiency,89.49,0
147,39,14,Manager,Logistics,369461833.0,321,Finance,89.42,0
147,39,14,Manager,Logistics,369461833.0,321,HR,92.17,0
147,39,14,Manager,Logistics,369461833.0,321,Innovation,87.86,0
147,39,14,Manager,Logistics,369461833.0,321,Project,86.89,0
147,39,14,Manager,Logistics,369461833.0,321,Quality,90.865,0
147,39,14,Manager,Logistics,369461833.0,321,Time Management,92.86500000000001,0
147,39,14,Manager,Logistics,385820825.0,138,Attendance,88.52,0
147,39,14,Manager,Logistics,385820825.0,138,Quality,84.4,0
147,39,14,Manager,Logistics,385820825.0,138,Teamwork,95.59,0
148,41,11,Manager,Corporate Strategy,50000000.0,211,HR,98.0,0
148,41,11,Manager,Corporate Strategy,50000000.0,211,Innovation,89.25,0
148,41,11,Manager,Corporate Strategy,50000000.0,211,Quality,93.46,0
148,41,11,Manager,Corporate Strategy,50000000.0,211,Teamwork,98.0,0
148,41,11,Manager,Corporate Strategy,80000000.0,138,Development,98.0,0
148,41,11,Manager,Corporate Strategy,80000000.0,138,Finance,91.89,0
148,41,11,Manager,Corporate Strategy,80000000.0,138,HR,97.63,0
148,41,11,Manager,Corporate Strategy,80000000.0,138,Project,95.12,0
148,41,11,Manager,Corporate Strategy,80000000.0,138,Technical,98.0,0
148,41,11,Manager,Corporate Strategy,80000000.0,138,Time Management,98.0,0
148,41,11,Manager,Corporate Strategy,170000000.0,229,Attendance,98.0,0
148,41,11,Manager,Corporate Strategy,170000000.0,229,Development,90.09,0
148,41,11,Manager,Corporate Strategy,170000000.0,229,Quality,94.37,0
148,41,11,Manager,Corporate Strategy,170000000.0,229,Technical,98.0,0
148,41,11,Manager,Corporate Strategy,170000000.0,229,Time Management,91.63,0
148,41,11,Manager,Corporate Strategy,278244747.0,88,Attendance,98.0,0
148,41,11,Manager,Corporate Strategy,278244747.0,88,Efficiency,98.0,0
148,41,11,Manager,Corporate Strategy,278244747.0,88,Finance,95.78,0
148,41,11,Manager,Corporate Strategy,278244747.0,88,HR,97.14,0
148,41,11,Manager,Corporate Strategy,278244747.0,88,Innovation,93.64,0
148,41,11,Manager,Corporate Strategy,278244747.0,88,Performance,96.545,0
148,41,11,Manager,Corporate Strategy,278244747.0,88,Quality,98.0,0
148,41,11,Manager,Corporate Strategy,278244747.0,88,Time Management,98.0,0
148,41,11,Manager,Corporate Strategy,291862333.0,334,Efficiency,98.0,0
148,41,11,Manager,Corporate Strategy,291862333.0,334,Finance,98.0,0
148,41,11,Manager,Corporate Strategy,291862333.0,334,HR,98.0,0
148,41,11,Manager,Corporate Strategy,291862333.0,334,Innovation,98.0,0
148,41,11,Manager,Corporate Strategy,291862333.0,334,Quality,94.19,0
148,41,11,Manager,Corporate Strategy,291862333.0,334,Teamwork,98.0,0
148,41,11,Manager,Corporate Strategy,291868109.0,256,Attendance,98.0,0
148,41,11,Manager,Corporate Strategy,291868109.0,256,Efficiency,98.0,0
148,41,11,Manager,Corporate Strategy,291868109.0,256,Finance,98.0,0
148,41,11,Manager,Corporate Strategy,291868109.0,256,HR,96.77000000000001,0
148,41,11,Manager,Corporate Strategy,291868109.0,256,Quality,96.03999999999999,0
148,41,11,Manager,Corporate Strategy,291868109.0,256,Teamwork,98.0,0
148,41,11,Manager,Corporate Strategy,291868109.0,256,Technical,98.0,0
148,41,11,Manager,Corporate Strategy,291868109.0,256,Time Management,94.45,0
148,41,11,Manager,Corporate Strategy,375514309.0,335,Efficiency,98.0,0
148,41,11,Manager,Corporate Strategy,375514309.0,335,HR,98.0,0
148,41,11,Manager,Corporate Strategy,375514309.0,335,Quality,98.0,0
148,41,11,Manager,Corporate Strategy,375514309.0,335,Teamwork,98.0,0
148,41,11,Manager,Corporate Strategy,375514309.0,335,Time Management,92.19,0
148,41,11,Manager,Corporate Strategy,400000000.0,259,HR,98.0,0
148,41,11,Manager,Corporate Strategy,400000000.0,259,Innovation,92.95,0
148,41,11,Manager,Corporate Strategy,400000000.0,259,Performance,98.0,0
148,41,11,Manager,Corporate Strategy,400000000.0,259,Technical,98.0,0
149,42,10,Manager,Research & Development,90000000.0,244,Finance,98.0,0
149,42,10,Manager,Research & Development,90000000.0,244,HR,98.0,0
149,42,10,Manager,Research & Development,90000000.0,244,Innovation,95.97,0
149,42,10,Manager,Research & Development,90000000.0,244,Performance,96.41,0
149,42,10,Manager,Research & Development,90000000.0,244,Quality,98.0,0
149,42,10,Manager,Research & Development,90000000.0,244,Teamwork,98.0,0
149,42,10,Manager,Research & Development,90000000.0,244,Technical,98.0,0
149,42,10,Manager,Research & Development,130000000.0,303,Efficiency,97.8,0
149,42,10,Manager,Research & Development,130000000.0,303,HR,98.0,0
149,42,10,Manager,Research & Development,130000000.0,303,Time Management,97.95,0
149,42,10,Manager,Research & Development,178776637.0,118,Finance,98.0,0
149,42,10,Manager,Research & Development,178776637.0,118,Teamwork,98.0,0
149,42,10,Manager,Research & Development,178776637.0,118,Time Management,98.0,0
149,42,10,Manager,Research & Development,200000000.0,167,Development,95.22,0
149,42,10,Manager,Research & Development,200000000.0,167,Efficiency,98.0,0
149,42,10,Manager,Research & Development,200000000.0,167,Finance,98.0,0
149,42,10,Manager,Research & Development,200000000.0,167,HR,98.0,0
149,42,10,Manager,Research & Development,200000000.0,167,Innovation,88.93,0
149,42,10,Manager,Research & Development,200000000.0,167,Quality,96.4525,0
149,42,10,Manager,Research & Development,200000000.0,167,Technical,91.9,0
149,42,10,Manager,Research & Development,200000000.0,167,Time Management,98.0,0
149,42,10,Manager,Research & Development,291868109.0,256,Attendance,98.0,0
149,42,10,Manager,Research & Development,291868109.0,256,Development,95.57,0
149,42,10,Manager,Research & Development,291868109.0,256,Performance,98.0,0
149,42,10,Manager,Research & Development,291868109.0,256,Quality,97.445,0
149,42,10,Manager,Research & Development,291868109.0,256,Technical,98.0,0
149,42,10,Manager,Research & Development,466447298.0,297,Attendance,98.0,0
149,42,10,Manager,Research & Development,466447298.0,297,Finance,98.0,0
149,42,10,Manager,Research & Development,466447298.0,297,HR,98.0,0
149,42,10,Manager,Research & Development,466447298.0,297,Performance,98.0,0
149,42,10,Manager,Research & Development,466447298.0,297,Project,97.805,0
149,42,10,Manager,Research & Development,466447298.0,297,Quality,97.68333333333334,0
149,42,10,Manager,Research & Development,466447298.0,297,Teamwork,98.0,0
149,42,10,Manager,Research & Development,500000000.0,356,Finance,98.0,0
149,42,10,Manager,Research & Development,500000000.0,356,HR,98.0,0
149,42,10,Manager,Research & Development,500000000.0,356,Innovation,93.58,0
149,42,10,Manager,Research & Development,500000000.0,356,Quality,94.85,0
149,42,10,Manager,Research & Development,500000000.0,356,Technical,98.0,0
150,25,3,Staff,Production,50000000.0,211,Finance,67.78,1
150,25,3,Staff,Production,50000000.0,211,HR,61.01,1
150,25,3,Staff,Production,50000000.0,211,Performance,67.25,1
150,25,3,Staff,Production,50000000.0,211,Quality,61.22,1
150,25,3,Staff,Production,50000000.0,211,Time Management,61.65,1
150,25,3,Staff,Production,60000000.0,214,Development,54.01,1
150,25,3,Staff,Production,60000000.0,214,Efficiency,56.25,1
150,25,3,Staff,Production,60000000.0,214,HR,64.89,1
150,25,3,Staff,Production,60000000.0,214,Performance,63.87,1
150,25,3,Staff,Production,60000000.0,214,Project,61.1,1
150,25,3,Staff,Production,60000000.0,214,Quality,64.54333333333334,1
150,25,3,Staff,Production,60000000.0,214,Time Management,74.27,1
150,25,3,Staff,Production,90000000.0,244,Development,61.14,1
150,25,3,Staff,Production,90000000.0,244,Finance,59.95,1
150,25,3,Staff,Production,90000000.0,244,Performance,73.7,1
150,25,3,Staff,Production,90000000.0,244,Project,66.535,1
150,25,3,Staff,Production,90000000.0,244,Quality,59.46,1
150,25,3,Staff,Production,90000000.0,244,Time Management,61.94,1
150,25,3,Staff,Production,134037811.0,31,Attendance,69.99000000000001,1
150,25,3,Staff,Production,134037811.0,31,Development,65.69,1
150,25,3,Staff,Production,134037811.0,31,Efficiency,57.22,1
150,25,3,Staff,Production,134037811.0,31,Finance,61.00666666666666,1
150,25,3,Staff,Production,134037811.0,31,HR,68.77,1
150,25,3,Staff,Production,134037811.0,31,Quality,56.04,1
150,25,3,Staff,Production,134037811.0,31,Technical,62.495,1
150,25,3,Staff,Production,291862333.0,334,Attendance,62.48,1
150,25,3,Staff,Production,291862333.0,334,Development,61.07,1
150,25,3,Staff,Production,291862333.0,334,HR,65.66999999999999,1
150,25,3,Staff,Production,291862333.0,334,Performance,65.85,1
150,25,3,Staff,Production,291862333.0,334,Project,63.04,1
150,25,3,Staff,Production,291862333.0,334,Quality,61.019999999999996,1
150,25,3,Staff,Production,291862333.0,334,Teamwork,59.4,1
150,25,3,Staff,Production,291862333.0,334,Time Management,52.65,1
150,25,3,Staff,Production,365962025.0,249,Development,58.655,1
150,25,3,Staff,Production,365962025.0,249,Finance,66.53,1
150,25,3,Staff,Production,365962025.0,249,Innovation,68.76,1
150,25,3,Staff,Production,365962025.0,249,Project,66.47,1
150,25,3,Staff,Production,365962025.0,249,Quality,61.709999999999994,1
150,25,3,Staff,Production,365962025.0,249,Technical,62.834999999999994,1
150,25,3,Staff,Production,404564658.0,71,Attendance,79.54,1
150,25,3,Staff,Production,404564658.0,71,Development,57.79,1
150,25,3,Staff,Production,404564658.0,71,Efficiency,60.74,1
150,25,3,Staff,Production,404564658.0,71,HR,56.41,1
150,25,3,Staff,Production,404564658.0,71,Project,65.06,1
150,25,3,Staff,Production,404564658.0,71,Teamwork,73.7,1
150,25,3,Staff,Production,404564658.0,71,Technical,66.61,1
150,25,3,Staff,Production,466447298.0,297,Efficiency,68.42,1
150,25,3,Staff,Production,466447298.0,297,Quality,61.69,1
150,25,3,Staff,Production,466447298.0,297,Teamwork,63.63,1
151,35,5,Senior Staff,Logistics,75000000.0,203,Attendance,60.37,1
151,35,5,Senior Staff,Logistics,75000000.0,203,Quality,66.07,1
151,35,5,Senior Staff,Logistics,75000000.0,203,Teamwork,65.2,1
151,35,5,Senior Staff,Logistics,82017929.0,114,Attendance,68.08,1
151,35,5,Senior Staff,Logistics,82017929.0,114,Development,57.285,1
151,35,5,Senior Staff,Logistics,82017929.0,114,Finance,67.5,1
151,35,5,Senior Staff,Logistics,82017929.0,114,Innovation,73.09,1
151,35,5,Senior Staff,Logistics,82017929.0,114,Performance,67.34,1
151,35,5,Senior Staff,Logistics,82017929.0,114,Project,59.2,1
151,35,5,Senior Staff,Logistics,82017929.0,114,Quality,65.50999999999999,1
151,35,5,Senior Staff,Logistics,82017929.0,114,Teamwork,69.525,1
151,35,5,Senior Staff,Logistics,82017929.0,114,Time Management,68.78,1
151,35,5,Senior Staff,Logistics,170000000.0,229,Attendance,67.11,1
151,35,5,Senior Staff,Logistics,170000000.0,229,Efficiency,71.83,1
151,35,5,Senior Staff,Logistics,170000000.0,229,HR,59.69,1
151,35,5,Senior Staff,Logistics,170000000.0,229,Innovation,63.22,1
151,35,5,Senior Staff,Logistics,170000000.0,229,Performance,61.65,1
151,35,5,Senior Staff,Logistics,170000000.0,229,Project,64.48,1
151,35,5,Senior Staff,Logistics,170000000.0,229,Quality,61.39,1
151,35,5,Senior Staff,Logistics,170000000.0,229,Teamwork,65.71,1
151,35,5,Senior Staff,Logistics,170000000.0,229,Technical,66.99,1
151,35,5,Senior Staff,Logistics,170000000.0,229,Time Management,62.29,1
151,35,5,Senior Staff,Logistics,180000000.0,193,Development,61.355000000000004,1
151,35,5,Senior Staff,Logistics,180000000.0,193,Efficiency,57.37,1
151,35,5,Senior Staff,Logistics,180000000.0,193,Finance,60.89,1
151,35,5,Senior Staff,Logistics,180000000.0,193,HR,56.28,1
151,35,5,Senior Staff,Logistics,180000000.0,193,Performance,57.15,1
151,35,5,Senior Staff,Logistics,180000000.0,193,Project,68.93,1
151,35,5,Senior Staff,Logistics,180000000.0,193,Quality,59.36,1
151,35,5,Senior Staff,Logistics,200000000.0,167,Efficiency,64.98,1
151,35,5,Senior Staff,Logistics,200000000.0,167,HR,63.19,1
151,35,5,Senior Staff,Logistics,200000000.0,167,Quality,62.39,1
151,35,5,Senior Staff,Logistics,204675132.0,174,Attendance,64.53,1
151,35,5,Senior Staff,Logistics,204675132.0,174,Finance,59.15,1
151,35,5,Senior Staff,Logistics,204675132.0,174,Performance,67.28,1
151,35,5,Senior Staff,Logistics,204675132.0,174,Project,54.15,1
151,35,5,Senior Staff,Logistics,204675132.0,174,Quality,58.973333333333336,1
151,35,5,Senior Staff,Logistics,204675132.0,174,Teamwork,69.27,1
151,35,5,Senior Staff,Logistics,204675132.0,174,Technical,70.68,1
151,35,5,Senior Staff,Logistics,250000000.0,291,Development,58.21,1
151,35,5,Senior Staff,Logistics,250000000.0,291,Efficiency,63.48,1
151,35,5,Senior Staff,Logistics,250000000.0,291,HR,62.53,1
151,35,5,Senior Staff,Logistics,250000000.0,291,Innovation,56.83,1
151,35,5,Senior Staff,Logistics,250000000.0,291,Quality,64.51,1
151,35,5,Senior Staff,Logistics,250000000.0,291,Time Management,57.68,1
151,35,5,Senior Staff,Logistics,291862333.0,334,Attendance,63.375,1
151,35,5,Senior Staff,Logistics,291862333.0,334,Finance,59.93,1
151,35,5,Senior Staff,Logistics,291862333.0,334,Innovation,58.625,1
151,35,5,Senior Staff,Logistics,291862333.0,334,Quality,59.08,1
151,35,5,Senior Staff,Logistics,291862333.0,334,Technical,63.59,1
152,42,8,Manager,Logistics,90000000.0,244,Development,82.4,0
152,42,8,Manager,Logistics,90000000.0,244,HR,83.26,0
152,42,8,Manager,Logistics,90000000.0,244,Quality,86.29499999999999,0
152,42,8,Manager,Logistics,95000000.0,211,Development,89.38,0
152,42,8,Manager,Logistics,95000000.0,211,Efficiency,93.31,0
152,42,8,Manager,Logistics,95000000.0,211,HR,92.78000000000002,0
152,42,8,Manager,Logistics,95000000.0,211,Innovation,85.13,0
152,42,8,Manager,Logistics,95000000.0,211,Performance,93.04,0
152,42,8,Manager,Logistics,95000000.0,211,Quality,89.835,0
152,42,8,Manager,Logistics,95000000.0,211,Teamwork,94.625,0
152,42,8,Manager,Logistics,180000000.0,193,HR,90.27,0
152,42,8,Manager,Logistics,180000000.0,193,Innovation,83.14,0
152,42,8,Manager,Logistics,180000000.0,193,Quality,89.23,0
152,42,8,Manager,Logistics,180000000.0,193,Technical,84.74,0
152,42,8,Manager,Logistics,291868109.0,256,Attendance,90.94,0
152,42,8,Manager,Logistics,291868109.0,256,Quality,86.45,0
152,42,8,Manager,Logistics,355280620.0,347,HR,88.02,0
152,42,8,Manager,Logistics,355280620.0,347,Innovation,82.05,0
152,42,8,Manager,Logistics,355280620.0,347,Quality,92.23,0
152,42,8,Manager,Logistics,355280620.0,347,Teamwork,86.32,0
152,42,8,Manager,Logistics,355280620.0,347,Technical,94.53,0
152,42,8,Manager,Logistics,397696244.0,106,Attendance,95.84,0
152,42,8,Manager,Logistics,397696244.0,106,Development,89.58,0
152,42,8,Manager,Logistics,397696244.0,106,Efficiency,91.3,0
152,42,8,Manager,Logistics,397696244.0,106,HR,85.91,0
152,42,8,Manager,Logistics,397696244.0,106,Performance,86.87,0
152,42,8,Manager,Logistics,397696244.0,106,Project,90.94,0
152,42,8,Manager,Logistics,397696244.0,106,Quality,86.455,0
152,42,8,Manager,Logistics,397696244.0,106,Technical,84.11,0
152,42,8,Manager,Logistics,397696244.0,106,Time Management,90.57,0
152,42,8,Manager,Logistics,404564658.0,71,Efficiency,93.8,0
152,42,8,Manager,Logistics,404564658.0,71,Finance,88.75,0
152,42,8,Manager,Logistics,404564658.0,71,HR,90.14500000000001,0
152,42,8,Manager,Logistics,404564658.0,71,Performance,90.75,0
152,42,8,Manager,Logistics,404564658.0,71,Project,86.54,0
152,42,8,Manager,Logistics,404564658.0,71,Quality,87.42666666666666,0
152,42,8,Manager,Logistics,404564658.0,71,Teamwork,91.96,0
152,42,8,Manager,Logistics,404564658.0,71,Time Management,90.72,0
152,42,8,Manager,Logistics,493794225.0,102,Development,93.66,0
152,42,8,Manager,Logistics,493794225.0,102,Finance,84.4,0
152,42,8,Manager,Logistics,493794225.0,102,Performance,95.99,0
152,42,8,Manager,Logistics,493794225.0,102,Project,89.3,0
152,42,8,Manager,Logistics,493794225.0,102,Quality,90.405,0
152,42,8,Manager,Logistics,493794225.0,102,Technical,83.69999999999999,0
152,42,8,Manager,Logistics,493794225.0,102,Time Management,88.26,0
153,26,3,Staff,Logistics,75000000.0,203,Development,62.11,1
153,26,3,Staff,Logistics,75000000.0,203,Technical,58.59,1
153,26,3,Staff,Logistics,88214342.0,149,Efficiency,60.25,1
153,26,3,Staff,Logistics,88214342.0,149,HR,63.17333333333334,1
153,26,3,Staff,Logistics,88214342.0,149,Innovation,55.47,1
153,26,3,Staff,Logistics,88214342.0,149,Quality,61.22,1
153,26,3,Staff,Logistics,88214342.0,149,Technical,66.37,1
153,26,3,Staff,Logistics,95000000.0,211,Attendance,66.36,1
153,26,3,Staff,Logistics,95000000.0,211,Efficiency,60.99,1
153,26,3,Staff,Logistics,95000000.0,211,HR,60.58,1
153,26,3,Staff,Logistics,95000000.0,211,Quality,66.2,1
153,26,3,Staff,Logistics,95000000.0,211,Teamwork,65.78999999999999,1
153,26,3,Staff,Logistics,180000000.0,193,Attendance,56.74,1
153,26,3,Staff,Logistics,180000000.0,193,Development,55.66,1
153,26,3,Staff,Logistics,180000000.0,193,Efficiency,60.11333333333334,1
153,26,3,Staff,Logistics,180000000.0,193,HR,52.56,1
153,26,3,Staff,Logistics,180000000.0,193,Innovation,59.75,1
153,26,3,Staff,Logistics,180000000.0,193,Performance,57.555,1
153,26,3,Staff,Logistics,180000000.0,193,Quality,55.4475,1
153,26,3,Staff,Logistics,180000000.0,193,Technical,62.33,1
153,26,3,Staff,Logistics,180000000.0,193,Time Management,59.65,1
153,26,3,Staff,Logistics,365962025.0,249,Finance,60.14,1
153,26,3,Staff,Logistics,365962025.0,249,Performance,67.07,1
153,26,3,Staff,Logistics,365962025.0,249,Time Management,66.0,1
153,26,3,Staff,Logistics,375514309.0,335,Attendance,60.830000000000005,1
153,26,3,Staff,Logistics,375514309.0,335,Development,57.29333333333333,1
153,26,3,Staff,Logistics,375514309.0,335,Efficiency,58.27,1
153,26,3,Staff,Logistics,375514309.0,335,Teamwork,59.04,1
153,26,3,Staff,Logistics,375514309.0,335,Technical,57.055,1
153,26,3,Staff,Logistics,385820825.0,138,Development,62.364999999999995,1
153,26,3,Staff,Logistics,385820825.0,138,Efficiency,61.71,1
153,26,3,Staff,Logistics,385820825.0,138,HR,64.7,1
153,26,3,Staff,Logistics,385820825.0,138,Innovation,59.09,1
153,26,3,Staff,Logistics,385820825.0,138,Performance,57.08,1
153,26,3,Staff,Logistics,385820825.0,138,Project,61.785,1
153,26,3,Staff,Logistics,385820825.0,138,Quality,62.275000000000006,1
153,26,3,Staff,Logistics,385820825.0,138,Teamwork,70.55,1
153,26,3,Staff,Logistics,404564658.0,71,Efficiency,62.540000000000006,1
153,26,3,Staff,Logistics,404564658.0,71,HR,68.48,1
153,26,3,Staff,Logistics,404564658.0,71,Innovation,52.04,1
153,26,3,Staff,Logistics,404564658.0,71,Performance,59.61,1
153,26,3,Staff,Logistics,404564658.0,71,Quality,59.2,1
153,26,3,Staff,Logistics,404564658.0,71,Teamwork,62.8,1
153,26,3,Staff,Logistics,404564658.0,71,Technical,70.98,1
154,26,2,Staff,IT,82017929.0,114,Efficiency,68.22,1
154,26,2,Staff,IT,82017929.0,114,Project,59.21,1
154,26,2,Staff,IT,82017929.0,114,Quality,61.39,1
154,26,2,Staff,IT,110000000.0,199,Finance,71.8,1
154,26,2,Staff,IT,110000000.0,199,HR,76.62,1
154,26,2,Staff,IT,110000000.0,199,Performance,63.99,1
154,26,2,Staff,IT,130000000.0,303,Efficiency,70.03,1
154,26,2,Staff,IT,130000000.0,303,HR,69.57,1
154,26,2,Staff,IT,130000000.0,303,Teamwork,72.29,1
154,26,2,Staff,IT,130000000.0,303,Technical,67.65,1
154,26,2,Staff,IT,170000000.0,229,Development,56.27,1
154,26,2,Staff,IT,170000000.0,229,Finance,61.82,1
154,26,2,Staff,IT,170000000.0,229,HR,64.38,1
154,26,2,Staff,IT,170000000.0,229,Innovation,57.95,1
154,26,2,Staff,IT,170000000.0,229,Performance,64.765,1
154,26,2,Staff,IT,170000000.0,229,Quality,61.24,1
154,26,2,Staff,IT,170000000.0,229,Technical,68.7,1
154,26,2,Staff,IT,170000000.0,229,Time Management,63.03,1
154,26,2,Staff,IT,300000000.0,242,Attendance,68.42,1
154,26,2,Staff,IT,300000000.0,242,Development,65.98,1
154,26,2,Staff,IT,300000000.0,242,Efficiency,59.02,1
154,26,2,Staff,IT,300000000.0,242,Innovation,57.165,1
154,26,2,Staff,IT,300000000.0,242,Teamwork,65.0,1
154,26,2,Staff,IT,385820825.0,138,Attendance,69.71,1
154,26,2,Staff,IT,385820825.0,138,HR,70.38,1
154,26,2,Staff,IT,385820825.0,138,Quality,71.56,1
154,26,2,Staff,IT,385820825.0,138,Time Management,76.91,1
154,26,2,Staff,IT,466447298.0,297,Finance,76.06,1
154,26,2,Staff,IT,493794225.0,102,Quality,62.56,1
155,28,5,Staff,Quality Assurance,80000000.0,138,Attendance,69.09,1
155,28,5,Staff,Quality Assurance,80000000.0,138,Finance,65.69,1
155,28,5,Staff,Quality Assurance,80000000.0,138,Performance,69.07,1
155,28,5,Staff,Quality Assurance,80000000.0,138,Project,60.58,1
155,28,5,Staff,Quality Assurance,80000000.0,138,Quality,61.843333333333334,1
155,28,5,Staff,Quality Assurance,80000000.0,138,Time Management,70.28,1
155,28,5,Staff,Quality Assurance,134037811.0,31,Development,72.66,1
155,28,5,Staff,Quality Assurance,134037811.0,31,Efficiency,70.76,1
155,28,5,Staff,Quality Assurance,134037811.0,31,HR,74.56,1
155,28,5,Staff,Quality Assurance,134037811.0,31,Project,75.38,1
155,28,5,Staff,Quality Assurance,134037811.0,31,Quality,61.12,1
155,28,5,Staff,Quality Assurance,180000000.0,193,Development,62.15,1
155,28,5,Staff,Quality Assurance,180000000.0,193,HR,76.53,1
155,28,5,Staff,Quality Assurance,206368642.0,46,Efficiency,68.02,1
155,28,5,Staff,Quality Assurance,206368642.0,46,Innovation,65.72,1
155,28,5,Staff,Quality Assurance,206368642.0,46,Performance,72.42,1
155,28,5,Staff,Quality Assurance,206368642.0,46,Project,67.49,1
155,28,5,Staff,Quality Assurance,206368642.0,46,Quality,70.16,1
155,28,5,Staff,Quality Assurance,206368642.0,46,Time Management,72.28,1
155,28,5,Staff,Quality Assurance,278244747.0,88,Attendance,77.8,1
155,28,5,Staff,Quality Assurance,278244747.0,88,Development,68.05,1
155,28,5,Staff,Quality Assurance,278244747.0,88,Efficiency,67.495,1
155,28,5,Staff,Quality Assurance,278244747.0,88,Finance,64.21,1
155,28,5,Staff,Quality Assurance,278244747.0,88,HR,69.9,1
155,28,5,Staff,Quality Assurance,278244747.0,88,Performance,71.58666666666666,1
155,28,5,Staff,Quality Assurance,278244747.0,88,Project,77.73,1
155,28,5,Staff,Quality Assurance,278244747.0,88,Technical,69.37,1
155,28,5,Staff,Quality Assurance,291862333.0,334,Development,66.55,1
155,28,5,Staff,Quality Assurance,291862333.0,334,HR,74.32,1
155,28,5,Staff,Quality Assurance,291862333.0,334,Innovation,64.64,1
155,28,5,Staff,Quality Assurance,291862333.0,334,Performance,71.97,1
155,28,5,Staff,Quality Assurance,291862333.0,334,Quality,63.94,1
155,28,5,Staff,Quality Assurance,291862333.0,334,Technical,71.39,1
155,28,5,Staff,Quality Assurance,365962025.0,249,Efficiency,70.05,1
155,28,5,Staff,Quality Assurance,365962025.0,249,HR,69.625,1
155,28,5,Staff,Quality Assurance,365962025.0,249,Project,69.13,1
155,28,5,Staff,Quality Assurance,365962025.0,249,Quality,66.9975,1
155,28,5,Staff,Quality Assurance,365962025.0,249,Teamwork,67.13,1
155,28,5,Staff,Quality Assurance,365962025.0,249,Time Management,72.8,1
155,28,5,Staff,Quality Assurance,375514309.0,335,Attendance,75.63499999999999,1
155,28,5,Staff,Quality Assurance,375514309.0,335,Efficiency,66.945,1
155,28,5,Staff,Quality Assurance,375514309.0,335,HR,66.66666666666667,1
155,28,5,Staff,Quality Assurance,375514309.0,335,Innovation,60.04,1
155,28,5,Staff,Quality Assurance,375514309.0,335,Performance,67.05,1
155,28,5,Staff,Quality Assurance,375514309.0,335,Quality,66.185,1
156,34,4,Senior Staff,Operations,50000000.0,211,Finance,68.215,1
156,34,4,Senior Staff,Operations,50000000.0,211,Project,75.76,1
156,34,4,Senior Staff,Operations,50000000.0,211,Quality,61.67,1
156,34,4,Senior Staff,Operations,50000000.0,211,Time Management,65.42,1
156,34,4,Senior Staff,Operations,80000000.0,138,Quality,62.096666666666664,1
156,34,4,Senior Staff,Operations,80000000.0,138,Time Management,70.63,1
156,34,4,Senior Staff,Operations,90000000.0,244,HR,71.59,1
156,34,4,Senior Staff,Operations,90000000.0,244,Innovation,63.93,1
156,34,4,Senior Staff,Operations,90000000.0,244,Quality,74.0,1
156,34,4,Senior Staff,Operations,180000000.0,193,Efficiency,63.36,1
156,34,4,Senior Staff,Operations,180000000.0,193,HR,65.34,1
156,34,4,Senior Staff,Operations,180000000.0,193,Innovation,60.62,1
156,34,4,Senior Staff,Operations,180000000.0,193,Performance,65.51,1
156,34,4,Senior Staff,Operations,180000000.0,193,Project,76.05,1
156,34,4,Senior Staff,Operations,180000000.0,193,Quality,65.95,1
156,34,4,Senior Staff,Operations,180000000.0,193,Teamwork,72.48,1
156,34,4,Senior Staff,Operations,220000000.0,225,Attendance,71.62,1
156,34,4,Senior Staff,Operations,220000000.0,225,Development,70.08,1
156,34,4,Senior Staff,Operations,220000000.0,225,Efficiency,62.85,1
156,34,4,Senior Staff,Operations,220000000.0,225,HR,69.69666666666667,1
156,34,4,Senior Staff,Operations,220000000.0,225,Teamwork,66.51,1
156,34,4,Senior Staff,Operations,220000000.0,225,Technical,57.17,1
156,34,4,Senior Staff,Operations,220000000.0,225,Time Management,73.03,1
156,34,4,Senior Staff,Operations,278244747.0,88,HR,66.62,1
156,34,4,Senior Staff,Operations,278244747.0,88,Performance,68.475,1
156,34,4,Senior Staff,Operations,278244747.0,88,Project,61.34,1
156,34,4,Senior Staff,Operations,278244747.0,88,Quality,68.05,1
156,34,4,Senior Staff,Operations,278244747.0,88,Technical,60.38,1
156,34,4,Senior Staff,Operations,291862333.0,334,Efficiency,67.71,1
156,34,4,Senior Staff,Operations,291862333.0,334,Finance,64.75,1
156,34,4,Senior Staff,Operations,291862333.0,334,HR,70.985,1
156,34,4,Senior Staff,Operations,291862333.0,334,Innovation,59.83,1
156,34,4,Senior Staff,Operations,291862333.0,334,Project,65.16499999999999,1
156,34,4,Senior Staff,Operations,291862333.0,334,Quality,61.09,1
156,34,4,Senior Staff,Operations,291862333.0,334,Technical,68.215,1
156,34,4,Senior Staff,Operations,472961951.0,350,Attendance,69.66,1
156,34,4,Senior Staff,Operations,472961951.0,350,Development,65.76,1
156,34,4,Senior Staff,Operations,472961951.0,350,Efficiency,61.87,1
156,34,4,Senior Staff,Operations,472961951.0,350,Finance,60.05,1
156,34,4,Senior Staff,Operations,472961951.0,350,HR,69.74000000000001,1
156,34,4,Senior Staff,Operations,472961951.0,350,Project,78.62,1
156,34,4,Senior Staff,Operations,472961951.0,350,Quality,72.45,1
156,34,4,Senior Staff,Operations,472961951.0,350,Technical,61.47,1
157,23,3,Staff,Quality Assurance,95000000.0,211,Development,62.584999999999994,1
157,23,3,Staff,Quality Assurance,95000000.0,211,Finance,63.195,1
157,23,3,Staff,Quality Assurance,95000000.0,211,HR,70.0425,1
157,23,3,Staff,Quality Assurance,95000000.0,211,Performance,68.92,1
157,23,3,Staff,Quality Assurance,95000000.0,211,Project,67.88499999999999,1
157,23,3,Staff,Quality Assurance,95000000.0,211,Quality,64.14,1
157,23,3,Staff,Quality Assurance,95000000.0,211,Technical,69.46333333333332,1
157,23,3,Staff,Quality Assurance,130000000.0,303,Attendance,63.03,1
157,23,3,Staff,Quality Assurance,130000000.0,303,Finance,66.97,1
157,23,3,Staff,Quality Assurance,130000000.0,303,HR,64.37,1
157,23,3,Staff,Quality Assurance,130000000.0,303,Project,66.71,1
157,23,3,Staff,Quality Assurance,130000000.0,303,Quality,58.86,1
157,23,3,Staff,Quality Assurance,130000000.0,303,Technical,65.31,1
157,23,3,Staff,Quality Assurance,130000000.0,303,Time Management,66.27,1
157,23,3,Staff,Quality Assurance,134037811.0,31,Attendance,73.0,1
157,23,3,Staff,Quality Assurance,134037811.0,31,Development,68.14999999999999,1
157,23,3,Staff,Quality Assurance,134037811.0,31,Efficiency,67.4,1
157,23,3,Staff,Quality Assurance,134037811.0,31,HR,71.42,1
157,23,3,Staff,Quality Assurance,134037811.0,31,Innovation,63.8,1
157,23,3,Staff,Quality Assurance,134037811.0,31,Project,67.92,1
157,23,3,Staff,Quality Assurance,134037811.0,31,Quality,65.07666666666667,1
157,23,3,Staff,Quality Assurance,134037811.0,31,Teamwork,65.89,1
157,23,3,Staff,Quality Assurance,134037811.0,31,Technical,66.18,1
157,23,3,Staff,Quality Assurance,134037811.0,31,Time Management,71.95,1
157,23,3,Staff,Quality Assurance,206368642.0,46,Attendance,74.13,1
157,23,3,Staff,Quality Assurance,206368642.0,46,Efficiency,61.4,1
157,23,3,Staff,Quality Assurance,206368642.0,46,Finance,57.65,1
157,23,3,Staff,Quality Assurance,206368642.0,46,HR,67.64333333333333,1
157,23,3,Staff,Quality Assurance,206368642.0,46,Project,63.44,1
157,23,3,Staff,Quality Assurance,206368642.0,46,Quality,67.4025,1
157,23,3,Staff,Quality Assurance,206368642.0,46,Teamwork,73.16,1
157,23,3,Staff,Quality Assurance,206368642.0,46,Technical,71.24,1
157,23,3,Staff,Quality Assurance,278244747.0,88,Attendance,71.35,1
157,23,3,Staff,Quality Assurance,278244747.0,88,Quality,62.06,1
157,23,3,Staff,Quality Assurance,291868109.0,256,Attendance,75.85,1
157,23,3,Staff,Quality Assurance,291868109.0,256,Finance,65.64,1
157,23,3,Staff,Quality Assurance,291868109.0,256,HR,63.1,1
157,23,3,Staff,Quality Assurance,291868109.0,256,Project,61.75,1
157,23,3,Staff,Quality Assurance,291868109.0,256,Quality,67.1225,1
157,23,3,Staff,Quality Assurance,291868109.0,256,Technical,73.68,1
157,23,3,Staff,Quality Assurance,291868109.0,256,Time Management,72.05,1
157,23,3,Staff,Quality Assurance,397696244.0,106,Development,62.19,1
157,23,3,Staff,Quality Assurance,397696244.0,106,HR,64.4,1
157,23,3,Staff,Quality Assurance,397696244.0,106,Project,61.56,1
157,23,3,Staff,Quality Assurance,397696244.0,106,Time Management,68.84,1
157,23,3,Staff,Quality Assurance,466447298.0,297,Attendance,69.41499999999999,1
157,23,3,Staff,Quality Assurance,466447298.0,297,Development,58.84,1
157,23,3,Staff,Quality Assurance,466447298.0,297,HR,60.565,1
157,23,3,Staff,Quality Assurance,466447298.0,297,Innovation,69.15,1
157,23,3,Staff,Quality Assurance,466447298.0,297,Performance,66.95,1
157,23,3,Staff,Quality Assurance,466447298.0,297,Project,65.94,1
157,23,3,Staff,Quality Assurance,466447298.0,297,Quality,64.16,1
157,23,3,Staff,Quality Assurance,466447298.0,297,Teamwork,62.03,1
157,23,3,Staff,Quality Assurance,466447298.0,297,Technical,64.94,1
157,23,3,Staff,Quality Assurance,466447298.0,297,Time Management,65.13,1
158,44,14,Manager,Customer Service,75000000.0,203,Development,87.05,0
158,44,14,Manager,Customer Service,80000000.0,138,Development,93.19999999999999,0
158,44,14,Manager,Customer Service,80000000.0,138,Efficiency,96.63,0
158,44,14,Manager,Customer Service,80000000.0,138,HR,91.17,0
158,44,14,Manager,Customer Service,80000000.0,138,Innovation,86.8,0
158,44,14,Manager,Customer Service,80000000.0,138,Performance,97.43,0
158,44,14,Manager,Customer Service,80000000.0,138,Quality,84.49000000000001,0
158,44,14,Manager,Customer Service,80000000.0,138,Teamwork,92.78,0
158,44,14,Manager,Customer Service,80000000.0,138,Time Management,87.72,0
158,44,14,Manager,Customer Service,95000000.0,211,Attendance,98.0,0
158,44,14,Manager,Customer Service,95000000.0,211,HR,92.78,0
158,44,14,Manager,Customer Service,95000000.0,211,Innovation,87.91,0
158,44,14,Manager,Customer Service,95000000.0,211,Performance,94.45,0
158,44,14,Manager,Customer Service,95000000.0,211,Project,96.11,0
158,44,14,Manager,Customer Service,95000000.0,211,Quality,93.67,0
158,44,14,Manager,Customer Service,95000000.0,211,Teamwork,93.14,0
158,44,14,Manager,Customer Service,95000000.0,211,Time Management,94.80000000000001,0
158,44,14,Manager,Customer Service,140000000.0,211,Development,87.41,0
158,44,14,Manager,Customer Service,140000000.0,211,Finance,81.83,0
158,44,14,Manager,Customer Service,140000000.0,211,HR,97.83,0
158,44,14,Manager,Customer Service,140000000.0,211,Innovation,86.4,0
158,44,14,Manager,Customer Service,140000000.0,211,Quality,92.325,0
158,44,14,Manager,Customer Service,140000000.0,211,Teamwork,89.66,0
158,44,14,Manager,Customer Service,140000000.0,211,Technical,88.95,0
158,44,14,Manager,Customer Service,140000000.0,211,Time Management,90.09,0
158,44,14,Manager,Customer Service,150000000.0,274,Attendance,98.0,0
158,44,14,Manager,Customer Service,150000000.0,274,Efficiency,90.19333333333334,0
158,44,14,Manager,Customer Service,150000000.0,274,HR,95.4575,0
158,44,14,Manager,Customer Service,150000000.0,274,Project,97.04,0
158,44,14,Manager,Customer Service,150000000.0,274,Quality,91.86666666666667,0
158,44,14,Manager,Customer Service,150000000.0,274,Time Management,97.02,0
158,44,14,Manager,Customer Service,200000000.0,167,Attendance,98.0,0
158,44,14,Manager,Customer Service,200000000.0,167,Efficiency,97.08,0
158,44,14,Manager,Customer Service,200000000.0,167,Finance,88.83,0
158,44,14,Manager,Customer Service,200000000.0,167,Project,97.17,0
158,44,14,Manager,Customer Service,200000000.0,167,Quality,93.05,0
158,44,14,Manager,Customer Service,200000000.0,167,Teamwork,98.0,0
158,44,14,Manager,Customer Service,200000000.0,167,Technical,95.16,0
158,44,14,Manager,Customer Service,200000000.0,167,Time Management,96.5,0
158,44,14,Manager,Customer Service,291868109.0,256,Attendance,94.33,0
158,44,14,Manager,Customer Service,291868109.0,256,HR,91.25,0
158,44,14,Manager,Customer Service,291868109.0,256,Performance,90.66,0
158,44,14,Manager,Customer Service,291868109.0,256,Project,93.18,0
158,44,14,Manager,Customer Service,291868109.0,256,Quality,91.9525,0
158,44,14,Manager,Customer Service,291868109.0,256,Time Management,96.29,0
158,44,14,Manager,Customer Service,369461833.0,321,Development,94.92,0
158,44,14,Manager,Customer Service,369461833.0,321,Efficiency,93.05,0
158,44,14,Manager,Customer Service,369461833.0,321,Finance,94.35,0
158,44,14,Manager,Customer Service,369461833.0,321,HR,92.095,0
158,44,14,Manager,Customer Service,369461833.0,321,Innovation,78.72,0
158,44,14,Manager,Customer Service,369461833.0,321,Performance,97.305,0
158,44,14,Manager,Customer Service,369461833.0,321,Quality,90.6,0
158,44,14,Manager,Customer Service,369461833.0,321,Technical,94.06,0
159,28,2,Staff,Marketing,90000000.0,244,Efficiency,73.74,1
159,28,2,Staff,Marketing,90000000.0,244,HR,65.8,1
159,28,2,Staff,Marketing,90000000.0,244,Quality,59.09,1
159,28,2,Staff,Marketing,95000000.0,211,Attendance,78.4,1
159,28,2,Staff,Marketing,95000000.0,211,Development,65.41,1
159,28,2,Staff,Marketing,95000000.0,211,Efficiency,65.12,1
159,28,2,Staff,Marketing,95000000.0,211,Finance,65.81,1
159,28,2,Staff,Marketing,95000000.0,211,HR,75.96,1
159,28,2,Staff,Marketing,95000000.0,211,Quality,65.21,1
159,28,2,Staff,Marketing,95000000.0,211,Teamwork,66.54,1
159,28,2,Staff,Marketing,95000000.0,211,Technical,69.64,1
159,28,2,Staff,Marketing,95000000.0,211,Time Management,70.32,1
159,28,2,Staff,Marketing,130000000.0,303,Attendance,75.37,1
159,28,2,Staff,Marketing,130000000.0,303,Development,63.09,1
159,28,2,Staff,Marketing,130000000.0,303,Efficiency,62.42,1
159,28,2,Staff,Marketing,130000000.0,303,Finance,74.16,1
159,28,2,Staff,Marketing,130000000.0,303,HR,71.01,1
159,28,2,Staff,Marketing,130000000.0,303,Innovation,65.435,1
159,28,2,Staff,Marketing,130000000.0,303,Performance,73.32,1
159,28,2,Staff,Marketing,130000000.0,303,Quality,62.89,1
159,28,2,Staff,Marketing,130000000.0,303,Teamwork,75.605,1
159,28,2,Staff,Marketing,130000000.0,303,Time Management,63.870000000000005,1
159,28,2,Staff,Marketing,150000000.0,274,Attendance,68.13,1
159,28,2,Staff,Marketing,150000000.0,274,HR,67.81,1
159,28,2,Staff,Marketing,220000000.0,225,Efficiency,67.03,1
159,28,2,Staff,Marketing,291862333.0,334,Attendance,79.25,1
159,28,2,Staff,Marketing,291862333.0,334,Efficiency,66.34,1
159,28,2,Staff,Marketing,291862333.0,334,Finance,54.64,1
159,28,2,Staff,Marketing,291862333.0,334,Performance,65.72,1
159,28,2,Staff,Marketing,291862333.0,334,Time Management,57.35,1
159,28,2,Staff,Marketing,365962025.0,249,HR,63.78,1
159,28,2,Staff,Marketing,365962025.0,249,Project,61.06,1
159,28,2,Staff,Marketing,365962025.0,249,Quality,56.79,1
159,28,2,Staff,Marketing,365962025.0,249,Time Management,66.84,1
159,28,2,Staff,Marketing,385820825.0,138,Development,67.67,1
159,28,2,Staff,Marketing,385820825.0,138,Efficiency,75.93,1
159,28,2,Staff,Marketing,385820825.0,138,HR,65.87,1
159,28,2,Staff,Marketing,385820825.0,138,Innovation,58.63,1
159,28,2,Staff,Marketing,385820825.0,138,Quality,62.723333333333336,1
159,28,2,Staff,Marketing,385820825.0,138,Teamwork,72.65,1
159,28,2,Staff,Marketing,385820825.0,138,Time Management,63.696666666666665,1
160,41,14,Manager,Operations,82017929.0,114,Attendance,98.0,0
160,41,14,Manager,Operations,82017929.0,114,Efficiency,92.16,0
160,41,14,Manager,Operations,82017929.0,114,Finance,91.55,0
160,41,14,Manager,Operations,82017929.0,114,HR,93.3725,0
160,41,14,Manager,Operations,82017929.0,114,Innovation,97.02,0
160,41,14,Manager,Operations,82017929.0,114,Performance,93.15,0
160,41,14,Manager,Operations,82017929.0,114,Quality,97.62,0
160,41,14,Manager,Operations,82017929.0,114,Teamwork,94.33,0
160,41,14,Manager,Operations,82017929.0,114,Time Management,88.63,0
160,41,14,Manager,Operations,140000000.0,211,Innovation,93.98,0
160,41,14,Manager,Operations,140000000.0,211,Project,96.41,0
160,41,14,Manager,Operations,140000000.0,211,Teamwork,98.0,0
160,41,14,Manager,Operations,150000000.0,274,Attendance,96.39,0
160,41,14,Manager,Operations,150000000.0,274,Efficiency,98.0,0
160,41,14,Manager,Operations,150000000.0,274,Finance,94.09,0
160,41,14,Manager,Operations,150000000.0,274,Quality,89.405,0
160,41,14,Manager,Operations,150000000.0,274,Teamwork,95.88,0
160,41,14,Manager,Operations,220000000.0,225,Attendance,98.0,0
160,41,14,Manager,Operations,220000000.0,225,Development,92.06,0
160,41,14,Manager,Operations,220000000.0,225,Finance,92.44,0
160,41,14,Manager,Operations,220000000.0,225,Innovation,92.15,0
160,41,14,Manager,Operations,220000000.0,225,Performance,98.0,0
160,41,14,Manager,Operations,220000000.0,225,Project,98.0,0
160,41,14,Manager,Operations,220000000.0,225,Quality,97.57,0
160,41,14,Manager,Operations,220000000.0,225,Time Management,97.94,0
160,41,14,Manager,Operations,278244747.0,88,Efficiency,89.69,0
160,41,14,Manager,Operations,278244747.0,88,HR,97.945,0
160,41,14,Manager,Operations,278244747.0,88,Performance,93.86,0
160,41,14,Manager,Operations,278244747.0,88,Quality,98.0,0
160,41,14,Manager,Operations,291862333.0,334,Attendance,98.0,0
160,41,14,Manager,Operations,291862333.0,334,HR,96.86,0
160,41,14,Manager,Operations,291862333.0,334,Innovation,89.83,0
160,41,14,Manager,Operations,291862333.0,334,Performance,95.41000000000001,0
160,41,14,Manager,Operations,291862333.0,334,Project,94.07,0
160,41,14,Manager,Operations,291862333.0,334,Quality,86.18,0
160,41,14,Manager,Operations,291862333.0,334,Teamwork,97.91,0
160,41,14,Manager,Operations,291862333.0,334,Technical,93.17,0
160,41,14,Manager,Operations,291862333.0,334,Time Management,97.15,0
160,41,14,Manager,Operations,375514309.0,335,Project,98.0,0
160,41,14,Manager,Operations,375514309.0,335,Quality,91.46,0
160,41,14,Manager,Operations,375514309.0,335,Technical,86.96,0
160,41,14,Manager,Operations,385820825.0,138,Efficiency,93.17,0
160,41,14,Manager,Operations,385820825.0,138,Performance,95.83,0
160,41,14,Manager,Operations,385820825.0,138,Quality,90.87,0
160,41,14,Manager,Operations,385820825.0,138,Time Management,97.27,0
161,25,5,Staff,Legal,60000000.0,214,Attendance,67.75,1
161,25,5,Staff,Legal,60000000.0,214,Development,57.15,1
161,25,5,Staff,Legal,60000000.0,214,Innovation,57.16,1
161,25,5,Staff,Legal,60000000.0,214,Performance,61.31,1
161,25,5,Staff,Legal,60000000.0,214,Technical,70.87,1
161,25,5,Staff,Legal,60000000.0,214,Time Management,61.89,1
161,25,5,Staff,Legal,75000000.0,203,Attendance,73.81,1
161,25,5,Staff,Legal,75000000.0,203,Development,66.72,1
161,25,5,Staff,Legal,75000000.0,203,HR,64.99333333333334,1
161,25,5,Staff,Legal,75000000.0,203,Performance,64.03,1
161,25,5,Staff,Legal,75000000.0,203,Project,64.15,1
161,25,5,Staff,Legal,75000000.0,203,Quality,60.455,1
161,25,5,Staff,Legal,75000000.0,203,Teamwork,65.73,1
161,25,5,Staff,Legal,75000000.0,203,Time Management,69.5,1
161,25,5,Staff,Legal,82017929.0,114,Attendance,69.42,1
161,25,5,Staff,Legal,82017929.0,114,Efficiency,55.92,1
161,25,5,Staff,Legal,82017929.0,114,Quality,68.13,1
161,25,5,Staff,Legal,82017929.0,114,Teamwork,63.08,1
161,25,5,Staff,Legal,291868109.0,256,Development,62.38,1
161,25,5,Staff,Legal,291868109.0,256,HR,67.29,1
161,25,5,Staff,Legal,291868109.0,256,Quality,57.120000000000005,1
161,25,5,Staff,Legal,291868109.0,256,Teamwork,69.85,1
161,25,5,Staff,Legal,291868109.0,256,Technical,67.16,1
161,25,5,Staff,Legal,291868109.0,256,Time Management,62.97,1
161,25,5,Staff,Legal,300000000.0,242,Attendance,72.99000000000001,1
161,25,5,Staff,Legal,300000000.0,242,Development,60.59,1
161,25,5,Staff,Legal,300000000.0,242,Innovation,56.84,1
161,25,5,Staff,Legal,300000000.0,242,Quality,63.885000000000005,1
161,25,5,Staff,Legal,300000000.0,242,Teamwork,69.475,1
161,25,5,Staff,Legal,300000000.0,242,Technical,65.98,1
161,25,5,Staff,Legal,300000000.0,242,Time Management,67.45,1
161,25,5,Staff,Legal,385820825.0,138,Attendance,60.8,1
161,25,5,Staff,Legal,385820825.0,138,Development,62.42,1
161,25,5,Staff,Legal,385820825.0,138,Efficiency,58.76,1
161,25,5,Staff,Legal,385820825.0,138,Finance,56.9,1
161,25,5,Staff,Legal,385820825.0,138,HR,62.15,1
161,25,5,Staff,Legal,385820825.0,138,Innovation,46.39,1
161,25,5,Staff,Legal,385820825.0,138,Performance,61.15,1
161,25,5,Staff,Legal,385820825.0,138,Teamwork,66.72999999999999,1
161,25,5,Staff,Legal,385820825.0,138,Time Management,62.52,1
161,25,5,Staff,Legal,472961951.0,350,Finance,56.0,1
161,25,5,Staff,Legal,472961951.0,350,HR,66.76,1
161,25,5,Staff,Legal,472961951.0,350,Quality,60.425,1
161,25,5,Staff,Legal,472961951.0,350,Technical,68.1,1
161,25,5,Staff,Legal,472961951.0,350,Time Management,69.19,1
161,25,5,Staff,Legal,500000000.0,356,Attendance,63.4,1
161,25,5,Staff,Legal,500000000.0,356,Development,59.56,1
161,25,5,Staff,Legal,500000000.0,356,Innovation,61.63,1
161,25,5,Staff,Legal,500000000.0,356,Project,62.05,1
161,25,5,Staff,Legal,500000000.0,356,Quality,60.88666666666666,1
161,25,5,Staff,Legal,500000000.0,356,Teamwork,66.94999999999999,1
161,25,5,Staff,Legal,500000000.0,356,Technical,63.24,1
162,38,8,Senior Staff,Operations,134037811.0,31,Attendance,67.24,1
162,38,8,Senior Staff,Operations,134037811.0,31,HR,75.72,1
162,38,8,Senior Staff,Operations,134037811.0,31,Innovation,66.69,1
162,38,8,Senior Staff,Operations,134037811.0,31,Performance,70.28,1
162,38,8,Senior Staff,Operations,134037811.0,31,Quality,72.41333333333334,1
162,38,8,Senior Staff,Operations,140000000.0,211,Development,70.58,1
162,38,8,Senior Staff,Operations,140000000.0,211,Finance,66.29499999999999,1
162,38,8,Senior Staff,Operations,140000000.0,211,HR,69.94,1
162,38,8,Senior Staff,Operations,140000000.0,211,Innovation,57.16,1
162,38,8,Senior Staff,Operations,140000000.0,211,Performance,68.225,1
162,38,8,Senior Staff,Operations,140000000.0,211,Quality,67.71333333333334,1
162,38,8,Senior Staff,Operations,140000000.0,211,Teamwork,74.07,1
162,38,8,Senior Staff,Operations,140000000.0,211,Technical,71.255,1
162,38,8,Senior Staff,Operations,180000000.0,193,Efficiency,68.35,1
162,38,8,Senior Staff,Operations,180000000.0,193,Technical,61.6,1
162,38,8,Senior Staff,Operations,190000000.0,241,Finance,60.25,1
162,38,8,Senior Staff,Operations,190000000.0,241,Innovation,62.63,1
162,38,8,Senior Staff,Operations,190000000.0,241,Technical,67.78,1
162,38,8,Senior Staff,Operations,200000000.0,167,Development,66.58,1
162,38,8,Senior Staff,Operations,200000000.0,167,Performance,65.47,1
162,38,8,Senior Staff,Operations,200000000.0,167,Quality,63.2,1
162,38,8,Senior Staff,Operations,200000000.0,167,Time Management,60.85,1
162,38,8,Senior Staff,Operations,369461833.0,321,Finance,59.11,1
162,38,8,Senior Staff,Operations,369461833.0,321,Innovation,54.4,1
162,38,8,Senior Staff,Operations,369461833.0,321,Performance,66.17,1
162,38,8,Senior Staff,Operations,369461833.0,321,Quality,63.64,1
162,38,8,Senior Staff,Operations,369461833.0,321,Technical,69.84,1
162,38,8,Senior Staff,Operations,466447298.0,297,Development,66.56,1
162,38,8,Senior Staff,Operations,466447298.0,297,Efficiency,64.11,1
162,38,8,Senior Staff,Operations,466447298.0,297,Finance,64.69,1
162,38,8,Senior Staff,Operations,466447298.0,297,Quality,67.12,1
162,38,8,Senior Staff,Operations,466447298.0,297,Technical,68.88,1
162,38,8,Senior Staff,Operations,500000000.0,356,HR,67.62,1
162,38,8,Senior Staff,Operations,500000000.0,356,Innovation,66.77,1
162,38,8,Senior Staff,Operations,500000000.0,356,Project,68.14,1
162,38,8,Senior Staff,Operations,500000000.0,356,Quality,62.54,1
162,38,8,Senior Staff,Operations,500000000.0,356,Teamwork,61.67,1
162,38,8,Senior Staff,Operations,500000000.0,356,Time Management,67.72,1
163,24,1,Staff,Marketing,150000000.0,274,Attendance,53.62,1
163,24,1,Staff,Marketing,150000000.0,274,Development,43.45,1
163,24,1,Staff,Marketing,150000000.0,274,Efficiency,45.95,1
163,24,1,Staff,Marketing,150000000.0,274,Finance,46.45,1
163,24,1,Staff,Marketing,150000000.0,274,HR,53.61333333333334,1
163,24,1,Staff,Marketing,150000000.0,274,Performance,44.72,1
163,24,1,Staff,Marketing,150000000.0,274,Quality,50.73666666666667,1
163,24,1,Staff,Marketing,150000000.0,274,Teamwork,53.6,1
163,24,1,Staff,Marketing,150000000.0,274,Technical,54.46,1
163,24,1,Staff,Marketing,150000000.0,274,Time Management,52.57,1
163,24,1,Staff,Marketing,178776637.0,118,Attendance,60.18,1
163,24,1,Staff,Marketing,178776637.0,118,Project,48.02,1
163,24,1,Staff,Marketing,178776637.0,118,Quality,48.364999999999995,1
163,24,1,Staff,Marketing,178776637.0,118,Teamwork,59.14,1
163,24,1,Staff,Marketing,204675132.0,174,Efficiency,57.42,1
163,24,1,Staff,Marketing,204675132.0,174,Quality,51.13,1
163,24,1,Staff,Marketing,291868109.0,256,Development,56.15,1
163,24,1,Staff,Marketing,291868109.0,256,Performance,45.56,1
163,24,1,Staff,Marketing,291868109.0,256,Quality,48.0,1
163,24,1,Staff,Marketing,291868109.0,256,Technical,56.74,1
163,24,1,Staff,Marketing,300000000.0,242,Development,41.73,1
163,24,1,Staff,Marketing,300000000.0,242,Finance,51.75,1
163,24,1,Staff,Marketing,300000000.0,242,Quality,46.41,1
163,24,1,Staff,Marketing,365962025.0,249,Attendance,52.13,1
163,24,1,Staff,Marketing,365962025.0,249,Development,45.96,1
163,24,1,Staff,Marketing,365962025.0,249,HR,56.269999999999996,1
163,24,1,Staff,Marketing,365962025.0,249,Innovation,42.695,1
163,24,1,Staff,Marketing,365962025.0,249,Performance,58.0,1
163,24,1,Staff,Marketing,365962025.0,249,Project,47.15,1
163,24,1,Staff,Marketing,365962025.0,249,Quality,57.21,1
163,24,1,Staff,Marketing,377293102.0,80,Efficiency,54.87,1
163,24,1,Staff,Marketing,377293102.0,80,Finance,54.82,1
163,24,1,Staff,Marketing,377293102.0,80,HR,45.87,1
163,24,1,Staff,Marketing,377293102.0,80,Project,54.27,1
163,24,1,Staff,Marketing,385820825.0,138,Development,44.66,1
163,24,1,Staff,Marketing,385820825.0,138,Performance,54.13,1
163,24,1,Staff,Marketing,385820825.0,138,Project,58.86,1
163,24,1,Staff,Marketing,385820825.0,138,Quality,45.96,1
163,24,1,Staff,Marketing,385820825.0,138,Teamwork,57.49,1
163,24,1,Staff,Marketing,385820825.0,138,Time Management,57.64,1
164,25,4,Staff,Legal,88214342.0,149,Attendance,68.65,1
164,25,4,Staff,Legal,88214342.0,149,Development,57.43,1
164,25,4,Staff,Legal,88214342.0,149,Efficiency,66.87,1
164,25,4,Staff,Legal,88214342.0,149,Finance,61.73,1
164,25,4,Staff,Legal,88214342.0,149,HR,67.49000000000001,1
164,25,4,Staff,Legal,88214342.0,149,Quality,60.01,1
164,25,4,Staff,Legal,88214342.0,149,Technical,57.1,1
164,25,4,Staff,Legal,90000000.0,244,HR,68.41,1
164,25,4,Staff,Legal,90000000.0,244,Innovation,59.26,1
164,25,4,Staff,Legal,90000000.0,244,Performance,58.57,1
164,25,4,Staff,Legal,90000000.0,244,Quality,67.61,1
164,25,4,Staff,Legal,90000000.0,244,Technical,58.05,1
164,25,4,Staff,Legal,120000000.0,152,Development,61.63,1
164,25,4,Staff,Legal,120000000.0,152,Teamwork,64.71,1
164,25,4,Staff,Legal,120000000.0,152,Technical,62.44,1
164,25,4,Staff,Legal,120000000.0,152,Time Management,59.48,1
164,25,4,Staff,Legal,134037811.0,31,Attendance,71.93,1
164,25,4,Staff,Legal,134037811.0,31,HR,62.36,1
164,25,4,Staff,Legal,134037811.0,31,Project,67.36,1
164,25,4,Staff,Legal,134037811.0,31,Teamwork,65.64,1
164,25,4,Staff,Legal,180000000.0,193,Attendance,70.03999999999999,1
164,25,4,Staff,Legal,180000000.0,193,Development,52.94,1
164,25,4,Staff,Legal,180000000.0,193,Efficiency,70.72,1
164,25,4,Staff,Legal,180000000.0,193,Project,64.61,1
164,25,4,Staff,Legal,180000000.0,193,Quality,61.335,1
164,25,4,Staff,Legal,180000000.0,193,Teamwork,62.17,1
164,25,4,Staff,Legal,180000000.0,193,Technical,59.33,1
164,25,4,Staff,Legal,180000000.0,193,Time Management,66.19500000000001,1
164,25,4,Staff,Legal,204675132.0,174,Attendance,77.59,1
164,25,4,Staff,Legal,204675132.0,174,Development,54.52,1
164,25,4,Staff,Legal,204675132.0,174,Finance,70.86,1
164,25,4,Staff,Legal,204675132.0,174,HR,63.09,1
164,25,4,Staff,Legal,204675132.0,174,Innovation,61.79,1
164,25,4,Staff,Legal,204675132.0,174,Quality,68.72,1
164,25,4,Staff,Legal,204675132.0,174,Teamwork,66.005,1
164,25,4,Staff,Legal,204675132.0,174,Technical,61.34,1
164,25,4,Staff,Legal,204675132.0,174,Time Management,59.28,1
164,25,4,Staff,Legal,365962025.0,249,Attendance,66.13,1
164,25,4,Staff,Legal,365962025.0,249,Development,57.02,1
164,25,4,Staff,Legal,365962025.0,249,Efficiency,63.62,1
164,25,4,Staff,Legal,365962025.0,249,Finance,72.64,1
164,25,4,Staff,Legal,365962025.0,249,HR,65.74333333333334,1
164,25,4,Staff,Legal,365962025.0,249,Quality,60.17,1
164,25,4,Staff,Legal,365962025.0,249,Teamwork,67.15,1
164,25,4,Staff,Legal,365962025.0,249,Time Management,64.65,1
164,25,4,Staff,Legal,385820825.0,138,HR,60.73,1
164,25,4,Staff,Legal,385820825.0,138,Innovation,59.325,1
164,25,4,Staff,Legal,385820825.0,138,Performance,63.96,1
164,25,4,Staff,Legal,385820825.0,138,Project,59.25,1
164,25,4,Staff,Legal,385820825.0,138,Quality,63.1825,1
164,25,4,Staff,Legal,385820825.0,138,Teamwork,65.27,1
164,25,4,Staff,Legal,385820825.0,138,Technical,59.06,1
164,25,4,Staff,Legal,385820825.0,138,Time Management,64.8,1
165,28,2,Staff,Corporate Strategy,75000000.0,203,HR,55.29,1
165,28,2,Staff,Corporate Strategy,75000000.0,203,Performance,48.88,1
165,28,2,Staff,Corporate Strategy,75000000.0,203,Quality,49.55,1
165,28,2,Staff,Corporate Strategy,75000000.0,203,Technical,58.425,1
165,28,2,Staff,Corporate Strategy,75000000.0,203,Time Management,48.01,1
165,28,2,Staff,Corporate Strategy,120000000.0,152,Development,44.4,1
165,28,2,Staff,Corporate Strategy,120000000.0,152,Finance,51.58,1
165,28,2,Staff,Corporate Strategy,120000000.0,152,HR,50.416666666666664,1
165,28,2,Staff,Corporate Strategy,120000000.0,152,Innovation,46.705,1
165,28,2,Staff,Corporate Strategy,120000000.0,152,Performance,53.08,1
165,28,2,Staff,Corporate Strategy,120000000.0,152,Technical,54.27,1
165,28,2,Staff,Corporate Strategy,120000000.0,152,Time Management,40.31,1
165,28,2,Staff,Corporate Strategy,180000000.0,193,Attendance,59.93,1
165,28,2,Staff,Corporate Strategy,180000000.0,193,Development,43.9,1
165,28,2,Staff,Corporate Strategy,180000000.0,193,Efficiency,40.3,1
165,28,2,Staff,Corporate Strategy,180000000.0,193,HR,51.39666666666667,1
165,28,2,Staff,Corporate Strategy,180000000.0,193,Innovation,38.26,1
165,28,2,Staff,Corporate Strategy,180000000.0,193,Performance,49.15,1
165,28,2,Staff,Corporate Strategy,180000000.0,193,Quality,52.49,1
165,28,2,Staff,Corporate Strategy,180000000.0,193,Teamwork,45.08,1
165,28,2,Staff,Corporate Strategy,180000000.0,193,Technical,59.35,1
165,28,2,Staff,Corporate Strategy,206368642.0,46,Attendance,63.65,1
165,28,2,Staff,Corporate Strategy,206368642.0,46,Development,53.755,1
165,28,2,Staff,Corporate Strategy,206368642.0,46,Efficiency,57.13,1
165,28,2,Staff,Corporate Strategy,206368642.0,46,HR,50.97,1
165,28,2,Staff,Corporate Strategy,206368642.0,46,Performance,47.285,1
165,28,2,Staff,Corporate Strategy,206368642.0,46,Project,47.14,1
165,28,2,Staff,Corporate Strategy,206368642.0,46,Time Management,56.14,1
165,28,2,Staff,Corporate Strategy,250000000.0,291,Quality,48.29,1
165,28,2,Staff,Corporate Strategy,291868109.0,256,Attendance,59.385,1
165,28,2,Staff,Corporate Strategy,291868109.0,256,Development,40.57,1
165,28,2,Staff,Corporate Strategy,291868109.0,256,Efficiency,56.41,1
165,28,2,Staff,Corporate Strategy,291868109.0,256,HR,55.61,1
165,28,2,Staff,Corporate Strategy,291868109.0,256,Innovation,52.67,1
165,28,2,Staff,Corporate Strategy,291868109.0,256,Project,45.3,1
165,28,2,Staff,Corporate Strategy,369461833.0,321,Development,51.785,1
165,28,2,Staff,Corporate Strategy,369461833.0,321,Efficiency,52.58,1
165,28,2,Staff,Corporate Strategy,369461833.0,321,Finance,49.68000000000001,1
165,28,2,Staff,Corporate Strategy,369461833.0,321,HR,43.19,1
165,28,2,Staff,Corporate Strategy,369461833.0,321,Project,47.99,1
165,28,2,Staff,Corporate Strategy,369461833.0,321,Quality,50.836,1
165,28,2,Staff,Corporate Strategy,369461833.0,321,Technical,52.04,1
165,28,2,Staff,Corporate Strategy,500000000.0,356,Attendance,60.44,1
165,28,2,Staff,Corporate Strategy,500000000.0,356,Development,44.95,1
165,28,2,Staff,Corporate Strategy,500000000.0,356,Finance,53.61,1
165,28,2,Staff,Corporate Strategy,500000000.0,356,HR,46.57,1
165,28,2,Staff,Corporate Strategy,500000000.0,356,Quality,43.173333333333325,1
165,28,2,Staff,Corporate Strategy,500000000.0,356,Teamwork,48.76,1
165,28,2,Staff,Corporate Strategy,500000000.0,356,Time Management,47.04,1
166,25,1,Staff,IT,50000000.0,211,Development,57.0,1
166,25,1,Staff,IT,50000000.0,211,Efficiency,62.85,1
166,25,1,Staff,IT,50000000.0,211,Finance,51.45,1
166,25,1,Staff,IT,50000000.0,211,Technical,55.18,1
166,25,1,Staff,IT,82017929.0,114,Attendance,61.03,1
166,25,1,Staff,IT,82017929.0,114,HR,55.16,1
166,25,1,Staff,IT,82017929.0,114,Innovation,51.15,1
166,25,1,Staff,IT,82017929.0,114,Performance,54.19,1
166,25,1,Staff,IT,82017929.0,114,Project,56.305,1
166,25,1,Staff,IT,82017929.0,114,Quality,47.51333333333333,1
166,25,1,Staff,IT,82017929.0,114,Teamwork,57.81,1
166,25,1,Staff,IT,82017929.0,114,Technical,47.155,1
166,25,1,Staff,IT,204675132.0,174,Attendance,66.02,1
166,25,1,Staff,IT,204675132.0,174,Finance,61.85,1
166,25,1,Staff,IT,204675132.0,174,Innovation,48.81666666666666,1
166,25,1,Staff,IT,204675132.0,174,Performance,60.48,1
166,25,1,Staff,IT,204675132.0,174,Project,58.585,1
166,25,1,Staff,IT,204675132.0,174,Quality,52.144000000000005,1
166,25,1,Staff,IT,204675132.0,174,Teamwork,54.81,1
166,25,1,Staff,IT,204675132.0,174,Technical,55.905,1
166,25,1,Staff,IT,204675132.0,174,Time Management,61.29,1
166,25,1,Staff,IT,291868109.0,256,Attendance,57.11,1
166,25,1,Staff,IT,291868109.0,256,Efficiency,49.98,1
166,25,1,Staff,IT,291868109.0,256,Finance,52.73,1
166,25,1,Staff,IT,291868109.0,256,Innovation,46.81,1
166,25,1,Staff,IT,291868109.0,256,Performance,45.75,1
166,25,1,Staff,IT,291868109.0,256,Quality,49.114999999999995,1
166,25,1,Staff,IT,291868109.0,256,Technical,51.91,1
166,25,1,Staff,IT,291868109.0,256,Time Management,56.64,1
166,25,1,Staff,IT,369461833.0,321,Attendance,44.13,1
166,25,1,Staff,IT,369461833.0,321,Innovation,35.77,1
166,25,1,Staff,IT,369461833.0,321,Project,55.37,1
166,25,1,Staff,IT,369461833.0,321,Quality,42.919999999999995,1
166,25,1,Staff,IT,369461833.0,321,Teamwork,51.64,1
166,25,1,Staff,IT,369461833.0,321,Technical,51.83,1
166,25,1,Staff,IT,377293102.0,80,Attendance,59.89,1
166,25,1,Staff,IT,377293102.0,80,Development,51.8,1
166,25,1,Staff,IT,377293102.0,80,Efficiency,53.26,1
166,25,1,Staff,IT,377293102.0,80,Finance,47.57,1
166,25,1,Staff,IT,377293102.0,80,HR,55.57,1
166,25,1,Staff,IT,377293102.0,80,Innovation,49.02,1
166,25,1,Staff,IT,377293102.0,80,Performance,54.12,1
166,25,1,Staff,IT,377293102.0,80,Quality,47.105000000000004,1
166,25,1,Staff,IT,377293102.0,80,Teamwork,53.93,1
166,25,1,Staff,IT,377293102.0,80,Time Management,55.18,1
166,25,1,Staff,IT,400000000.0,259,Attendance,57.29,1
166,25,1,Staff,IT,400000000.0,259,Development,48.92,1
166,25,1,Staff,IT,400000000.0,259,Finance,39.99,1
166,25,1,Staff,IT,400000000.0,259,Innovation,47.34,1
166,25,1,Staff,IT,400000000.0,259,Performance,47.09,1
166,25,1,Staff,IT,400000000.0,259,Project,53.795,1
166,25,1,Staff,IT,400000000.0,259,Teamwork,50.54,1
166,25,1,Staff,IT,466447298.0,297,Development,53.55,1
166,25,1,Staff,IT,466447298.0,297,Efficiency,57.02,1
166,25,1,Staff,IT,466447298.0,297,Finance,54.24,1
166,25,1,Staff,IT,466447298.0,297,HR,51.28,1
166,25,1,Staff,IT,466447298.0,297,Innovation,46.96,1
167,30,4,Staff,Production,80000000.0,138,Attendance,73.91999999999999,1
167,30,4,Staff,Production,80000000.0,138,Development,62.85,1
167,30,4,Staff,Production,80000000.0,138,Efficiency,67.035,1
167,30,4,Staff,Production,80000000.0,138,HR,66.38,1
167,30,4,Staff,Production,80000000.0,138,Innovation,71.62,1
167,30,4,Staff,Production,80000000.0,138,Performance,66.61,1
167,30,4,Staff,Production,80000000.0,138,Project,54.11,1
167,30,4,Staff,Production,80000000.0,138,Quality,58.085,1
167,30,4,Staff,Production,80000000.0,138,Teamwork,66.2,1
167,30,4,Staff,Production,95000000.0,211,Attendance,73.31,1
167,30,4,Staff,Production,95000000.0,211,Efficiency,60.21,1
167,30,4,Staff,Production,95000000.0,211,Innovation,66.93,1
167,30,4,Staff,Production,95000000.0,211,Performance,64.45,1
167,30,4,Staff,Production,95000000.0,211,Project,60.25,1
167,30,4,Staff,Production,95000000.0,211,Quality,61.12,1
167,30,4,Staff,Production,95000000.0,211,Time Management,63.74,1
167,30,4,Staff,Production,200000000.0,167,Attendance,67.27,1
167,30,4,Staff,Production,200000000.0,167,Development,64.19,1
167,30,4,Staff,Production,200000000.0,167,Finance,60.56,1
167,30,4,Staff,Production,200000000.0,167,HR,66.46,1
167,30,4,Staff,Production,200000000.0,167,Performance,64.29,1
167,30,4,Staff,Production,200000000.0,167,Project,61.72,1
167,30,4,Staff,Production,200000000.0,167,Quality,56.35,1
167,30,4,Staff,Production,200000000.0,167,Technical,65.79,1
167,30,4,Staff,Production,200000000.0,167,Time Management,62.28,1
167,30,4,Staff,Production,204675132.0,174,HR,62.07,1
167,30,4,Staff,Production,204675132.0,174,Innovation,60.315,1
167,30,4,Staff,Production,204675132.0,174,Quality,63.29,1
167,30,4,Staff,Production,291862333.0,334,Attendance,67.005,1
167,30,4,Staff,Production,291862333.0,334,Efficiency,68.8,1
167,30,4,Staff,Production,291862333.0,334,HR,65.96,1
167,30,4,Staff,Production,291862333.0,334,Performance,67.885,1
167,30,4,Staff,Production,291862333.0,334,Project,67.33,1
167,30,4,Staff,Production,291862333.0,334,Quality,62.447500000000005,1
167,30,4,Staff,Production,291862333.0,334,Teamwork,62.98,1
167,30,4,Staff,Production,291862333.0,334,Time Management,63.255,1
167,30,4,Staff,Production,300000000.0,242,Attendance,75.7,1
167,30,4,Staff,Production,300000000.0,242,Development,61.605000000000004,1
167,30,4,Staff,Production,300000000.0,242,HR,60.195,1
167,30,4,Staff,Production,300000000.0,242,Innovation,57.85,1
167,30,4,Staff,Production,300000000.0,242,Performance,64.18,1
167,30,4,Staff,Production,300000000.0,242,Project,55.66,1
167,30,4,Staff,Production,300000000.0,242,Quality,57.54333333333333,1
167,30,4,Staff,Production,300000000.0,242,Technical,61.46,1
167,30,4,Staff,Production,300000000.0,242,Time Management,65.46,1
167,30,4,Staff,Production,369461833.0,321,Development,57.49,1
167,30,4,Staff,Production,369461833.0,321,Efficiency,60.935,1
167,30,4,Staff,Production,369461833.0,321,Innovation,64.775,1
167,30,4,Staff,Production,369461833.0,321,Project,61.480000000000004,1
167,30,4,Staff,Production,369461833.0,321,Quality,60.405,1
167,30,4,Staff,Production,369461833.0,321,Technical,66.75,1
167,30,4,Staff,Production,369461833.0,321,Time Management,64.91,1
167,30,4,Staff,Production,377293102.0,80,Attendance,64.54,1
167,30,4,Staff,Production,377293102.0,80,Performance,66.72,1
167,30,4,Staff,Production,377293102.0,80,Project,64.51,1
168,25,3,Staff,Legal,75000000.0,203,Development,62.93,1
168,25,3,Staff,Legal,75000000.0,203,HR,66.17,1
168,25,3,Staff,Legal,75000000.0,203,Innovation,60.88,1
168,25,3,Staff,Legal,75000000.0,203,Quality,60.425,1
168,25,3,Staff,Legal,75000000.0,203,Technical,62.5,1
168,25,3,Staff,Legal,90000000.0,244,Development,53.4,1
168,25,3,Staff,Legal,90000000.0,244,HR,62.98,1
168,25,3,Staff,Legal,90000000.0,244,Performance,59.53,1
168,25,3,Staff,Legal,90000000.0,244,Quality,59.55,1
168,25,3,Staff,Legal,90000000.0,244,Technical,57.81,1
168,25,3,Staff,Legal,130000000.0,303,HR,67.02000000000001,1
168,25,3,Staff,Legal,130000000.0,303,Innovation,64.22,1
168,25,3,Staff,Legal,130000000.0,303,Performance,56.63,1
168,25,3,Staff,Legal,130000000.0,303,Project,65.03,1
168,25,3,Staff,Legal,130000000.0,303,Time Management,50.62,1
168,25,3,Staff,Legal,178776637.0,118,Development,55.8,1
168,25,3,Staff,Legal,178776637.0,118,Efficiency,62.95,1
168,25,3,Staff,Legal,178776637.0,118,HR,64.86,1
168,25,3,Staff,Legal,178776637.0,118,Innovation,53.335,1
168,25,3,Staff,Legal,178776637.0,118,Performance,62.57,1
168,25,3,Staff,Legal,178776637.0,118,Quality,51.9,1
168,25,3,Staff,Legal,178776637.0,118,Teamwork,63.5,1
168,25,3,Staff,Legal,178776637.0,118,Technical,62.9,1
168,25,3,Staff,Legal,180000000.0,193,Efficiency,60.28,1
168,25,3,Staff,Legal,180000000.0,193,HR,62.06,1
168,25,3,Staff,Legal,180000000.0,193,Innovation,63.56,1
168,25,3,Staff,Legal,180000000.0,193,Project,58.5,1
168,25,3,Staff,Legal,180000000.0,193,Quality,48.95,1
168,25,3,Staff,Legal,220000000.0,225,Development,63.32,1
168,25,3,Staff,Legal,220000000.0,225,Innovation,52.985,1
168,25,3,Staff,Legal,220000000.0,225,Quality,58.114999999999995,1
168,25,3,Staff,Legal,220000000.0,225,Teamwork,65.51,1
168,25,3,Staff,Legal,220000000.0,225,Time Management,65.28,1
168,25,3,Staff,Legal,397696244.0,106,Efficiency,68.91,1
168,25,3,Staff,Legal,397696244.0,106,Finance,58.07,1
168,25,3,Staff,Legal,397696244.0,106,HR,64.73,1
168,25,3,Staff,Legal,397696244.0,106,Innovation,59.75,1
168,25,3,Staff,Legal,397696244.0,106,Project,56.11,1
168,25,3,Staff,Legal,397696244.0,106,Quality,59.515,1
168,25,3,Staff,Legal,397696244.0,106,Technical,59.38,1
168,25,3,Staff,Legal,493794225.0,102,Development,61.91,1
168,25,3,Staff,Legal,493794225.0,102,Efficiency,69.02,1
168,25,3,Staff,Legal,493794225.0,102,Finance,58.64,1
168,25,3,Staff,Legal,493794225.0,102,HR,63.24,1
168,25,3,Staff,Legal,493794225.0,102,Performance,57.64,1
168,25,3,Staff,Legal,493794225.0,102,Project,62.16,1
168,25,3,Staff,Legal,493794225.0,102,Quality,59.24,1
168,25,3,Staff,Legal,493794225.0,102,Technical,64.53,1
168,25,3,Staff,Legal,493794225.0,102,Time Management,62.76,1
169,26,2,Staff,Legal,75000000.0,203,Attendance,52.11,1
169,26,2,Staff,Legal,75000000.0,203,HR,49.935,1
169,26,2,Staff,Legal,75000000.0,203,Innovation,49.16,1
169,26,2,Staff,Legal,75000000.0,203,Quality,49.9,1
169,26,2,Staff,Legal,75000000.0,203,Teamwork,49.17,1
169,26,2,Staff,Legal,80000000.0,138,Efficiency,48.26,1
169,26,2,Staff,Legal,80000000.0,138,Finance,48.68,1
169,26,2,Staff,Legal,80000000.0,138,Innovation,52.9,1
169,26,2,Staff,Legal,80000000.0,138,Performance,46.2,1
169,26,2,Staff,Legal,82017929.0,114,Development,40.53,1
169,26,2,Staff,Legal,82017929.0,114,Efficiency,53.78,1
169,26,2,Staff,Legal,82017929.0,114,Finance,45.055,1
169,26,2,Staff,Legal,82017929.0,114,HR,52.28,1
169,26,2,Staff,Legal,82017929.0,114,Innovation,49.13,1
169,26,2,Staff,Legal,82017929.0,114,Performance,56.3,1
169,26,2,Staff,Legal,82017929.0,114,Quality,42.14,1
169,26,2,Staff,Legal,82017929.0,114,Teamwork,45.18,1
169,26,2,Staff,Legal,110000000.0,199,Attendance,55.71,1
169,26,2,Staff,Legal,110000000.0,199,Efficiency,54.31,1
169,26,2,Staff,Legal,110000000.0,199,Quality,47.295,1
169,26,2,Staff,Legal,120000000.0,152,HR,49.16,1
169,26,2,Staff,Legal,120000000.0,152,Project,47.5,1
169,26,2,Staff,Legal,120000000.0,152,Quality,48.79,1
169,26,2,Staff,Legal,200000000.0,167,Development,45.9,1
169,26,2,Staff,Legal,200000000.0,167,Efficiency,52.95,1
169,26,2,Staff,Legal,200000000.0,167,Innovation,42.19,1
169,26,2,Staff,Legal,200000000.0,167,Project,44.019999999999996,1
169,26,2,Staff,Legal,200000000.0,167,Quality,58.59,1
169,26,2,Staff,Legal,200000000.0,167,Time Management,48.82,1
169,26,2,Staff,Legal,291868109.0,256,Attendance,50.74,1
169,26,2,Staff,Legal,291868109.0,256,Finance,37.44,1
169,26,2,Staff,Legal,291868109.0,256,Innovation,40.28,1
169,26,2,Staff,Legal,291868109.0,256,Teamwork,49.06,1
169,26,2,Staff,Legal,375514309.0,335,Attendance,48.8,1
169,26,2,Staff,Legal,375514309.0,335,Development,50.55,1
169,26,2,Staff,Legal,375514309.0,335,HR,59.4,1
169,26,2,Staff,Legal,375514309.0,335,Innovation,46.95,1
169,26,2,Staff,Legal,375514309.0,335,Performance,45.44,1
169,26,2,Staff,Legal,375514309.0,335,Quality,42.44,1
169,26,2,Staff,Legal,375514309.0,335,Teamwork,45.87,1
170,42,14,Manager,Finance,80000000.0,138,Development,86.14,0
170,42,14,Manager,Finance,80000000.0,138,HR,95.03,0
170,42,14,Manager,Finance,80000000.0,138,Project,96.6,0
170,42,14,Manager,Finance,80000000.0,138,Quality,90.01,0
170,42,14,Manager,Finance,80000000.0,138,Teamwork,93.17,0
170,42,14,Manager,Finance,80000000.0,138,Technical,95.51,0
170,42,14,Manager,Finance,82017929.0,114,HR,98.0,0
170,42,14,Manager,Finance,82017929.0,114,Teamwork,90.58,0
170,42,14,Manager,Finance,82017929.0,114,Time Management,93.28,0
170,42,14,Manager,Finance,178776637.0,118,Attendance,98.0,0
170,42,14,Manager,Finance,178776637.0,118,Efficiency,98.0,0
170,42,14,Manager,Finance,178776637.0,118,HR,96.49000000000001,0
170,42,14,Manager,Finance,178776637.0,118,Project,95.05,0
170,42,14,Manager,Finance,180000000.0,193,Attendance,98.0,0
170,42,14,Manager,Finance,180000000.0,193,Development,96.33,0
170,42,14,Manager,Finance,180000000.0,193,Finance,98.0,0
170,42,14,Manager,Finance,180000000.0,193,Innovation,95.99,0
170,42,14,Manager,Finance,180000000.0,193,Quality,95.42,0
170,42,14,Manager,Finance,180000000.0,193,Teamwork,98.0,0
170,42,14,Manager,Finance,180000000.0,193,Technical,97.01,0
170,42,14,Manager,Finance,180000000.0,193,Time Management,96.98,0
170,42,14,Manager,Finance,250000000.0,291,Efficiency,95.97,0
170,42,14,Manager,Finance,250000000.0,291,Finance,98.0,0
170,42,14,Manager,Finance,250000000.0,291,HR,98.0,0
170,42,14,Manager,Finance,250000000.0,291,Innovation,93.01,0
170,42,14,Manager,Finance,250000000.0,291,Performance,98.0,0
170,42,14,Manager,Finance,278244747.0,88,HR,91.33,0
170,42,14,Manager,Finance,278244747.0,88,Innovation,95.86,0
170,42,14,Manager,Finance,278244747.0,88,Project,97.71,0
170,42,14,Manager,Finance,278244747.0,88,Quality,88.04,0
170,42,14,Manager,Finance,278244747.0,88,Technical,94.36,0
170,42,14,Manager,Finance,278244747.0,88,Time Management,90.80000000000001,0
170,42,14,Manager,Finance,369461833.0,321,Attendance,94.78,0
170,42,14,Manager,Finance,369461833.0,321,Quality,94.5,0
170,42,14,Manager,Finance,369461833.0,321,Technical,98.0,0
170,42,14,Manager,Finance,369461833.0,321,Time Management,98.0,0
170,42,14,Manager,Finance,404564658.0,71,Efficiency,95.41,0
170,42,14,Manager,Finance,404564658.0,71,Finance,97.19,0
170,42,14,Manager,Finance,404564658.0,71,Performance,98.0,0
170,42,14,Manager,Finance,404564658.0,71,Quality,98.0,0
170,42,14,Manager,Finance,404564658.0,71,Teamwork,98.0,0
170,42,14,Manager,Finance,404564658.0,71,Technical,93.91,0
171,27,5,Staff,Design,60000000.0,214,Attendance,59.75,1
171,27,5,Staff,Design,60000000.0,214,HR,70.12,1
171,27,5,Staff,Design,60000000.0,214,Innovation,62.84,1
171,27,5,Staff,Design,60000000.0,214,Project,64.43,1
171,27,5,Staff,Design,60000000.0,214,Quality,70.71333333333332,1
171,27,5,Staff,Design,60000000.0,214,Teamwork,62.66,1
171,27,5,Staff,Design,60000000.0,214,Technical,63.31,1
171,27,5,Staff,Design,60000000.0,214,Time Management,65.6,1
171,27,5,Staff,Design,88214342.0,149,Project,60.63,1
171,27,5,Staff,Design,90000000.0,244,Efficiency,64.49,1
171,27,5,Staff,Design,90000000.0,244,Performance,76.42,1
171,27,5,Staff,Design,90000000.0,244,Project,66.49,1
171,27,5,Staff,Design,90000000.0,244,Quality,67.005,1
171,27,5,Staff,Design,90000000.0,244,Time Management,65.54,1
171,27,5,Staff,Design,178776637.0,118,Finance,63.05,1
171,27,5,Staff,Design,178776637.0,118,Quality,67.33,1
171,27,5,Staff,Design,178776637.0,118,Teamwork,68.99,1
171,27,5,Staff,Design,178776637.0,118,Technical,67.18,1
171,27,5,Staff,Design,278244747.0,88,Attendance,77.44,1
171,27,5,Staff,Design,278244747.0,88,Efficiency,72.27,1
171,27,5,Staff,Design,278244747.0,88,Performance,72.13,1
171,27,5,Staff,Design,278244747.0,88,Quality,75.13,1
171,27,5,Staff,Design,291862333.0,334,Efficiency,69.33,1
171,27,5,Staff,Design,291862333.0,334,Innovation,62.99,1
171,27,5,Staff,Design,291862333.0,334,Project,75.97,1
171,27,5,Staff,Design,400000000.0,259,Development,68.72,1
171,27,5,Staff,Design,400000000.0,259,Finance,69.44,1
171,27,5,Staff,Design,400000000.0,259,Project,79.36,1
171,27,5,Staff,Design,500000000.0,356,Attendance,73.75,1
171,27,5,Staff,Design,500000000.0,356,Development,65.31,1
171,27,5,Staff,Design,500000000.0,356,Efficiency,62.02,1
171,27,5,Staff,Design,500000000.0,356,Finance,72.79,1
171,27,5,Staff,Design,500000000.0,356,HR,71.45333333333333,1
171,27,5,Staff,Design,500000000.0,356,Innovation,60.36,1
171,27,5,Staff,Design,500000000.0,356,Performance,66.01,1
171,27,5,Staff,Design,500000000.0,356,Quality,64.84,1
171,27,5,Staff,Design,500000000.0,356,Technical,64.13,1
171,27,5,Staff,Design,500000000.0,356,Time Management,61.57,1
172,22,5,Staff,Design,75000000.0,203,Attendance,68.61,1
172,22,5,Staff,Design,75000000.0,203,HR,76.855,1
172,22,5,Staff,Design,75000000.0,203,Innovation,64.79,1
172,22,5,Staff,Design,75000000.0,203,Quality,67.52666666666667,1
172,22,5,Staff,Design,75000000.0,203,Teamwork,65.48,1
172,22,5,Staff,Design,75000000.0,203,Time Management,66.35,1
172,22,5,Staff,Design,88214342.0,149,Finance,73.29,1
172,22,5,Staff,Design,88214342.0,149,Innovation,64.99,1
172,22,5,Staff,Design,88214342.0,149,Project,67.67,1
172,22,5,Staff,Design,88214342.0,149,Quality,60.77,1
172,22,5,Staff,Design,88214342.0,149,Technical,68.93,1
172,22,5,Staff,Design,130000000.0,303,Attendance,73.75,1
172,22,5,Staff,Design,130000000.0,303,Performance,70.13,1
172,22,5,Staff,Design,178776637.0,118,Quality,67.0,1
172,22,5,Staff,Design,291868109.0,256,Development,65.84,1
172,22,5,Staff,Design,291868109.0,256,HR,61.17,1
172,22,5,Staff,Design,291868109.0,256,Innovation,63.76,1
172,22,5,Staff,Design,291868109.0,256,Project,65.64,1
172,22,5,Staff,Design,291868109.0,256,Quality,67.07,1
172,22,5,Staff,Design,291868109.0,256,Teamwork,73.325,1
172,22,5,Staff,Design,291868109.0,256,Time Management,67.41,1
172,22,5,Staff,Design,397696244.0,106,Efficiency,67.97,1
172,22,5,Staff,Design,397696244.0,106,Finance,60.87,1
172,22,5,Staff,Design,397696244.0,106,HR,59.885,1
172,22,5,Staff,Design,397696244.0,106,Performance,71.15,1
172,22,5,Staff,Design,397696244.0,106,Quality,65.345,1
172,22,5,Staff,Design,397696244.0,106,Time Management,64.54,1
172,22,5,Staff,Design,500000000.0,356,Finance,63.76,1
172,22,5,Staff,Design,500000000.0,356,HR,64.81,1
172,22,5,Staff,Design,500000000.0,356,Teamwork,70.1,1
172,22,5,Staff,Design,500000000.0,356,Time Management,70.97,1
173,28,5,Staff,Production,75000000.0,203,Attendance,63.61,1
173,28,5,Staff,Production,75000000.0,203,Efficiency,60.23,1
173,28,5,Staff,Production,75000000.0,203,Finance,74.87,1
173,28,5,Staff,Production,75000000.0,203,HR,74.04,1
173,28,5,Staff,Production,75000000.0,203,Performance,63.49,1
173,28,5,Staff,Production,75000000.0,203,Quality,61.42,1
173,28,5,Staff,Production,75000000.0,203,Technical,65.42,1
173,28,5,Staff,Production,75000000.0,203,Time Management,60.92,1
173,28,5,Staff,Production,90000000.0,244,Attendance,63.94,1
173,28,5,Staff,Production,90000000.0,244,Finance,61.0,1
173,28,5,Staff,Production,90000000.0,244,HR,66.465,1
173,28,5,Staff,Production,90000000.0,244,Innovation,62.59,1
173,28,5,Staff,Production,90000000.0,244,Teamwork,66.05,1
173,28,5,Staff,Production,130000000.0,303,Efficiency,64.2,1
173,28,5,Staff,Production,130000000.0,303,Finance,67.08,1
173,28,5,Staff,Production,130000000.0,303,HR,67.63,1
173,28,5,Staff,Production,130000000.0,303,Innovation,63.67,1
173,28,5,Staff,Production,130000000.0,303,Project,70.32,1
173,28,5,Staff,Production,130000000.0,303,Teamwork,63.99,1
173,28,5,Staff,Production,130000000.0,303,Technical,63.47,1
173,28,5,Staff,Production,170000000.0,229,Development,66.03,1
173,28,5,Staff,Production,170000000.0,229,Finance,59.04,1
173,28,5,Staff,Production,170000000.0,229,Project,64.47,1
173,28,5,Staff,Production,170000000.0,229,Quality,62.7,1
173,28,5,Staff,Production,170000000.0,229,Teamwork,68.27,1
173,28,5,Staff,Production,170000000.0,229,Technical,68.09,1
173,28,5,Staff,Production,178776637.0,118,Attendance,73.74,1
173,28,5,Staff,Production,178776637.0,118,Efficiency,60.88,1
173,28,5,Staff,Production,178776637.0,118,Finance,65.9,1
173,28,5,Staff,Production,178776637.0,118,HR,73.56,1
173,28,5,Staff,Production,178776637.0,118,Quality,63.376666666666665,1
173,28,5,Staff,Production,178776637.0,118,Time Management,60.12,1
173,28,5,Staff,Production,204675132.0,174,Development,51.5,1
173,28,5,Staff,Production,204675132.0,174,HR,71.62,1
173,28,5,Staff,Production,204675132.0,174,Innovation,60.0,1
173,28,5,Staff,Production,204675132.0,174,Quality,64.28,1
173,28,5,Staff,Production,291862333.0,334,Development,62.28,1
173,28,5,Staff,Production,291862333.0,334,Performance,55.86,1
173,28,5,Staff,Production,291862333.0,334,Quality,66.065,1
173,28,5,Staff,Production,291862333.0,334,Teamwork,69.58500000000001,1
173,28,5,Staff,Production,291862333.0,334,Technical,69.99,1
173,28,5,Staff,Production,291868109.0,256,HR,74.95,1
173,28,5,Staff,Production,291868109.0,256,Project,63.34,1
173,28,5,Staff,Production,291868109.0,256,Quality,64.13499999999999,1
174,43,14,Manager,Legal,60000000.0,214,Development,95.4,0
174,43,14,Manager,Legal,60000000.0,214,HR,92.59,0
174,43,14,Manager,Legal,60000000.0,214,Project,94.5,0
174,43,14,Manager,Legal,60000000.0,214,Quality,85.64,0
174,43,14,Manager,Legal,60000000.0,214,Technical,94.51,0
174,43,14,Manager,Legal,90000000.0,244,Attendance,91.15,0
174,43,14,Manager,Legal,90000000.0,244,Development,91.815,0
174,43,14,Manager,Legal,90000000.0,244,Efficiency,88.83500000000001,0
174,43,14,Manager,Legal,90000000.0,244,HR,96.64,0
174,43,14,Manager,Legal,90000000.0,244,Quality,90.93,0
174,43,14,Manager,Legal,90000000.0,244,Teamwork,95.105,0
174,43,14,Manager,Legal,90000000.0,244,Technical,92.55,0
174,43,14,Manager,Legal,90000000.0,244,Time Management,94.38999999999999,0
174,43,14,Manager,Legal,120000000.0,152,Development,88.965,0
174,43,14,Manager,Legal,120000000.0,152,Efficiency,94.5,0
174,43,14,Manager,Legal,120000000.0,152,HR,95.71,0
174,43,14,Manager,Legal,120000000.0,152,Project,88.66,0
174,43,14,Manager,Legal,120000000.0,152,Quality,91.59,0
174,43,14,Manager,Legal,120000000.0,152,Teamwork,95.475,0
174,43,14,Manager,Legal,120000000.0,152,Time Management,91.69,0
174,43,14,Manager,Legal,150000000.0,274,Efficiency,96.36,0
174,43,14,Manager,Legal,150000000.0,274,Project,94.94,0
174,43,14,Manager,Legal,150000000.0,274,Teamwork,93.88,0
174,43,14,Manager,Legal,150000000.0,274,Technical,91.99,0
174,43,14,Manager,Legal,150000000.0,274,Time Management,98.0,0
174,43,14,Manager,Legal,220000000.0,225,Efficiency,91.14,0
174,43,14,Manager,Legal,220000000.0,225,HR,95.9,0
174,43,14,Manager,Legal,220000000.0,225,Quality,88.6,0
174,43,14,Manager,Legal,220000000.0,225,Time Management,91.02,0
174,43,14,Manager,Legal,365962025.0,249,Efficiency,92.7,0
174,43,14,Manager,Legal,365962025.0,249,Project,94.27,0
174,43,14,Manager,Legal,365962025.0,249,Quality,89.76,0
174,43,14,Manager,Legal,365962025.0,249,Teamwork,87.16,0
174,43,14,Manager,Legal,377293102.0,80,Development,86.65,0
174,43,14,Manager,Legal,377293102.0,80,Efficiency,98.0,0
174,43,14,Manager,Legal,377293102.0,80,HR,90.64,0
174,43,14,Manager,Legal,377293102.0,80,Performance,93.47,0
174,43,14,Manager,Legal,377293102.0,80,Project,89.95,0
174,43,14,Manager,Legal,377293102.0,80,Quality,85.985,0
174,43,14,Manager,Legal,500000000.0,356,Attendance,98.0,0
174,43,14,Manager,Legal,500000000.0,356,Innovation,84.38499999999999,0
174,43,14,Manager,Legal,500000000.0,356,Performance,95.33,0
174,43,14,Manager,Legal,500000000.0,356,Project,90.78,0
174,43,14,Manager,Legal,500000000.0,356,Quality,91.19333333333334,0
174,43,14,Manager,Legal,500000000.0,356,Teamwork,96.45,0
174,43,14,Manager,Legal,500000000.0,356,Technical,93.05,0
175,49,10,Senior Manager,Customer Service,60000000.0,214,Development,97.96,0
175,49,10,Senior Manager,Customer Service,60000000.0,214,Finance,98.0,0
175,49,10,Senior Manager,Customer Service,60000000.0,214,HR,97.98,0
175,49,10,Senior Manager,Customer Service,60000000.0,214,Innovation,97.0,0
175,49,10,Senior Manager,Customer Service,60000000.0,214,Performance,98.0,0
175,49,10,Senior Manager,Customer Service,60000000.0,214,Quality,97.424,0
175,49,10,Senior Manager,Customer Service,60000000.0,214,Teamwork,98.0,0
175,49,10,Senior Manager,Customer Service,60000000.0,214,Technical,98.0,0
175,49,10,Senior Manager,Customer Service,60000000.0,214,Time Management,97.71999999999998,0
175,49,10,Senior Manager,Customer Service,95000000.0,211,Development,98.0,0
175,49,10,Senior Manager,Customer Service,95000000.0,211,Efficiency,98.0,0
175,49,10,Senior Manager,Customer Service,95000000.0,211,HR,98.0,0
175,49,10,Senior Manager,Customer Service,95000000.0,211,Project,98.0,0
175,49,10,Senior Manager,Customer Service,95000000.0,211,Quality,98.0,0
175,49,10,Senior Manager,Customer Service,150000000.0,274,Attendance,98.0,0
175,49,10,Senior Manager,Customer Service,150000000.0,274,Development,97.66,0
175,49,10,Senior Manager,Customer Service,150000000.0,274,Finance,98.0,0
175,49,10,Senior Manager,Customer Service,150000000.0,274,Performance,98.0,0
175,49,10,Senior Manager,Customer Service,150000000.0,274,Project,98.0,0
175,49,10,Senior Manager,Customer Service,150000000.0,274,Quality,98.0,0
175,49,10,Senior Manager,Customer Service,178776637.0,118,Development,98.0,0
175,49,10,Senior Manager,Customer Service,178776637.0,118,Efficiency,98.0,0
175,49,10,Senior Manager,Customer Service,178776637.0,118,HR,98.0,0
175,49,10,Senior Manager,Customer Service,178776637.0,118,Innovation,98.0,0
175,49,10,Senior Manager,Customer Service,178776637.0,118,Quality,96.55,0
175,49,10,Senior Manager,Customer Service,178776637.0,118,Time Management,98.0,0
175,49,10,Senior Manager,Customer Service,220000000.0,225,Finance,98.0,0
175,49,10,Senior Manager,Customer Service,278244747.0,88,Performance,98.0,0
175,49,10,Senior Manager,Customer Service,278244747.0,88,Quality,98.0,0
175,49,10,Senior Manager,Customer Service,375514309.0,335,Attendance,98.0,0
175,49,10,Senior Manager,Customer Service,375514309.0,335,Development,98.0,0
175,49,10,Senior Manager,Customer Service,375514309.0,335,Efficiency,98.0,0
175,49,10,Senior Manager,Customer Service,375514309.0,335,HR,98.0,0
175,49,10,Senior Manager,Customer Service,375514309.0,335,Innovation,96.29,0
175,49,10,Senior Manager,Customer Service,375514309.0,335,Quality,97.39,0
175,49,10,Senior Manager,Customer Service,375514309.0,335,Teamwork,98.0,0
175,49,10,Senior Manager,Customer Service,375514309.0,335,Technical,98.0,0
175,49,10,Senior Manager,Customer Service,500000000.0,356,Development,95.57,0
175,49,10,Senior Manager,Customer Service,500000000.0,356,Efficiency,97.15666666666668,0
175,49,10,Senior Manager,Customer Service,500000000.0,356,HR,98.0,0
175,49,10,Senior Manager,Customer Service,500000000.0,356,Quality,98.0,0
175,49,10,Senior Manager,Customer Service,500000000.0,356,Technical,98.0,0
176,24,4,Staff,Human Resources,60000000.0,214,Attendance,64.05,1
176,24,4,Staff,Human Resources,60000000.0,214,Development,57.67,1
176,24,4,Staff,Human Resources,60000000.0,214,Finance,56.88,1
176,24,4,Staff,Human Resources,60000000.0,214,Innovation,64.51,1
176,24,4,Staff,Human Resources,60000000.0,214,Performance,68.9,1
176,24,4,Staff,Human Resources,60000000.0,214,Time Management,74.49,1
176,24,4,Staff,Human Resources,88214342.0,149,Attendance,69.68,1
176,24,4,Staff,Human Resources,88214342.0,149,Development,56.93,1
176,24,4,Staff,Human Resources,88214342.0,149,Innovation,62.49,1
176,24,4,Staff,Human Resources,88214342.0,149,Project,58.45,1
176,24,4,Staff,Human Resources,110000000.0,199,Development,66.26,1
176,24,4,Staff,Human Resources,110000000.0,199,Efficiency,69.89,1
176,24,4,Staff,Human Resources,110000000.0,199,Finance,56.91,1
176,24,4,Staff,Human Resources,110000000.0,199,HR,66.655,1
176,24,4,Staff,Human Resources,110000000.0,199,Quality,66.86,1
176,24,4,Staff,Human Resources,110000000.0,199,Technical,61.3,1
176,24,4,Staff,Human Resources,178776637.0,118,HR,66.89,1
176,24,4,Staff,Human Resources,178776637.0,118,Technical,64.64,1
176,24,4,Staff,Human Resources,250000000.0,291,Attendance,71.85,1
176,24,4,Staff,Human Resources,250000000.0,291,Finance,66.41499999999999,1
176,24,4,Staff,Human Resources,250000000.0,291,Innovation,61.17,1
176,24,4,Staff,Human Resources,250000000.0,291,Project,61.894999999999996,1
176,24,4,Staff,Human Resources,250000000.0,291,Quality,63.052499999999995,1
176,24,4,Staff,Human Resources,250000000.0,291,Teamwork,66.68,1
176,24,4,Staff,Human Resources,278244747.0,88,Development,64.96,1
176,24,4,Staff,Human Resources,278244747.0,88,Efficiency,62.19,1
176,24,4,Staff,Human Resources,278244747.0,88,Finance,60.805,1
176,24,4,Staff,Human Resources,278244747.0,88,HR,61.45,1
176,24,4,Staff,Human Resources,278244747.0,88,Innovation,61.58,1
176,24,4,Staff,Human Resources,278244747.0,88,Teamwork,69.85,1
176,24,4,Staff,Human Resources,278244747.0,88,Time Management,69.26,1
176,24,4,Staff,Human Resources,355280620.0,347,HR,71.0,1
176,24,4,Staff,Human Resources,355280620.0,347,Innovation,58.46,1
176,24,4,Staff,Human Resources,355280620.0,347,Performance,64.6,1
176,24,4,Staff,Human Resources,355280620.0,347,Technical,67.83500000000001,1
176,24,4,Staff,Human Resources,385820825.0,138,Efficiency,61.24,1
176,24,4,Staff,Human Resources,385820825.0,138,Finance,57.96,1
176,24,4,Staff,Human Resources,385820825.0,138,HR,67.69,1
176,24,4,Staff,Human Resources,385820825.0,138,Innovation,61.995000000000005,1
176,24,4,Staff,Human Resources,385820825.0,138,Project,61.26,1
176,24,4,Staff,Human Resources,385820825.0,138,Quality,62.615,1
176,24,4,Staff,Human Resources,385820825.0,138,Time Management,64.50999999999999,1
177,27,3,Staff,Marketing,80000000.0,138,Innovation,66.91,1
177,27,3,Staff,Marketing,80000000.0,138,Technical,67.14,1
177,27,3,Staff,Marketing,90000000.0,244,Efficiency,67.87,1
177,27,3,Staff,Marketing,90000000.0,244,Finance,60.57,1
177,27,3,Staff,Marketing,90000000.0,244,Quality,62.99,1
177,27,3,Staff,Marketing,95000000.0,211,Attendance,72.48,1
177,27,3,Staff,Marketing,95000000.0,211,Development,64.87,1
177,27,3,Staff,Marketing,95000000.0,211,Efficiency,66.43,1
177,27,3,Staff,Marketing,95000000.0,211,HR,69.20666666666666,1
177,27,3,Staff,Marketing,95000000.0,211,Performance,67.65,1
177,27,3,Staff,Marketing,95000000.0,211,Quality,64.77499999999999,1
177,27,3,Staff,Marketing,95000000.0,211,Teamwork,74.29,1
177,27,3,Staff,Marketing,95000000.0,211,Time Management,56.34,1
177,27,3,Staff,Marketing,120000000.0,152,Attendance,74.86,1
177,27,3,Staff,Marketing,120000000.0,152,Efficiency,67.18,1
177,27,3,Staff,Marketing,120000000.0,152,HR,65.91,1
177,27,3,Staff,Marketing,120000000.0,152,Project,65.6,1
177,27,3,Staff,Marketing,120000000.0,152,Quality,72.66,1
177,27,3,Staff,Marketing,178776637.0,118,Performance,75.41,1
177,27,3,Staff,Marketing,178776637.0,118,Quality,62.65,1
177,27,3,Staff,Marketing,291862333.0,334,Development,59.475,1
177,27,3,Staff,Marketing,291862333.0,334,Efficiency,57.32,1
177,27,3,Staff,Marketing,291862333.0,334,Finance,62.43,1
177,27,3,Staff,Marketing,291862333.0,334,HR,64.655,1
177,27,3,Staff,Marketing,291862333.0,334,Innovation,62.71,1
177,27,3,Staff,Marketing,291862333.0,334,Performance,61.56,1
177,27,3,Staff,Marketing,291862333.0,334,Quality,62.05,1
177,27,3,Staff,Marketing,291862333.0,334,Technical,65.455,1
177,27,3,Staff,Marketing,300000000.0,242,Performance,61.79,1
177,27,3,Staff,Marketing,300000000.0,242,Teamwork,66.35,1
177,27,3,Staff,Marketing,300000000.0,242,Time Management,62.01,1
177,27,3,Staff,Marketing,500000000.0,356,Development,62.65,1
177,27,3,Staff,Marketing,500000000.0,356,HR,64.81,1
177,27,3,Staff,Marketing,500000000.0,356,Innovation,57.31,1
177,27,3,Staff,Marketing,500000000.0,356,Performance,70.64,1
177,27,3,Staff,Marketing,500000000.0,356,Project,60.26,1
177,27,3,Staff,Marketing,500000000.0,356,Quality,62.97,1
177,27,3,Staff,Marketing,500000000.0,356,Time Management,72.86,1
178,30,1,Staff,Legal,80000000.0,138,Attendance,55.3,1
178,30,1,Staff,Legal,80000000.0,138,Efficiency,49.0,1
178,30,1,Staff,Legal,80000000.0,138,HR,55.29,1
178,30,1,Staff,Legal,80000000.0,138,Project,44.7,1
178,30,1,Staff,Legal,80000000.0,138,Teamwork,45.465,1
178,30,1,Staff,Legal,170000000.0,229,Attendance,57.99,1
178,30,1,Staff,Legal,170000000.0,229,Development,44.78,1
178,30,1,Staff,Legal,170000000.0,229,Finance,48.03,1
178,30,1,Staff,Legal,170000000.0,229,Innovation,37.11,1
178,30,1,Staff,Legal,170000000.0,229,Performance,53.96,1
178,30,1,Staff,Legal,170000000.0,229,Project,41.72,1
178,30,1,Staff,Legal,170000000.0,229,Quality,48.135,1
178,30,1,Staff,Legal,170000000.0,229,Teamwork,47.17,1
178,30,1,Staff,Legal,170000000.0,229,Time Management,50.615,1
178,30,1,Staff,Legal,206368642.0,46,Attendance,60.47,1
178,30,1,Staff,Legal,206368642.0,46,Finance,45.28,1
178,30,1,Staff,Legal,206368642.0,46,Quality,46.25,1
178,30,1,Staff,Legal,206368642.0,46,Teamwork,43.33,1
178,30,1,Staff,Legal,206368642.0,46,Technical,48.22,1
178,30,1,Staff,Legal,291868109.0,256,Finance,44.785,1
178,30,1,Staff,Legal,291868109.0,256,HR,53.81,1
178,30,1,Staff,Legal,291868109.0,256,Innovation,44.63,1
178,30,1,Staff,Legal,291868109.0,256,Project,39.905,1
178,30,1,Staff,Legal,291868109.0,256,Quality,42.489999999999995,1
178,30,1,Staff,Legal,291868109.0,256,Time Management,57.86,1
178,30,1,Staff,Legal,300000000.0,242,Performance,46.81,1
178,30,1,Staff,Legal,300000000.0,242,Quality,49.045,1
178,30,1,Staff,Legal,355280620.0,347,Efficiency,52.86,1
178,30,1,Staff,Legal,355280620.0,347,HR,48.21,1
178,30,1,Staff,Legal,355280620.0,347,Innovation,39.7,1
178,30,1,Staff,Legal,355280620.0,347,Project,47.04,1
178,30,1,Staff,Legal,355280620.0,347,Quality,37.54,1
178,30,1,Staff,Legal,355280620.0,347,Teamwork,56.08,1
178,30,1,Staff,Legal,355280620.0,347,Technical,44.55,1
178,30,1,Staff,Legal,355280620.0,347,Time Management,41.95,1
178,30,1,Staff,Legal,377293102.0,80,HR,52.48,1
178,30,1,Staff,Legal,377293102.0,80,Performance,45.57,1
178,30,1,Staff,Legal,377293102.0,80,Project,49.07,1
178,30,1,Staff,Legal,404564658.0,71,Efficiency,49.175,1
178,30,1,Staff,Legal,404564658.0,71,Finance,49.18,1
178,30,1,Staff,Legal,404564658.0,71,Innovation,41.9,1
178,30,1,Staff,Legal,404564658.0,71,Quality,38.13,1
178,30,1,Staff,Legal,404564658.0,71,Teamwork,46.65,1
178,30,1,Staff,Legal,404564658.0,71,Time Management,51.99,1
179,25,2,Staff,Production,50000000.0,211,Development,65.16,1
179,25,2,Staff,Production,50000000.0,211,Efficiency,75.51,1
179,25,2,Staff,Production,50000000.0,211,HR,70.91,1
179,25,2,Staff,Production,50000000.0,211,Quality,66.91,1
179,25,2,Staff,Production,88214342.0,149,Efficiency,69.09,1
179,25,2,Staff,Production,88214342.0,149,Innovation,60.33,1
179,25,2,Staff,Production,88214342.0,149,Project,60.14,1
179,25,2,Staff,Production,88214342.0,149,Quality,60.77,1
179,25,2,Staff,Production,88214342.0,149,Teamwork,71.69333333333333,1
179,25,2,Staff,Production,88214342.0,149,Technical,73.0,1
179,25,2,Staff,Production,88214342.0,149,Time Management,64.54,1
179,25,2,Staff,Production,95000000.0,211,Efficiency,64.89,1
179,25,2,Staff,Production,95000000.0,211,HR,70.05,1
179,25,2,Staff,Production,95000000.0,211,Innovation,69.17,1
179,25,2,Staff,Production,95000000.0,211,Project,64.45,1
179,25,2,Staff,Production,95000000.0,211,Quality,57.61,1
179,25,2,Staff,Production,95000000.0,211,Time Management,62.39,1
179,25,2,Staff,Production,170000000.0,229,Attendance,68.64,1
179,25,2,Staff,Production,170000000.0,229,Efficiency,62.43,1
179,25,2,Staff,Production,170000000.0,229,HR,68.515,1
179,25,2,Staff,Production,170000000.0,229,Quality,55.735,1
179,25,2,Staff,Production,180000000.0,193,Attendance,66.68,1
179,25,2,Staff,Production,180000000.0,193,Development,55.41,1
179,25,2,Staff,Production,180000000.0,193,Finance,59.37,1
179,25,2,Staff,Production,180000000.0,193,HR,64.5,1
179,25,2,Staff,Production,180000000.0,193,Innovation,60.82,1
179,25,2,Staff,Production,180000000.0,193,Performance,62.23,1
179,25,2,Staff,Production,180000000.0,193,Quality,67.13,1
179,25,2,Staff,Production,180000000.0,193,Time Management,63.83,1
179,25,2,Staff,Production,355280620.0,347,Quality,56.5,1
179,25,2,Staff,Production,375514309.0,335,Attendance,65.09,1
179,25,2,Staff,Production,375514309.0,335,Development,63.25333333333333,1
179,25,2,Staff,Production,375514309.0,335,Efficiency,66.97,1
179,25,2,Staff,Production,375514309.0,335,HR,61.165000000000006,1
179,25,2,Staff,Production,375514309.0,335,Performance,64.68,1
179,25,2,Staff,Production,375514309.0,335,Project,62.52,1
179,25,2,Staff,Production,375514309.0,335,Quality,56.44,1
179,25,2,Staff,Production,375514309.0,335,Time Management,56.88,1
179,25,2,Staff,Production,472961951.0,350,Development,54.83,1
179,25,2,Staff,Production,472961951.0,350,HR,67.555,1
179,25,2,Staff,Production,472961951.0,350,Innovation,60.81,1
179,25,2,Staff,Production,472961951.0,350,Quality,62.16,1
179,25,2,Staff,Production,472961951.0,350,Teamwork,71.63,1
180,25,4,Staff,Legal,88214342.0,149,Efficiency,66.61,1
180,25,4,Staff,Legal,88214342.0,149,Finance,55.12,1
180,25,4,Staff,Legal,88214342.0,149,HR,63.43,1
180,25,4,Staff,Legal,88214342.0,149,Performance,54.78,1
180,25,4,Staff,Legal,88214342.0,149,Quality,61.32666666666666,1
180,25,4,Staff,Legal,88214342.0,149,Teamwork,70.97,1
180,25,4,Staff,Legal,88214342.0,149,Technical,61.36,1
180,25,4,Staff,Legal,110000000.0,199,Efficiency,71.43,1
180,25,4,Staff,Legal,110000000.0,199,Finance,62.21,1
180,25,4,Staff,Legal,110000000.0,199,Innovation,55.825,1
180,25,4,Staff,Legal,110000000.0,199,Project,57.51,1
180,25,4,Staff,Legal,110000000.0,199,Quality,56.39,1
180,25,4,Staff,Legal,110000000.0,199,Teamwork,65.59,1
180,25,4,Staff,Legal,110000000.0,199,Technical,52.97,1
180,25,4,Staff,Legal,110000000.0,199,Time Management,66.29,1
180,25,4,Staff,Legal,206368642.0,46,Attendance,66.595,1
180,25,4,Staff,Legal,206368642.0,46,Development,61.95,1
180,25,4,Staff,Legal,206368642.0,46,Efficiency,64.88,1
180,25,4,Staff,Legal,206368642.0,46,HR,61.615,1
180,25,4,Staff,Legal,206368642.0,46,Performance,59.63,1
180,25,4,Staff,Legal,206368642.0,46,Project,64.46,1
180,25,4,Staff,Legal,206368642.0,46,Quality,60.12,1
180,25,4,Staff,Legal,206368642.0,46,Teamwork,60.94,1
180,25,4,Staff,Legal,206368642.0,46,Technical,57.17,1
180,25,4,Staff,Legal,206368642.0,46,Time Management,58.38,1
180,25,4,Staff,Legal,291862333.0,334,Finance,54.42,1
180,25,4,Staff,Legal,291862333.0,334,Innovation,63.81999999999999,1
180,25,4,Staff,Legal,291862333.0,334,Project,62.48,1
180,25,4,Staff,Legal,291862333.0,334,Quality,62.379999999999995,1
180,25,4,Staff,Legal,291868109.0,256,Attendance,63.93,1
180,25,4,Staff,Legal,291868109.0,256,Development,63.0,1
180,25,4,Staff,Legal,291868109.0,256,Efficiency,61.205,1
180,25,4,Staff,Legal,291868109.0,256,Finance,57.72,1
180,25,4,Staff,Legal,291868109.0,256,HR,62.18,1
180,25,4,Staff,Legal,291868109.0,256,Innovation,65.74,1
180,25,4,Staff,Legal,291868109.0,256,Project,60.22,1
180,25,4,Staff,Legal,291868109.0,256,Quality,64.215,1
180,25,4,Staff,Legal,291868109.0,256,Teamwork,70.72,1
180,25,4,Staff,Legal,300000000.0,242,Efficiency,65.29,1
180,25,4,Staff,Legal,300000000.0,242,Finance,53.29,1
180,25,4,Staff,Legal,300000000.0,242,Quality,64.56,1
180,25,4,Staff,Legal,300000000.0,242,Technical,67.4,1
180,25,4,Staff,Legal,300000000.0,242,Time Management,52.99,1
180,25,4,Staff,Legal,355280620.0,347,Innovation,58.19,1
180,25,4,Staff,Legal,472961951.0,350,HR,62.82,1
180,25,4,Staff,Legal,472961951.0,350,Innovation,57.16,1
180,25,4,Staff,Legal,472961951.0,350,Quality,59.82,1
180,25,4,Staff,Legal,472961951.0,350,Teamwork,66.89,1
180,25,4,Staff,Legal,472961951.0,350,Technical,60.52,1
181,44,9,Senior Manager,Production,50000000.0,211,Attendance,98.0,0
181,44,9,Senior Manager,Production,50000000.0,211,Finance,93.1,0
181,44,9,Senior Manager,Production,50000000.0,211,Innovation,98.0,0
181,44,9,Senior Manager,Production,50000000.0,211,Time Management,98.0,0
181,44,9,Senior Manager,Production,60000000.0,214,Development,94.65,0
181,44,9,Senior Manager,Production,60000000.0,214,Efficiency,98.0,0
181,44,9,Senior Manager,Production,60000000.0,214,Finance,98.0,0
181,44,9,Senior Manager,Production,60000000.0,214,HR,98.0,0
181,44,9,Senior Manager,Production,60000000.0,214,Innovation,97.03,0
181,44,9,Senior Manager,Production,60000000.0,214,Performance,98.0,0
181,44,9,Senior Manager,Production,60000000.0,214,Project,98.0,0
181,44,9,Senior Manager,Production,60000000.0,214,Quality,98.0,0
181,44,9,Senior Manager,Production,60000000.0,214,Teamwork,98.0,0
181,44,9,Senior Manager,Production,60000000.0,214,Technical,98.0,0
181,44,9,Senior Manager,Production,60000000.0,214,Time Management,98.0,0
181,44,9,Senior Manager,Production,80000000.0,138,Efficiency,98.0,0
181,44,9,Senior Manager,Production,80000000.0,138,Innovation,95.25,0
181,44,9,Senior Manager,Production,80000000.0,138,Project,98.0,0
181,44,9,Senior Manager,Production,80000000.0,138,Quality,92.08,0
181,44,9,Senior Manager,Production,80000000.0,138,Teamwork,97.49,0
181,44,9,Senior Manager,Production,90000000.0,244,Attendance,98.0,0
181,44,9,Senior Manager,Production,90000000.0,244,Development,98.0,0
181,44,9,Senior Manager,Production,90000000.0,244,HR,98.0,0
181,44,9,Senior Manager,Production,130000000.0,303,Development,96.295,0
181,44,9,Senior Manager,Production,130000000.0,303,Efficiency,98.0,0
181,44,9,Senior Manager,Production,130000000.0,303,Finance,98.0,0
181,44,9,Senior Manager,Production,130000000.0,303,Quality,98.0,0
181,44,9,Senior Manager,Production,130000000.0,303,Technical,98.0,0
181,44,9,Senior Manager,Production,178776637.0,118,Finance,98.0,0
181,44,9,Senior Manager,Production,178776637.0,118,Performance,98.0,0
181,44,9,Senior Manager,Production,178776637.0,118,Quality,98.0,0
181,44,9,Senior Manager,Production,178776637.0,118,Teamwork,98.0,0
181,44,9,Senior Manager,Production,178776637.0,118,Technical,98.0,0
181,44,9,Senior Manager,Production,204675132.0,174,Development,98.0,0
181,44,9,Senior Manager,Production,204675132.0,174,Innovation,98.0,0
181,44,9,Senior Manager,Production,204675132.0,174,Project,98.0,0
181,44,9,Senior Manager,Production,204675132.0,174,Quality,98.0,0
181,44,9,Senior Manager,Production,204675132.0,174,Teamwork,98.0,0
181,44,9,Senior Manager,Production,204675132.0,174,Time Management,98.0,0
181,44,9,Senior Manager,Production,400000000.0,259,Attendance,98.0,0
181,44,9,Senior Manager,Production,400000000.0,259,Efficiency,98.0,0
181,44,9,Senior Manager,Production,400000000.0,259,Finance,98.0,0
181,44,9,Senior Manager,Production,400000000.0,259,HR,98.0,0
181,44,9,Senior Manager,Production,400000000.0,259,Project,98.0,0
181,44,9,Senior Manager,Production,400000000.0,259,Quality,97.79,0
182,23,5,Staff,Design,50000000.0,211,Quality,59.82,1
182,23,5,Staff,Design,50000000.0,211,Technical,59.44,1
182,23,5,Staff,Design,90000000.0,244,Attendance,72.51,1
182,23,5,Staff,Design,90000000.0,244,Efficiency,71.81,1
182,23,5,Staff,Design,90000000.0,244,Finance,67.84,1
182,23,5,Staff,Design,90000000.0,244,HR,64.27666666666666,1
182,23,5,Staff,Design,90000000.0,244,Innovation,62.84,1
182,23,5,Staff,Design,90000000.0,244,Performance,68.2,1
182,23,5,Staff,Design,90000000.0,244,Project,68.81,1
182,23,5,Staff,Design,90000000.0,244,Quality,64.3825,1
182,23,5,Staff,Design,90000000.0,244,Teamwork,71.09,1
182,23,5,Staff,Design,90000000.0,244,Technical,59.63,1
182,23,5,Staff,Design,90000000.0,244,Time Management,62.13,1
182,23,5,Staff,Design,110000000.0,199,Attendance,69.99,1
182,23,5,Staff,Design,110000000.0,199,Finance,59.75,1
182,23,5,Staff,Design,110000000.0,199,HR,67.47,1
182,23,5,Staff,Design,110000000.0,199,Innovation,62.57,1
182,23,5,Staff,Design,110000000.0,199,Project,66.78,1
182,23,5,Staff,Design,110000000.0,199,Quality,66.74571428571429,1
182,23,5,Staff,Design,110000000.0,199,Technical,63.77,1
182,23,5,Staff,Design,110000000.0,199,Time Management,73.43,1
182,23,5,Staff,Design,120000000.0,152,Development,58.79,1
182,23,5,Staff,Design,120000000.0,152,Efficiency,66.95,1
182,23,5,Staff,Design,120000000.0,152,Finance,59.67,1
182,23,5,Staff,Design,120000000.0,152,HR,64.34,1
182,23,5,Staff,Design,120000000.0,152,Innovation,59.84,1
182,23,5,Staff,Design,140000000.0,211,Finance,58.11,1
182,23,5,Staff,Design,140000000.0,211,HR,68.625,1
182,23,5,Staff,Design,140000000.0,211,Quality,61.99,1
182,23,5,Staff,Design,140000000.0,211,Teamwork,71.48,1
182,23,5,Staff,Design,140000000.0,211,Time Management,65.3,1
182,23,5,Staff,Design,375514309.0,335,Efficiency,70.72,1
182,23,5,Staff,Design,375514309.0,335,HR,70.38,1
182,23,5,Staff,Design,375514309.0,335,Innovation,64.72,1
182,23,5,Staff,Design,375514309.0,335,Performance,66.43,1
182,23,5,Staff,Design,375514309.0,335,Project,68.21666666666665,1
182,23,5,Staff,Design,375514309.0,335,Quality,63.97666666666667,1
182,23,5,Staff,Design,375514309.0,335,Teamwork,69.38,1
182,23,5,Staff,Design,375514309.0,335,Technical,74.63,1
182,23,5,Staff,Design,375514309.0,335,Time Management,61.59,1
182,23,5,Staff,Design,397696244.0,106,Development,64.1,1
182,23,5,Staff,Design,397696244.0,106,HR,69.77999999999999,1
182,23,5,Staff,Design,397696244.0,106,Performance,64.17,1
182,23,5,Staff,Design,397696244.0,106,Project,65.3,1
182,23,5,Staff,Design,397696244.0,106,Quality,66.07,1
182,23,5,Staff,Design,397696244.0,106,Time Management,65.12,1
182,23,5,Staff,Design,404564658.0,71,Attendance,73.26,1
182,23,5,Staff,Design,404564658.0,71,Development,62.525000000000006,1
182,23,5,Staff,Design,404564658.0,71,HR,63.99,1
182,23,5,Staff,Design,404564658.0,71,Innovation,68.84,1
182,23,5,Staff,Design,404564658.0,71,Performance,71.98500000000001,1
182,23,5,Staff,Design,404564658.0,71,Project,68.85,1
182,23,5,Staff,Design,404564658.0,71,Quality,67.05,1
182,23,5,Staff,Design,404564658.0,71,Technical,77.19999999999999,1
182,23,5,Staff,Design,404564658.0,71,Time Management,66.29,1
183,38,8,Manager,Customer Service,50000000.0,211,Attendance,91.7,0
183,38,8,Manager,Customer Service,50000000.0,211,Quality,82.8,0
183,38,8,Manager,Customer Service,50000000.0,211,Time Management,88.76,0
183,38,8,Manager,Customer Service,90000000.0,244,Attendance,91.46000000000001,0
183,38,8,Manager,Customer Service,90000000.0,244,Finance,92.41499999999999,0
183,38,8,Manager,Customer Service,90000000.0,244,HR,96.78,0
183,38,8,Manager,Customer Service,90000000.0,244,Performance,92.05,0
183,38,8,Manager,Customer Service,90000000.0,244,Quality,88.34,0
183,38,8,Manager,Customer Service,90000000.0,244,Teamwork,94.9,0
183,38,8,Manager,Customer Service,95000000.0,211,Finance,91.45,0
183,38,8,Manager,Customer Service,95000000.0,211,Quality,84.88,0
183,38,8,Manager,Customer Service,95000000.0,211,Teamwork,95.38,0
183,38,8,Manager,Customer Service,130000000.0,303,Attendance,94.92,0
183,38,8,Manager,Customer Service,130000000.0,303,Efficiency,95.27,0
183,38,8,Manager,Customer Service,130000000.0,303,Finance,91.95,0
183,38,8,Manager,Customer Service,130000000.0,303,HR,96.78,0
183,38,8,Manager,Customer Service,130000000.0,303,Performance,90.6,0
183,38,8,Manager,Customer Service,130000000.0,303,Project,95.77,0
183,38,8,Manager,Customer Service,130000000.0,303,Quality,89.48666666666668,0
183,38,8,Manager,Customer Service,278244747.0,88,Teamwork,93.05,0
183,38,8,Manager,Customer Service,397696244.0,106,Attendance,95.06,0
183,38,8,Manager,Customer Service,397696244.0,106,Finance,88.67,0
183,38,8,Manager,Customer Service,397696244.0,106,HR,90.34,0
183,38,8,Manager,Customer Service,397696244.0,106,Quality,91.5,0
183,38,8,Manager,Customer Service,397696244.0,106,Technical,86.09,0
183,38,8,Manager,Customer Service,397696244.0,106,Time Management,89.315,0
183,38,8,Manager,Customer Service,404564658.0,71,Attendance,93.51,0
183,38,8,Manager,Customer Service,404564658.0,71,Development,91.58,0
183,38,8,Manager,Customer Service,404564658.0,71,HR,95.93,0
183,38,8,Manager,Customer Service,404564658.0,71,Quality,90.18,0
183,38,8,Manager,Customer Service,404564658.0,71,Teamwork,88.15,0
183,38,8,Manager,Customer Service,500000000.0,356,Efficiency,88.215,0
183,38,8,Manager,Customer Service,500000000.0,356,Finance,89.63,0
183,38,8,Manager,Customer Service,500000000.0,356,HR,91.38,0
183,38,8,Manager,Customer Service,500000000.0,356,Innovation,86.85499999999999,0
183,38,8,Manager,Customer Service,500000000.0,356,Performance,87.78999999999999,0
183,38,8,Manager,Customer Service,500000000.0,356,Project,93.92,0
183,38,8,Manager,Customer Service,500000000.0,356,Quality,89.20500000000001,0
183,38,8,Manager,Customer Service,500000000.0,356,Time Management,98.0,0
184,38,6,Senior Staff,Human Resources,130000000.0,303,Attendance,74.69,1
184,38,6,Senior Staff,Human Resources,130000000.0,303,Development,64.39,1
184,38,6,Senior Staff,Human Resources,130000000.0,303,Efficiency,68.98,1
184,38,6,Senior Staff,Human Resources,130000000.0,303,Finance,63.485,1
184,38,6,Senior Staff,Human Resources,130000000.0,303,HR,66.85,1
184,38,6,Senior Staff,Human Resources,130000000.0,303,Performance,65.58500000000001,1
184,38,6,Senior Staff,Human Resources,130000000.0,303,Project,72.845,1
184,38,6,Senior Staff,Human Resources,130000000.0,303,Quality,74.88,1
184,38,6,Senior Staff,Human Resources,130000000.0,303,Technical,64.33,1
184,38,6,Senior Staff,Human Resources,140000000.0,211,Finance,67.45,1
184,38,6,Senior Staff,Human Resources,140000000.0,211,Teamwork,67.35,1
184,38,6,Senior Staff,Human Resources,140000000.0,211,Time Management,66.96,1
184,38,6,Senior Staff,Human Resources,178776637.0,118,Attendance,74.52,1
184,38,6,Senior Staff,Human Resources,178776637.0,118,Finance,64.06,1
184,38,6,Senior Staff,Human Resources,178776637.0,118,HR,75.11,1
184,38,6,Senior Staff,Human Resources,178776637.0,118,Innovation,60.86,1
184,38,6,Senior Staff,Human Resources,178776637.0,118,Performance,73.97,1
184,38,6,Senior Staff,Human Resources,178776637.0,118,Quality,63.26,1
184,38,6,Senior Staff,Human Resources,178776637.0,118,Teamwork,67.74,1
184,38,6,Senior Staff,Human Resources,178776637.0,118,Time Management,72.03999999999999,1
184,38,6,Senior Staff,Human Resources,200000000.0,167,Finance,73.68,1
184,38,6,Senior Staff,Human Resources,200000000.0,167,Project,63.52,1
184,38,6,Senior Staff,Human Resources,291862333.0,334,Attendance,70.695,1
184,38,6,Senior Staff,Human Resources,291862333.0,334,Efficiency,61.855,1
184,38,6,Senior Staff,Human Resources,291862333.0,334,Finance,64.175,1
184,38,6,Senior Staff,Human Resources,291862333.0,334,HR,71.35499999999999,1
184,38,6,Senior Staff,Human Resources,291862333.0,334,Innovation,63.21,1
184,38,6,Senior Staff,Human Resources,291862333.0,334,Performance,71.2,1
184,38,6,Senior Staff,Human Resources,291862333.0,334,Quality,63.84,1
184,38,6,Senior Staff,Human Resources,291862333.0,334,Teamwork,65.16,1
184,38,6,Senior Staff,Human Resources,291862333.0,334,Technical,68.93,1
184,38,6,Senior Staff,Human Resources,385820825.0,138,Attendance,66.37,1
184,38,6,Senior Staff,Human Resources,385820825.0,138,Finance,59.7,1
184,38,6,Senior Staff,Human Resources,385820825.0,138,Innovation,64.56,1
184,38,6,Senior Staff,Human Resources,400000000.0,259,Attendance,71.88,1
184,38,6,Senior Staff,Human Resources,400000000.0,259,Efficiency,71.91,1
184,38,6,Senior Staff,Human Resources,400000000.0,259,HR,72.095,1
184,38,6,Senior Staff,Human Resources,500000000.0,356,Development,62.03,1
184,38,6,Senior Staff,Human Resources,500000000.0,356,Project,60.52,1
184,38,6,Senior Staff,Human Resources,500000000.0,356,Quality,61.980000000000004,1
184,38,6,Senior Staff,Human Resources,500000000.0,356,Teamwork,68.245,1
185,27,4,Staff,Human Resources,50000000.0,211,Attendance,75.16,1
185,27,4,Staff,Human Resources,50000000.0,211,Development,69.17,1
185,27,4,Staff,Human Resources,50000000.0,211,Finance,58.69,1
185,27,4,Staff,Human Resources,50000000.0,211,Performance,66.81,1
185,27,4,Staff,Human Resources,50000000.0,211,Quality,78.33,1
185,27,4,Staff,Human Resources,50000000.0,211,Teamwork,61.06,1
185,27,4,Staff,Human Resources,60000000.0,214,Development,47.55,1
185,27,4,Staff,Human Resources,60000000.0,214,Efficiency,67.81,1
185,27,4,Staff,Human Resources,60000000.0,214,Project,66.31,1
185,27,4,Staff,Human Resources,60000000.0,214,Quality,60.376666666666665,1
185,27,4,Staff,Human Resources,75000000.0,203,Development,59.97,1
185,27,4,Staff,Human Resources,75000000.0,203,HR,69.67,1
185,27,4,Staff,Human Resources,75000000.0,203,Quality,64.03,1
185,27,4,Staff,Human Resources,75000000.0,203,Time Management,57.7,1
185,27,4,Staff,Human Resources,82017929.0,114,Attendance,67.38,1
185,27,4,Staff,Human Resources,82017929.0,114,Efficiency,74.02,1
185,27,4,Staff,Human Resources,82017929.0,114,Finance,64.83,1
185,27,4,Staff,Human Resources,82017929.0,114,HR,76.08,1
185,27,4,Staff,Human Resources,82017929.0,114,Innovation,58.71,1
185,27,4,Staff,Human Resources,82017929.0,114,Performance,62.74,1
185,27,4,Staff,Human Resources,82017929.0,114,Project,68.75,1
185,27,4,Staff,Human Resources,82017929.0,114,Quality,60.42666666666667,1
185,27,4,Staff,Human Resources,82017929.0,114,Teamwork,68.725,1
185,27,4,Staff,Human Resources,130000000.0,303,Attendance,72.09,1
185,27,4,Staff,Human Resources,130000000.0,303,Quality,56.6,1
185,27,4,Staff,Human Resources,130000000.0,303,Technical,65.04,1
185,27,4,Staff,Human Resources,150000000.0,274,Attendance,67.17,1
185,27,4,Staff,Human Resources,150000000.0,274,Efficiency,64.88,1
185,27,4,Staff,Human Resources,150000000.0,274,Finance,59.13,1
185,27,4,Staff,Human Resources,150000000.0,274,Time Management,69.43,1
185,27,4,Staff,Human Resources,190000000.0,241,Development,50.88,1
185,27,4,Staff,Human Resources,190000000.0,241,Efficiency,72.47,1
185,27,4,Staff,Human Resources,190000000.0,241,Finance,65.32,1
185,27,4,Staff,Human Resources,190000000.0,241,HR,74.71,1
185,27,4,Staff,Human Resources,190000000.0,241,Innovation,60.34,1
185,27,4,Staff,Human Resources,190000000.0,241,Quality,57.49,1
185,27,4,Staff,Human Resources,190000000.0,241,Teamwork,68.485,1
185,27,4,Staff,Human Resources,190000000.0,241,Time Management,58.57,1
185,27,4,Staff,Human Resources,400000000.0,259,Attendance,64.73,1
185,27,4,Staff,Human Resources,400000000.0,259,Efficiency,63.77,1
185,27,4,Staff,Human Resources,400000000.0,259,Finance,74.13,1
185,27,4,Staff,Human Resources,400000000.0,259,HR,64.63,1
185,27,4,Staff,Human Resources,400000000.0,259,Innovation,66.31,1
185,27,4,Staff,Human Resources,400000000.0,259,Performance,67.09,1
185,27,4,Staff,Human Resources,400000000.0,259,Project,72.62,1
185,27,4,Staff,Human Resources,400000000.0,259,Quality,63.18,1
185,27,4,Staff,Human Resources,400000000.0,259,Teamwork,63.94499999999999,1
185,27,4,Staff,Human Resources,400000000.0,259,Technical,64.78,1
185,27,4,Staff,Human Resources,400000000.0,259,Time Management,64.88,1
186,29,4,Staff,Research & Development,130000000.0,303,Attendance,70.59,1
186,29,4,Staff,Research & Development,130000000.0,303,Efficiency,75.34,1
186,29,4,Staff,Research & Development,130000000.0,303,Finance,70.25999999999999,1
186,29,4,Staff,Research & Development,130000000.0,303,HR,75.68,1
186,29,4,Staff,Research & Development,130000000.0,303,Innovation,64.32,1
186,29,4,Staff,Research & Development,130000000.0,303,Performance,70.29,1
186,29,4,Staff,Research & Development,130000000.0,303,Project,72.95,1
186,29,4,Staff,Research & Development,130000000.0,303,Quality,67.27,1
186,29,4,Staff,Research & Development,130000000.0,303,Technical,72.23,1
186,29,4,Staff,Research & Development,150000000.0,274,Development,60.53,1
186,29,4,Staff,Research & Development,150000000.0,274,Efficiency,67.15,1
186,29,4,Staff,Research & Development,150000000.0,274,Finance,70.46000000000001,1
186,29,4,Staff,Research & Development,150000000.0,274,HR,71.28,1
186,29,4,Staff,Research & Development,150000000.0,274,Innovation,62.08,1
186,29,4,Staff,Research & Development,150000000.0,274,Project,63.88,1
186,29,4,Staff,Research & Development,150000000.0,274,Quality,62.97,1
186,29,4,Staff,Research & Development,150000000.0,274,Teamwork,70.07,1
186,29,4,Staff,Research & Development,150000000.0,274,Technical,64.62,1
186,29,4,Staff,Research & Development,150000000.0,274,Time Management,64.41,1
186,29,4,Staff,Research & Development,170000000.0,229,Development,54.94,1
186,29,4,Staff,Research & Development,170000000.0,229,Efficiency,71.04,1
186,29,4,Staff,Research & Development,170000000.0,229,Finance,68.65,1
186,29,4,Staff,Research & Development,170000000.0,229,Innovation,66.33,1
186,29,4,Staff,Research & Development,170000000.0,229,Performance,70.72,1
186,29,4,Staff,Research & Development,170000000.0,229,Project,71.33,1
186,29,4,Staff,Research & Development,170000000.0,229,Quality,71.42666666666666,1
186,29,4,Staff,Research & Development,170000000.0,229,Teamwork,73.17,1
186,29,4,Staff,Research & Development,170000000.0,229,Time Management,67.44,1
186,29,4,Staff,Research & Development,178776637.0,118,Finance,78.52,1
186,29,4,Staff,Research & Development,178776637.0,118,Quality,70.33,1
186,29,4,Staff,Research & Development,180000000.0,193,Development,60.2,1
186,29,4,Staff,Research & Development,291862333.0,334,Finance,74.69,1
186,29,4,Staff,Research & Development,291862333.0,334,Performance,75.29499999999999,1
186,29,4,Staff,Research & Development,291862333.0,334,Quality,73.37,1
186,29,4,Staff,Research & Development,291862333.0,334,Technical,73.285,1
186,29,4,Staff,Research & Development,291862333.0,334,Time Management,77.04,1
186,29,4,Staff,Research & Development,355280620.0,347,Development,73.16,1
186,29,4,Staff,Research & Development,355280620.0,347,Efficiency,72.72,1
186,29,4,Staff,Research & Development,355280620.0,347,Finance,68.01,1
186,29,4,Staff,Research & Development,355280620.0,347,HR,78.475,1
186,29,4,Staff,Research & Development,355280620.0,347,Innovation,67.19,1
186,29,4,Staff,Research & Development,355280620.0,347,Performance,61.52,1
186,29,4,Staff,Research & Development,355280620.0,347,Quality,60.51,1
186,29,4,Staff,Research & Development,355280620.0,347,Technical,64.69,1
186,29,4,Staff,Research & Development,385820825.0,138,Development,71.76,1
186,29,4,Staff,Research & Development,385820825.0,138,HR,77.04,1
186,29,4,Staff,Research & Development,385820825.0,138,Innovation,64.785,1
186,29,4,Staff,Research & Development,385820825.0,138,Teamwork,77.18,1
186,29,4,Staff,Research & Development,385820825.0,138,Technical,76.925,1
186,29,4,Staff,Research & Development,385820825.0,138,Time Management,71.93,1
187,37,12,Manager,Quality Assurance,75000000.0,203,Attendance,98.0,0
187,37,12,Manager,Quality Assurance,75000000.0,203,Development,89.39,0
187,37,12,Manager,Quality Assurance,75000000.0,203,Efficiency,90.99,0
187,37,12,Manager,Quality Assurance,75000000.0,203,Finance,96.39,0
187,37,12,Manager,Quality Assurance,75000000.0,203,HR,94.78,0
187,37,12,Manager,Quality Assurance,75000000.0,203,Quality,95.18,0
187,37,12,Manager,Quality Assurance,75000000.0,203,Teamwork,98.0,0
187,37,12,Manager,Quality Assurance,75000000.0,203,Technical,96.5,0
187,37,12,Manager,Quality Assurance,80000000.0,138,Finance,90.39,0
187,37,12,Manager,Quality Assurance,80000000.0,138,HR,95.75,0
187,37,12,Manager,Quality Assurance,80000000.0,138,Innovation,95.81,0
187,37,12,Manager,Quality Assurance,80000000.0,138,Time Management,97.35,0
187,37,12,Manager,Quality Assurance,134037811.0,31,Innovation,94.18,0
187,37,12,Manager,Quality Assurance,150000000.0,274,Development,96.15,0
187,37,12,Manager,Quality Assurance,150000000.0,274,Efficiency,98.0,0
187,37,12,Manager,Quality Assurance,150000000.0,274,HR,98.0,0
187,37,12,Manager,Quality Assurance,150000000.0,274,Innovation,97.18,0
187,37,12,Manager,Quality Assurance,150000000.0,274,Performance,98.0,0
187,37,12,Manager,Quality Assurance,150000000.0,274,Project,98.0,0
187,37,12,Manager,Quality Assurance,150000000.0,274,Quality,97.44,0
187,37,12,Manager,Quality Assurance,150000000.0,274,Teamwork,96.42,0
187,37,12,Manager,Quality Assurance,150000000.0,274,Technical,96.21,0
187,37,12,Manager,Quality Assurance,150000000.0,274,Time Management,96.02,0
187,37,12,Manager,Quality Assurance,204675132.0,174,Development,94.26,0
187,37,12,Manager,Quality Assurance,204675132.0,174,HR,98.0,0
187,37,12,Manager,Quality Assurance,204675132.0,174,Quality,96.39666666666666,0
187,37,12,Manager,Quality Assurance,204675132.0,174,Teamwork,98.0,0
187,37,12,Manager,Quality Assurance,204675132.0,174,Technical,94.63,0
187,37,12,Manager,Quality Assurance,291862333.0,334,Finance,98.0,0
187,37,12,Manager,Quality Assurance,291862333.0,334,Performance,98.0,0
187,37,12,Manager,Quality Assurance,291862333.0,334,Project,96.13,0
187,37,12,Manager,Quality Assurance,365962025.0,249,Efficiency,98.0,0
187,37,12,Manager,Quality Assurance,365962025.0,249,HR,93.86,0
187,37,12,Manager,Quality Assurance,365962025.0,249,Innovation,90.5,0
187,37,12,Manager,Quality Assurance,365962025.0,249,Project,93.3,0
187,37,12,Manager,Quality Assurance,365962025.0,249,Quality,93.565,0
187,37,12,Manager,Quality Assurance,500000000.0,356,Attendance,96.485,0
187,37,12,Manager,Quality Assurance,500000000.0,356,Development,90.79,0
187,37,12,Manager,Quality Assurance,500000000.0,356,Efficiency,98.0,0
187,37,12,Manager,Quality Assurance,500000000.0,356,Finance,85.75,0
187,37,12,Manager,Quality Assurance,500000000.0,356,Innovation,91.59,0
187,37,12,Manager,Quality Assurance,500000000.0,356,Project,95.39,0
187,37,12,Manager,Quality Assurance,500000000.0,356,Quality,98.0,0
187,37,12,Manager,Quality Assurance,500000000.0,356,Technical,97.39500000000001,0
188,29,3,Staff,Quality Assurance,50000000.0,211,HR,65.94,1
188,29,3,Staff,Quality Assurance,50000000.0,211,Quality,70.095,1
188,29,3,Staff,Quality Assurance,50000000.0,211,Teamwork,77.99,1
188,29,3,Staff,Quality Assurance,75000000.0,203,HR,68.27,1
188,29,3,Staff,Quality Assurance,75000000.0,203,Time Management,71.07,1
188,29,3,Staff,Quality Assurance,88214342.0,149,Technical,68.8,1
188,29,3,Staff,Quality Assurance,95000000.0,211,Attendance,72.84,1
188,29,3,Staff,Quality Assurance,95000000.0,211,Development,60.4,1
188,29,3,Staff,Quality Assurance,95000000.0,211,Innovation,61.265,1
188,29,3,Staff,Quality Assurance,95000000.0,211,Performance,74.22,1
188,29,3,Staff,Quality Assurance,95000000.0,211,Quality,61.905,1
188,29,3,Staff,Quality Assurance,95000000.0,211,Technical,74.71,1
188,29,3,Staff,Quality Assurance,95000000.0,211,Time Management,67.01,1
188,29,3,Staff,Quality Assurance,110000000.0,199,Development,64.71,1
188,29,3,Staff,Quality Assurance,110000000.0,199,Finance,72.93,1
188,29,3,Staff,Quality Assurance,110000000.0,199,HR,73.03,1
188,29,3,Staff,Quality Assurance,110000000.0,199,Performance,63.94,1
188,29,3,Staff,Quality Assurance,110000000.0,199,Quality,60.99,1
188,29,3,Staff,Quality Assurance,110000000.0,199,Teamwork,72.93,1
188,29,3,Staff,Quality Assurance,110000000.0,199,Technical,63.46,1
188,29,3,Staff,Quality Assurance,220000000.0,225,Attendance,70.72,1
188,29,3,Staff,Quality Assurance,220000000.0,225,Efficiency,58.19,1
188,29,3,Staff,Quality Assurance,220000000.0,225,Performance,72.89,1
188,29,3,Staff,Quality Assurance,220000000.0,225,Quality,65.66,1
188,29,3,Staff,Quality Assurance,291868109.0,256,Attendance,73.72,1
188,29,3,Staff,Quality Assurance,291868109.0,256,Development,68.24,1
188,29,3,Staff,Quality Assurance,291868109.0,256,Efficiency,62.23,1
188,29,3,Staff,Quality Assurance,291868109.0,256,Finance,66.41,1
188,29,3,Staff,Quality Assurance,291868109.0,256,HR,57.4,1
188,29,3,Staff,Quality Assurance,291868109.0,256,Innovation,59.69,1
188,29,3,Staff,Quality Assurance,291868109.0,256,Quality,66.67,1
188,29,3,Staff,Quality Assurance,291868109.0,256,Technical,67.1,1
188,29,3,Staff,Quality Assurance,377293102.0,80,HR,70.62,1
188,29,3,Staff,Quality Assurance,377293102.0,80,Project,63.295,1
189,26,5,Staff,Quality Assurance,120000000.0,152,HR,62.63,1
189,26,5,Staff,Quality Assurance,120000000.0,152,Performance,67.68,1
189,26,5,Staff,Quality Assurance,120000000.0,152,Quality,74.305,1
189,26,5,Staff,Quality Assurance,120000000.0,152,Teamwork,66.56,1
189,26,5,Staff,Quality Assurance,130000000.0,303,Attendance,64.92,1
189,26,5,Staff,Quality Assurance,130000000.0,303,HR,70.71,1
189,26,5,Staff,Quality Assurance,130000000.0,303,Innovation,64.48,1
189,26,5,Staff,Quality Assurance,130000000.0,303,Project,70.93,1
189,26,5,Staff,Quality Assurance,130000000.0,303,Quality,64.362,1
189,26,5,Staff,Quality Assurance,130000000.0,303,Teamwork,64.62,1
189,26,5,Staff,Quality Assurance,130000000.0,303,Time Management,70.465,1
189,26,5,Staff,Quality Assurance,150000000.0,274,Attendance,66.92,1
189,26,5,Staff,Quality Assurance,150000000.0,274,Development,70.47,1
189,26,5,Staff,Quality Assurance,150000000.0,274,Efficiency,68.92,1
189,26,5,Staff,Quality Assurance,150000000.0,274,HR,68.87,1
189,26,5,Staff,Quality Assurance,150000000.0,274,Innovation,62.86,1
189,26,5,Staff,Quality Assurance,150000000.0,274,Project,78.99,1
189,26,5,Staff,Quality Assurance,150000000.0,274,Quality,60.4,1
189,26,5,Staff,Quality Assurance,150000000.0,274,Time Management,66.2,1
189,26,5,Staff,Quality Assurance,206368642.0,46,Finance,66.1,1
189,26,5,Staff,Quality Assurance,206368642.0,46,Technical,70.76,1
189,26,5,Staff,Quality Assurance,278244747.0,88,Efficiency,65.67,1
189,26,5,Staff,Quality Assurance,278244747.0,88,Finance,71.12,1
189,26,5,Staff,Quality Assurance,278244747.0,88,HR,67.89,1
189,26,5,Staff,Quality Assurance,278244747.0,88,Performance,71.405,1
189,26,5,Staff,Quality Assurance,278244747.0,88,Project,67.86,1
189,26,5,Staff,Quality Assurance,278244747.0,88,Teamwork,76.49,1
189,26,5,Staff,Quality Assurance,278244747.0,88,Time Management,70.16,1
189,26,5,Staff,Quality Assurance,291862333.0,334,Attendance,74.4,1
189,26,5,Staff,Quality Assurance,291862333.0,334,Efficiency,69.34,1
189,26,5,Staff,Quality Assurance,291862333.0,334,Innovation,65.34,1
189,26,5,Staff,Quality Assurance,291862333.0,334,Teamwork,73.08,1
189,26,5,Staff,Quality Assurance,291862333.0,334,Technical,66.11,1
189,26,5,Staff,Quality Assurance,291862333.0,334,Time Management,71.77,1
189,26,5,Staff,Quality Assurance,404564658.0,71,Efficiency,74.79,1
189,26,5,Staff,Quality Assurance,404564658.0,71,Finance,69.75,1
189,26,5,Staff,Quality Assurance,404564658.0,71,HR,70.54,1
189,26,5,Staff,Quality Assurance,404564658.0,71,Innovation,67.66,1
189,26,5,Staff,Quality Assurance,404564658.0,71,Project,68.76,1
189,26,5,Staff,Quality Assurance,404564658.0,71,Quality,64.62,1
189,26,5,Staff,Quality Assurance,404564658.0,71,Time Management,71.23,1
189,26,5,Staff,Quality Assurance,500000000.0,356,Attendance,70.38,1
189,26,5,Staff,Quality Assurance,500000000.0,356,Development,64.39,1
189,26,5,Staff,Quality Assurance,500000000.0,356,Time Management,61.69,1
190,29,5,Staff,Customer Service,88214342.0,149,HR,65.77000000000001,1
190,29,5,Staff,Customer Service,88214342.0,149,Innovation,66.27,1
190,29,5,Staff,Customer Service,88214342.0,149,Quality,58.785,1
190,29,5,Staff,Customer Service,120000000.0,152,HR,63.68000000000001,1
190,29,5,Staff,Customer Service,120000000.0,152,Project,57.915,1
190,29,5,Staff,Customer Service,120000000.0,152,Quality,64.75333333333333,1
190,29,5,Staff,Customer Service,130000000.0,303,Attendance,74.78,1
190,29,5,Staff,Customer Service,130000000.0,303,Development,66.21,1
190,29,5,Staff,Customer Service,130000000.0,303,Finance,57.91,1
190,29,5,Staff,Customer Service,130000000.0,303,HR,62.405,1
190,29,5,Staff,Customer Service,130000000.0,303,Innovation,54.97,1
190,29,5,Staff,Customer Service,130000000.0,303,Performance,55.78,1
190,29,5,Staff,Customer Service,130000000.0,303,Project,71.31,1
190,29,5,Staff,Customer Service,130000000.0,303,Quality,62.35333333333333,1
190,29,5,Staff,Customer Service,130000000.0,303,Teamwork,68.31,1
190,29,5,Staff,Customer Service,170000000.0,229,Attendance,59.08,1
190,29,5,Staff,Customer Service,170000000.0,229,Efficiency,62.76,1
190,29,5,Staff,Customer Service,170000000.0,229,HR,77.11,1
190,29,5,Staff,Customer Service,170000000.0,229,Performance,73.31,1
190,29,5,Staff,Customer Service,170000000.0,229,Quality,63.894999999999996,1
190,29,5,Staff,Customer Service,170000000.0,229,Technical,65.8,1
190,29,5,Staff,Customer Service,204675132.0,174,Efficiency,68.49,1
190,29,5,Staff,Customer Service,204675132.0,174,Project,55.26,1
190,29,5,Staff,Customer Service,204675132.0,174,Quality,54.85,1
190,29,5,Staff,Customer Service,204675132.0,174,Teamwork,66.74,1
190,29,5,Staff,Customer Service,377293102.0,80,Development,56.54,1
190,29,5,Staff,Customer Service,377293102.0,80,Finance,63.71,1
190,29,5,Staff,Customer Service,377293102.0,80,Innovation,67.65,1
190,29,5,Staff,Customer Service,377293102.0,80,Performance,66.62,1
190,29,5,Staff,Customer Service,377293102.0,80,Quality,67.38499999999999,1
190,29,5,Staff,Customer Service,377293102.0,80,Time Management,60.78,1
190,29,5,Staff,Customer Service,385820825.0,138,HR,64.898,1
190,29,5,Staff,Customer Service,385820825.0,138,Innovation,56.44,1
190,29,5,Staff,Customer Service,385820825.0,138,Performance,62.695,1
190,29,5,Staff,Customer Service,385820825.0,138,Project,66.49,1
190,29,5,Staff,Customer Service,385820825.0,138,Quality,64.78999999999999,1
190,29,5,Staff,Customer Service,400000000.0,259,Development,52.73,1
190,29,5,Staff,Customer Service,400000000.0,259,Finance,61.72,1
190,29,5,Staff,Customer Service,400000000.0,259,HR,63.425000000000004,1
190,29,5,Staff,Customer Service,400000000.0,259,Innovation,54.73,1
190,29,5,Staff,Customer Service,400000000.0,259,Performance,61.08,1
190,29,5,Staff,Customer Service,400000000.0,259,Project,64.56,1
190,29,5,Staff,Customer Service,400000000.0,259,Quality,62.57,1
190,29,5,Staff,Customer Service,400000000.0,259,Teamwork,73.43,1
190,29,5,Staff,Customer Service,400000000.0,259,Time Management,65.55,1
191,23,3,Staff,Legal,50000000.0,211,Development,65.23,1
191,23,3,Staff,Legal,50000000.0,211,HR,62.37,1
191,23,3,Staff,Legal,50000000.0,211,Project,59.68,1
191,23,3,Staff,Legal,50000000.0,211,Quality,58.46,1
191,23,3,Staff,Legal,60000000.0,214,Attendance,68.805,1
191,23,3,Staff,Legal,60000000.0,214,Development,59.95,1
191,23,3,Staff,Legal,60000000.0,214,HR,60.55,1
191,23,3,Staff,Legal,60000000.0,214,Performance,61.96,1
191,23,3,Staff,Legal,60000000.0,214,Project,60.835,1
191,23,3,Staff,Legal,60000000.0,214,Quality,50.51,1
191,23,3,Staff,Legal,60000000.0,214,Teamwork,61.77,1
191,23,3,Staff,Legal,110000000.0,199,Attendance,65.39,1
191,23,3,Staff,Legal,110000000.0,199,Finance,65.53,1
191,23,3,Staff,Legal,110000000.0,199,Project,60.42,1
191,23,3,Staff,Legal,150000000.0,274,Development,64.76,1
191,23,3,Staff,Legal,150000000.0,274,Project,62.05,1
191,23,3,Staff,Legal,150000000.0,274,Quality,58.32,1
191,23,3,Staff,Legal,150000000.0,274,Technical,66.46,1
191,23,3,Staff,Legal,291868109.0,256,Attendance,67.39,1
191,23,3,Staff,Legal,291868109.0,256,HR,60.23,1
191,23,3,Staff,Legal,291868109.0,256,Quality,57.9,1
191,23,3,Staff,Legal,291868109.0,256,Teamwork,62.26,1
191,23,3,Staff,Legal,355280620.0,347,Development,52.14,1
191,23,3,Staff,Legal,355280620.0,347,Efficiency,63.535,1
191,23,3,Staff,Legal,355280620.0,347,HR,64.19500000000001,1
191,23,3,Staff,Legal,355280620.0,347,Innovation,49.83,1
191,23,3,Staff,Legal,355280620.0,347,Project,62.855000000000004,1
191,23,3,Staff,Legal,355280620.0,347,Quality,57.23,1
191,23,3,Staff,Legal,355280620.0,347,Teamwork,56.72,1
191,23,3,Staff,Legal,355280620.0,347,Technical,65.96,1
191,23,3,Staff,Legal,369461833.0,321,Attendance,68.83,1
191,23,3,Staff,Legal,369461833.0,321,Development,58.36,1
191,23,3,Staff,Legal,369461833.0,321,Quality,55.53,1
191,23,3,Staff,Legal,369461833.0,321,Teamwork,74.95,1
191,23,3,Staff,Legal,369461833.0,321,Technical,67.02,1
191,23,3,Staff,Legal,472961951.0,350,Efficiency,54.95,1
191,23,3,Staff,Legal,472961951.0,350,HR,62.905,1
191,23,3,Staff,Legal,472961951.0,350,Innovation,56.33,1
191,23,3,Staff,Legal,472961951.0,350,Project,60.0,1
191,23,3,Staff,Legal,472961951.0,350,Quality,59.85,1
191,23,3,Staff,Legal,472961951.0,350,Teamwork,60.04,1
191,23,3,Staff,Legal,472961951.0,350,Time Management,59.42,1
192,27,4,Staff,Sales,90000000.0,244,Development,58.26,1
192,27,4,Staff,Sales,90000000.0,244,Performance,55.92,1
192,27,4,Staff,Sales,90000000.0,244,Project,57.61,1
192,27,4,Staff,Sales,90000000.0,244,Quality,60.93,1
192,27,4,Staff,Sales,90000000.0,244,Technical,59.2,1
192,27,4,Staff,Sales,134037811.0,31,Attendance,65.46,1
192,27,4,Staff,Sales,134037811.0,31,HR,64.41,1
192,27,4,Staff,Sales,134037811.0,31,Time Management,67.06,1
192,27,4,Staff,Sales,178776637.0,118,Development,73.74,1
192,27,4,Staff,Sales,178776637.0,118,Efficiency,77.73,1
192,27,4,Staff,Sales,178776637.0,118,Innovation,68.75,1
192,27,4,Staff,Sales,178776637.0,118,Performance,72.58500000000001,1
192,27,4,Staff,Sales,178776637.0,118,Quality,62.52,1
192,27,4,Staff,Sales,178776637.0,118,Technical,76.67,1
192,27,4,Staff,Sales,204675132.0,174,Development,62.95,1
192,27,4,Staff,Sales,204675132.0,174,Efficiency,70.57,1
192,27,4,Staff,Sales,204675132.0,174,HR,70.79,1
192,27,4,Staff,Sales,204675132.0,174,Innovation,66.72,1
192,27,4,Staff,Sales,204675132.0,174,Quality,68.265,1
192,27,4,Staff,Sales,204675132.0,174,Technical,66.21,1
192,27,4,Staff,Sales,206368642.0,46,Efficiency,70.59,1
192,27,4,Staff,Sales,206368642.0,46,Finance,66.9,1
192,27,4,Staff,Sales,206368642.0,46,HR,60.129999999999995,1
192,27,4,Staff,Sales,206368642.0,46,Project,57.95,1
192,27,4,Staff,Sales,206368642.0,46,Quality,64.25,1
192,27,4,Staff,Sales,206368642.0,46,Teamwork,65.215,1
192,27,4,Staff,Sales,206368642.0,46,Technical,64.435,1
192,27,4,Staff,Sales,206368642.0,46,Time Management,65.43,1
192,27,4,Staff,Sales,250000000.0,291,Attendance,69.44,1
192,27,4,Staff,Sales,250000000.0,291,Development,57.09,1
192,27,4,Staff,Sales,250000000.0,291,Finance,62.03,1
192,27,4,Staff,Sales,250000000.0,291,Innovation,66.49,1
192,27,4,Staff,Sales,250000000.0,291,Performance,62.3,1
192,27,4,Staff,Sales,250000000.0,291,Quality,62.175,1
192,27,4,Staff,Sales,493794225.0,102,Attendance,73.12,1
192,27,4,Staff,Sales,493794225.0,102,Development,67.35000000000001,1
192,27,4,Staff,Sales,493794225.0,102,Efficiency,68.31,1
192,27,4,Staff,Sales,493794225.0,102,Innovation,67.05,1
192,27,4,Staff,Sales,493794225.0,102,Performance,64.63,1
192,27,4,Staff,Sales,493794225.0,102,Project,66.16,1
192,27,4,Staff,Sales,493794225.0,102,Quality,62.807500000000005,1
192,27,4,Staff,Sales,493794225.0,102,Time Management,68.2,1
192,27,4,Staff,Sales,500000000.0,356,Attendance,77.96,1
192,27,4,Staff,Sales,500000000.0,356,Development,68.78,1
192,27,4,Staff,Sales,500000000.0,356,Efficiency,73.05,1
192,27,4,Staff,Sales,500000000.0,356,Innovation,66.18,1
192,27,4,Staff,Sales,500000000.0,356,Quality,64.25999999999999,1
192,27,4,Staff,Sales,500000000.0,356,Teamwork,72.66,1
192,27,4,Staff,Sales,500000000.0,356,Technical,66.285,1
192,27,4,Staff,Sales,500000000.0,356,Time Management,68.75999999999999,1
193,26,3,Staff,Quality Assurance,75000000.0,203,Attendance,70.91,1
193,26,3,Staff,Quality Assurance,75000000.0,203,Development,65.73,1
193,26,3,Staff,Quality Assurance,75000000.0,203,Efficiency,61.59,1
193,26,3,Staff,Quality Assurance,75000000.0,203,HR,69.22,1
193,26,3,Staff,Quality Assurance,75000000.0,203,Innovation,60.19,1
193,26,3,Staff,Quality Assurance,75000000.0,203,Performance,70.91499999999999,1
193,26,3,Staff,Quality Assurance,75000000.0,203,Project,66.84,1
193,26,3,Staff,Quality Assurance,75000000.0,203,Quality,64.53666666666666,1
193,26,3,Staff,Quality Assurance,80000000.0,138,Attendance,69.9,1
193,26,3,Staff,Quality Assurance,80000000.0,138,Finance,62.89,1
193,26,3,Staff,Quality Assurance,80000000.0,138,HR,69.13,1
193,26,3,Staff,Quality Assurance,80000000.0,138,Innovation,69.43,1
193,26,3,Staff,Quality Assurance,80000000.0,138,Performance,62.59,1
193,26,3,Staff,Quality Assurance,80000000.0,138,Project,76.18,1
193,26,3,Staff,Quality Assurance,80000000.0,138,Quality,66.10666666666667,1
193,26,3,Staff,Quality Assurance,80000000.0,138,Technical,65.11,1
193,26,3,Staff,Quality Assurance,170000000.0,229,Development,64.88,1
193,26,3,Staff,Quality Assurance,170000000.0,229,Project,68.76,1
193,26,3,Staff,Quality Assurance,170000000.0,229,Quality,69.81,1
193,26,3,Staff,Quality Assurance,170000000.0,229,Technical,64.08,1
193,26,3,Staff,Quality Assurance,200000000.0,167,HR,70.98,1
193,26,3,Staff,Quality Assurance,200000000.0,167,Innovation,61.65,1
193,26,3,Staff,Quality Assurance,200000000.0,167,Quality,67.79,1
193,26,3,Staff,Quality Assurance,200000000.0,167,Technical,68.75,1
193,26,3,Staff,Quality Assurance,200000000.0,167,Time Management,76.12,1
193,26,3,Staff,Quality Assurance,300000000.0,242,Attendance,74.15,1
193,26,3,Staff,Quality Assurance,300000000.0,242,Development,63.23,1
193,26,3,Staff,Quality Assurance,300000000.0,242,Efficiency,64.93,1
193,26,3,Staff,Quality Assurance,300000000.0,242,Finance,65.13999999999999,1
193,26,3,Staff,Quality Assurance,300000000.0,242,HR,70.04,1
193,26,3,Staff,Quality Assurance,300000000.0,242,Innovation,63.215,1
193,26,3,Staff,Quality Assurance,300000000.0,242,Performance,72.48,1
193,26,3,Staff,Quality Assurance,300000000.0,242,Project,66.11,1
193,26,3,Staff,Quality Assurance,300000000.0,242,Quality,64.02333333333333,1
193,26,3,Staff,Quality Assurance,375514309.0,335,Efficiency,64.84,1
193,26,3,Staff,Quality Assurance,375514309.0,335,Project,63.33,1
193,26,3,Staff,Quality Assurance,375514309.0,335,Quality,61.846666666666664,1
193,26,3,Staff,Quality Assurance,375514309.0,335,Teamwork,67.82,1
193,26,3,Staff,Quality Assurance,375514309.0,335,Technical,64.04,1
193,26,3,Staff,Quality Assurance,375514309.0,335,Time Management,70.86,1
193,26,3,Staff,Quality Assurance,377293102.0,80,HR,74.145,1
193,26,3,Staff,Quality Assurance,377293102.0,80,Performance,60.120000000000005,1
193,26,3,Staff,Quality Assurance,377293102.0,80,Quality,64.07499999999999,1
193,26,3,Staff,Quality Assurance,397696244.0,106,Finance,75.89,1
194,30,2,Staff,Quality Assurance,50000000.0,211,Attendance,62.49,1
194,30,2,Staff,Quality Assurance,50000000.0,211,Efficiency,51.56,1
194,30,2,Staff,Quality Assurance,50000000.0,211,Performance,55.8,1
194,30,2,Staff,Quality Assurance,50000000.0,211,Quality,45.84,1
194,30,2,Staff,Quality Assurance,50000000.0,211,Technical,59.48,1
194,30,2,Staff,Quality Assurance,60000000.0,214,Development,40.9,1
194,30,2,Staff,Quality Assurance,60000000.0,214,Efficiency,59.13,1
194,30,2,Staff,Quality Assurance,60000000.0,214,Finance,51.12,1
194,30,2,Staff,Quality Assurance,60000000.0,214,Project,57.685,1
194,30,2,Staff,Quality Assurance,60000000.0,214,Quality,53.843333333333334,1
194,30,2,Staff,Quality Assurance,60000000.0,214,Teamwork,52.8,1
194,30,2,Staff,Quality Assurance,60000000.0,214,Technical,55.32,1
194,30,2,Staff,Quality Assurance,300000000.0,242,Attendance,55.89000000000001,1
194,30,2,Staff,Quality Assurance,300000000.0,242,Development,46.41,1
194,30,2,Staff,Quality Assurance,300000000.0,242,Innovation,50.379999999999995,1
194,30,2,Staff,Quality Assurance,300000000.0,242,Performance,53.66,1
194,30,2,Staff,Quality Assurance,300000000.0,242,Project,51.675,1
194,30,2,Staff,Quality Assurance,300000000.0,242,Quality,49.66,1
194,30,2,Staff,Quality Assurance,300000000.0,242,Technical,52.83,1
194,30,2,Staff,Quality Assurance,300000000.0,242,Time Management,50.68,1
194,30,2,Staff,Quality Assurance,375514309.0,335,Development,47.0,1
194,30,2,Staff,Quality Assurance,375514309.0,335,Finance,43.7,1
194,30,2,Staff,Quality Assurance,375514309.0,335,Innovation,42.11,1
194,30,2,Staff,Quality Assurance,375514309.0,335,Project,52.45,1
194,30,2,Staff,Quality Assurance,375514309.0,335,Quality,39.57,1
194,30,2,Staff,Quality Assurance,375514309.0,335,Teamwork,50.96,1
194,30,2,Staff,Quality Assurance,375514309.0,335,Technical,50.68,1
194,30,2,Staff,Quality Assurance,375514309.0,335,Time Management,53.21,1
194,30,2,Staff,Quality Assurance,377293102.0,80,Quality,58.98,1
194,30,2,Staff,Quality Assurance,400000000.0,259,Efficiency,45.47,1
194,30,2,Staff,Quality Assurance,400000000.0,259,HR,50.455,1
194,30,2,Staff,Quality Assurance,400000000.0,259,Performance,51.75,1
194,30,2,Staff,Quality Assurance,400000000.0,259,Quality,56.46,1
194,30,2,Staff,Quality Assurance,400000000.0,259,Teamwork,55.7,1
194,30,2,Staff,Quality Assurance,404564658.0,71,Attendance,55.25,1
194,30,2,Staff,Quality Assurance,404564658.0,71,Efficiency,55.69,1
194,30,2,Staff,Quality Assurance,404564658.0,71,Finance,46.21,1
194,30,2,Staff,Quality Assurance,404564658.0,71,Innovation,46.269999999999996,1
194,30,2,Staff,Quality Assurance,404564658.0,71,Project,55.62,1
194,30,2,Staff,Quality Assurance,404564658.0,71,Quality,46.69,1
194,30,2,Staff,Quality Assurance,404564658.0,71,Teamwork,59.84,1
194,30,2,Staff,Quality Assurance,404564658.0,71,Technical,47.05,1
194,30,2,Staff,Quality Assurance,466447298.0,297,Attendance,59.254999999999995,1
194,30,2,Staff,Quality Assurance,466447298.0,297,HR,46.43,1
194,30,2,Staff,Quality Assurance,466447298.0,297,Performance,58.32,1
194,30,2,Staff,Quality Assurance,466447298.0,297,Project,47.99,1
194,30,2,Staff,Quality Assurance,466447298.0,297,Quality,50.06666666666666,1
194,30,2,Staff,Quality Assurance,466447298.0,297,Technical,46.6,1
194,30,2,Staff,Quality Assurance,466447298.0,297,Time Management,52.82,1
195,30,5,Staff,Customer Service,95000000.0,211,Project,60.7,1
195,30,5,Staff,Customer Service,95000000.0,211,Time Management,46.74,1
195,30,5,Staff,Customer Service,110000000.0,199,Attendance,71.64,1
195,30,5,Staff,Customer Service,110000000.0,199,Efficiency,59.45,1
195,30,5,Staff,Customer Service,110000000.0,199,Quality,64.14500000000001,1
195,30,5,Staff,Customer Service,110000000.0,199,Teamwork,67.2,1
195,30,5,Staff,Customer Service,110000000.0,199,Time Management,63.71,1
195,30,5,Staff,Customer Service,140000000.0,211,Attendance,63.355000000000004,1
195,30,5,Staff,Customer Service,140000000.0,211,Finance,60.535,1
195,30,5,Staff,Customer Service,140000000.0,211,HR,63.09,1
195,30,5,Staff,Customer Service,140000000.0,211,Innovation,57.68,1
195,30,5,Staff,Customer Service,140000000.0,211,Quality,61.105000000000004,1
195,30,5,Staff,Customer Service,140000000.0,211,Teamwork,65.22,1
195,30,5,Staff,Customer Service,140000000.0,211,Technical,57.1,1
195,30,5,Staff,Customer Service,200000000.0,167,Attendance,74.84,1
195,30,5,Staff,Customer Service,200000000.0,167,Development,70.64,1
195,30,5,Staff,Customer Service,200000000.0,167,HR,66.48666666666666,1
195,30,5,Staff,Customer Service,200000000.0,167,Project,67.05,1
195,30,5,Staff,Customer Service,200000000.0,167,Quality,64.455,1
195,30,5,Staff,Customer Service,200000000.0,167,Technical,66.28,1
195,30,5,Staff,Customer Service,250000000.0,291,Attendance,62.57,1
195,30,5,Staff,Customer Service,250000000.0,291,Finance,52.63,1
195,30,5,Staff,Customer Service,250000000.0,291,HR,65.3,1
195,30,5,Staff,Customer Service,250000000.0,291,Project,63.86000000000001,1
195,30,5,Staff,Customer Service,250000000.0,291,Quality,58.75666666666666,1
195,30,5,Staff,Customer Service,355280620.0,347,Development,64.83,1
195,30,5,Staff,Customer Service,355280620.0,347,Efficiency,64.11,1
195,30,5,Staff,Customer Service,355280620.0,347,Innovation,58.86,1
195,30,5,Staff,Customer Service,355280620.0,347,Project,67.75,1
195,30,5,Staff,Customer Service,355280620.0,347,Quality,57.49,1
195,30,5,Staff,Customer Service,355280620.0,347,Teamwork,66.6,1
195,30,5,Staff,Customer Service,355280620.0,347,Technical,69.86,1
195,30,5,Staff,Customer Service,355280620.0,347,Time Management,59.23,1
195,30,5,Staff,Customer Service,375514309.0,335,Attendance,64.85,1
195,30,5,Staff,Customer Service,375514309.0,335,Development,63.15,1
195,30,5,Staff,Customer Service,375514309.0,335,Innovation,59.65,1
195,30,5,Staff,Customer Service,375514309.0,335,Quality,56.125,1
195,30,5,Staff,Customer Service,375514309.0,335,Teamwork,66.29,1
195,30,5,Staff,Customer Service,375514309.0,335,Technical,63.42,1
195,30,5,Staff,Customer Service,375514309.0,335,Time Management,70.76,1
195,30,5,Staff,Customer Service,397696244.0,106,Attendance,68.42,1
195,30,5,Staff,Customer Service,397696244.0,106,HR,60.54,1
195,30,5,Staff,Customer Service,397696244.0,106,Innovation,51.75,1
195,30,5,Staff,Customer Service,397696244.0,106,Project,71.72,1
195,30,5,Staff,Customer Service,397696244.0,106,Time Management,59.69,1
196,44,8,Senior Manager,Quality Assurance,75000000.0,203,Attendance,98.0,0
196,44,8,Senior Manager,Quality Assurance,75000000.0,203,Finance,98.0,0
196,44,8,Senior Manager,Quality Assurance,75000000.0,203,HR,98.0,0
196,44,8,Senior Manager,Quality Assurance,75000000.0,203,Project,98.0,0
196,44,8,Senior Manager,Quality Assurance,75000000.0,203,Quality,98.0,0
196,44,8,Senior Manager,Quality Assurance,75000000.0,203,Time Management,98.0,0
196,44,8,Senior Manager,Quality Assurance,120000000.0,152,Attendance,98.0,0
196,44,8,Senior Manager,Quality Assurance,120000000.0,152,Efficiency,98.0,0
196,44,8,Senior Manager,Quality Assurance,120000000.0,152,HR,98.0,0
196,44,8,Senior Manager,Quality Assurance,120000000.0,152,Technical,98.0,0
196,44,8,Senior Manager,Quality Assurance,120000000.0,152,Time Management,98.0,0
196,44,8,Senior Manager,Quality Assurance,180000000.0,193,Attendance,98.0,0
196,44,8,Senior Manager,Quality Assurance,180000000.0,193,Development,98.0,0
196,44,8,Senior Manager,Quality Assurance,180000000.0,193,Finance,98.0,0
196,44,8,Senior Manager,Quality Assurance,180000000.0,193,HR,98.0,0
196,44,8,Senior Manager,Quality Assurance,180000000.0,193,Performance,98.0,0
196,44,8,Senior Manager,Quality Assurance,180000000.0,193,Project,98.0,0
196,44,8,Senior Manager,Quality Assurance,180000000.0,193,Quality,98.0,0
196,44,8,Senior Manager,Quality Assurance,180000000.0,193,Teamwork,98.0,0
196,44,8,Senior Manager,Quality Assurance,180000000.0,193,Technical,98.0,0
196,44,8,Senior Manager,Quality Assurance,180000000.0,193,Time Management,98.0,0
196,44,8,Senior Manager,Quality Assurance,190000000.0,241,Attendance,98.0,0
196,44,8,Senior Manager,Quality Assurance,190000000.0,241,Development,98.0,0
196,44,8,Senior Manager,Quality Assurance,190000000.0,241,HR,98.0,0
196,44,8,Senior Manager,Quality Assurance,190000000.0,241,Innovation,97.965,0
196,44,8,Senior Manager,Quality Assurance,190000000.0,241,Performance,98.0,0
196,44,8,Senior Manager,Quality Assurance,190000000.0,241,Project,98.0,0
196,44,8,Senior Manager,Quality Assurance,190000000.0,241,Quality,98.0,0
196,44,8,Senior Manager,Quality Assurance,190000000.0,241,Technical,98.0,0
196,44,8,Senior Manager,Quality Assurance,355280620.0,347,Development,98.0,0
196,44,8,Senior Manager,Quality Assurance,355280620.0,347,Efficiency,98.0,0
196,44,8,Senior Manager,Quality Assurance,355280620.0,347,HR,98.0,0
196,44,8,Senior Manager,Quality Assurance,355280620.0,347,Innovation,98.0,0
196,44,8,Senior Manager,Quality Assurance,355280620.0,347,Quality,98.0,0
196,44,8,Senior Manager,Quality Assurance,355280620.0,347,Technical,98.0,0
196,44,8,Senior Manager,Quality Assurance,355280620.0,347,Time Management,98.0,0
196,44,8,Senior Manager,Quality Assurance,365962025.0,249,Attendance,98.0,0
196,44,8,Senior Manager,Quality Assurance,365962025.0,249,Finance,97.91,0
196,44,8,Senior Manager,Quality Assurance,365962025.0,249,HR,98.0,0
196,44,8,Senior Manager,Quality Assurance,365962025.0,249,Innovation,98.0,0
196,44,8,Senior Manager,Quality Assurance,365962025.0,249,Performance,98.0,0
196,44,8,Senior Manager,Quality Assurance,365962025.0,249,Quality,98.0,0
196,44,8,Senior Manager,Quality Assurance,365962025.0,249,Technical,98.0,0
196,44,8,Senior Manager,Quality Assurance,365962025.0,249,Time Management,98.0,0
196,44,8,Senior Manager,Quality Assurance,375514309.0,335,Innovation,98.0,0
196,44,8,Senior Manager,Quality Assurance,375514309.0,335,Project,98.0,0
196,44,8,Senior Manager,Quality Assurance,375514309.0,335,Quality,98.0,0
196,44,8,Senior Manager,Quality Assurance,500000000.0,356,Attendance,98.0,0
196,44,8,Senior Manager,Quality Assurance,500000000.0,356,Innovation,98.0,0
196,44,8,Senior Manager,Quality Assurance,500000000.0,356,Quality,96.92,0
196,44,8,Senior Manager,Quality Assurance,500000000.0,356,Time Management,98.0,0
197,26,2,Staff,IT,220000000.0,225,Attendance,51.54,1
197,26,2,Staff,IT,220000000.0,225,HR,49.27,1
197,26,2,Staff,IT,250000000.0,291,Attendance,60.94,1
197,26,2,Staff,IT,250000000.0,291,Development,52.62,1
197,26,2,Staff,IT,250000000.0,291,Efficiency,46.57,1
197,26,2,Staff,IT,250000000.0,291,Finance,43.26,1
197,26,2,Staff,IT,250000000.0,291,HR,53.825,1
197,26,2,Staff,IT,250000000.0,291,Performance,50.36,1
197,26,2,Staff,IT,250000000.0,291,Project,50.39,1
197,26,2,Staff,IT,250000000.0,291,Quality,51.725,1
197,26,2,Staff,IT,250000000.0,291,Teamwork,49.46,1
197,26,2,Staff,IT,250000000.0,291,Technical,52.78,1
197,26,2,Staff,IT,365962025.0,249,Finance,57.37,1
197,26,2,Staff,IT,365962025.0,249,HR,48.74,1
197,26,2,Staff,IT,365962025.0,249,Innovation,47.51,1
197,26,2,Staff,IT,365962025.0,249,Performance,57.94,1
197,26,2,Staff,IT,365962025.0,249,Project,59.55,1
197,26,2,Staff,IT,365962025.0,249,Quality,47.46,1
197,26,2,Staff,IT,365962025.0,249,Teamwork,61.12,1
197,26,2,Staff,IT,365962025.0,249,Technical,52.23,1
197,26,2,Staff,IT,375514309.0,335,Attendance,64.98,1
197,26,2,Staff,IT,375514309.0,335,Development,57.36,1
197,26,2,Staff,IT,375514309.0,335,Finance,50.785,1
197,26,2,Staff,IT,375514309.0,335,Innovation,47.41,1
197,26,2,Staff,IT,375514309.0,335,Project,60.93,1
197,26,2,Staff,IT,375514309.0,335,Technical,56.68,1
197,26,2,Staff,IT,375514309.0,335,Time Management,56.18,1
197,26,2,Staff,IT,400000000.0,259,Development,41.55,1
197,26,2,Staff,IT,400000000.0,259,HR,42.73,1
197,26,2,Staff,IT,400000000.0,259,Performance,48.05,1
197,26,2,Staff,IT,400000000.0,259,Project,63.72,1
197,26,2,Staff,IT,400000000.0,259,Teamwork,58.9,1
197,26,2,Staff,IT,404564658.0,71,Attendance,65.08,1
197,26,2,Staff,IT,404564658.0,71,Efficiency,47.16,1
197,26,2,Staff,IT,404564658.0,71,HR,54.36,1
197,26,2,Staff,IT,404564658.0,71,Performance,53.75,1
197,26,2,Staff,IT,404564658.0,71,Quality,48.52,1
197,26,2,Staff,IT,404564658.0,71,Teamwork,59.15,1
197,26,2,Staff,IT,404564658.0,71,Technical,52.66,1
197,26,2,Staff,IT,404564658.0,71,Time Management,48.715,1
197,26,2,Staff,IT,466447298.0,297,Attendance,56.95,1
197,26,2,Staff,IT,466447298.0,297,Efficiency,55.25,1
197,26,2,Staff,IT,466447298.0,297,Finance,47.83,1
197,26,2,Staff,IT,466447298.0,297,HR,52.03,1
197,26,2,Staff,IT,466447298.0,297,Innovation,45.864999999999995,1
197,26,2,Staff,IT,466447298.0,297,Performance,45.88,1
197,26,2,Staff,IT,466447298.0,297,Project,60.59,1
197,26,2,Staff,IT,466447298.0,297,Quality,55.45333333333334,1
197,26,2,Staff,IT,466447298.0,297,Teamwork,60.185,1
197,26,2,Staff,IT,472961951.0,350,Development,50.754999999999995,1
197,26,2,Staff,IT,472961951.0,350,Finance,64.76,1
197,26,2,Staff,IT,472961951.0,350,Innovation,50.73,1
197,26,2,Staff,IT,472961951.0,350,Project,49.3,1
197,26,2,Staff,IT,472961951.0,350,Quality,53.72666666666667,1
197,26,2,Staff,IT,472961951.0,350,Teamwork,48.66,1
197,26,2,Staff,IT,472961951.0,350,Technical,51.61,1
197,26,2,Staff,IT,472961951.0,350,Time Management,48.33,1
198,50,15,Manager,Research & Development,60000000.0,214,Attendance,98.0,0
198,50,15,Manager,Research & Development,60000000.0,214,Efficiency,98.0,0
198,50,15,Manager,Research & Development,60000000.0,214,HR,98.0,0
198,50,15,Manager,Research & Development,60000000.0,214,Innovation,95.87,0
198,50,15,Manager,Research & Development,60000000.0,214,Performance,98.0,0
198,50,15,Manager,Research & Development,60000000.0,214,Project,95.2,0
198,50,15,Manager,Research & Development,60000000.0,214,Quality,97.125,0
198,50,15,Manager,Research & Development,60000000.0,214,Teamwork,98.0,0
198,50,15,Manager,Research & Development,60000000.0,214,Technical,98.0,0
198,50,15,Manager,Research & Development,88214342.0,149,Attendance,98.0,0
198,50,15,Manager,Research & Development,88214342.0,149,Development,98.0,0
198,50,15,Manager,Research & Development,88214342.0,149,HR,98.0,0
198,50,15,Manager,Research & Development,88214342.0,149,Performance,98.0,0
198,50,15,Manager,Research & Development,88214342.0,149,Project,98.0,0
198,50,15,Manager,Research & Development,88214342.0,149,Quality,98.0,0
198,50,15,Manager,Research & Development,88214342.0,149,Technical,98.0,0
198,50,15,Manager,Research & Development,180000000.0,193,Attendance,97.53,0
198,50,15,Manager,Research & Development,180000000.0,193,Finance,94.15,0
198,50,15,Manager,Research & Development,180000000.0,193,HR,98.0,0
198,50,15,Manager,Research & Development,180000000.0,193,Innovation,98.0,0
198,50,15,Manager,Research & Development,180000000.0,193,Project,98.0,0
198,50,15,Manager,Research & Development,180000000.0,193,Time Management,97.44,0
198,50,15,Manager,Research & Development,278244747.0,88,Attendance,98.0,0
198,50,15,Manager,Research & Development,278244747.0,88,Development,98.0,0
198,50,15,Manager,Research & Development,278244747.0,88,Teamwork,98.0,0
198,50,15,Manager,Research & Development,369461833.0,321,Attendance,97.58,0
198,50,15,Manager,Research & Development,369461833.0,321,Efficiency,98.0,0
198,50,15,Manager,Research & Development,369461833.0,321,Finance,96.89,0
198,50,15,Manager,Research & Development,369461833.0,321,Performance,98.0,0
198,50,15,Manager,Research & Development,369461833.0,321,Project,98.0,0
198,50,15,Manager,Research & Development,369461833.0,321,Quality,97.26,0
198,50,15,Manager,Research & Development,397696244.0,106,Attendance,98.0,0
198,50,15,Manager,Research & Development,397696244.0,106,Efficiency,96.41,0
198,50,15,Manager,Research & Development,397696244.0,106,HR,98.0,0
198,50,15,Manager,Research & Development,397696244.0,106,Innovation,95.18,0
198,50,15,Manager,Research & Development,397696244.0,106,Quality,94.09666666666668,0
198,50,15,Manager,Research & Development,397696244.0,106,Teamwork,98.0,0
198,50,15,Manager,Research & Development,397696244.0,106,Time Management,97.94,0
198,50,15,Manager,Research & Development,404564658.0,71,Attendance,98.0,0
198,50,15,Manager,Research & Development,404564658.0,71,Quality,98.0,0
198,50,15,Manager,Research & Development,466447298.0,297,Attendance,98.0,0
198,50,15,Manager,Research & Development,466447298.0,297,Development,97.985,0
198,50,15,Manager,Research & Development,466447298.0,297,Efficiency,98.0,0
198,50,15,Manager,Research & Development,466447298.0,297,Finance,95.85,0
198,50,15,Manager,Research & Development,466447298.0,297,HR,98.0,0
198,50,15,Manager,Research & Development,466447298.0,297,Innovation,98.0,0
198,50,15,Manager,Research & Development,466447298.0,297,Quality,98.0,0
198,50,15,Manager,Research & Development,466447298.0,297,Teamwork,98.0,0
198,50,15,Manager,Research & Development,466447298.0,297,Technical,98.0,0
199,38,9,Manager,Logistics,60000000.0,214,Development,92.64,0
199,38,9,Manager,Logistics,60000000.0,214,Finance,94.41,0
199,38,9,Manager,Logistics,60000000.0,214,HR,91.92500000000001,0
199,38,9,Manager,Logistics,60000000.0,214,Innovation,87.02,0
199,38,9,Manager,Logistics,60000000.0,214,Project,98.0,0
199,38,9,Manager,Logistics,60000000.0,214,Quality,90.5875,0
199,38,9,Manager,Logistics,60000000.0,214,Teamwork,93.78999999999999,0
199,38,9,Manager,Logistics,60000000.0,214,Time Management,88.79,0
199,38,9,Manager,Logistics,80000000.0,138,HR,88.37,0
199,38,9,Manager,Logistics,80000000.0,138,Quality,86.97,0
199,38,9,Manager,Logistics,80000000.0,138,Time Management,91.93,0
199,38,9,Manager,Logistics,130000000.0,303,Efficiency,94.89,0
199,38,9,Manager,Logistics,130000000.0,303,Finance,85.01,0
199,38,9,Manager,Logistics,130000000.0,303,HR,91.975,0
199,38,9,Manager,Logistics,130000000.0,303,Innovation,86.14,0
199,38,9,Manager,Logistics,130000000.0,303,Performance,92.99,0
199,38,9,Manager,Logistics,130000000.0,303,Project,93.52,0
199,38,9,Manager,Logistics,130000000.0,303,Quality,90.37,0
199,38,9,Manager,Logistics,130000000.0,303,Technical,82.01,0
199,38,9,Manager,Logistics,130000000.0,303,Time Management,90.22,0
199,38,9,Manager,Logistics,178776637.0,118,Performance,92.2,0
199,38,9,Manager,Logistics,178776637.0,118,Project,98.0,0
199,38,9,Manager,Logistics,178776637.0,118,Time Management,89.88,0
199,38,9,Manager,Logistics,180000000.0,193,HR,88.45,0
199,38,9,Manager,Logistics,180000000.0,193,Project,81.28,0
199,38,9,Manager,Logistics,180000000.0,193,Quality,81.725,0
199,38,9,Manager,Logistics,204675132.0,174,Development,81.77,0
199,38,9,Manager,Logistics,204675132.0,174,Efficiency,83.28,0
199,38,9,Manager,Logistics,204675132.0,174,Quality,89.67,0
199,38,9,Manager,Logistics,204675132.0,174,Teamwork,88.82,0
199,38,9,Manager,Logistics,204675132.0,174,Time Management,83.11,0
199,38,9,Manager,Logistics,250000000.0,291,Attendance,91.11,0
199,38,9,Manager,Logistics,250000000.0,291,Development,88.49000000000001,0
199,38,9,Manager,Logistics,250000000.0,291,HR,88.475,0
199,38,9,Manager,Logistics,250000000.0,291,Innovation,75.25,0
199,38,9,Manager,Logistics,250000000.0,291,Quality,82.71,0
199,38,9,Manager,Logistics,250000000.0,291,Technical,79.4,0
199,38,9,Manager,Logistics,250000000.0,291,Time Management,85.12,0
199,38,9,Manager,Logistics,377293102.0,80,HR,96.98,0
199,38,9,Manager,Logistics,377293102.0,80,Innovation,89.47,0
199,38,9,Manager,Logistics,377293102.0,80,Performance,89.05,0
199,38,9,Manager,Logistics,377293102.0,80,Project,84.06,0
199,38,9,Manager,Logistics,377293102.0,80,Quality,88.37,0
199,38,9,Manager,Logistics,377293102.0,80,Teamwork,87.10333333333334,0
200,44,9,Manager,Finance,90000000.0,244,Attendance,98.0,0
200,44,9,Manager,Finance,90000000.0,244,Development,97.95,0
200,44,9,Manager,Finance,90000000.0,244,Finance,96.785,0
200,44,9,Manager,Finance,90000000.0,244,HR,93.37,0
200,44,9,Manager,Finance,90000000.0,244,Innovation,96.42,0
200,44,9,Manager,Finance,90000000.0,244,Performance,93.01,0
200,44,9,Manager,Finance,90000000.0,244,Quality,90.94666666666667,0
200,44,9,Manager,Finance,90000000.0,244,Teamwork,97.44,0
200,44,9,Manager,Finance,90000000.0,244,Technical,93.85,0
200,44,9,Manager,Finance,90000000.0,244,Time Management,98.0,0
200,44,9,Manager,Finance,120000000.0,152,Attendance,98.0,0
200,44,9,Manager,Finance,120000000.0,152,Efficiency,98.0,0
200,44,9,Manager,Finance,120000000.0,152,HR,98.0,0
200,44,9,Manager,Finance,120000000.0,152,Innovation,89.6,0
200,44,9,Manager,Finance,120000000.0,152,Project,98.0,0
200,44,9,Manager,Finance,120000000.0,152,Quality,96.40666666666668,0
200,44,9,Manager,Finance,150000000.0,274,Development,87.79,0
200,44,9,Manager,Finance,150000000.0,274,Performance,93.0,0
200,44,9,Manager,Finance,180000000.0,193,Development,94.2,0
200,44,9,Manager,Finance,180000000.0,193,Efficiency,98.0,0
200,44,9,Manager,Finance,180000000.0,193,HR,98.0,0
200,44,9,Manager,Finance,180000000.0,193,Quality,97.06666666666666,0
200,44,9,Manager,Finance,365962025.0,249,Development,94.75,0
200,44,9,Manager,Finance,365962025.0,249,Efficiency,93.52,0
200,44,9,Manager,Finance,365962025.0,249,HR,98.0,0
200,44,9,Manager,Finance,365962025.0,249,Innovation,87.35,0
200,44,9,Manager,Finance,365962025.0,249,Project,89.24,0
200,44,9,Manager,Finance,365962025.0,249,Quality,88.39,0
200,44,9,Manager,Finance,365962025.0,249,Time Management,89.03,0
200,44,9,Manager,Finance,369461833.0,321,Efficiency,94.54,0
200,44,9,Manager,Finance,369461833.0,321,HR,97.92,0
200,44,9,Manager,Finance,369461833.0,321,Innovation,92.64500000000001,0
200,44,9,Manager,Finance,369461833.0,321,Performance,93.75,0
200,44,9,Manager,Finance,369461833.0,321,Project,90.685,0
200,44,9,Manager,Finance,369461833.0,321,Quality,97.38,0
200,44,9,Manager,Finance,369461833.0,321,Teamwork,98.0,0
200,44,9,Manager,Finance,369461833.0,321,Time Management,95.3,0
200,44,9,Manager,Finance,404564658.0,71,Attendance,95.94,0
200,44,9,Manager,Finance,404564658.0,71,Development,88.355,0
200,44,9,Manager,Finance,404564658.0,71,Innovation,91.62,0
200,44,9,Manager,Finance,404564658.0,71,Performance,97.1,0
200,44,9,Manager,Finance,404564658.0,71,Quality,94.94,0
200,44,9,Manager,Finance,404564658.0,71,Teamwork,94.87,0
200,44,9,Manager,Finance,404564658.0,71,Time Management,91.99000000000001,0
200,44,9,Manager,Finance,466447298.0,297,Attendance,97.715,0
200,44,9,Manager,Finance,466447298.0,297,Development,96.8,0
200,44,9,Manager,Finance,466447298.0,297,Finance,96.08,0
200,44,9,Manager,Finance,466447298.0,297,HR,95.6,0
200,44,9,Manager,Finance,466447298.0,297,Performance,97.35,0
200,44,9,Manager,Finance,466447298.0,297,Quality,97.19,0
200,44,9,Manager,Finance,466447298.0,297,Teamwork,94.27,0
200,44,9,Manager,Finance,466447298.0,297,Technical,93.22,0
200,44,9,Manager,Finance,466447298.0,297,Time Management,97.37,0
