employee_id,employee_name,gender,usia,rentang_usia,lama_bekerja_tahun,level_jabatan,department_name,kpi_category,avg_kpi_value,jumlah_evaluasi,jumlah_proyek,kpi_target,persen_tercapai,cluster
1,Hendra Pratama,M,38,30-40,9,Manager,Operations,Attendance,95.98,8,6,90.0,106.64444444444445,0
1,Hendra Pratama,M,38,30-40,9,Manager,Operations,Development,91.97833333333334,6,6,75.0,120.0,0
1,Hendra Pratama,M,38,30-40,9,Manager,Operations,Efficiency,94.286,5,5,80.0,117.8575,0
1,Hendra Pratama,M,38,30-40,9,Manager,Operations,Finance,90.7125,4,3,82.0,110.625,0
1,Hendra Pratama,M,38,30-40,9,Manager,Operations,HR,95.502,20,8,88.0,108.52499999999999,0
1,Hendra Pratama,M,38,30-40,9,Manager,Operations,Innovation,92.51875,8,6,72.0,120.0,0
1,Hendra Pratama,M,38,30-40,9,Manager,Operations,Performance,93.87833333333333,6,5,80.0,117.34791666666665,0
1,Hendra Pratama,M,38,30-40,9,Manager,Operations,Project,91.5175,4,3,78.0,117.3301282051282,0
1,Hendra Pratama,M,38,30-40,9,Manager,Operations,Quality,92.27066666666666,15,8,85.0,108.55372549019607,0
1,Hendra Pratama,M,38,30-40,9,Manager,Operations,Teamwork,94.425,8,5,83.0,113.76506024096386,0
1,Hendra Pratama,M,38,30-40,9,Manager,Operations,Technical,93.671,10,7,82.0,114.2329268292683,0
1,Hendra Pratama,M,38,30-40,9,Manager,Operations,Time Management,92.67375,8,8,80.0,115.8421875,0
2,Nanda Nugroho,M,28,20-30,2,Staff,IT,Attendance,71.30285714285715,7,5,90.0,79.22539682539683,1
2,Nanda Nugroho,M,28,20-30,2,Staff,IT,Development,64.79142857142857,7,6,75.0,86.38857142857142,1
2,Nanda Nugroho,M,28,20-30,2,Staff,IT,Efficiency,69.45857142857143,7,5,80.0,86.82321428571429,1
2,Nanda Nugroho,M,28,20-30,2,Staff,IT,Finance,68.256,5,4,82.0,83.23902439024391,1
2,Nanda Nugroho,M,28,20-30,2,Staff,IT,HR,68.83749999999999,12,7,88.0,78.22443181818181,1
2,Nanda Nugroho,M,28,20-30,2,Staff,IT,Innovation,64.768,5,4,72.0,89.95555555555556,1
2,Nanda Nugroho,M,28,20-30,2,Staff,IT,Performance,69.02636363636363,11,8,80.0,86.28295454545454,1
2,Nanda Nugroho,M,28,20-30,2,Staff,IT,Project,70.19142857142857,7,6,78.0,89.98901098901099,1
2,Nanda Nugroho,M,28,20-30,2,Staff,IT,Quality,66.22428571428571,21,5,85.0,77.9109243697479,1
2,Nanda Nugroho,M,28,20-30,2,Staff,IT,Teamwork,72.32833333333333,6,4,83.0,87.14257028112449,1
2,Nanda Nugroho,M,28,20-30,2,Staff,IT,Technical,69.48,10,5,82.0,84.73170731707317,1
2,Nanda Nugroho,M,28,20-30,2,Staff,IT,Time Management,68.71857142857142,7,6,80.0,85.89821428571427,1
3,Laura Setiawan,M,22,20-30,4,Staff,Procurement,Attendance,69.94888888888889,9,6,90.0,77.72098765432098,1
3,Laura Setiawan,M,22,20-30,4,Staff,Procurement,Development,60.29571428571428,7,5,75.0,80.39428571428572,1
3,Laura Setiawan,M,22,20-30,4,Staff,Procurement,Efficiency,66.58250000000001,4,4,80.0,83.228125,1
3,Laura Setiawan,M,22,20-30,4,Staff,Procurement,Finance,58.64,5,5,82.0,71.51219512195122,1
3,Laura Setiawan,M,22,20-30,4,Staff,Procurement,HR,64.25071428571428,14,6,88.0,73.01217532467533,1
3,Laura Setiawan,M,22,20-30,4,Staff,Procurement,Innovation,61.512857142857136,7,6,72.0,85.4345238095238,1
3,Laura Setiawan,M,22,20-30,4,Staff,Procurement,Performance,62.163333333333334,6,5,80.0,77.70416666666667,1
3,Laura Setiawan,M,22,20-30,4,Staff,Procurement,Project,65.02499999999999,6,5,78.0,83.3653846153846,1
3,Laura Setiawan,M,22,20-30,4,Staff,Procurement,Quality,61.7536,25,8,85.0,72.65129411764705,1
3,Laura Setiawan,M,22,20-30,4,Staff,Procurement,Teamwork,65.7375,4,4,83.0,79.20180722891567,1
3,Laura Setiawan,M,22,20-30,4,Staff,Procurement,Technical,62.701666666666675,6,6,82.0,76.46544715447156,1
3,Laura Setiawan,M,22,20-30,4,Staff,Procurement,Time Management,63.14833333333333,6,5,80.0,78.93541666666667,1
4,Dina Rahayu,M,37,30-40,8,Manager,Operations,Attendance,96.63571428571429,7,5,90.0,107.37301587301589,0
4,Dina Rahayu,M,37,30-40,8,Manager,Operations,Development,90.66000000000001,6,5,75.0,120.0,0
4,Dina Rahayu,M,37,30-40,8,Manager,Operations,Efficiency,93.9975,8,7,80.0,117.496875,0
4,Dina Rahayu,M,37,30-40,8,Manager,Operations,Finance,92.989,10,7,82.0,113.40121951219511,0
4,Dina Rahayu,M,37,30-40,8,Manager,Operations,HR,94.24249999999999,20,7,88.0,107.09375,0
4,Dina Rahayu,M,37,30-40,8,Manager,Operations,Innovation,91.63777777777779,9,5,72.0,120.0,0
4,Dina Rahayu,M,37,30-40,8,Manager,Operations,Performance,92.09,5,4,80.0,115.1125,0
4,Dina Rahayu,M,37,30-40,8,Manager,Operations,Project,92.23,7,6,78.0,118.24358974358974,0
4,Dina Rahayu,M,37,30-40,8,Manager,Operations,Quality,92.6304347826087,23,8,85.0,108.9769820971867,0
4,Dina Rahayu,M,37,30-40,8,Manager,Operations,Teamwork,97.588,5,5,83.0,117.57590361445783,0
4,Dina Rahayu,M,37,30-40,8,Manager,Operations,Technical,93.28333333333333,9,6,82.0,113.76016260162602,0
4,Dina Rahayu,M,37,30-40,8,Manager,Operations,Time Management,95.49,8,5,80.0,119.3625,0
5,Gita Susanto,F,45,40-50,15,Director,Quality Assurance,Attendance,98.0,7,6,90.0,108.88888888888889,0
5,Gita Susanto,F,45,40-50,15,Director,Quality Assurance,Development,98.0,3,3,75.0,120.0,0
5,Gita Susanto,F,45,40-50,15,Director,Quality Assurance,Efficiency,98.0,2,2,80.0,120.0,0
5,Gita Susanto,F,45,40-50,15,Director,Quality Assurance,Finance,98.0,3,3,82.0,119.51219512195122,0
5,Gita Susanto,F,45,40-50,15,Director,Quality Assurance,HR,98.0,15,7,88.0,111.36363636363636,0
5,Gita Susanto,F,45,40-50,15,Director,Quality Assurance,Innovation,98.0,2,2,72.0,120.0,0
5,Gita Susanto,F,45,40-50,15,Director,Quality Assurance,Performance,98.0,6,6,80.0,120.0,0
5,Gita Susanto,F,45,40-50,15,Director,Quality Assurance,Project,98.0,8,5,78.0,120.0,0
5,Gita Susanto,F,45,40-50,15,Director,Quality Assurance,Quality,98.0,22,8,85.0,115.29411764705883,0
5,Gita Susanto,F,45,40-50,15,Director,Quality Assurance,Teamwork,98.0,5,5,83.0,118.07228915662651,0
5,Gita Susanto,F,45,40-50,15,Director,Quality Assurance,Technical,98.0,5,4,82.0,119.51219512195122,0
5,Gita Susanto,F,45,40-50,15,Director,Quality Assurance,Time Management,98.0,4,3,80.0,120.0,0
6,Agus Lestari,F,39,30-40,9,Manager,Procurement,Attendance,94.514,10,8,90.0,105.01555555555555,0
6,Agus Lestari,F,39,30-40,9,Manager,Procurement,Development,89.034,5,5,75.0,118.71200000000002,0
6,Agus Lestari,F,39,30-40,9,Manager,Procurement,Efficiency,90.64285714285714,7,6,80.0,113.30357142857142,0
6,Agus Lestari,F,39,30-40,9,Manager,Procurement,Finance,87.49875,8,5,82.0,106.70579268292683,0
6,Agus Lestari,F,39,30-40,9,Manager,Procurement,HR,92.75363636363636,11,6,88.0,105.40185950413223,0
6,Agus Lestari,F,39,30-40,9,Manager,Procurement,Innovation,86.2042857142857,7,5,72.0,119.7281746031746,0
6,Agus Lestari,F,39,30-40,9,Manager,Procurement,Performance,89.58555555555556,9,8,80.0,111.98194444444445,0
6,Agus Lestari,F,39,30-40,9,Manager,Procurement,Project,90.408,5,2,78.0,115.9076923076923,0
6,Agus Lestari,F,39,30-40,9,Manager,Procurement,Quality,88.20307692307694,26,8,85.0,103.76832579185522,0
6,Agus Lestari,F,39,30-40,9,Manager,Procurement,Teamwork,90.835,6,6,83.0,109.43975903614458,0
6,Agus Lestari,F,39,30-40,9,Manager,Procurement,Technical,90.6525,4,4,82.0,110.55182926829268,0
6,Agus Lestari,F,39,30-40,9,Manager,Procurement,Time Management,89.59125,8,6,80.0,111.9890625,0
7,Oscar Sanjaya,M,26,20-30,5,Staff,Operations,Attendance,71.297,10,6,90.0,79.21888888888888,1
7,Oscar Sanjaya,M,26,20-30,5,Staff,Operations,Development,63.278333333333336,6,5,75.0,84.37111111111112,1
7,Oscar Sanjaya,M,26,20-30,5,Staff,Operations,Efficiency,69.40090909090908,11,7,80.0,86.75113636363635,1
7,Oscar Sanjaya,M,26,20-30,5,Staff,Operations,Finance,63.342,5,4,82.0,77.24634146341464,1
7,Oscar Sanjaya,M,26,20-30,5,Staff,Operations,HR,69.63461538461539,13,6,88.0,79.13024475524476,1
7,Oscar Sanjaya,M,26,20-30,5,Staff,Operations,Innovation,62.93333333333334,6,4,72.0,87.40740740740742,1
7,Oscar Sanjaya,M,26,20-30,5,Staff,Operations,Performance,67.138,10,6,80.0,83.9225,1
7,Oscar Sanjaya,M,26,20-30,5,Staff,Operations,Project,65.02499999999999,6,5,78.0,83.3653846153846,1
7,Oscar Sanjaya,M,26,20-30,5,Staff,Operations,Quality,64.00521739130434,23,7,85.0,75.3002557544757,1
7,Oscar Sanjaya,M,26,20-30,5,Staff,Operations,Teamwork,69.33125,8,6,83.0,83.5316265060241,1
7,Oscar Sanjaya,M,26,20-30,5,Staff,Operations,Technical,64.82142857142857,7,6,82.0,79.05052264808361,1
7,Oscar Sanjaya,M,26,20-30,5,Staff,Operations,Time Management,65.24666666666667,3,3,80.0,81.55833333333334,1
8,Zahra Wijaya,M,32,30-40,7,Manager,Quality Assurance,Attendance,97.6525,8,4,90.0,108.50277777777778,0
8,Zahra Wijaya,M,32,30-40,7,Manager,Quality Assurance,Development,94.41,2,2,75.0,120.0,0
8,Zahra Wijaya,M,32,30-40,7,Manager,Quality Assurance,Efficiency,96.99,5,4,80.0,120.0,0
8,Zahra Wijaya,M,32,30-40,7,Manager,Quality Assurance,Finance,91.97200000000001,5,5,82.0,112.16097560975611,0
8,Zahra Wijaya,M,32,30-40,7,Manager,Quality Assurance,HR,95.928125,16,7,88.0,109.00923295454545,0
8,Zahra Wijaya,M,32,30-40,7,Manager,Quality Assurance,Innovation,90.97166666666668,6,5,72.0,120.0,0
8,Zahra Wijaya,M,32,30-40,7,Manager,Quality Assurance,Performance,93.97714285714287,7,4,80.0,117.47142857142858,0
8,Zahra Wijaya,M,32,30-40,7,Manager,Quality Assurance,Project,95.40333333333332,3,3,78.0,120.0,0
8,Zahra Wijaya,M,32,30-40,7,Manager,Quality Assurance,Quality,93.60090909090908,22,8,85.0,110.1187165775401,0
8,Zahra Wijaya,M,32,30-40,7,Manager,Quality Assurance,Teamwork,95.89,8,4,83.0,115.53012048192771,0
8,Zahra Wijaya,M,32,30-40,7,Manager,Quality Assurance,Technical,95.57000000000001,5,5,82.0,116.54878048780488,0
8,Zahra Wijaya,M,32,30-40,7,Manager,Quality Assurance,Time Management,94.10714285714286,7,5,80.0,117.63392857142858,0
9,Oky Putra,M,28,20-30,5,Staff,Finance,Attendance,71.18857142857142,7,6,90.0,79.09841269841269,1
9,Oky Putra,M,28,20-30,5,Staff,Finance,Development,62.80444444444444,9,6,75.0,83.73925925925926,1
9,Oky Putra,M,28,20-30,5,Staff,Finance,Efficiency,69.55666666666667,3,3,80.0,86.94583333333334,1
9,Oky Putra,M,28,20-30,5,Staff,Finance,Finance,64.9975,8,5,82.0,79.26524390243902,1
9,Oky Putra,M,28,20-30,5,Staff,Finance,HR,69.61857142857143,7,5,88.0,79.11201298701299,1
9,Oky Putra,M,28,20-30,5,Staff,Finance,Innovation,62.8625,8,6,72.0,87.30902777777777,1
9,Oky Putra,M,28,20-30,5,Staff,Finance,Performance,73.8075,8,7,80.0,92.259375,1
9,Oky Putra,M,28,20-30,5,Staff,Finance,Project,68.51599999999999,5,4,78.0,87.84102564102564,1
9,Oky Putra,M,28,20-30,5,Staff,Finance,Quality,66.18409090909091,22,8,85.0,77.86363636363636,1
9,Oky Putra,M,28,20-30,5,Staff,Finance,Teamwork,71.52625,8,6,83.0,86.1762048192771,1
9,Oky Putra,M,28,20-30,5,Staff,Finance,Technical,68.07857142857142,7,5,82.0,83.02264808362368,1
9,Oky Putra,M,28,20-30,5,Staff,Finance,Time Management,66.28571428571429,7,6,80.0,82.85714285714286,1
10,Laura Kusuma,M,33,30-40,6,Senior Staff,Quality Assurance,Attendance,73.36625,8,6,90.0,81.51805555555555,1
10,Laura Kusuma,M,33,30-40,6,Senior Staff,Quality Assurance,Development,66.255,6,4,75.0,88.34,1
10,Laura Kusuma,M,33,30-40,6,Senior Staff,Quality Assurance,Efficiency,70.538,10,6,80.0,88.17249999999999,1
10,Laura Kusuma,M,33,30-40,6,Senior Staff,Quality Assurance,Finance,68.631,10,5,82.0,83.69634146341464,1
10,Laura Kusuma,M,33,30-40,6,Senior Staff,Quality Assurance,HR,72.33111111111111,18,8,88.0,82.19444444444444,1
10,Laura Kusuma,M,33,30-40,6,Senior Staff,Quality Assurance,Innovation,65.13166666666667,6,5,72.0,90.46064814814817,1
10,Laura Kusuma,M,33,30-40,6,Senior Staff,Quality Assurance,Performance,72.209,10,6,80.0,90.26125,1
10,Laura Kusuma,M,33,30-40,6,Senior Staff,Quality Assurance,Project,70.66142857142857,7,6,78.0,90.5915750915751,1
10,Laura Kusuma,M,33,30-40,6,Senior Staff,Quality Assurance,Quality,67.50307692307692,26,8,85.0,79.41538461538461,1
10,Laura Kusuma,M,33,30-40,6,Senior Staff,Quality Assurance,Teamwork,73.19846153846154,13,7,83.0,88.19091751621873,1
10,Laura Kusuma,M,33,30-40,6,Senior Staff,Quality Assurance,Technical,69.7792857142857,14,8,82.0,85.09668989547038,1
10,Laura Kusuma,M,33,30-40,6,Senior Staff,Quality Assurance,Time Management,70.78857142857143,7,4,80.0,88.4857142857143,1
11,Eko Setiawan,M,28,20-30,2,Staff,Research & Development,Attendance,73.42571428571429,7,5,90.0,81.584126984127,1
11,Eko Setiawan,M,28,20-30,2,Staff,Research & Development,Development,67.92833333333333,6,4,75.0,90.57111111111111,1
11,Eko Setiawan,M,28,20-30,2,Staff,Research & Development,Efficiency,65.75333333333333,3,2,80.0,82.19166666666666,1
11,Eko Setiawan,M,28,20-30,2,Staff,Research & Development,Finance,67.82333333333334,9,7,82.0,82.71138211382114,1
11,Eko Setiawan,M,28,20-30,2,Staff,Research & Development,HR,71.575,8,7,88.0,81.33522727272727,1
11,Eko Setiawan,M,28,20-30,2,Staff,Research & Development,Innovation,68.68571428571428,7,5,72.0,95.39682539682539,1
11,Eko Setiawan,M,28,20-30,2,Staff,Research & Development,Performance,69.64444444444445,9,6,80.0,87.05555555555556,1
11,Eko Setiawan,M,28,20-30,2,Staff,Research & Development,Project,72.6575,4,3,78.0,93.15064102564102,1
11,Eko Setiawan,M,28,20-30,2,Staff,Research & Development,Quality,67.55680000000001,25,8,85.0,79.47858823529413,1
11,Eko Setiawan,M,28,20-30,2,Staff,Research & Development,Teamwork,71.27166666666666,6,5,83.0,85.86947791164658,1
11,Eko Setiawan,M,28,20-30,2,Staff,Research & Development,Technical,70.66888888888889,9,6,82.0,86.18157181571816,1
11,Eko Setiawan,M,28,20-30,2,Staff,Research & Development,Time Management,69.738,5,4,80.0,87.1725,1
12,Joko Hartono,F,33,30-40,8,Manager,Finance,Attendance,97.92857142857143,7,5,90.0,108.80952380952381,0
12,Joko Hartono,F,33,30-40,8,Manager,Finance,Development,94.05,6,5,75.0,120.0,0
12,Joko Hartono,F,33,30-40,8,Manager,Finance,Efficiency,91.12333333333333,3,2,80.0,113.90416666666667,0
12,Joko Hartono,F,33,30-40,8,Manager,Finance,Finance,93.61500000000001,6,6,82.0,114.16463414634147,0
12,Joko Hartono,F,33,30-40,8,Manager,Finance,HR,95.42222222222222,9,5,88.0,108.43434343434343,0
12,Joko Hartono,F,33,30-40,8,Manager,Finance,Innovation,92.27333333333333,6,6,72.0,120.0,0
12,Joko Hartono,F,33,30-40,8,Manager,Finance,Performance,97.138,5,5,80.0,120.0,0
12,Joko Hartono,F,33,30-40,8,Manager,Finance,Project,95.21666666666665,6,3,78.0,120.0,0
12,Joko Hartono,F,33,30-40,8,Manager,Finance,Quality,94.11875,16,6,85.0,110.7279411764706,0
12,Joko Hartono,F,33,30-40,8,Manager,Finance,Teamwork,97.08666666666666,3,3,83.0,116.97188755020079,0
12,Joko Hartono,F,33,30-40,8,Manager,Finance,Technical,95.315,8,7,82.0,116.23780487804878,0
12,Joko Hartono,F,33,30-40,8,Manager,Finance,Time Management,93.6125,8,7,80.0,117.015625,0
13,Zahra Kusuma,F,34,30-40,8,Senior Staff,Finance,Attendance,70.80333333333333,6,5,90.0,78.67037037037036,1
13,Zahra Kusuma,F,34,30-40,8,Senior Staff,Finance,Development,69.49000000000001,2,2,75.0,92.65333333333335,1
13,Zahra Kusuma,F,34,30-40,8,Senior Staff,Finance,Efficiency,73.35333333333334,3,3,80.0,91.69166666666668,1
13,Zahra Kusuma,F,34,30-40,8,Senior Staff,Finance,Finance,62.162,5,4,82.0,75.80731707317074,1
13,Zahra Kusuma,F,34,30-40,8,Senior Staff,Finance,HR,72.85833333333333,6,4,88.0,82.79356060606061,1
13,Zahra Kusuma,F,34,30-40,8,Senior Staff,Finance,Innovation,66.37,6,5,72.0,92.18055555555556,1
13,Zahra Kusuma,F,34,30-40,8,Senior Staff,Finance,Performance,67.37875,8,6,80.0,84.2234375,1
13,Zahra Kusuma,F,34,30-40,8,Senior Staff,Finance,Project,69.51666666666667,3,2,78.0,89.12393162393163,1
13,Zahra Kusuma,F,34,30-40,8,Senior Staff,Finance,Quality,66.03473684210526,19,8,85.0,77.68792569659442,1
13,Zahra Kusuma,F,34,30-40,8,Senior Staff,Finance,Teamwork,69.22,2,2,83.0,83.39759036144578,1
13,Zahra Kusuma,F,34,30-40,8,Senior Staff,Finance,Technical,67.24600000000001,5,4,82.0,82.00731707317075,1
13,Zahra Kusuma,F,34,30-40,8,Senior Staff,Finance,Time Management,71.20666666666666,6,4,80.0,89.00833333333333,1
14,Kartika Utama,M,44,40-50,15,Director,Design,Attendance,98.0,3,3,90.0,108.88888888888889,0
14,Kartika Utama,M,44,40-50,15,Director,Design,Development,98.0,8,6,75.0,120.0,0
14,Kartika Utama,M,44,40-50,15,Director,Design,Efficiency,98.0,7,5,80.0,120.0,0
14,Kartika Utama,M,44,40-50,15,Director,Design,Finance,98.0,3,3,82.0,119.51219512195122,0
14,Kartika Utama,M,44,40-50,15,Director,Design,HR,98.0,15,6,88.0,111.36363636363636,0
14,Kartika Utama,M,44,40-50,15,Director,Design,Innovation,98.0,4,3,72.0,120.0,0
14,Kartika Utama,M,44,40-50,15,Director,Design,Performance,98.0,6,4,80.0,120.0,0
14,Kartika Utama,M,44,40-50,15,Director,Design,Project,98.0,6,6,78.0,120.0,0
14,Kartika Utama,M,44,40-50,15,Director,Design,Quality,98.0,21,8,85.0,115.29411764705883,0
14,Kartika Utama,M,44,40-50,15,Director,Design,Teamwork,98.0,6,5,83.0,118.07228915662651,0
14,Kartika Utama,M,44,40-50,15,Director,Design,Technical,98.0,5,4,82.0,119.51219512195122,0
14,Kartika Utama,M,44,40-50,15,Director,Design,Time Management,98.0,2,2,80.0,120.0,0
15,Rian Permata,F,31,30-40,2,Staff,IT,Attendance,73.23166666666667,6,5,90.0,81.36851851851853,1
15,Rian Permata,F,31,30-40,2,Staff,IT,Development,62.866,5,4,75.0,83.82133333333334,1
15,Rian Permata,F,31,30-40,2,Staff,IT,Efficiency,70.204,5,4,80.0,87.755,1
15,Rian Permata,F,31,30-40,2,Staff,IT,Finance,64.85,3,3,82.0,79.08536585365853,1
15,Rian Permata,F,31,30-40,2,Staff,IT,HR,72.72384615384615,13,6,88.0,82.64073426573427,1
15,Rian Permata,F,31,30-40,2,Staff,IT,Innovation,61.9511111111111,9,5,72.0,86.0432098765432,1
15,Rian Permata,F,31,30-40,2,Staff,IT,Performance,64.35142857142857,7,6,80.0,80.43928571428572,1
15,Rian Permata,F,31,30-40,2,Staff,IT,Project,68.99166666666666,6,5,78.0,88.45085470085469,1
15,Rian Permata,F,31,30-40,2,Staff,IT,Quality,67.294,15,6,85.0,79.16941176470588,1
15,Rian Permata,F,31,30-40,2,Staff,IT,Teamwork,69.12111111111112,9,8,83.0,83.27844712182063,1
15,Rian Permata,F,31,30-40,2,Staff,IT,Technical,69.43875,8,6,82.0,84.6814024390244,1
15,Rian Permata,F,31,30-40,2,Staff,IT,Time Management,69.92999999999999,3,2,80.0,87.4125,1
16,Kartika Firmansyah,M,31,30-40,5,Staff,IT,Attendance,75.46857142857142,7,6,90.0,83.85396825396825,1
16,Kartika Firmansyah,M,31,30-40,5,Staff,IT,Development,67.94,3,3,75.0,90.58666666666667,1
16,Kartika Firmansyah,M,31,30-40,5,Staff,IT,Efficiency,70.28,6,5,80.0,87.85,1
16,Kartika Firmansyah,M,31,30-40,5,Staff,IT,Finance,69.52,7,5,82.0,84.78048780487805,1
16,Kartika Firmansyah,M,31,30-40,5,Staff,IT,HR,70.962,15,8,88.0,80.63863636363637,1
16,Kartika Firmansyah,M,31,30-40,5,Staff,IT,Innovation,70.16499999999999,8,6,72.0,97.45138888888887,1
16,Kartika Firmansyah,M,31,30-40,5,Staff,IT,Performance,70.6025,4,3,80.0,88.25312500000001,1
16,Kartika Firmansyah,M,31,30-40,5,Staff,IT,Project,71.42333333333333,6,5,78.0,91.56837606837607,1
16,Kartika Firmansyah,M,31,30-40,5,Staff,IT,Quality,68.62,23,8,85.0,80.72941176470589,1
16,Kartika Firmansyah,M,31,30-40,5,Staff,IT,Teamwork,73.974,5,4,83.0,89.12530120481928,1
16,Kartika Firmansyah,M,31,30-40,5,Staff,IT,Technical,69.672,5,5,82.0,84.96585365853659,1
16,Kartika Firmansyah,M,31,30-40,5,Staff,IT,Time Management,71.34666666666668,3,2,80.0,89.18333333333335,1
17,Ivan Maharani,F,37,30-40,7,Manager,Marketing,Attendance,96.93571428571428,7,6,90.0,107.70634920634919,0
17,Ivan Maharani,F,37,30-40,7,Manager,Marketing,Development,94.25800000000001,5,4,75.0,120.0,0
17,Ivan Maharani,F,37,30-40,7,Manager,Marketing,Efficiency,98.0,4,3,80.0,120.0,0
17,Ivan Maharani,F,37,30-40,7,Manager,Marketing,Finance,94.4025,4,4,82.0,115.125,0
17,Ivan Maharani,F,37,30-40,7,Manager,Marketing,HR,96.32083333333333,12,6,88.0,109.45549242424241,0
17,Ivan Maharani,F,37,30-40,7,Manager,Marketing,Innovation,90.66166666666668,6,4,72.0,120.0,0
17,Ivan Maharani,F,37,30-40,7,Manager,Marketing,Performance,95.76428571428572,7,4,80.0,119.70535714285715,0
17,Ivan Maharani,F,37,30-40,7,Manager,Marketing,Project,93.19800000000001,5,5,78.0,119.4846153846154,0
17,Ivan Maharani,F,37,30-40,7,Manager,Marketing,Quality,92.95565217391304,23,8,85.0,109.35959079283887,0
17,Ivan Maharani,F,37,30-40,7,Manager,Marketing,Teamwork,95.91285714285713,7,5,83.0,115.55765920826161,0
17,Ivan Maharani,F,37,30-40,7,Manager,Marketing,Technical,95.13625,8,6,82.0,116.01981707317073,0
17,Ivan Maharani,F,37,30-40,7,Manager,Marketing,Time Management,94.355,4,4,80.0,117.94375,0
18,Oky Rahayu,M,23,20-30,2,Staff,Legal,Attendance,67.006,5,4,90.0,74.45111111111112,1
18,Oky Rahayu,M,23,20-30,2,Staff,Legal,Development,58.52166666666667,6,5,75.0,78.02888888888889,1
18,Oky Rahayu,M,23,20-30,2,Staff,Legal,Efficiency,62.38999999999999,6,6,80.0,77.98749999999998,1
18,Oky Rahayu,M,23,20-30,2,Staff,Legal,Finance,59.31,5,4,82.0,72.32926829268293,1
18,Oky Rahayu,M,23,20-30,2,Staff,Legal,HR,61.299,10,5,88.0,69.65795454545454,1
18,Oky Rahayu,M,23,20-30,2,Staff,Legal,Innovation,60.707499999999996,4,3,72.0,84.31597222222223,1
18,Oky Rahayu,M,23,20-30,2,Staff,Legal,Performance,61.830000000000005,6,5,80.0,77.28750000000001,1
18,Oky Rahayu,M,23,20-30,2,Staff,Legal,Project,60.4975,4,4,78.0,77.56089743589743,1
18,Oky Rahayu,M,23,20-30,2,Staff,Legal,Quality,60.10555555555556,9,6,85.0,70.71241830065361,1
18,Oky Rahayu,M,23,20-30,2,Staff,Legal,Teamwork,60.932500000000005,4,4,83.0,73.41265060240964,1
18,Oky Rahayu,M,23,20-30,2,Staff,Legal,Technical,62.03444444444445,9,5,82.0,75.65176151761518,1
18,Oky Rahayu,M,23,20-30,2,Staff,Legal,Time Management,62.31,5,4,80.0,77.8875,1
19,Putri Sulistyo,F,25,20-30,3,Staff,Human Resources,Attendance,68.86666666666666,6,5,90.0,76.5185185185185,1
19,Putri Sulistyo,F,25,20-30,3,Staff,Human Resources,Development,63.199999999999996,3,3,75.0,84.26666666666667,1
19,Putri Sulistyo,F,25,20-30,3,Staff,Human Resources,Efficiency,64.80499999999999,10,8,80.0,81.00625,1
19,Putri Sulistyo,F,25,20-30,3,Staff,Human Resources,Finance,63.81857142857143,7,6,82.0,77.82752613240419,1
19,Putri Sulistyo,F,25,20-30,3,Staff,Human Resources,HR,64.7375,12,7,88.0,73.5653409090909,1
19,Putri Sulistyo,F,25,20-30,3,Staff,Human Resources,Innovation,60.903333333333336,9,6,72.0,84.58796296296298,1
19,Putri Sulistyo,F,25,20-30,3,Staff,Human Resources,Performance,65.22833333333334,6,5,80.0,81.53541666666668,1
19,Putri Sulistyo,F,25,20-30,3,Staff,Human Resources,Project,65.589,10,5,78.0,84.08846153846153,1
19,Putri Sulistyo,F,25,20-30,3,Staff,Human Resources,Quality,62.53260869565217,23,7,85.0,73.56777493606138,1
19,Putri Sulistyo,F,25,20-30,3,Staff,Human Resources,Teamwork,66.29125,8,4,83.0,79.86897590361447,1
19,Putri Sulistyo,F,25,20-30,3,Staff,Human Resources,Technical,65.05555555555556,9,6,82.0,79.3360433604336,1
19,Putri Sulistyo,F,25,20-30,3,Staff,Human Resources,Time Management,62.66888888888889,9,5,80.0,78.33611111111111,1
20,Galih Permata,F,30,20-30,4,Staff,Finance,Attendance,73.55428571428571,7,5,90.0,81.72698412698414,1
20,Galih Permata,F,30,20-30,4,Staff,Finance,Development,65.37181818181818,11,7,75.0,87.16242424242424,1
20,Galih Permata,F,30,20-30,4,Staff,Finance,Efficiency,67.45,8,4,80.0,84.3125,1
20,Galih Permata,F,30,20-30,4,Staff,Finance,Finance,67.76,6,5,82.0,82.63414634146342,1
20,Galih Permata,F,30,20-30,4,Staff,Finance,HR,70.69882352941177,17,8,88.0,80.33957219251337,1
20,Galih Permata,F,30,20-30,4,Staff,Finance,Innovation,67.886,5,5,72.0,94.2861111111111,1
20,Galih Permata,F,30,20-30,4,Staff,Finance,Performance,68.32,4,3,80.0,85.39999999999999,1
20,Galih Permata,F,30,20-30,4,Staff,Finance,Project,66.80555555555556,9,6,78.0,85.64814814814815,1
20,Galih Permata,F,30,20-30,4,Staff,Finance,Quality,67.36590909090908,22,7,85.0,79.25401069518715,1
20,Galih Permata,F,30,20-30,4,Staff,Finance,Teamwork,69.712,10,6,83.0,83.99036144578314,1
20,Galih Permata,F,30,20-30,4,Staff,Finance,Technical,69.8457142857143,7,6,82.0,85.17770034843207,1
20,Galih Permata,F,30,20-30,4,Staff,Finance,Time Management,66.795,4,4,80.0,83.49375,1
21,Umar Hidayat,F,24,20-30,4,Staff,Quality Assurance,Attendance,69.12111111111112,9,6,90.0,76.80123456790125,1
21,Umar Hidayat,F,24,20-30,4,Staff,Quality Assurance,Development,64.53833333333334,6,6,75.0,86.05111111111113,1
21,Umar Hidayat,F,24,20-30,4,Staff,Quality Assurance,Efficiency,66.182,10,5,80.0,82.72749999999999,1
21,Umar Hidayat,F,24,20-30,4,Staff,Quality Assurance,Finance,68.575,6,6,82.0,83.6280487804878,1
21,Umar Hidayat,F,24,20-30,4,Staff,Quality Assurance,HR,68.28666666666668,12,7,88.0,77.59848484848486,1
21,Umar Hidayat,F,24,20-30,4,Staff,Quality Assurance,Innovation,61.65111111111111,9,6,72.0,85.62654320987654,1
21,Umar Hidayat,F,24,20-30,4,Staff,Quality Assurance,Performance,74.25375,8,5,80.0,92.8171875,1
21,Umar Hidayat,F,24,20-30,4,Staff,Quality Assurance,Project,67.5175,8,6,78.0,86.56089743589743,1
21,Umar Hidayat,F,24,20-30,4,Staff,Quality Assurance,Quality,66.975,28,8,85.0,78.79411764705881,1
21,Umar Hidayat,F,24,20-30,4,Staff,Quality Assurance,Teamwork,72.60625,8,5,83.0,87.47740963855422,1
21,Umar Hidayat,F,24,20-30,4,Staff,Quality Assurance,Technical,68.999,10,6,82.0,84.14512195121951,1
21,Umar Hidayat,F,24,20-30,4,Staff,Quality Assurance,Time Management,72.07857142857142,7,6,80.0,90.09821428571428,1
22,Budi Sulistyo,M,37,30-40,10,Manager,Procurement,Attendance,92.05285714285715,7,6,90.0,102.2809523809524,0
22,Budi Sulistyo,M,37,30-40,10,Manager,Procurement,Development,84.328,5,5,75.0,112.43733333333334,0
22,Budi Sulistyo,M,37,30-40,10,Manager,Procurement,Efficiency,89.032,5,4,80.0,111.28999999999999,0
22,Budi Sulistyo,M,37,30-40,10,Manager,Procurement,Finance,89.424,5,5,82.0,109.05365853658539,0
22,Budi Sulistyo,M,37,30-40,10,Manager,Procurement,HR,93.179375,16,6,88.0,105.8856534090909,0
22,Budi Sulistyo,M,37,30-40,10,Manager,Procurement,Innovation,84.94749999999999,4,4,72.0,117.98263888888889,0
22,Budi Sulistyo,M,37,30-40,10,Manager,Procurement,Performance,93.2175,4,3,80.0,116.521875,0
22,Budi Sulistyo,M,37,30-40,10,Manager,Procurement,Project,90.1,4,3,78.0,115.51282051282051,0
22,Budi Sulistyo,M,37,30-40,10,Manager,Procurement,Quality,90.04684210526315,19,6,85.0,105.9374613003096,0
22,Budi Sulistyo,M,37,30-40,10,Manager,Procurement,Teamwork,91.584,5,4,83.0,110.3421686746988,0
22,Budi Sulistyo,M,37,30-40,10,Manager,Procurement,Technical,90.04833333333333,6,5,82.0,109.81504065040652,0
22,Budi Sulistyo,M,37,30-40,10,Manager,Procurement,Time Management,91.89,5,5,80.0,114.8625,0
23,Eko Santoso,M,24,20-30,2,Staff,Quality Assurance,Attendance,68.95777777777778,9,7,90.0,76.61975308641975,1
23,Eko Santoso,M,24,20-30,2,Staff,Quality Assurance,Development,66.5375,4,3,75.0,88.71666666666665,1
23,Eko Santoso,M,24,20-30,2,Staff,Quality Assurance,Efficiency,66.25399999999999,10,5,80.0,82.81749999999998,1
23,Eko Santoso,M,24,20-30,2,Staff,Quality Assurance,Finance,63.53625,8,5,82.0,77.48323170731707,1
23,Eko Santoso,M,24,20-30,2,Staff,Quality Assurance,HR,68.54333333333334,18,7,88.0,77.89015151515152,1
23,Eko Santoso,M,24,20-30,2,Staff,Quality Assurance,Innovation,62.17428571428571,7,4,72.0,86.3531746031746,1
23,Eko Santoso,M,24,20-30,2,Staff,Quality Assurance,Performance,67.24333333333334,9,7,80.0,84.05416666666667,1
23,Eko Santoso,M,24,20-30,2,Staff,Quality Assurance,Project,64.78,10,6,78.0,83.05128205128206,1
23,Eko Santoso,M,24,20-30,2,Staff,Quality Assurance,Quality,63.77708333333334,24,8,85.0,75.03186274509805,1
23,Eko Santoso,M,24,20-30,2,Staff,Quality Assurance,Teamwork,69.491,10,7,83.0,83.72409638554217,1
23,Eko Santoso,M,24,20-30,2,Staff,Quality Assurance,Technical,66.95571428571428,7,5,82.0,81.65331010452961,1
23,Eko Santoso,M,24,20-30,2,Staff,Quality Assurance,Time Management,64.44777777777777,9,7,80.0,80.55972222222222,1
24,Marco Sulistyo,F,37,30-40,8,Manager,Legal,Attendance,93.2475,8,5,90.0,103.60833333333333,0
24,Marco Sulistyo,F,37,30-40,8,Manager,Legal,Development,87.83,4,4,75.0,117.10666666666667,0
24,Marco Sulistyo,F,37,30-40,8,Manager,Legal,Efficiency,91.07125,8,6,80.0,113.8390625,0
24,Marco Sulistyo,F,37,30-40,8,Manager,Legal,Finance,87.17999999999999,5,4,82.0,106.3170731707317,0
24,Marco Sulistyo,F,37,30-40,8,Manager,Legal,HR,90.42066666666666,15,8,88.0,102.75075757575756,0
24,Marco Sulistyo,F,37,30-40,8,Manager,Legal,Innovation,85.9425,4,3,72.0,119.36458333333333,0
24,Marco Sulistyo,F,37,30-40,8,Manager,Legal,Performance,90.736,10,6,80.0,113.42,0
24,Marco Sulistyo,F,37,30-40,8,Manager,Legal,Project,89.69636363636363,11,6,78.0,114.99533799533798,0
24,Marco Sulistyo,F,37,30-40,8,Manager,Legal,Quality,88.08058823529413,17,7,85.0,103.6242214532872,0
24,Marco Sulistyo,F,37,30-40,8,Manager,Legal,Teamwork,92.87333333333333,6,6,83.0,111.89558232931728,0
24,Marco Sulistyo,F,37,30-40,8,Manager,Legal,Technical,93.38499999999999,2,1,82.0,113.88414634146342,0
24,Marco Sulistyo,F,37,30-40,8,Manager,Legal,Time Management,92.92833333333333,6,3,80.0,116.16041666666665,0
25,Dina Susanto,F,27,20-30,4,Staff,Design,Attendance,68.845,10,6,90.0,76.49444444444444,1
25,Dina Susanto,F,27,20-30,4,Staff,Design,Development,63.04714285714285,7,5,75.0,84.06285714285714,1
25,Dina Susanto,F,27,20-30,4,Staff,Design,Efficiency,67.32142857142857,7,6,80.0,84.15178571428571,1
25,Dina Susanto,F,27,20-30,4,Staff,Design,Finance,62.125,6,5,82.0,75.76219512195122,1
25,Dina Susanto,F,27,20-30,4,Staff,Design,HR,65.98866666666667,15,7,88.0,74.98712121212122,1
25,Dina Susanto,F,27,20-30,4,Staff,Design,Innovation,64.01166666666667,6,4,72.0,88.9050925925926,1
25,Dina Susanto,F,27,20-30,4,Staff,Design,Performance,68.17666666666668,9,7,80.0,85.22083333333335,1
25,Dina Susanto,F,27,20-30,4,Staff,Design,Project,67.635,6,6,78.0,86.71153846153847,1
25,Dina Susanto,F,27,20-30,4,Staff,Design,Quality,64.90521739130435,23,7,85.0,76.35907928388747,1
25,Dina Susanto,F,27,20-30,4,Staff,Design,Teamwork,70.814,5,3,83.0,85.31807228915662,1
25,Dina Susanto,F,27,20-30,4,Staff,Design,Technical,64.10333333333334,3,3,82.0,78.17479674796749,1
25,Dina Susanto,F,27,20-30,4,Staff,Design,Time Management,68.022,5,4,80.0,85.0275,1
26,Gita Santoso,M,31,30-40,5,Staff,Design,Attendance,70.98916666666666,12,7,90.0,78.87685185185184,1
26,Gita Santoso,M,31,30-40,5,Staff,Design,Development,62.25125,8,6,75.0,83.00166666666667,1
26,Gita Santoso,M,31,30-40,5,Staff,Design,Efficiency,67.17727272727274,11,7,80.0,83.97159090909092,1
26,Gita Santoso,M,31,30-40,5,Staff,Design,Finance,65.75333333333333,6,4,82.0,80.1869918699187,1
26,Gita Santoso,M,31,30-40,5,Staff,Design,HR,69.93133333333334,15,6,88.0,79.46742424242426,1
26,Gita Santoso,M,31,30-40,5,Staff,Design,Innovation,61.525,4,3,72.0,85.45138888888889,1
26,Gita Santoso,M,31,30-40,5,Staff,Design,Performance,68.65333333333334,9,5,80.0,85.81666666666668,1
26,Gita Santoso,M,31,30-40,5,Staff,Design,Project,68.20599999999999,5,5,78.0,87.44358974358973,1
26,Gita Santoso,M,31,30-40,5,Staff,Design,Quality,64.71941176470588,17,7,85.0,76.14048442906575,1
26,Gita Santoso,M,31,30-40,5,Staff,Design,Teamwork,70.13428571428571,7,5,83.0,84.49913941480206,1
26,Gita Santoso,M,31,30-40,5,Staff,Design,Technical,67.91000000000001,6,4,82.0,82.81707317073172,1
26,Gita Santoso,M,31,30-40,5,Staff,Design,Time Management,64.846,5,5,80.0,81.0575,1
27,Indah Nugroho,F,23,20-30,4,Staff,Finance,Attendance,69.95285714285714,7,6,90.0,77.72539682539681,1
27,Indah Nugroho,F,23,20-30,4,Staff,Finance,Development,61.735,8,6,75.0,82.31333333333333,1
27,Indah Nugroho,F,23,20-30,4,Staff,Finance,Efficiency,65.77666666666666,6,5,80.0,82.22083333333333,1
27,Indah Nugroho,F,23,20-30,4,Staff,Finance,Finance,65.55125,8,6,82.0,79.9405487804878,1
27,Indah Nugroho,F,23,20-30,4,Staff,Finance,HR,68.202,10,6,88.0,77.50227272727273,1
27,Indah Nugroho,F,23,20-30,4,Staff,Finance,Innovation,58.55571428571428,7,4,72.0,81.32738095238095,1
27,Indah Nugroho,F,23,20-30,4,Staff,Finance,Performance,64.64888888888889,9,7,80.0,80.8111111111111,1
27,Indah Nugroho,F,23,20-30,4,Staff,Finance,Project,71.398,5,4,78.0,91.53589743589743,1
27,Indah Nugroho,F,23,20-30,4,Staff,Finance,Quality,65.74090909090908,22,7,85.0,77.3422459893048,1
27,Indah Nugroho,F,23,20-30,4,Staff,Finance,Teamwork,69.125,6,4,83.0,83.28313253012048,1
27,Indah Nugroho,F,23,20-30,4,Staff,Finance,Technical,65.9875,4,3,82.0,80.47256097560975,1
27,Indah Nugroho,F,23,20-30,4,Staff,Finance,Time Management,65.99428571428571,7,5,80.0,82.49285714285713,1
28,Dewi Putra,M,31,30-40,1,Staff,Procurement,Attendance,54.18666666666667,6,4,90.0,60.20740740740741,1
28,Dewi Putra,M,31,30-40,1,Staff,Procurement,Development,40.977,10,8,75.0,54.635999999999996,1
28,Dewi Putra,M,31,30-40,1,Staff,Procurement,Efficiency,49.36,10,7,80.0,61.7,1
28,Dewi Putra,M,31,30-40,1,Staff,Procurement,Finance,46.501999999999995,5,5,82.0,56.70975609756098,1
28,Dewi Putra,M,31,30-40,1,Staff,Procurement,HR,48.25,15,8,88.0,54.82954545454545,1
28,Dewi Putra,M,31,30-40,1,Staff,Procurement,Innovation,43.535714285714285,7,5,72.0,60.46626984126984,1
28,Dewi Putra,M,31,30-40,1,Staff,Procurement,Performance,43.815999999999995,5,4,80.0,54.769999999999996,1
28,Dewi Putra,M,31,30-40,1,Staff,Procurement,Project,45.333333333333336,6,6,78.0,58.119658119658126,1
28,Dewi Putra,M,31,30-40,1,Staff,Procurement,Quality,44.15772727272727,22,8,85.0,51.95026737967914,1
28,Dewi Putra,M,31,30-40,1,Staff,Procurement,Teamwork,49.528,10,6,83.0,59.672289156626505,1
28,Dewi Putra,M,31,30-40,1,Staff,Procurement,Technical,45.827999999999996,5,4,82.0,55.88780487804877,1
28,Dewi Putra,M,31,30-40,1,Staff,Procurement,Time Management,45.89000000000001,6,5,80.0,57.36250000000001,1
29,Galih Setiawan,M,35,30-40,6,Senior Staff,Design,Attendance,72.65,10,7,90.0,80.72222222222223,1
29,Galih Setiawan,M,35,30-40,6,Senior Staff,Design,Development,63.81,10,5,75.0,85.08,1
29,Galih Setiawan,M,35,30-40,6,Senior Staff,Design,Efficiency,67.10000000000001,6,4,80.0,83.87500000000001,1
29,Galih Setiawan,M,35,30-40,6,Senior Staff,Design,Finance,65.2125,8,6,82.0,79.52743902439026,1
29,Galih Setiawan,M,35,30-40,6,Senior Staff,Design,HR,70.33692307692307,13,7,88.0,79.92832167832167,1
29,Galih Setiawan,M,35,30-40,6,Senior Staff,Design,Innovation,64.5275,4,4,72.0,89.62152777777777,1
29,Galih Setiawan,M,35,30-40,6,Senior Staff,Design,Performance,73.01666666666667,6,5,80.0,91.27083333333334,1
29,Galih Setiawan,M,35,30-40,6,Senior Staff,Design,Project,68.76625,8,5,78.0,88.16185897435898,1
29,Galih Setiawan,M,35,30-40,6,Senior Staff,Design,Quality,66.64333333333333,18,5,85.0,78.40392156862745,1
29,Galih Setiawan,M,35,30-40,6,Senior Staff,Design,Teamwork,71.33285714285714,7,6,83.0,85.94320137693632,1
29,Galih Setiawan,M,35,30-40,6,Senior Staff,Design,Technical,66.6475,8,6,82.0,81.27743902439023,1
29,Galih Setiawan,M,35,30-40,6,Senior Staff,Design,Time Management,67.41,5,5,80.0,84.2625,1
30,Tono Nugroho,M,34,30-40,8,Manager,Procurement,Attendance,93.5925,4,3,90.0,103.99166666666666,0
30,Tono Nugroho,M,34,30-40,8,Manager,Procurement,Development,87.02222222222223,9,7,75.0,116.02962962962964,0
30,Tono Nugroho,M,34,30-40,8,Manager,Procurement,Efficiency,90.175,6,4,80.0,112.71875,0
30,Tono Nugroho,M,34,30-40,8,Manager,Procurement,Finance,85.42142857142858,7,6,82.0,104.17247386759584,0
30,Tono Nugroho,M,34,30-40,8,Manager,Procurement,HR,91.269,10,4,88.0,103.71477272727275,0
30,Tono Nugroho,M,34,30-40,8,Manager,Procurement,Innovation,86.053,10,7,72.0,119.51805555555555,0
30,Tono Nugroho,M,34,30-40,8,Manager,Procurement,Performance,87.49,8,5,80.0,109.3625,0
30,Tono Nugroho,M,34,30-40,8,Manager,Procurement,Project,87.99142857142859,7,5,78.0,112.80952380952382,0
30,Tono Nugroho,M,34,30-40,8,Manager,Procurement,Quality,86.98157894736842,19,7,85.0,102.3312693498452,0
30,Tono Nugroho,M,34,30-40,8,Manager,Procurement,Teamwork,90.0225,4,3,83.0,108.46084337349397,0
30,Tono Nugroho,M,34,30-40,8,Manager,Procurement,Technical,91.0788888888889,9,8,82.0,111.0718157181572,0
30,Tono Nugroho,M,34,30-40,8,Manager,Procurement,Time Management,92.54666666666667,6,4,80.0,115.68333333333332,0
31,Kevin Santoso,M,31,30-40,5,Senior Staff,Quality Assurance,Attendance,74.43166666666667,6,6,90.0,82.70185185185186,1
31,Kevin Santoso,M,31,30-40,5,Senior Staff,Quality Assurance,Development,67.07166666666666,6,5,75.0,89.42888888888888,1
31,Kevin Santoso,M,31,30-40,5,Senior Staff,Quality Assurance,Efficiency,69.896,5,3,80.0,87.37,1
31,Kevin Santoso,M,31,30-40,5,Senior Staff,Quality Assurance,Finance,70.175,4,4,82.0,85.57926829268293,1
31,Kevin Santoso,M,31,30-40,5,Senior Staff,Quality Assurance,HR,73.69500000000001,14,8,88.0,83.74431818181819,1
31,Kevin Santoso,M,31,30-40,5,Senior Staff,Quality Assurance,Innovation,66.848,5,5,72.0,92.84444444444445,1
31,Kevin Santoso,M,31,30-40,5,Senior Staff,Quality Assurance,Performance,67.70125,8,8,80.0,84.6265625,1
31,Kevin Santoso,M,31,30-40,5,Senior Staff,Quality Assurance,Project,70.175,4,4,78.0,89.96794871794872,1
31,Kevin Santoso,M,31,30-40,5,Senior Staff,Quality Assurance,Quality,65.91142857142857,14,7,85.0,77.54285714285714,1
31,Kevin Santoso,M,31,30-40,5,Senior Staff,Quality Assurance,Teamwork,73.6875,4,4,83.0,88.78012048192771,1
31,Kevin Santoso,M,31,30-40,5,Senior Staff,Quality Assurance,Technical,78.05,2,2,82.0,95.1829268292683,1
31,Kevin Santoso,M,31,30-40,5,Senior Staff,Quality Assurance,Time Management,70.62,3,2,80.0,88.275,1
32,Dewi Ardiansyah,M,41,40-50,13,Senior Manager,Human Resources,Attendance,98.0,12,8,90.0,108.88888888888889,0
32,Dewi Ardiansyah,M,41,40-50,13,Senior Manager,Human Resources,Development,97.0625,8,7,75.0,120.0,0
32,Dewi Ardiansyah,M,41,40-50,13,Senior Manager,Human Resources,Efficiency,98.0,9,6,80.0,120.0,0
32,Dewi Ardiansyah,M,41,40-50,13,Senior Manager,Human Resources,Finance,97.90599999999999,5,5,82.0,119.39756097560974,0
32,Dewi Ardiansyah,M,41,40-50,13,Senior Manager,Human Resources,HR,97.92533333333334,15,7,88.0,111.2787878787879,0
32,Dewi Ardiansyah,M,41,40-50,13,Senior Manager,Human Resources,Innovation,98.0,5,5,72.0,120.0,0
32,Dewi Ardiansyah,M,41,40-50,13,Senior Manager,Human Resources,Performance,98.0,10,7,80.0,120.0,0
32,Dewi Ardiansyah,M,41,40-50,13,Senior Manager,Human Resources,Project,97.78090909090908,11,7,78.0,120.0,0
32,Dewi Ardiansyah,M,41,40-50,13,Senior Manager,Human Resources,Quality,97.76041666666667,24,8,85.0,115.0122549019608,0
32,Dewi Ardiansyah,M,41,40-50,13,Senior Manager,Human Resources,Teamwork,98.0,10,5,83.0,118.07228915662651,0
32,Dewi Ardiansyah,M,41,40-50,13,Senior Manager,Human Resources,Technical,98.0,5,5,82.0,119.51219512195122,0
32,Dewi Ardiansyah,M,41,40-50,13,Senior Manager,Human Resources,Time Management,98.0,6,4,80.0,120.0,0
33,Hendra Sulistyo,M,23,20-30,1,Staff,Marketing,Attendance,50.896,5,5,90.0,56.55111111111111,1
33,Hendra Sulistyo,M,23,20-30,1,Staff,Marketing,Development,45.95399999999999,5,3,75.0,61.272,1
33,Hendra Sulistyo,M,23,20-30,1,Staff,Marketing,Efficiency,54.910000000000004,5,4,80.0,68.6375,1
33,Hendra Sulistyo,M,23,20-30,1,Staff,Marketing,Finance,49.27166666666667,6,5,82.0,60.087398373983746,1
33,Hendra Sulistyo,M,23,20-30,1,Staff,Marketing,HR,49.05777777777777,9,6,88.0,55.74747474747474,1
33,Hendra Sulistyo,M,23,20-30,1,Staff,Marketing,Innovation,44.480000000000004,7,5,72.0,61.77777777777778,1
33,Hendra Sulistyo,M,23,20-30,1,Staff,Marketing,Performance,52.82666666666666,6,4,80.0,66.03333333333333,1
33,Hendra Sulistyo,M,23,20-30,1,Staff,Marketing,Project,49.84111111111111,9,5,78.0,63.8988603988604,1
33,Hendra Sulistyo,M,23,20-30,1,Staff,Marketing,Quality,50.833333333333336,18,8,85.0,59.80392156862746,1
33,Hendra Sulistyo,M,23,20-30,1,Staff,Marketing,Teamwork,52.87833333333333,6,4,83.0,63.70883534136546,1
33,Hendra Sulistyo,M,23,20-30,1,Staff,Marketing,Technical,49.949999999999996,7,5,82.0,60.91463414634146,1
33,Hendra Sulistyo,M,23,20-30,1,Staff,Marketing,Time Management,50.379999999999995,8,7,80.0,62.975,1
34,Marco Ardiansyah,M,25,20-30,2,Staff,Quality Assurance,Attendance,69.495,8,5,90.0,77.21666666666667,1
34,Marco Ardiansyah,M,25,20-30,2,Staff,Quality Assurance,Development,63.7775,4,3,75.0,85.03666666666666,1
34,Marco Ardiansyah,M,25,20-30,2,Staff,Quality Assurance,Efficiency,66.22444444444444,9,7,80.0,82.78055555555555,1
34,Marco Ardiansyah,M,25,20-30,2,Staff,Quality Assurance,Finance,64.48555555555555,9,6,82.0,78.64092140921409,1
34,Marco Ardiansyah,M,25,20-30,2,Staff,Quality Assurance,HR,67.245,10,6,88.0,76.41477272727273,1
34,Marco Ardiansyah,M,25,20-30,2,Staff,Quality Assurance,Innovation,59.85375,8,5,72.0,83.13020833333333,1
34,Marco Ardiansyah,M,25,20-30,2,Staff,Quality Assurance,Performance,69.97375,8,5,80.0,87.4671875,1
34,Marco Ardiansyah,M,25,20-30,2,Staff,Quality Assurance,Project,67.39857142857143,7,6,78.0,86.4084249084249,1
34,Marco Ardiansyah,M,25,20-30,2,Staff,Quality Assurance,Quality,64.48315789473685,19,8,85.0,75.86253869969042,1
34,Marco Ardiansyah,M,25,20-30,2,Staff,Quality Assurance,Teamwork,71.57875,8,5,83.0,86.2394578313253,1
34,Marco Ardiansyah,M,25,20-30,2,Staff,Quality Assurance,Technical,66.4825,8,7,82.0,81.07621951219512,1
34,Marco Ardiansyah,M,25,20-30,2,Staff,Quality Assurance,Time Management,67.80454545454546,11,8,80.0,84.75568181818183,1
35,Indah Utama,F,23,20-30,5,Staff,Operations,Attendance,68.52799999999999,5,5,90.0,76.14222222222222,1
35,Indah Utama,F,23,20-30,5,Staff,Operations,Development,63.13444444444445,9,5,75.0,84.17925925925925,1
35,Indah Utama,F,23,20-30,5,Staff,Operations,Efficiency,68.20857142857143,7,5,80.0,85.26071428571429,1
35,Indah Utama,F,23,20-30,5,Staff,Operations,Finance,67.42666666666666,6,5,82.0,82.22764227642276,1
35,Indah Utama,F,23,20-30,5,Staff,Operations,HR,67.01642857142858,14,6,88.0,76.15503246753248,1
35,Indah Utama,F,23,20-30,5,Staff,Operations,Innovation,62.004999999999995,4,4,72.0,86.11805555555556,1
35,Indah Utama,F,23,20-30,5,Staff,Operations,Performance,67.66666666666667,9,6,80.0,84.58333333333334,1
35,Indah Utama,F,23,20-30,5,Staff,Operations,Project,67.705,4,3,78.0,86.80128205128206,1
35,Indah Utama,F,23,20-30,5,Staff,Operations,Quality,66.8859090909091,22,8,85.0,78.68930481283424,1
35,Indah Utama,F,23,20-30,5,Staff,Operations,Teamwork,70.09833333333334,6,5,83.0,84.4558232931727,1
35,Indah Utama,F,23,20-30,5,Staff,Operations,Technical,68.27333333333333,6,6,82.0,83.260162601626,1
35,Indah Utama,F,23,20-30,5,Staff,Operations,Time Management,66.49600000000001,5,5,80.0,83.12000000000002,1
36,Marco Anggraini,M,25,20-30,5,Staff,Human Resources,Attendance,70.705,8,5,90.0,78.56111111111112,1
36,Marco Anggraini,M,25,20-30,5,Staff,Human Resources,Development,62.345,6,5,75.0,83.12666666666667,1
36,Marco Anggraini,M,25,20-30,5,Staff,Human Resources,Efficiency,66.75615384615385,13,8,80.0,83.44519230769231,1
36,Marco Anggraini,M,25,20-30,5,Staff,Human Resources,Finance,62.63272727272727,11,7,82.0,76.38137472283813,1
36,Marco Anggraini,M,25,20-30,5,Staff,Human Resources,HR,65.93277777777777,18,8,88.0,74.9236111111111,1
36,Marco Anggraini,M,25,20-30,5,Staff,Human Resources,Innovation,61.136,5,5,72.0,84.91111111111111,1
36,Marco Anggraini,M,25,20-30,5,Staff,Human Resources,Performance,63.96875,8,7,80.0,79.9609375,1
36,Marco Anggraini,M,25,20-30,5,Staff,Human Resources,Project,64.66222222222223,9,6,78.0,82.9002849002849,1
36,Marco Anggraini,M,25,20-30,5,Staff,Human Resources,Quality,63.68058823529412,17,8,85.0,74.91833910034602,1
36,Marco Anggraini,M,25,20-30,5,Staff,Human Resources,Teamwork,69.18125,8,6,83.0,83.35090361445785,1
36,Marco Anggraini,M,25,20-30,5,Staff,Human Resources,Technical,67.31142857142858,7,5,82.0,82.0871080139373,1
36,Marco Anggraini,M,25,20-30,5,Staff,Human Resources,Time Management,66.3775,8,5,80.0,82.971875,1
37,Putri Susanto,F,43,40-50,10,Senior Manager,Operations,Attendance,98.0,4,4,90.0,108.88888888888889,0
37,Putri Susanto,F,43,40-50,10,Senior Manager,Operations,Development,98.0,5,4,75.0,120.0,0
37,Putri Susanto,F,43,40-50,10,Senior Manager,Operations,Efficiency,98.0,5,4,80.0,120.0,0
37,Putri Susanto,F,43,40-50,10,Senior Manager,Operations,Finance,98.0,8,6,82.0,119.51219512195122,0
37,Putri Susanto,F,43,40-50,10,Senior Manager,Operations,HR,98.0,13,7,88.0,111.36363636363636,0
37,Putri Susanto,F,43,40-50,10,Senior Manager,Operations,Innovation,97.59857142857143,7,6,72.0,120.0,0
37,Putri Susanto,F,43,40-50,10,Senior Manager,Operations,Performance,98.0,6,4,80.0,120.0,0
37,Putri Susanto,F,43,40-50,10,Senior Manager,Operations,Project,98.0,10,7,78.0,120.0,0
37,Putri Susanto,F,43,40-50,10,Senior Manager,Operations,Quality,97.9213043478261,23,6,85.0,115.20153452685423,0
37,Putri Susanto,F,43,40-50,10,Senior Manager,Operations,Teamwork,98.0,9,5,83.0,118.07228915662651,0
37,Putri Susanto,F,43,40-50,10,Senior Manager,Operations,Technical,98.0,9,5,82.0,119.51219512195122,0
37,Putri Susanto,F,43,40-50,10,Senior Manager,Operations,Time Management,98.0,7,5,80.0,120.0,0
38,Julia Pratama,M,32,30-40,8,Manager,Procurement,Attendance,96.152,5,4,90.0,106.83555555555556,0
38,Julia Pratama,M,32,30-40,8,Manager,Procurement,Development,88.07222222222222,9,5,75.0,117.42962962962963,0
38,Julia Pratama,M,32,30-40,8,Manager,Procurement,Efficiency,91.25999999999999,7,5,80.0,114.075,0
38,Julia Pratama,M,32,30-40,8,Manager,Procurement,Finance,84.97333333333333,9,8,82.0,103.62601626016259,0
38,Julia Pratama,M,32,30-40,8,Manager,Procurement,HR,91.43846153846154,13,6,88.0,103.90734265734267,0
38,Julia Pratama,M,32,30-40,8,Manager,Procurement,Innovation,85.79333333333334,9,6,72.0,119.15740740740742,0
38,Julia Pratama,M,32,30-40,8,Manager,Procurement,Performance,90.054,5,4,80.0,112.5675,0
38,Julia Pratama,M,32,30-40,8,Manager,Procurement,Project,89.90833333333335,6,5,78.0,115.26709401709402,0
38,Julia Pratama,M,32,30-40,8,Manager,Procurement,Quality,87.87,18,8,85.0,103.37647058823529,0
38,Julia Pratama,M,32,30-40,8,Manager,Procurement,Teamwork,93.55666666666667,9,7,83.0,112.71887550200805,0
38,Julia Pratama,M,32,30-40,8,Manager,Procurement,Technical,91.76,9,6,82.0,111.90243902439025,0
38,Julia Pratama,M,32,30-40,8,Manager,Procurement,Time Management,90.31,4,3,80.0,112.8875,0
39,Laura Saputra,M,35,30-40,9,Manager,Operations,Attendance,97.31625,8,5,90.0,108.12916666666666,0
39,Laura Saputra,M,35,30-40,9,Manager,Operations,Development,91.02714285714286,7,4,75.0,120.0,0
39,Laura Saputra,M,35,30-40,9,Manager,Operations,Efficiency,94.8625,4,4,80.0,118.578125,0
39,Laura Saputra,M,35,30-40,9,Manager,Operations,Finance,91.25999999999999,7,6,82.0,111.29268292682927,0
39,Laura Saputra,M,35,30-40,9,Manager,Operations,HR,95.286,15,7,88.0,108.27954545454546,0
39,Laura Saputra,M,35,30-40,9,Manager,Operations,Innovation,88.95555555555556,9,6,72.0,120.0,0
39,Laura Saputra,M,35,30-40,9,Manager,Operations,Performance,95.11857142857141,7,6,80.0,118.89821428571426,0
39,Laura Saputra,M,35,30-40,9,Manager,Operations,Project,91.93666666666667,3,3,78.0,117.86752136752136,0
39,Laura Saputra,M,35,30-40,9,Manager,Operations,Quality,92.45541666666666,24,8,85.0,108.77107843137254,0
39,Laura Saputra,M,35,30-40,9,Manager,Operations,Teamwork,95.12166666666667,6,4,83.0,114.60441767068275,0
39,Laura Saputra,M,35,30-40,9,Manager,Operations,Technical,92.416,5,5,82.0,112.70243902439024,0
39,Laura Saputra,M,35,30-40,9,Manager,Operations,Time Management,94.878,5,4,80.0,118.5975,0
40,Ivan Wahyudi,M,32,30-40,7,Senior Staff,Operations,Attendance,75.58625,8,7,90.0,83.98472222222223,1
40,Ivan Wahyudi,M,32,30-40,7,Senior Staff,Operations,Development,66.765,8,5,75.0,89.02,1
40,Ivan Wahyudi,M,32,30-40,7,Senior Staff,Operations,Efficiency,68.93571428571428,7,6,80.0,86.16964285714286,1
40,Ivan Wahyudi,M,32,30-40,7,Senior Staff,Operations,Finance,66.814,10,5,82.0,81.48048780487804,1
40,Ivan Wahyudi,M,32,30-40,7,Senior Staff,Operations,HR,72.646875,16,6,88.0,82.55326704545453,1
40,Ivan Wahyudi,M,32,30-40,7,Senior Staff,Operations,Innovation,68.60333333333334,9,6,72.0,95.28240740740742,1
40,Ivan Wahyudi,M,32,30-40,7,Senior Staff,Operations,Performance,69.66142857142857,7,4,80.0,87.0767857142857,1
40,Ivan Wahyudi,M,32,30-40,7,Senior Staff,Operations,Project,70.421,10,6,78.0,90.28333333333333,1
40,Ivan Wahyudi,M,32,30-40,7,Senior Staff,Operations,Quality,67.09181818181818,22,7,85.0,78.93155080213903,1
40,Ivan Wahyudi,M,32,30-40,7,Senior Staff,Operations,Teamwork,74.22,4,3,83.0,89.42168674698796,1
40,Ivan Wahyudi,M,32,30-40,7,Senior Staff,Operations,Technical,69.091,10,7,82.0,84.25731707317073,1
40,Ivan Wahyudi,M,32,30-40,7,Senior Staff,Operations,Time Management,69.39999999999999,6,5,80.0,86.74999999999999,1
41,Wawan Sanjaya,M,22,20-30,4,Staff,Finance,Attendance,70.645,6,5,90.0,78.49444444444444,1
41,Wawan Sanjaya,M,22,20-30,4,Staff,Finance,Development,62.59714285714285,7,5,75.0,83.46285714285713,1
41,Wawan Sanjaya,M,22,20-30,4,Staff,Finance,Efficiency,68.01818181818182,11,7,80.0,85.02272727272728,1
41,Wawan Sanjaya,M,22,20-30,4,Staff,Finance,Finance,66.67999999999999,6,5,82.0,81.3170731707317,1
41,Wawan Sanjaya,M,22,20-30,4,Staff,Finance,HR,67.266875,16,7,88.0,76.43963068181819,1
41,Wawan Sanjaya,M,22,20-30,4,Staff,Finance,Innovation,67.46,3,3,72.0,93.69444444444443,1
41,Wawan Sanjaya,M,22,20-30,4,Staff,Finance,Performance,69.636,5,4,80.0,87.04499999999999,1
41,Wawan Sanjaya,M,22,20-30,4,Staff,Finance,Project,64.04285714285713,7,5,78.0,82.10622710622708,1
41,Wawan Sanjaya,M,22,20-30,4,Staff,Finance,Quality,64.47043478260869,23,7,85.0,75.84757033248081,1
41,Wawan Sanjaya,M,22,20-30,4,Staff,Finance,Teamwork,70.53777777777778,9,5,83.0,84.98527443105756,1
41,Wawan Sanjaya,M,22,20-30,4,Staff,Finance,Technical,67.81833333333333,6,5,82.0,82.70528455284553,1
41,Wawan Sanjaya,M,22,20-30,4,Staff,Finance,Time Management,66.14444444444445,9,6,80.0,82.68055555555556,1
42,Andi Anggraini,M,37,30-40,8,Manager,Human Resources,Attendance,95.3475,4,4,90.0,105.94166666666666,0
42,Andi Anggraini,M,37,30-40,8,Manager,Human Resources,Development,89.35125,8,6,75.0,119.135,0
42,Andi Anggraini,M,37,30-40,8,Manager,Human Resources,Efficiency,89.015,6,4,80.0,111.26875,0
42,Andi Anggraini,M,37,30-40,8,Manager,Human Resources,Finance,90.2,7,5,82.0,110.0,0
42,Andi Anggraini,M,37,30-40,8,Manager,Human Resources,HR,92.429,10,7,88.0,105.03295454545454,0
42,Andi Anggraini,M,37,30-40,8,Manager,Human Resources,Innovation,89.03428571428572,7,6,72.0,120.0,0
42,Andi Anggraini,M,37,30-40,8,Manager,Human Resources,Performance,91.74545454545455,11,7,80.0,114.6818181818182,0
42,Andi Anggraini,M,37,30-40,8,Manager,Human Resources,Project,91.47,5,5,78.0,117.26923076923077,0
42,Andi Anggraini,M,37,30-40,8,Manager,Human Resources,Quality,88.29368421052631,19,7,85.0,103.8749226006192,0
42,Andi Anggraini,M,37,30-40,8,Manager,Human Resources,Teamwork,91.9475,4,2,83.0,110.78012048192771,0
42,Andi Anggraini,M,37,30-40,8,Manager,Human Resources,Technical,91.03833333333334,6,6,82.0,111.02235772357724,0
42,Andi Anggraini,M,37,30-40,8,Manager,Human Resources,Time Management,94.245,4,3,80.0,117.80625,0
43,Dina Saputra,F,39,30-40,6,Manager,IT,Attendance,98.0,7,6,90.0,108.88888888888889,0
43,Dina Saputra,F,39,30-40,6,Manager,IT,Development,95.14666666666666,6,5,75.0,120.0,0
43,Dina Saputra,F,39,30-40,6,Manager,IT,Efficiency,95.60333333333334,6,4,80.0,119.50416666666668,0
43,Dina Saputra,F,39,30-40,6,Manager,IT,Finance,95.6475,4,3,82.0,116.64329268292683,0
43,Dina Saputra,F,39,30-40,6,Manager,IT,HR,96.80999999999999,14,7,88.0,110.01136363636361,0
43,Dina Saputra,F,39,30-40,6,Manager,IT,Innovation,96.5325,4,4,72.0,120.0,0
43,Dina Saputra,F,39,30-40,6,Manager,IT,Performance,97.94800000000001,5,2,80.0,120.0,0
43,Dina Saputra,F,39,30-40,6,Manager,IT,Project,96.71428571428571,7,6,78.0,120.0,0
43,Dina Saputra,F,39,30-40,6,Manager,IT,Quality,96.72470588235294,17,7,85.0,113.79377162629757,0
43,Dina Saputra,F,39,30-40,6,Manager,IT,Teamwork,97.97833333333334,6,4,83.0,118.04618473895583,0
43,Dina Saputra,F,39,30-40,6,Manager,IT,Technical,95.83,4,3,82.0,116.86585365853658,0
43,Dina Saputra,F,39,30-40,6,Manager,IT,Time Management,97.2075,4,4,80.0,120.0,0
44,Putri Utama,F,36,30-40,6,Manager,Human Resources,Attendance,93.67,8,5,90.0,104.07777777777778,0
44,Putri Utama,F,36,30-40,6,Manager,Human Resources,Development,84.865,8,5,75.0,113.15333333333334,0
44,Putri Utama,F,36,30-40,6,Manager,Human Resources,Efficiency,90.71428571428571,7,4,80.0,113.39285714285714,0
44,Putri Utama,F,36,30-40,6,Manager,Human Resources,Finance,88.07000000000001,8,5,82.0,107.40243902439025,0
44,Putri Utama,F,36,30-40,6,Manager,Human Resources,HR,91.0529411764706,17,7,88.0,103.46925133689841,0
44,Putri Utama,F,36,30-40,6,Manager,Human Resources,Innovation,87.855,6,5,72.0,120.0,0
44,Putri Utama,F,36,30-40,6,Manager,Human Resources,Performance,91.32333333333334,6,5,80.0,114.15416666666667,0
44,Putri Utama,F,36,30-40,6,Manager,Human Resources,Project,89.88,8,6,78.0,115.23076923076923,0
44,Putri Utama,F,36,30-40,6,Manager,Human Resources,Quality,87.98818181818181,22,7,85.0,103.51550802139037,0
44,Putri Utama,F,36,30-40,6,Manager,Human Resources,Teamwork,90.96777777777778,9,6,83.0,109.59973226238289,0
44,Putri Utama,F,36,30-40,6,Manager,Human Resources,Technical,88.955,4,4,82.0,108.48170731707317,0
44,Putri Utama,F,36,30-40,6,Manager,Human Resources,Time Management,89.31714285714285,7,6,80.0,111.64642857142857,0
45,Chandra Pratama,F,30,20-30,2,Staff,Finance,Attendance,71.85,4,4,90.0,79.83333333333333,1
45,Chandra Pratama,F,30,20-30,2,Staff,Finance,Development,64.835,6,6,75.0,86.44666666666666,1
45,Chandra Pratama,F,30,20-30,2,Staff,Finance,Efficiency,64.67500000000001,4,3,80.0,80.84375000000001,1
45,Chandra Pratama,F,30,20-30,2,Staff,Finance,Finance,62.784285714285716,7,6,82.0,76.56620209059234,1
45,Chandra Pratama,F,30,20-30,2,Staff,Finance,HR,66.95727272727272,11,6,88.0,76.08780991735536,1
45,Chandra Pratama,F,30,20-30,2,Staff,Finance,Innovation,62.772000000000006,5,4,72.0,87.18333333333334,1
45,Chandra Pratama,F,30,20-30,2,Staff,Finance,Performance,70.195,4,4,80.0,87.74374999999999,1
45,Chandra Pratama,F,30,20-30,2,Staff,Finance,Project,65.03,6,5,78.0,83.37179487179488,1
45,Chandra Pratama,F,30,20-30,2,Staff,Finance,Quality,65.715,14,7,85.0,77.31176470588235,1
45,Chandra Pratama,F,30,20-30,2,Staff,Finance,Teamwork,67.166,5,5,83.0,80.92289156626505,1
45,Chandra Pratama,F,30,20-30,2,Staff,Finance,Technical,63.0575,4,4,82.0,76.89939024390245,1
45,Chandra Pratama,F,30,20-30,2,Staff,Finance,Time Management,62.3575,4,3,80.0,77.946875,1
46,Gita Hidayat,M,32,30-40,10,Manager,IT,Attendance,98.0,6,5,90.0,108.88888888888889,0
46,Gita Hidayat,M,32,30-40,10,Manager,IT,Development,98.0,4,3,75.0,120.0,0
46,Gita Hidayat,M,32,30-40,10,Manager,IT,Efficiency,98.0,6,5,80.0,120.0,0
46,Gita Hidayat,M,32,30-40,10,Manager,IT,Finance,96.90833333333335,6,5,82.0,118.1808943089431,0
46,Gita Hidayat,M,32,30-40,10,Manager,IT,HR,98.0,11,6,88.0,111.36363636363636,0
46,Gita Hidayat,M,32,30-40,10,Manager,IT,Innovation,97.22,5,5,72.0,120.0,0
46,Gita Hidayat,M,32,30-40,10,Manager,IT,Performance,97.68,9,5,80.0,120.0,0
46,Gita Hidayat,M,32,30-40,10,Manager,IT,Project,97.93111111111111,9,6,78.0,120.0,0
46,Gita Hidayat,M,32,30-40,10,Manager,IT,Quality,97.7257894736842,19,8,85.0,114.97151702786377,0
46,Gita Hidayat,M,32,30-40,10,Manager,IT,Teamwork,98.0,7,3,83.0,118.07228915662651,0
46,Gita Hidayat,M,32,30-40,10,Manager,IT,Technical,98.0,6,5,82.0,119.51219512195122,0
46,Gita Hidayat,M,32,30-40,10,Manager,IT,Time Management,97.86714285714287,7,6,80.0,120.0,0
47,Oscar Pratama,F,25,20-30,2,Staff,Marketing,Attendance,66.66499999999999,2,2,90.0,74.07222222222221,1
47,Oscar Pratama,F,25,20-30,2,Staff,Marketing,Development,61.25599999999999,5,4,75.0,81.67466666666665,1
47,Oscar Pratama,F,25,20-30,2,Staff,Marketing,Efficiency,67.934,5,5,80.0,84.91749999999999,1
47,Oscar Pratama,F,25,20-30,2,Staff,Marketing,Finance,66.03666666666668,3,2,82.0,80.53252032520327,1
47,Oscar Pratama,F,25,20-30,2,Staff,Marketing,HR,64.83444444444444,9,6,88.0,73.67550505050505,1
47,Oscar Pratama,F,25,20-30,2,Staff,Marketing,Innovation,60.66799999999999,5,5,72.0,84.2611111111111,1
47,Oscar Pratama,F,25,20-30,2,Staff,Marketing,Performance,63.35999999999999,3,3,80.0,79.19999999999999,1
47,Oscar Pratama,F,25,20-30,2,Staff,Marketing,Project,66.72,3,2,78.0,85.53846153846153,1
47,Oscar Pratama,F,25,20-30,2,Staff,Marketing,Quality,63.998823529411766,17,6,85.0,75.29273356401384,1
47,Oscar Pratama,F,25,20-30,2,Staff,Marketing,Teamwork,68.09666666666668,3,2,83.0,82.04417670682733,1
47,Oscar Pratama,F,25,20-30,2,Staff,Marketing,Technical,64.35,4,3,82.0,78.47560975609755,1
47,Oscar Pratama,F,25,20-30,2,Staff,Marketing,Time Management,66.20285714285714,7,5,80.0,82.75357142857142,1
48,Ivan Hidayat,M,25,20-30,2,Staff,Procurement,Attendance,64.90833333333333,6,4,90.0,72.12037037037037,1
48,Ivan Hidayat,M,25,20-30,2,Staff,Procurement,Development,57.76,7,5,75.0,77.01333333333334,1
48,Ivan Hidayat,M,25,20-30,2,Staff,Procurement,Efficiency,62.54875,8,5,80.0,78.1859375,1
48,Ivan Hidayat,M,25,20-30,2,Staff,Procurement,Finance,57.323750000000004,8,7,82.0,69.90701219512195,1
48,Ivan Hidayat,M,25,20-30,2,Staff,Procurement,HR,62.15333333333333,15,8,88.0,70.62878787878788,1
48,Ivan Hidayat,M,25,20-30,2,Staff,Procurement,Innovation,58.35857142857143,7,5,72.0,81.05357142857143,1
48,Ivan Hidayat,M,25,20-30,2,Staff,Procurement,Performance,61.57666666666666,3,2,80.0,76.97083333333333,1
48,Ivan Hidayat,M,25,20-30,2,Staff,Procurement,Project,61.70666666666667,6,5,78.0,79.11111111111111,1
48,Ivan Hidayat,M,25,20-30,2,Staff,Procurement,Quality,59.5635,20,6,85.0,70.07470588235293,1
48,Ivan Hidayat,M,25,20-30,2,Staff,Procurement,Teamwork,63.5275,8,6,83.0,76.53915662650603,1
48,Ivan Hidayat,M,25,20-30,2,Staff,Procurement,Technical,61.99,4,3,82.0,75.59756097560975,1
48,Ivan Hidayat,M,25,20-30,2,Staff,Procurement,Time Management,59.55,8,6,80.0,74.4375,1
49,Citra Anggraini,F,25,20-30,1,Staff,Research & Development,Attendance,57.385714285714286,7,5,90.0,63.76190476190476,1
49,Citra Anggraini,F,25,20-30,1,Staff,Research & Development,Development,48.22,11,7,75.0,64.29333333333334,1
49,Citra Anggraini,F,25,20-30,1,Staff,Research & Development,Efficiency,54.31428571428571,7,6,80.0,67.89285714285714,1
49,Citra Anggraini,F,25,20-30,1,Staff,Research & Development,Finance,48.848571428571425,7,6,82.0,59.57142857142856,1
49,Citra Anggraini,F,25,20-30,1,Staff,Research & Development,HR,55.48615384615385,13,7,88.0,63.05244755244755,1
49,Citra Anggraini,F,25,20-30,1,Staff,Research & Development,Innovation,51.47833333333333,6,5,72.0,71.49768518518518,1
49,Citra Anggraini,F,25,20-30,1,Staff,Research & Development,Performance,52.80833333333334,6,4,80.0,66.01041666666667,1
49,Citra Anggraini,F,25,20-30,1,Staff,Research & Development,Project,54.644285714285715,7,5,78.0,70.05677655677655,1
49,Citra Anggraini,F,25,20-30,1,Staff,Research & Development,Quality,49.682105263157894,19,8,85.0,58.44953560371517,1
49,Citra Anggraini,F,25,20-30,1,Staff,Research & Development,Teamwork,54.787,10,8,83.0,66.00843373493976,1
49,Citra Anggraini,F,25,20-30,1,Staff,Research & Development,Technical,55.138571428571424,7,4,82.0,67.24216027874564,1
49,Citra Anggraini,F,25,20-30,1,Staff,Research & Development,Time Management,50.48,8,6,80.0,63.1,1
50,Hendra Hidayat,F,27,20-30,1,Staff,Research & Development,Attendance,55.345555555555556,9,6,90.0,61.495061728395065,1
50,Hendra Hidayat,F,27,20-30,1,Staff,Research & Development,Development,46.86857142857143,7,4,75.0,62.49142857142858,1
50,Hendra Hidayat,F,27,20-30,1,Staff,Research & Development,Efficiency,50.54333333333333,3,3,80.0,63.17916666666666,1
50,Hendra Hidayat,F,27,20-30,1,Staff,Research & Development,Finance,49.71857142857142,7,6,82.0,60.63240418118466,1
50,Hendra Hidayat,F,27,20-30,1,Staff,Research & Development,HR,54.52272727272727,11,6,88.0,61.95764462809917,1
50,Hendra Hidayat,F,27,20-30,1,Staff,Research & Development,Innovation,49.424,10,6,72.0,68.64444444444445,1
50,Hendra Hidayat,F,27,20-30,1,Staff,Research & Development,Performance,52.11166666666666,6,5,80.0,65.13958333333332,1
50,Hendra Hidayat,F,27,20-30,1,Staff,Research & Development,Project,47.49875,8,6,78.0,60.895833333333336,1
50,Hendra Hidayat,F,27,20-30,1,Staff,Research & Development,Quality,50.42478260869565,23,7,85.0,59.323273657289,1
50,Hendra Hidayat,F,27,20-30,1,Staff,Research & Development,Teamwork,52.59285714285714,7,5,83.0,63.36488812392426,1
50,Hendra Hidayat,F,27,20-30,1,Staff,Research & Development,Technical,50.94375,8,5,82.0,62.1265243902439,1
50,Hendra Hidayat,F,27,20-30,1,Staff,Research & Development,Time Management,50.804,5,3,80.0,63.50500000000001,1
51,Miko Susanto,F,25,20-30,2,Staff,Design,Attendance,68.75285714285714,7,5,90.0,76.39206349206349,1
51,Miko Susanto,F,25,20-30,2,Staff,Design,Development,60.249,10,6,75.0,80.33200000000001,1
51,Miko Susanto,F,25,20-30,2,Staff,Design,Efficiency,65.045,4,4,80.0,81.30625,1
51,Miko Susanto,F,25,20-30,2,Staff,Design,Finance,59.095,6,4,82.0,72.0670731707317,1
51,Miko Susanto,F,25,20-30,2,Staff,Design,HR,66.38833333333334,12,6,88.0,75.44128787878789,1
51,Miko Susanto,F,25,20-30,2,Staff,Design,Innovation,59.30800000000001,5,4,72.0,82.37222222222223,1
51,Miko Susanto,F,25,20-30,2,Staff,Design,Performance,64.10666666666667,6,5,80.0,80.13333333333334,1
51,Miko Susanto,F,25,20-30,2,Staff,Design,Project,62.057500000000005,4,4,78.0,79.56089743589743,1
51,Miko Susanto,F,25,20-30,2,Staff,Design,Quality,62.46047619047619,21,6,85.0,73.48291316526611,1
51,Miko Susanto,F,25,20-30,2,Staff,Design,Teamwork,67.104,5,4,83.0,80.84819277108433,1
51,Miko Susanto,F,25,20-30,2,Staff,Design,Technical,67.64,7,6,82.0,82.48780487804878,1
51,Miko Susanto,F,25,20-30,2,Staff,Design,Time Management,64.86833333333333,6,6,80.0,81.08541666666665,1
52,Umar Ardiansyah,F,23,20-30,5,Staff,Operations,Attendance,72.16857142857143,7,7,90.0,80.18730158730158,1
52,Umar Ardiansyah,F,23,20-30,5,Staff,Operations,Development,62.092222222222226,9,7,75.0,82.78962962962963,1
52,Umar Ardiansyah,F,23,20-30,5,Staff,Operations,Efficiency,69.61555555555555,9,6,80.0,87.01944444444443,1
52,Umar Ardiansyah,F,23,20-30,5,Staff,Operations,Finance,66.202,5,3,82.0,80.73414634146341,1
52,Umar Ardiansyah,F,23,20-30,5,Staff,Operations,HR,67.5776923076923,13,7,88.0,76.79283216783216,1
52,Umar Ardiansyah,F,23,20-30,5,Staff,Operations,Innovation,62.574999999999996,6,5,72.0,86.90972222222223,1
52,Umar Ardiansyah,F,23,20-30,5,Staff,Operations,Performance,65.76818181818182,11,6,80.0,82.21022727272728,1
52,Umar Ardiansyah,F,23,20-30,5,Staff,Operations,Project,67.94500000000001,6,6,78.0,87.10897435897436,1
52,Umar Ardiansyah,F,23,20-30,5,Staff,Operations,Quality,66.0103125,32,8,85.0,77.65919117647059,1
52,Umar Ardiansyah,F,23,20-30,5,Staff,Operations,Teamwork,65.1425,12,7,83.0,78.48493975903614,1
52,Umar Ardiansyah,F,23,20-30,5,Staff,Operations,Technical,69.63,5,4,82.0,84.91463414634147,1
52,Umar Ardiansyah,F,23,20-30,5,Staff,Operations,Time Management,65.41181818181818,11,7,80.0,81.76477272727273,1
53,Chandra Utama,F,42,40-50,8,Senior Manager,Design,Attendance,98.0,7,6,90.0,108.88888888888889,0
53,Chandra Utama,F,42,40-50,8,Senior Manager,Design,Development,97.92555555555556,9,7,75.0,120.0,0
53,Chandra Utama,F,42,40-50,8,Senior Manager,Design,Efficiency,98.0,8,6,80.0,120.0,0
53,Chandra Utama,F,42,40-50,8,Senior Manager,Design,Finance,97.76625,8,6,82.0,119.22713414634147,0
53,Chandra Utama,F,42,40-50,8,Senior Manager,Design,HR,98.0,10,6,88.0,111.36363636363636,0
53,Chandra Utama,F,42,40-50,8,Senior Manager,Design,Innovation,97.135,4,4,72.0,120.0,0
53,Chandra Utama,F,42,40-50,8,Senior Manager,Design,Performance,97.76142857142858,7,6,80.0,120.0,0
53,Chandra Utama,F,42,40-50,8,Senior Manager,Design,Project,98.0,5,5,78.0,120.0,0
53,Chandra Utama,F,42,40-50,8,Senior Manager,Design,Quality,97.69105263157896,19,7,85.0,114.93065015479877,0
53,Chandra Utama,F,42,40-50,8,Senior Manager,Design,Teamwork,98.0,9,6,83.0,118.07228915662651,0
53,Chandra Utama,F,42,40-50,8,Senior Manager,Design,Technical,98.0,3,2,82.0,119.51219512195122,0
53,Chandra Utama,F,42,40-50,8,Senior Manager,Design,Time Management,98.0,8,6,80.0,120.0,0
54,Nina Nugroho,F,42,40-50,12,Director,Research & Development,Attendance,98.0,10,6,90.0,108.88888888888889,0
54,Nina Nugroho,F,42,40-50,12,Director,Research & Development,Development,98.0,6,4,75.0,120.0,0
54,Nina Nugroho,F,42,40-50,12,Director,Research & Development,Efficiency,98.0,12,8,80.0,120.0,0
54,Nina Nugroho,F,42,40-50,12,Director,Research & Development,Finance,98.0,7,6,82.0,119.51219512195122,0
54,Nina Nugroho,F,42,40-50,12,Director,Research & Development,HR,98.0,14,8,88.0,111.36363636363636,0
54,Nina Nugroho,F,42,40-50,12,Director,Research & Development,Innovation,98.0,7,4,72.0,120.0,0
54,Nina Nugroho,F,42,40-50,12,Director,Research & Development,Performance,98.0,5,4,80.0,120.0,0
54,Nina Nugroho,F,42,40-50,12,Director,Research & Development,Project,98.0,11,8,78.0,120.0,0
54,Nina Nugroho,F,42,40-50,12,Director,Research & Development,Quality,98.0,30,8,85.0,115.29411764705883,0
54,Nina Nugroho,F,42,40-50,12,Director,Research & Development,Teamwork,98.0,12,7,83.0,118.07228915662651,0
54,Nina Nugroho,F,42,40-50,12,Director,Research & Development,Technical,98.0,9,6,82.0,119.51219512195122,0
54,Nina Nugroho,F,42,40-50,12,Director,Research & Development,Time Management,98.0,5,4,80.0,120.0,0
55,Galih Wibowo,F,31,30-40,3,Staff,Finance,Attendance,67.98375,8,7,90.0,75.5375,1
55,Galih Wibowo,F,31,30-40,3,Staff,Finance,Development,62.150000000000006,9,7,75.0,82.86666666666667,1
55,Galih Wibowo,F,31,30-40,3,Staff,Finance,Efficiency,64.52333333333333,6,3,80.0,80.65416666666667,1
55,Galih Wibowo,F,31,30-40,3,Staff,Finance,Finance,60.26875,8,5,82.0,73.4984756097561,1
55,Galih Wibowo,F,31,30-40,3,Staff,Finance,HR,65.93666666666667,15,7,88.0,74.92803030303031,1
55,Galih Wibowo,F,31,30-40,3,Staff,Finance,Innovation,62.684285714285714,7,5,72.0,87.06150793650794,1
55,Galih Wibowo,F,31,30-40,3,Staff,Finance,Performance,66.30888888888889,9,6,80.0,82.8861111111111,1
55,Galih Wibowo,F,31,30-40,3,Staff,Finance,Project,65.19636363636363,11,7,78.0,83.58508158508158,1
55,Galih Wibowo,F,31,30-40,3,Staff,Finance,Quality,62.510799999999996,25,7,85.0,73.54211764705882,1
55,Galih Wibowo,F,31,30-40,3,Staff,Finance,Teamwork,68.43166666666667,6,6,83.0,82.44779116465864,1
55,Galih Wibowo,F,31,30-40,3,Staff,Finance,Technical,62.99636363636364,11,7,82.0,76.82483370288249,1
55,Galih Wibowo,F,31,30-40,3,Staff,Finance,Time Management,67.01375,8,5,80.0,83.7671875,1
56,Umar Kusuma,M,34,30-40,9,Manager,Marketing,Attendance,97.602,5,4,90.0,108.44666666666667,0
56,Umar Kusuma,M,34,30-40,9,Manager,Marketing,Development,92.81142857142858,7,6,75.0,120.0,0
56,Umar Kusuma,M,34,30-40,9,Manager,Marketing,Efficiency,97.07222222222222,9,7,80.0,120.0,0
56,Umar Kusuma,M,34,30-40,9,Manager,Marketing,Finance,96.19,6,5,82.0,117.3048780487805,0
56,Umar Kusuma,M,34,30-40,9,Manager,Marketing,HR,97.055,18,7,88.0,110.28977272727273,0
56,Umar Kusuma,M,34,30-40,9,Manager,Marketing,Innovation,95.368,5,4,72.0,120.0,0
56,Umar Kusuma,M,34,30-40,9,Manager,Marketing,Performance,97.5175,8,4,80.0,120.0,0
56,Umar Kusuma,M,34,30-40,9,Manager,Marketing,Project,96.51599999999999,5,4,78.0,120.0,0
56,Umar Kusuma,M,34,30-40,9,Manager,Marketing,Quality,95.6676923076923,26,8,85.0,112.55022624434389,0
56,Umar Kusuma,M,34,30-40,9,Manager,Marketing,Teamwork,98.0,7,5,83.0,118.07228915662651,0
56,Umar Kusuma,M,34,30-40,9,Manager,Marketing,Technical,94.56,4,4,82.0,115.3170731707317,0
56,Umar Kusuma,M,34,30-40,9,Manager,Marketing,Time Management,96.92384615384616,13,7,80.0,120.0,0
57,Fitri Nugroho,F,29,20-30,5,Staff,Research & Development,Attendance,77.67166666666667,6,5,90.0,86.30185185185185,1
57,Fitri Nugroho,F,29,20-30,5,Staff,Research & Development,Development,68.01875,8,5,75.0,90.69166666666666,1
57,Fitri Nugroho,F,29,20-30,5,Staff,Research & Development,Efficiency,71.72500000000001,6,6,80.0,89.65625000000001,1
57,Fitri Nugroho,F,29,20-30,5,Staff,Research & Development,Finance,72.02142857142857,7,5,82.0,87.83101045296166,1
57,Fitri Nugroho,F,29,20-30,5,Staff,Research & Development,HR,73.083,10,6,88.0,83.04886363636363,1
57,Fitri Nugroho,F,29,20-30,5,Staff,Research & Development,Innovation,65.92750000000001,4,3,72.0,91.56597222222223,1
57,Fitri Nugroho,F,29,20-30,5,Staff,Research & Development,Performance,72.56142857142858,7,5,80.0,90.70178571428572,1
57,Fitri Nugroho,F,29,20-30,5,Staff,Research & Development,Project,72.774,5,3,78.0,93.3,1
57,Fitri Nugroho,F,29,20-30,5,Staff,Research & Development,Quality,70.77894736842104,19,8,85.0,83.26934984520122,1
57,Fitri Nugroho,F,29,20-30,5,Staff,Research & Development,Teamwork,78.322,5,3,83.0,94.36385542168675,1
57,Fitri Nugroho,F,29,20-30,5,Staff,Research & Development,Technical,70.894,5,5,82.0,86.45609756097562,1
57,Fitri Nugroho,F,29,20-30,5,Staff,Research & Development,Time Management,66.53,4,4,80.0,83.1625,1
58,Andi Sanjaya,M,28,20-30,4,Staff,Human Resources,Attendance,70.15875,8,7,90.0,77.95416666666667,1
58,Andi Sanjaya,M,28,20-30,4,Staff,Human Resources,Development,64.30428571428571,7,6,75.0,85.73904761904762,1
58,Andi Sanjaya,M,28,20-30,4,Staff,Human Resources,Efficiency,67.71000000000001,5,4,80.0,84.63750000000002,1
58,Andi Sanjaya,M,28,20-30,4,Staff,Human Resources,Finance,64.275,4,4,82.0,78.38414634146342,1
58,Andi Sanjaya,M,28,20-30,4,Staff,Human Resources,HR,66.28,11,6,88.0,75.31818181818181,1
58,Andi Sanjaya,M,28,20-30,4,Staff,Human Resources,Innovation,60.277499999999996,8,6,72.0,83.71875,1
58,Andi Sanjaya,M,28,20-30,4,Staff,Human Resources,Performance,62.79200000000001,5,4,80.0,78.49000000000001,1
58,Andi Sanjaya,M,28,20-30,4,Staff,Human Resources,Project,62.72666666666667,3,2,78.0,80.41880341880342,1
58,Andi Sanjaya,M,28,20-30,4,Staff,Human Resources,Quality,62.59875,16,7,85.0,73.64558823529411,1
58,Andi Sanjaya,M,28,20-30,4,Staff,Human Resources,Teamwork,68.424,5,4,83.0,82.43855421686747,1
58,Andi Sanjaya,M,28,20-30,4,Staff,Human Resources,Technical,63.24,3,3,82.0,77.1219512195122,1
58,Andi Sanjaya,M,28,20-30,4,Staff,Human Resources,Time Management,60.06333333333333,3,3,80.0,75.07916666666667,1
59,Putri Anggraini,F,35,30-40,10,Manager,Legal,Attendance,96.5975,8,7,90.0,107.33055555555555,0
59,Putri Anggraini,F,35,30-40,10,Manager,Legal,Development,89.97285714285714,7,6,75.0,119.96380952380952,0
59,Putri Anggraini,F,35,30-40,10,Manager,Legal,Efficiency,90.745,8,8,80.0,113.43125,0
59,Putri Anggraini,F,35,30-40,10,Manager,Legal,Finance,90.93125,8,4,82.0,110.89176829268293,0
59,Putri Anggraini,F,35,30-40,10,Manager,Legal,HR,92.30333333333334,9,7,88.0,104.89015151515152,0
59,Putri Anggraini,F,35,30-40,10,Manager,Legal,Innovation,87.305,8,6,72.0,120.0,0
59,Putri Anggraini,F,35,30-40,10,Manager,Legal,Performance,93.26285714285714,7,7,80.0,116.57857142857142,0
59,Putri Anggraini,F,35,30-40,10,Manager,Legal,Project,94.12285714285714,7,4,78.0,120.0,0
59,Putri Anggraini,F,35,30-40,10,Manager,Legal,Quality,91.56736842105263,19,7,85.0,107.72631578947369,0
59,Putri Anggraini,F,35,30-40,10,Manager,Legal,Teamwork,91.32666666666667,6,5,83.0,110.03212851405621,0
59,Putri Anggraini,F,35,30-40,10,Manager,Legal,Technical,93.52000000000001,2,2,82.0,114.0487804878049,0
59,Putri Anggraini,F,35,30-40,10,Manager,Legal,Time Management,90.814,5,4,80.0,113.5175,0
60,Erik Maharani,F,29,20-30,1,Staff,Procurement,Attendance,50.9,2,2,90.0,56.55555555555556,1
60,Erik Maharani,F,29,20-30,1,Staff,Procurement,Development,48.06333333333333,3,2,75.0,64.08444444444444,1
60,Erik Maharani,F,29,20-30,1,Staff,Procurement,Efficiency,48.90166666666667,6,5,80.0,61.12708333333334,1
60,Erik Maharani,F,29,20-30,1,Staff,Procurement,Finance,43.98333333333333,6,4,82.0,53.638211382113816,1
60,Erik Maharani,F,29,20-30,1,Staff,Procurement,HR,50.63384615384616,13,6,88.0,57.53846153846155,1
60,Erik Maharani,F,29,20-30,1,Staff,Procurement,Innovation,42.858,5,5,72.0,59.52499999999999,1
60,Erik Maharani,F,29,20-30,1,Staff,Procurement,Performance,49.471666666666664,6,5,80.0,61.83958333333332,1
60,Erik Maharani,F,29,20-30,1,Staff,Procurement,Project,49.684285714285714,7,6,78.0,63.6978021978022,1
60,Erik Maharani,F,29,20-30,1,Staff,Procurement,Quality,45.96,21,7,85.0,54.07058823529412,1
60,Erik Maharani,F,29,20-30,1,Staff,Procurement,Teamwork,50.67166666666666,6,4,83.0,61.050200803212846,1
60,Erik Maharani,F,29,20-30,1,Staff,Procurement,Technical,48.174,5,5,82.0,58.74878048780487,1
60,Erik Maharani,F,29,20-30,1,Staff,Procurement,Time Management,47.57,8,6,80.0,59.4625,1
61,Putri Putra,F,31,30-40,7,Senior Staff,Operations,Attendance,76.5575,4,4,90.0,85.06388888888888,1
61,Putri Putra,F,31,30-40,7,Senior Staff,Operations,Development,70.54714285714286,7,4,75.0,94.06285714285715,1
61,Putri Putra,F,31,30-40,7,Senior Staff,Operations,Efficiency,68.21428571428571,7,6,80.0,85.26785714285714,1
61,Putri Putra,F,31,30-40,7,Senior Staff,Operations,Finance,65.0575,8,4,82.0,79.33841463414635,1
61,Putri Putra,F,31,30-40,7,Senior Staff,Operations,HR,66.59375,8,4,88.0,75.6747159090909,1
61,Putri Putra,F,31,30-40,7,Senior Staff,Operations,Innovation,65.56571428571428,7,6,72.0,91.06349206349205,1
61,Putri Putra,F,31,30-40,7,Senior Staff,Operations,Performance,68.52,3,2,80.0,85.65,1
61,Putri Putra,F,31,30-40,7,Senior Staff,Operations,Project,68.78,6,4,78.0,88.17948717948718,1
61,Putri Putra,F,31,30-40,7,Senior Staff,Operations,Quality,67.89818181818181,22,8,85.0,79.88021390374331,1
61,Putri Putra,F,31,30-40,7,Senior Staff,Operations,Teamwork,71.18100000000001,10,6,83.0,85.76024096385544,1
61,Putri Putra,F,31,30-40,7,Senior Staff,Operations,Technical,69.2125,8,5,82.0,84.40548780487806,1
61,Putri Putra,F,31,30-40,7,Senior Staff,Operations,Time Management,71.66600000000001,5,4,80.0,89.58250000000001,1
62,Tono Kusuma,F,23,20-30,3,Staff,Operations,Attendance,67.75,5,4,90.0,75.27777777777777,1
62,Tono Kusuma,F,23,20-30,3,Staff,Operations,Development,61.888,5,4,75.0,82.51733333333334,1
62,Tono Kusuma,F,23,20-30,3,Staff,Operations,Efficiency,65.612,5,4,80.0,82.015,1
62,Tono Kusuma,F,23,20-30,3,Staff,Operations,Finance,64.167,10,7,82.0,78.25243902439024,1
62,Tono Kusuma,F,23,20-30,3,Staff,Operations,HR,70.55571428571429,14,6,88.0,80.17694805194805,1
62,Tono Kusuma,F,23,20-30,3,Staff,Operations,Innovation,58.83125,8,5,72.0,81.71006944444444,1
62,Tono Kusuma,F,23,20-30,3,Staff,Operations,Performance,62.1375,8,6,80.0,77.671875,1
62,Tono Kusuma,F,23,20-30,3,Staff,Operations,Project,62.3125,8,5,78.0,79.88782051282051,1
62,Tono Kusuma,F,23,20-30,3,Staff,Operations,Quality,61.43961538461539,26,8,85.0,72.2819004524887,1
62,Tono Kusuma,F,23,20-30,3,Staff,Operations,Teamwork,67.605,6,4,83.0,81.45180722891567,1
62,Tono Kusuma,F,23,20-30,3,Staff,Operations,Technical,64.536,5,5,82.0,78.70243902439024,1
62,Tono Kusuma,F,23,20-30,3,Staff,Operations,Time Management,64.725,2,2,80.0,80.90624999999999,1
63,Oscar Hidayat,M,24,20-30,3,Staff,Finance,Attendance,67.98833333333333,6,4,90.0,75.54259259259258,1
63,Oscar Hidayat,M,24,20-30,3,Staff,Finance,Development,62.99555555555556,9,8,75.0,83.99407407407409,1
63,Oscar Hidayat,M,24,20-30,3,Staff,Finance,Efficiency,65.94,8,6,80.0,82.425,1
63,Oscar Hidayat,M,24,20-30,3,Staff,Finance,Finance,65.5190909090909,11,7,82.0,79.90133037694014,1
63,Oscar Hidayat,M,24,20-30,3,Staff,Finance,HR,66.67699999999999,20,8,88.0,75.76931818181816,1
63,Oscar Hidayat,M,24,20-30,3,Staff,Finance,Innovation,63.50599999999999,10,6,72.0,88.20277777777777,1
63,Oscar Hidayat,M,24,20-30,3,Staff,Finance,Performance,66.36625,8,7,80.0,82.95781249999999,1
63,Oscar Hidayat,M,24,20-30,3,Staff,Finance,Project,65.63307692307693,13,5,78.0,84.14497041420118,1
63,Oscar Hidayat,M,24,20-30,3,Staff,Finance,Quality,63.08041666666667,24,8,85.0,74.21225490196079,1
63,Oscar Hidayat,M,24,20-30,3,Staff,Finance,Teamwork,68.78099999999999,10,6,83.0,82.86867469879518,1
63,Oscar Hidayat,M,24,20-30,3,Staff,Finance,Technical,66.5109090909091,11,6,82.0,81.1108647450111,1
63,Oscar Hidayat,M,24,20-30,3,Staff,Finance,Time Management,70.8442857142857,7,6,80.0,88.55535714285713,1
64,Chandra Santoso,F,31,30-40,4,Staff,Marketing,Attendance,69.58428571428571,7,4,90.0,77.31587301587302,1
64,Chandra Santoso,F,31,30-40,4,Staff,Marketing,Development,66.825,6,5,75.0,89.1,1
64,Chandra Santoso,F,31,30-40,4,Staff,Marketing,Efficiency,67.96181818181819,11,6,80.0,84.95227272727274,1
64,Chandra Santoso,F,31,30-40,4,Staff,Marketing,Finance,65.51166666666667,6,5,82.0,79.89227642276423,1
64,Chandra Santoso,F,31,30-40,4,Staff,Marketing,HR,70.02833333333334,12,4,88.0,79.57765151515152,1
64,Chandra Santoso,F,31,30-40,4,Staff,Marketing,Innovation,65.61699999999999,10,7,72.0,91.13472222222221,1
64,Chandra Santoso,F,31,30-40,4,Staff,Marketing,Performance,67.07142857142857,7,4,80.0,83.83928571428571,1
64,Chandra Santoso,F,31,30-40,4,Staff,Marketing,Project,67.09666666666666,9,6,78.0,86.02136752136751,1
64,Chandra Santoso,F,31,30-40,4,Staff,Marketing,Quality,64.5591304347826,23,8,85.0,75.95191815856776,1
64,Chandra Santoso,F,31,30-40,4,Staff,Marketing,Teamwork,68.82636363636364,11,7,83.0,82.92332968236583,1
64,Chandra Santoso,F,31,30-40,4,Staff,Marketing,Technical,67.06666666666666,9,6,82.0,81.78861788617886,1
64,Chandra Santoso,F,31,30-40,4,Staff,Marketing,Time Management,68.8425,4,4,80.0,86.053125,1
65,Agus Wahyudi,F,38,30-40,8,Manager,IT,Attendance,98.0,5,3,90.0,108.88888888888889,0
65,Agus Wahyudi,F,38,30-40,8,Manager,IT,Development,96.5425,8,5,75.0,120.0,0
65,Agus Wahyudi,F,38,30-40,8,Manager,IT,Efficiency,98.0,5,4,80.0,120.0,0
65,Agus Wahyudi,F,38,30-40,8,Manager,IT,Finance,97.12888888888888,9,7,82.0,118.44986449864498,0
65,Agus Wahyudi,F,38,30-40,8,Manager,IT,HR,97.482,10,6,88.0,110.775,0
65,Agus Wahyudi,F,38,30-40,8,Manager,IT,Innovation,97.11,5,3,72.0,120.0,0
65,Agus Wahyudi,F,38,30-40,8,Manager,IT,Performance,98.0,7,3,80.0,120.0,0
65,Agus Wahyudi,F,38,30-40,8,Manager,IT,Project,97.96666666666667,9,7,78.0,120.0,0
65,Agus Wahyudi,F,38,30-40,8,Manager,IT,Quality,96.20944444444444,18,8,85.0,113.18758169934641,0
65,Agus Wahyudi,F,38,30-40,8,Manager,IT,Teamwork,97.70166666666667,6,5,83.0,117.71285140562249,0
65,Agus Wahyudi,F,38,30-40,8,Manager,IT,Technical,97.24444444444445,9,6,82.0,118.59078590785909,0
65,Agus Wahyudi,F,38,30-40,8,Manager,IT,Time Management,97.69571428571429,7,5,80.0,120.0,0
66,Kevin Maharani,M,32,30-40,7,Manager,Marketing,Attendance,96.36571428571428,7,4,90.0,107.07301587301586,0
66,Kevin Maharani,M,32,30-40,7,Manager,Marketing,Development,93.14333333333333,6,6,75.0,120.0,0
66,Kevin Maharani,M,32,30-40,7,Manager,Marketing,Efficiency,94.86500000000001,6,4,80.0,118.58125,0
66,Kevin Maharani,M,32,30-40,7,Manager,Marketing,Finance,92.822,5,4,82.0,113.19756097560976,0
66,Kevin Maharani,M,32,30-40,7,Manager,Marketing,HR,96.72166666666666,18,8,88.0,109.91098484848484,0
66,Kevin Maharani,M,32,30-40,7,Manager,Marketing,Innovation,93.13333333333334,9,5,72.0,120.0,0
66,Kevin Maharani,M,32,30-40,7,Manager,Marketing,Performance,93.49166666666667,6,6,80.0,116.86458333333334,0
66,Kevin Maharani,M,32,30-40,7,Manager,Marketing,Project,94.9088888888889,9,7,78.0,120.0,0
66,Kevin Maharani,M,32,30-40,7,Manager,Marketing,Quality,93.82423076923077,26,7,85.0,110.3814479638009,0
66,Kevin Maharani,M,32,30-40,7,Manager,Marketing,Teamwork,96.58714285714287,7,5,83.0,116.37005163511188,0
66,Kevin Maharani,M,32,30-40,7,Manager,Marketing,Technical,95.99714285714286,7,3,82.0,117.06968641114983,0
66,Kevin Maharani,M,32,30-40,7,Manager,Marketing,Time Management,94.28777777777778,9,6,80.0,117.85972222222222,0
67,Wawan Utama,F,41,40-50,9,Senior Manager,Design,Attendance,98.0,8,6,90.0,108.88888888888889,0
67,Wawan Utama,F,41,40-50,9,Senior Manager,Design,Development,98.0,7,6,75.0,120.0,0
67,Wawan Utama,F,41,40-50,9,Senior Manager,Design,Efficiency,98.0,6,6,80.0,120.0,0
67,Wawan Utama,F,41,40-50,9,Senior Manager,Design,Finance,98.0,7,5,82.0,119.51219512195122,0
67,Wawan Utama,F,41,40-50,9,Senior Manager,Design,HR,97.8775,12,6,88.0,111.22443181818181,0
67,Wawan Utama,F,41,40-50,9,Senior Manager,Design,Innovation,98.0,8,6,72.0,120.0,0
67,Wawan Utama,F,41,40-50,9,Senior Manager,Design,Performance,98.0,3,3,80.0,120.0,0
67,Wawan Utama,F,41,40-50,9,Senior Manager,Design,Project,98.0,8,6,78.0,120.0,0
67,Wawan Utama,F,41,40-50,9,Senior Manager,Design,Quality,97.971,20,7,85.0,115.26,0
67,Wawan Utama,F,41,40-50,9,Senior Manager,Design,Teamwork,98.0,8,6,83.0,118.07228915662651,0
67,Wawan Utama,F,41,40-50,9,Senior Manager,Design,Technical,98.0,11,8,82.0,119.51219512195122,0
67,Wawan Utama,F,41,40-50,9,Senior Manager,Design,Time Management,98.0,10,7,80.0,120.0,0
68,Bella Sulistyo,M,23,20-30,1,Staff,Research & Development,Attendance,59.89875,8,6,90.0,66.55416666666666,1
68,Bella Sulistyo,M,23,20-30,1,Staff,Research & Development,Development,50.248000000000005,10,8,75.0,66.99733333333333,1
68,Bella Sulistyo,M,23,20-30,1,Staff,Research & Development,Efficiency,52.84875,8,5,80.0,66.0609375,1
68,Bella Sulistyo,M,23,20-30,1,Staff,Research & Development,Finance,53.1175,4,4,82.0,64.77743902439025,1
68,Bella Sulistyo,M,23,20-30,1,Staff,Research & Development,HR,54.251,10,6,88.0,61.64886363636363,1
68,Bella Sulistyo,M,23,20-30,1,Staff,Research & Development,Innovation,54.817499999999995,4,4,72.0,76.13541666666667,1
68,Bella Sulistyo,M,23,20-30,1,Staff,Research & Development,Performance,54.18142857142857,7,7,80.0,67.72678571428571,1
68,Bella Sulistyo,M,23,20-30,1,Staff,Research & Development,Project,50.874,5,5,78.0,65.22307692307693,1
68,Bella Sulistyo,M,23,20-30,1,Staff,Research & Development,Quality,52.30857142857143,14,7,85.0,61.53949579831933,1
68,Bella Sulistyo,M,23,20-30,1,Staff,Research & Development,Teamwork,51.70428571428572,7,6,83.0,62.29432013769363,1
68,Bella Sulistyo,M,23,20-30,1,Staff,Research & Development,Technical,50.665,4,3,82.0,61.78658536585366,1
68,Bella Sulistyo,M,23,20-30,1,Staff,Research & Development,Time Management,54.51166666666666,6,5,80.0,68.13958333333332,1
69,Dewi Hartono,M,29,20-30,2,Staff,Design,Attendance,66.58,8,5,90.0,73.97777777777777,1
69,Dewi Hartono,M,29,20-30,2,Staff,Design,Development,59.904444444444444,9,5,75.0,79.8725925925926,1
69,Dewi Hartono,M,29,20-30,2,Staff,Design,Efficiency,67.1075,8,7,80.0,83.884375,1
69,Dewi Hartono,M,29,20-30,2,Staff,Design,Finance,59.8425,8,6,82.0,72.97865853658537,1
69,Dewi Hartono,M,29,20-30,2,Staff,Design,HR,65.28176470588235,17,8,88.0,74.18382352941177,1
69,Dewi Hartono,M,29,20-30,2,Staff,Design,Innovation,61.635714285714286,7,6,72.0,85.60515873015873,1
69,Dewi Hartono,M,29,20-30,2,Staff,Design,Performance,62.322,10,7,80.0,77.9025,1
69,Dewi Hartono,M,29,20-30,2,Staff,Design,Project,63.778,5,5,78.0,81.76666666666667,1
69,Dewi Hartono,M,29,20-30,2,Staff,Design,Quality,62.506956521739134,23,8,85.0,73.53759590792839,1
69,Dewi Hartono,M,29,20-30,2,Staff,Design,Teamwork,65.88333333333334,9,7,83.0,79.37751004016064,1
69,Dewi Hartono,M,29,20-30,2,Staff,Design,Technical,64.9475,8,6,82.0,79.20426829268294,1
69,Dewi Hartono,M,29,20-30,2,Staff,Design,Time Management,65.67333333333333,9,6,80.0,82.09166666666667,1
70,Chandra Hartono,M,33,30-40,8,Manager,Human Resources,Attendance,94.646,5,4,90.0,105.16222222222223,0
70,Chandra Hartono,M,33,30-40,8,Manager,Human Resources,Development,89.464,5,4,75.0,119.28533333333333,0
70,Chandra Hartono,M,33,30-40,8,Manager,Human Resources,Efficiency,92.41,5,5,80.0,115.5125,0
70,Chandra Hartono,M,33,30-40,8,Manager,Human Resources,Finance,90.452,5,4,82.0,110.30731707317074,0
70,Chandra Hartono,M,33,30-40,8,Manager,Human Resources,HR,91.90923076923076,13,6,88.0,104.44230769230768,0
70,Chandra Hartono,M,33,30-40,8,Manager,Human Resources,Innovation,86.398,5,4,72.0,119.9972222222222,0
70,Chandra Hartono,M,33,30-40,8,Manager,Human Resources,Performance,92.41000000000001,6,4,80.0,115.51250000000002,0
70,Chandra Hartono,M,33,30-40,8,Manager,Human Resources,Project,91.62857142857142,7,6,78.0,117.47252747252745,0
70,Chandra Hartono,M,33,30-40,8,Manager,Human Resources,Quality,89.53705882352942,17,6,85.0,105.33771626297579,0
70,Chandra Hartono,M,33,30-40,8,Manager,Human Resources,Teamwork,94.375,6,5,83.0,113.70481927710843,0
70,Chandra Hartono,M,33,30-40,8,Manager,Human Resources,Technical,92.21285714285715,7,4,82.0,112.45470383275261,0
70,Chandra Hartono,M,33,30-40,8,Manager,Human Resources,Time Management,93.3675,4,3,80.0,116.709375,0
71,Eko Sanjaya,M,30,20-30,5,Staff,IT,Attendance,75.78333333333333,9,5,90.0,84.2037037037037,1
71,Eko Sanjaya,M,30,20-30,5,Staff,IT,Development,66.556,5,5,75.0,88.74133333333333,1
71,Eko Sanjaya,M,30,20-30,5,Staff,IT,Efficiency,71.05499999999999,8,6,80.0,88.81875,1
71,Eko Sanjaya,M,30,20-30,5,Staff,IT,Finance,69.72999999999999,5,4,82.0,85.03658536585365,1
71,Eko Sanjaya,M,30,20-30,5,Staff,IT,HR,75.99857142857142,7,4,88.0,86.36201298701297,1
71,Eko Sanjaya,M,30,20-30,5,Staff,IT,Innovation,68.05142857142857,7,4,72.0,94.51587301587301,1
71,Eko Sanjaya,M,30,20-30,5,Staff,IT,Performance,73.54333333333334,9,8,80.0,91.92916666666667,1
71,Eko Sanjaya,M,30,20-30,5,Staff,IT,Project,73.25399999999999,10,6,78.0,93.9153846153846,1
71,Eko Sanjaya,M,30,20-30,5,Staff,IT,Quality,70.58363636363636,22,7,85.0,83.03957219251336,1
71,Eko Sanjaya,M,30,20-30,5,Staff,IT,Teamwork,77.67666666666668,9,7,83.0,93.58634538152612,1
71,Eko Sanjaya,M,30,20-30,5,Staff,IT,Technical,70.05666666666667,9,5,82.0,85.4349593495935,1
71,Eko Sanjaya,M,30,20-30,5,Staff,IT,Time Management,72.27499999999999,6,5,80.0,90.34374999999999,1
72,Indah Wahyudi,M,28,20-30,5,Staff,Human Resources,Attendance,68.47875,8,7,90.0,76.0875,1
72,Indah Wahyudi,M,28,20-30,5,Staff,Human Resources,Development,67.30666666666667,6,5,75.0,89.74222222222222,1
72,Indah Wahyudi,M,28,20-30,5,Staff,Human Resources,Efficiency,64.35285714285715,7,4,80.0,80.44107142857143,1
72,Indah Wahyudi,M,28,20-30,5,Staff,Human Resources,Finance,63.46625,8,6,82.0,77.39786585365853,1
72,Indah Wahyudi,M,28,20-30,5,Staff,Human Resources,HR,67.00923076923077,13,7,88.0,76.14685314685315,1
72,Indah Wahyudi,M,28,20-30,5,Staff,Human Resources,Innovation,63.95,5,3,72.0,88.81944444444444,1
72,Indah Wahyudi,M,28,20-30,5,Staff,Human Resources,Performance,61.787142857142854,7,6,80.0,77.23392857142856,1
72,Indah Wahyudi,M,28,20-30,5,Staff,Human Resources,Project,64.58142857142857,7,6,78.0,82.7967032967033,1
72,Indah Wahyudi,M,28,20-30,5,Staff,Human Resources,Quality,64.22842105263157,19,7,85.0,75.56284829721362,1
72,Indah Wahyudi,M,28,20-30,5,Staff,Human Resources,Teamwork,65.52,3,3,83.0,78.93975903614458,1
72,Indah Wahyudi,M,28,20-30,5,Staff,Human Resources,Technical,66.93375,8,6,82.0,81.6265243902439,1
72,Indah Wahyudi,M,28,20-30,5,Staff,Human Resources,Time Management,66.447,10,7,80.0,83.05875,1
73,Oky Wibowo,F,44,40-50,13,Senior Manager,Human Resources,Attendance,98.0,6,5,90.0,108.88888888888889,0
73,Oky Wibowo,F,44,40-50,13,Senior Manager,Human Resources,Development,96.93199999999999,10,7,75.0,120.0,0
73,Oky Wibowo,F,44,40-50,13,Senior Manager,Human Resources,Efficiency,97.81125,8,5,80.0,120.0,0
73,Oky Wibowo,F,44,40-50,13,Senior Manager,Human Resources,Finance,97.9809090909091,11,6,82.0,119.4889135254989,0
73,Oky Wibowo,F,44,40-50,13,Senior Manager,Human Resources,HR,98.0,17,8,88.0,111.36363636363636,0
73,Oky Wibowo,F,44,40-50,13,Senior Manager,Human Resources,Innovation,96.074,10,7,72.0,120.0,0
73,Oky Wibowo,F,44,40-50,13,Senior Manager,Human Resources,Performance,98.0,9,7,80.0,120.0,0
73,Oky Wibowo,F,44,40-50,13,Senior Manager,Human Resources,Project,97.75666666666666,9,7,78.0,120.0,0
73,Oky Wibowo,F,44,40-50,13,Senior Manager,Human Resources,Quality,97.60466666666666,15,7,85.0,114.82901960784312,0
73,Oky Wibowo,F,44,40-50,13,Senior Manager,Human Resources,Teamwork,98.0,6,4,83.0,118.07228915662651,0
73,Oky Wibowo,F,44,40-50,13,Senior Manager,Human Resources,Technical,98.0,10,6,82.0,119.51219512195122,0
73,Oky Wibowo,F,44,40-50,13,Senior Manager,Human Resources,Time Management,97.94624999999999,8,6,80.0,120.0,0
74,Agus Hidayat,M,29,20-30,4,Staff,Marketing,Attendance,73.54,9,6,90.0,81.71111111111112,1
74,Agus Hidayat,M,29,20-30,4,Staff,Marketing,Development,65.54666666666667,9,7,75.0,87.39555555555556,1
74,Agus Hidayat,M,29,20-30,4,Staff,Marketing,Efficiency,67.47875,8,5,80.0,84.34843750000002,1
74,Agus Hidayat,M,29,20-30,4,Staff,Marketing,Finance,65.7525,8,6,82.0,80.1859756097561,1
74,Agus Hidayat,M,29,20-30,4,Staff,Marketing,HR,69.77777777777777,18,8,88.0,79.29292929292929,1
74,Agus Hidayat,M,29,20-30,4,Staff,Marketing,Innovation,64.51142857142857,7,6,72.0,89.59920634920634,1
74,Agus Hidayat,M,29,20-30,4,Staff,Marketing,Performance,68.95625,8,7,80.0,86.1953125,1
74,Agus Hidayat,M,29,20-30,4,Staff,Marketing,Project,69.81,5,4,78.0,89.5,1
74,Agus Hidayat,M,29,20-30,4,Staff,Marketing,Quality,65.68478260869566,23,7,85.0,77.2762148337596,1
74,Agus Hidayat,M,29,20-30,4,Staff,Marketing,Teamwork,71.56428571428572,7,4,83.0,86.22203098106712,1
74,Agus Hidayat,M,29,20-30,4,Staff,Marketing,Technical,67.6725,4,4,82.0,82.52743902439025,1
74,Agus Hidayat,M,29,20-30,4,Staff,Marketing,Time Management,68.90857142857143,7,6,80.0,86.13571428571429,1
75,Marco Santoso,F,22,20-30,1,Staff,Quality Assurance,Attendance,54.279999999999994,7,5,90.0,60.3111111111111,1
75,Marco Santoso,F,22,20-30,1,Staff,Quality Assurance,Development,46.99875,8,5,75.0,62.665,1
75,Marco Santoso,F,22,20-30,1,Staff,Quality Assurance,Efficiency,52.84375,8,5,80.0,66.0546875,1
75,Marco Santoso,F,22,20-30,1,Staff,Quality Assurance,Finance,51.4025,4,3,82.0,62.6859756097561,1
75,Marco Santoso,F,22,20-30,1,Staff,Quality Assurance,HR,50.150999999999996,10,6,88.0,56.98977272727272,1
75,Marco Santoso,F,22,20-30,1,Staff,Quality Assurance,Innovation,45.78666666666666,9,7,72.0,63.59259259259258,1
75,Marco Santoso,F,22,20-30,1,Staff,Quality Assurance,Performance,51.86125,8,5,80.0,64.8265625,1
75,Marco Santoso,F,22,20-30,1,Staff,Quality Assurance,Project,49.66285714285714,7,6,78.0,63.670329670329664,1
75,Marco Santoso,F,22,20-30,1,Staff,Quality Assurance,Quality,49.00555555555556,18,8,85.0,57.65359477124183,1
75,Marco Santoso,F,22,20-30,1,Staff,Quality Assurance,Teamwork,51.86,8,6,83.0,62.48192771084337,1
75,Marco Santoso,F,22,20-30,1,Staff,Quality Assurance,Technical,47.958571428571425,7,6,82.0,58.486062717770025,1
75,Marco Santoso,F,22,20-30,1,Staff,Quality Assurance,Time Management,54.27428571428572,7,6,80.0,67.84285714285714,1
76,Wawan Pratama,M,32,30-40,7,Manager,Design,Attendance,95.815,4,4,90.0,106.46111111111111,0
76,Wawan Pratama,M,32,30-40,7,Manager,Design,Development,90.12166666666667,6,6,75.0,120.0,0
76,Wawan Pratama,M,32,30-40,7,Manager,Design,Efficiency,93.892,5,4,80.0,117.36499999999998,0
76,Wawan Pratama,M,32,30-40,7,Manager,Design,Finance,92.683,10,7,82.0,113.02804878048782,0
76,Wawan Pratama,M,32,30-40,7,Manager,Design,HR,94.02499999999999,12,7,88.0,106.8465909090909,0
76,Wawan Pratama,M,32,30-40,7,Manager,Design,Innovation,87.35166666666667,6,5,72.0,120.0,0
76,Wawan Pratama,M,32,30-40,7,Manager,Design,Performance,92.57142857142857,7,4,80.0,115.71428571428571,0
76,Wawan Pratama,M,32,30-40,7,Manager,Design,Project,92.50714285714285,7,5,78.0,118.59890109890108,0
76,Wawan Pratama,M,32,30-40,7,Manager,Design,Quality,92.39266666666667,15,7,85.0,108.69725490196078,0
76,Wawan Pratama,M,32,30-40,7,Manager,Design,Teamwork,93.51375,8,5,83.0,112.6671686746988,0
76,Wawan Pratama,M,32,30-40,7,Manager,Design,Technical,91.0675,8,6,82.0,111.0579268292683,0
76,Wawan Pratama,M,32,30-40,7,Manager,Design,Time Management,91.59166666666665,6,5,80.0,114.48958333333333,0
77,Joko Nugroho,F,31,30-40,6,Senior Staff,Finance,Attendance,74.175,10,6,90.0,82.41666666666667,1
77,Joko Nugroho,F,31,30-40,6,Senior Staff,Finance,Development,62.612857142857145,7,5,75.0,83.48380952380953,1
77,Joko Nugroho,F,31,30-40,6,Senior Staff,Finance,Efficiency,69.42833333333333,6,5,80.0,86.78541666666666,1
77,Joko Nugroho,F,31,30-40,6,Senior Staff,Finance,Finance,69.49,6,6,82.0,84.74390243902438,1
77,Joko Nugroho,F,31,30-40,6,Senior Staff,Finance,HR,65.65,10,5,88.0,74.60227272727273,1
77,Joko Nugroho,F,31,30-40,6,Senior Staff,Finance,Innovation,62.0875,4,4,72.0,86.23263888888889,1
77,Joko Nugroho,F,31,30-40,6,Senior Staff,Finance,Performance,66.8288888888889,9,6,80.0,83.53611111111113,1
77,Joko Nugroho,F,31,30-40,6,Senior Staff,Finance,Project,68.39625,8,7,78.0,87.68749999999999,1
77,Joko Nugroho,F,31,30-40,6,Senior Staff,Finance,Quality,65.98777777777778,18,6,85.0,77.6326797385621,1
77,Joko Nugroho,F,31,30-40,6,Senior Staff,Finance,Teamwork,71.96666666666667,6,5,83.0,86.70682730923696,1
77,Joko Nugroho,F,31,30-40,6,Senior Staff,Finance,Technical,72.33333333333333,6,5,82.0,88.21138211382113,1
77,Joko Nugroho,F,31,30-40,6,Senior Staff,Finance,Time Management,71.4725,8,6,80.0,89.340625,1
78,Nanda Hartono,M,37,30-40,8,Manager,Quality Assurance,Attendance,97.23615384615384,13,7,90.0,108.04017094017094,0
78,Nanda Hartono,M,37,30-40,8,Manager,Quality Assurance,Development,94.0,8,6,75.0,120.0,0
78,Nanda Hartono,M,37,30-40,8,Manager,Quality Assurance,Efficiency,95.84125,8,5,80.0,119.8015625,0
78,Nanda Hartono,M,37,30-40,8,Manager,Quality Assurance,Finance,96.45333333333333,3,2,82.0,117.62601626016261,0
78,Nanda Hartono,M,37,30-40,8,Manager,Quality Assurance,HR,96.176,10,5,88.0,109.2909090909091,0
78,Nanda Hartono,M,37,30-40,8,Manager,Quality Assurance,Innovation,90.97666666666667,6,4,72.0,120.0,0
78,Nanda Hartono,M,37,30-40,8,Manager,Quality Assurance,Performance,97.55714285714285,7,5,80.0,120.0,0
78,Nanda Hartono,M,37,30-40,8,Manager,Quality Assurance,Project,95.359,10,7,78.0,120.0,0
78,Nanda Hartono,M,37,30-40,8,Manager,Quality Assurance,Quality,94.68142857142857,21,8,85.0,111.38991596638655,0
78,Nanda Hartono,M,37,30-40,8,Manager,Quality Assurance,Teamwork,97.44833333333334,6,4,83.0,117.40763052208835,0
78,Nanda Hartono,M,37,30-40,8,Manager,Quality Assurance,Technical,95.69777777777777,9,5,82.0,116.70460704607045,0
78,Nanda Hartono,M,37,30-40,8,Manager,Quality Assurance,Time Management,95.60142857142857,7,5,80.0,119.50178571428572,0
79,Prima Utama,M,24,20-30,3,Staff,Design,Attendance,71.26818181818182,11,7,90.0,79.18686868686869,1
79,Prima Utama,M,24,20-30,3,Staff,Design,Development,62.336666666666666,6,4,75.0,83.11555555555556,1
79,Prima Utama,M,24,20-30,3,Staff,Design,Efficiency,63.98375,8,7,80.0,79.9796875,1
79,Prima Utama,M,24,20-30,3,Staff,Design,Finance,62.15,6,4,82.0,75.79268292682927,1
79,Prima Utama,M,24,20-30,3,Staff,Design,HR,64.18785714285714,14,8,88.0,72.94074675324674,1
79,Prima Utama,M,24,20-30,3,Staff,Design,Innovation,60.501999999999995,5,5,72.0,84.03055555555555,1
79,Prima Utama,M,24,20-30,3,Staff,Design,Performance,65.385,6,6,80.0,81.73125000000002,1
79,Prima Utama,M,24,20-30,3,Staff,Design,Project,67.71799999999999,5,4,78.0,86.81794871794871,1
79,Prima Utama,M,24,20-30,3,Staff,Design,Quality,63.24,13,7,85.0,74.4,1
79,Prima Utama,M,24,20-30,3,Staff,Design,Teamwork,69.01,7,7,83.0,83.14457831325302,1
79,Prima Utama,M,24,20-30,3,Staff,Design,Technical,67.35249999999999,8,6,82.0,82.13719512195121,1
79,Prima Utama,M,24,20-30,3,Staff,Design,Time Management,64.22000000000001,3,2,80.0,80.275,1
80,Yuli Hartono,F,26,20-30,5,Staff,Quality Assurance,Attendance,74.38,8,6,90.0,82.64444444444445,1
80,Yuli Hartono,F,26,20-30,5,Staff,Quality Assurance,Development,64.23923076923077,13,8,75.0,85.6523076923077,1
80,Yuli Hartono,F,26,20-30,5,Staff,Quality Assurance,Efficiency,68.30333333333334,9,6,80.0,85.37916666666668,1
80,Yuli Hartono,F,26,20-30,5,Staff,Quality Assurance,Finance,65.20142857142856,7,6,82.0,79.51393728222996,1
80,Yuli Hartono,F,26,20-30,5,Staff,Quality Assurance,HR,71.61722222222221,18,8,88.0,81.38320707070706,1
80,Yuli Hartono,F,26,20-30,5,Staff,Quality Assurance,Innovation,66.072,10,7,72.0,91.76666666666668,1
80,Yuli Hartono,F,26,20-30,5,Staff,Quality Assurance,Performance,66.33818181818182,11,8,80.0,82.92272727272727,1
80,Yuli Hartono,F,26,20-30,5,Staff,Quality Assurance,Project,66.61500000000001,8,6,78.0,85.40384615384616,1
80,Yuli Hartono,F,26,20-30,5,Staff,Quality Assurance,Quality,67.38631578947368,19,8,85.0,79.27801857585139,1
80,Yuli Hartono,F,26,20-30,5,Staff,Quality Assurance,Teamwork,70.62571428571428,7,6,83.0,85.09122203098107,1
80,Yuli Hartono,F,26,20-30,5,Staff,Quality Assurance,Technical,70.53875,8,6,82.0,86.02286585365853,1
80,Yuli Hartono,F,26,20-30,5,Staff,Quality Assurance,Time Management,66.86571428571429,7,6,80.0,83.58214285714287,1
81,Putri Wibowo,M,36,30-40,9,Manager,Design,Attendance,97.75333333333333,3,2,90.0,108.6148148148148,0
81,Putri Wibowo,M,36,30-40,9,Manager,Design,Development,88.5525,4,3,75.0,118.07,0
81,Putri Wibowo,M,36,30-40,9,Manager,Design,Efficiency,95.3,3,2,80.0,119.125,0
81,Putri Wibowo,M,36,30-40,9,Manager,Design,Finance,92.5725,8,7,82.0,112.89329268292683,0
81,Putri Wibowo,M,36,30-40,9,Manager,Design,HR,95.46875,8,5,88.0,108.4872159090909,0
81,Putri Wibowo,M,36,30-40,9,Manager,Design,Innovation,90.95,8,5,72.0,120.0,0
81,Putri Wibowo,M,36,30-40,9,Manager,Design,Performance,93.23166666666667,6,5,80.0,116.53958333333333,0
81,Putri Wibowo,M,36,30-40,9,Manager,Design,Project,94.3,5,4,78.0,120.0,0
81,Putri Wibowo,M,36,30-40,9,Manager,Design,Quality,91.88863636363637,22,7,85.0,108.1042780748663,0
81,Putri Wibowo,M,36,30-40,9,Manager,Design,Teamwork,94.34125,8,7,83.0,113.66415662650603,0
81,Putri Wibowo,M,36,30-40,9,Manager,Design,Technical,95.31666666666666,9,6,82.0,116.23983739837398,0
81,Putri Wibowo,M,36,30-40,9,Manager,Design,Time Management,92.35666666666667,3,3,80.0,115.44583333333333,0
82,Budi Lestari,F,33,30-40,8,Manager,Operations,Attendance,96.92666666666666,3,3,90.0,107.6962962962963,0
82,Budi Lestari,F,33,30-40,8,Manager,Operations,Development,90.64,5,4,75.0,120.0,0
82,Budi Lestari,F,33,30-40,8,Manager,Operations,Efficiency,93.40799999999999,5,5,80.0,116.75999999999999,0
82,Budi Lestari,F,33,30-40,8,Manager,Operations,Finance,90.395,6,6,82.0,110.23780487804878,0
82,Budi Lestari,F,33,30-40,8,Manager,Operations,HR,94.3225,8,5,88.0,107.1846590909091,0
82,Budi Lestari,F,33,30-40,8,Manager,Operations,Innovation,88.33833333333332,6,4,72.0,120.0,0
82,Budi Lestari,F,33,30-40,8,Manager,Operations,Performance,95.232,5,4,80.0,119.04,0
82,Budi Lestari,F,33,30-40,8,Manager,Operations,Project,91.22666666666667,6,5,78.0,116.95726495726497,0
82,Budi Lestari,F,33,30-40,8,Manager,Operations,Quality,91.77333333333333,15,7,85.0,107.96862745098038,0
82,Budi Lestari,F,33,30-40,8,Manager,Operations,Teamwork,97.048,5,4,83.0,116.92530120481926,0
82,Budi Lestari,F,33,30-40,8,Manager,Operations,Technical,93.2,3,3,82.0,113.65853658536585,0
82,Budi Lestari,F,33,30-40,8,Manager,Operations,Time Management,92.48333333333333,3,3,80.0,115.60416666666667,0
83,Zahra Wahyudi,F,29,20-30,6,Senior Staff,Procurement,Attendance,68.43199999999999,5,4,90.0,76.03555555555555,1
83,Zahra Wahyudi,F,29,20-30,6,Senior Staff,Procurement,Development,62.32333333333333,3,3,75.0,83.09777777777778,1
83,Zahra Wahyudi,F,29,20-30,6,Senior Staff,Procurement,Efficiency,66.94166666666666,6,3,80.0,83.67708333333333,1
83,Zahra Wahyudi,F,29,20-30,6,Senior Staff,Procurement,Finance,64.63333333333333,3,2,82.0,78.8211382113821,1
83,Zahra Wahyudi,F,29,20-30,6,Senior Staff,Procurement,HR,63.45444444444445,9,7,88.0,72.10732323232324,1
83,Zahra Wahyudi,F,29,20-30,6,Senior Staff,Procurement,Innovation,60.8375,4,3,72.0,84.49652777777777,1
83,Zahra Wahyudi,F,29,20-30,6,Senior Staff,Procurement,Performance,64.68714285714286,7,5,80.0,80.85892857142858,1
83,Zahra Wahyudi,F,29,20-30,6,Senior Staff,Procurement,Project,66.7925,4,4,78.0,85.63141025641026,1
83,Zahra Wahyudi,F,29,20-30,6,Senior Staff,Procurement,Quality,63.63076923076923,26,8,85.0,74.85972850678733,1
83,Zahra Wahyudi,F,29,20-30,6,Senior Staff,Procurement,Teamwork,68.1275,8,6,83.0,82.08132530120481,1
83,Zahra Wahyudi,F,29,20-30,6,Senior Staff,Procurement,Technical,66.31,4,3,82.0,80.86585365853658,1
83,Zahra Wahyudi,F,29,20-30,6,Senior Staff,Procurement,Time Management,63.536,5,5,80.0,79.42,1
84,Fitri Hartono,M,23,20-30,5,Staff,Operations,Attendance,70.60857142857142,7,5,90.0,78.45396825396824,1
84,Fitri Hartono,M,23,20-30,5,Staff,Operations,Development,64.45166666666667,6,4,75.0,85.93555555555555,1
84,Fitri Hartono,M,23,20-30,5,Staff,Operations,Efficiency,67.79714285714286,7,5,80.0,84.74642857142858,1
84,Fitri Hartono,M,23,20-30,5,Staff,Operations,Finance,65.485,6,5,82.0,79.85975609756098,1
84,Fitri Hartono,M,23,20-30,5,Staff,Operations,HR,69.796,10,5,88.0,79.31363636363636,1
84,Fitri Hartono,M,23,20-30,5,Staff,Operations,Innovation,65.0475,8,6,72.0,90.34375,1
84,Fitri Hartono,M,23,20-30,5,Staff,Operations,Performance,64.608,5,5,80.0,80.76,1
84,Fitri Hartono,M,23,20-30,5,Staff,Operations,Project,71.02,2,2,78.0,91.05128205128206,1
84,Fitri Hartono,M,23,20-30,5,Staff,Operations,Quality,63.06055555555555,18,8,85.0,74.1888888888889,1
84,Fitri Hartono,M,23,20-30,5,Staff,Operations,Teamwork,68.23400000000001,10,6,83.0,82.20963855421688,1
84,Fitri Hartono,M,23,20-30,5,Staff,Operations,Technical,63.924,5,3,82.0,77.9560975609756,1
84,Fitri Hartono,M,23,20-30,5,Staff,Operations,Time Management,66.215,4,4,80.0,82.76875,1
85,Kevin Sanjaya,M,30,20-30,4,Staff,Finance,Attendance,71.07285714285715,7,5,90.0,78.96984126984127,1
85,Kevin Sanjaya,M,30,20-30,4,Staff,Finance,Development,61.83833333333333,6,5,75.0,82.4511111111111,1
85,Kevin Sanjaya,M,30,20-30,4,Staff,Finance,Efficiency,68.623,10,7,80.0,85.77875,1
85,Kevin Sanjaya,M,30,20-30,4,Staff,Finance,Finance,64.47285714285714,7,5,82.0,78.62543554006967,1
85,Kevin Sanjaya,M,30,20-30,4,Staff,Finance,HR,67.955,16,7,88.0,77.2215909090909,1
85,Kevin Sanjaya,M,30,20-30,4,Staff,Finance,Innovation,65.55857142857143,7,5,72.0,91.05357142857142,1
85,Kevin Sanjaya,M,30,20-30,4,Staff,Finance,Performance,69.63285714285715,7,6,80.0,87.04107142857143,1
85,Kevin Sanjaya,M,30,20-30,4,Staff,Finance,Project,67.385,4,3,78.0,86.39102564102565,1
85,Kevin Sanjaya,M,30,20-30,4,Staff,Finance,Quality,67.37782608695652,23,8,85.0,79.26803069053709,1
85,Kevin Sanjaya,M,30,20-30,4,Staff,Finance,Teamwork,70.55857142857143,7,7,83.0,85.01032702237521,1
85,Kevin Sanjaya,M,30,20-30,4,Staff,Finance,Technical,68.286,10,7,82.0,83.27560975609757,1
85,Kevin Sanjaya,M,30,20-30,4,Staff,Finance,Time Management,67.02416666666666,12,8,80.0,83.78020833333332,1
86,Oky Purnama,F,28,20-30,1,Staff,Human Resources,Attendance,52.26714285714286,7,6,90.0,58.07460317460318,1
86,Oky Purnama,F,28,20-30,1,Staff,Human Resources,Development,43.525,6,6,75.0,58.03333333333333,1
86,Oky Purnama,F,28,20-30,1,Staff,Human Resources,Efficiency,49.48571428571428,7,3,80.0,61.857142857142854,1
86,Oky Purnama,F,28,20-30,1,Staff,Human Resources,Finance,53.226,5,5,82.0,64.90975609756099,1
86,Oky Purnama,F,28,20-30,1,Staff,Human Resources,HR,49.75375,8,5,88.0,56.53835227272727,1
86,Oky Purnama,F,28,20-30,1,Staff,Human Resources,Innovation,41.08571428571429,7,6,72.0,57.06349206349208,1
86,Oky Purnama,F,28,20-30,1,Staff,Human Resources,Performance,45.294,5,4,80.0,56.61749999999999,1
86,Oky Purnama,F,28,20-30,1,Staff,Human Resources,Project,46.49166666666667,6,5,78.0,59.60470085470086,1
86,Oky Purnama,F,28,20-30,1,Staff,Human Resources,Quality,46.65,19,8,85.0,54.88235294117647,1
86,Oky Purnama,F,28,20-30,1,Staff,Human Resources,Teamwork,49.51,6,4,83.0,59.65060240963855,1
86,Oky Purnama,F,28,20-30,1,Staff,Human Resources,Technical,47.775,6,4,82.0,58.26219512195122,1
86,Oky Purnama,F,28,20-30,1,Staff,Human Resources,Time Management,48.155,4,3,80.0,60.19375,1
87,Kevin Saputra,M,30,20-30,6,Senior Staff,Operations,Attendance,75.24363636363637,11,6,90.0,83.6040404040404,1
87,Kevin Saputra,M,30,20-30,6,Senior Staff,Operations,Development,63.464285714285715,7,6,75.0,84.61904761904762,1
87,Kevin Saputra,M,30,20-30,6,Senior Staff,Operations,Efficiency,67.73142857142857,7,5,80.0,84.66428571428571,1
87,Kevin Saputra,M,30,20-30,6,Senior Staff,Operations,Finance,68.92555555555556,9,7,82.0,84.05555555555557,1
87,Kevin Saputra,M,30,20-30,6,Senior Staff,Operations,HR,68.16375000000001,16,8,88.0,77.45880681818183,1
87,Kevin Saputra,M,30,20-30,6,Senior Staff,Operations,Innovation,62.160000000000004,7,5,72.0,86.33333333333333,1
87,Kevin Saputra,M,30,20-30,6,Senior Staff,Operations,Performance,68.44800000000001,5,4,80.0,85.56000000000002,1
87,Kevin Saputra,M,30,20-30,6,Senior Staff,Operations,Project,66.94833333333334,6,5,78.0,85.8311965811966,1
87,Kevin Saputra,M,30,20-30,6,Senior Staff,Operations,Quality,66.11954545454546,22,8,85.0,77.78770053475937,1
87,Kevin Saputra,M,30,20-30,6,Senior Staff,Operations,Teamwork,70.62166666666667,12,8,83.0,85.0863453815261,1
87,Kevin Saputra,M,30,20-30,6,Senior Staff,Operations,Technical,70.16111111111111,9,6,82.0,85.56233062330624,1
87,Kevin Saputra,M,30,20-30,6,Senior Staff,Operations,Time Management,66.60833333333333,6,4,80.0,83.26041666666666,1
88,Hani Anggraini,F,31,30-40,3,Staff,IT,Attendance,74.65333333333332,3,3,90.0,82.94814814814814,1
88,Hani Anggraini,F,31,30-40,3,Staff,IT,Development,65.28571428571429,7,6,75.0,87.04761904761905,1
88,Hani Anggraini,F,31,30-40,3,Staff,IT,Efficiency,67.92,6,6,80.0,84.9,1
88,Hani Anggraini,F,31,30-40,3,Staff,IT,Finance,68.405,4,4,82.0,83.42073170731707,1
88,Hani Anggraini,F,31,30-40,3,Staff,IT,HR,73.34777777777778,9,6,88.0,83.34974747474747,1
88,Hani Anggraini,F,31,30-40,3,Staff,IT,Innovation,67.256,5,5,72.0,93.41111111111111,1
88,Hani Anggraini,F,31,30-40,3,Staff,IT,Performance,70.77000000000001,9,7,80.0,88.4625,1
88,Hani Anggraini,F,31,30-40,3,Staff,IT,Project,70.475,2,2,78.0,90.35256410256409,1
88,Hani Anggraini,F,31,30-40,3,Staff,IT,Quality,68.83578947368422,19,6,85.0,80.98328173374614,1
88,Hani Anggraini,F,31,30-40,3,Staff,IT,Teamwork,68.48,6,5,83.0,82.50602409638554,1
88,Hani Anggraini,F,31,30-40,3,Staff,IT,Technical,69.64166666666667,6,4,82.0,84.9288617886179,1
88,Hani Anggraini,F,31,30-40,3,Staff,IT,Time Management,72.488,5,5,80.0,90.61,1
89,Dewi Hartono,M,27,20-30,2,Staff,Legal,Attendance,64.91799999999999,5,4,90.0,72.1311111111111,1
89,Dewi Hartono,M,27,20-30,2,Staff,Legal,Development,58.81333333333333,6,6,75.0,78.41777777777777,1
89,Dewi Hartono,M,27,20-30,2,Staff,Legal,Efficiency,60.13428571428572,7,6,80.0,75.16785714285714,1
89,Dewi Hartono,M,27,20-30,2,Staff,Legal,Finance,59.51166666666666,6,4,82.0,72.57520325203251,1
89,Dewi Hartono,M,27,20-30,2,Staff,Legal,HR,63.59133333333333,15,8,88.0,72.26287878787879,1
89,Dewi Hartono,M,27,20-30,2,Staff,Legal,Innovation,56.80285714285714,7,5,72.0,78.89285714285715,1
89,Dewi Hartono,M,27,20-30,2,Staff,Legal,Performance,62.705555555555556,9,6,80.0,78.38194444444444,1
89,Dewi Hartono,M,27,20-30,2,Staff,Legal,Project,61.422000000000004,10,7,78.0,78.74615384615386,1
89,Dewi Hartono,M,27,20-30,2,Staff,Legal,Quality,59.11961538461538,26,7,85.0,69.5524886877828,1
89,Dewi Hartono,M,27,20-30,2,Staff,Legal,Teamwork,64.41111111111111,9,6,83.0,77.6037483266399,1
89,Dewi Hartono,M,27,20-30,2,Staff,Legal,Technical,61.457142857142856,7,6,82.0,74.94773519163762,1
89,Dewi Hartono,M,27,20-30,2,Staff,Legal,Time Management,56.8,2,2,80.0,71.0,1
90,Dewi Saputra,F,28,20-30,5,Staff,Finance,Attendance,68.97428571428571,7,4,90.0,76.63809523809525,1
90,Dewi Saputra,F,28,20-30,5,Staff,Finance,Development,74.11,1,1,75.0,98.81333333333333,1
90,Dewi Saputra,F,28,20-30,5,Staff,Finance,Efficiency,66.748,5,4,80.0,83.435,1
90,Dewi Saputra,F,28,20-30,5,Staff,Finance,Finance,62.725,8,5,82.0,76.4939024390244,1
90,Dewi Saputra,F,28,20-30,5,Staff,Finance,HR,66.216,15,6,88.0,75.24545454545454,1
90,Dewi Saputra,F,28,20-30,5,Staff,Finance,Innovation,62.372,10,6,72.0,86.62777777777778,1
90,Dewi Saputra,F,28,20-30,5,Staff,Finance,Performance,67.35666666666667,6,5,80.0,84.19583333333334,1
90,Dewi Saputra,F,28,20-30,5,Staff,Finance,Project,68.38666666666667,3,3,78.0,87.67521367521368,1
90,Dewi Saputra,F,28,20-30,5,Staff,Finance,Quality,63.4365,20,8,85.0,74.63117647058824,1
90,Dewi Saputra,F,28,20-30,5,Staff,Finance,Teamwork,70.61999999999999,3,3,83.0,85.08433734939759,1
90,Dewi Saputra,F,28,20-30,5,Staff,Finance,Technical,64.4275,8,6,82.0,78.5701219512195,1
90,Dewi Saputra,F,28,20-30,5,Staff,Finance,Time Management,63.174285714285716,7,5,80.0,78.96785714285714,1
91,Oky Maharani,F,37,30-40,9,Manager,Research & Development,Attendance,97.97,7,7,90.0,108.85555555555555,0
91,Oky Maharani,F,37,30-40,9,Manager,Research & Development,Development,97.86,3,3,75.0,120.0,0
91,Oky Maharani,F,37,30-40,9,Manager,Research & Development,Efficiency,97.50833333333333,6,5,80.0,120.0,0
91,Oky Maharani,F,37,30-40,9,Manager,Research & Development,Finance,96.70166666666667,6,4,82.0,117.92886178861788,0
91,Oky Maharani,F,37,30-40,9,Manager,Research & Development,HR,97.76583333333333,12,5,88.0,111.09753787878789,0
91,Oky Maharani,F,37,30-40,9,Manager,Research & Development,Innovation,96.52,8,6,72.0,120.0,0
91,Oky Maharani,F,37,30-40,9,Manager,Research & Development,Performance,98.0,2,2,80.0,120.0,0
91,Oky Maharani,F,37,30-40,9,Manager,Research & Development,Project,97.56,10,7,78.0,120.0,0
91,Oky Maharani,F,37,30-40,9,Manager,Research & Development,Quality,96.966875,16,7,85.0,114.07867647058823,0
91,Oky Maharani,F,37,30-40,9,Manager,Research & Development,Teamwork,98.0,5,4,83.0,118.07228915662651,0
91,Oky Maharani,F,37,30-40,9,Manager,Research & Development,Technical,98.0,1,1,82.0,119.51219512195122,0
91,Oky Maharani,F,37,30-40,9,Manager,Research & Development,Time Management,98.0,6,5,80.0,120.0,0
92,Umar Sulistyo,M,28,20-30,6,Senior Staff,Research & Development,Attendance,76.08333333333333,6,4,90.0,84.53703703703704,1
92,Umar Sulistyo,M,28,20-30,6,Senior Staff,Research & Development,Development,71.35333333333334,6,3,75.0,95.13777777777779,1
92,Umar Sulistyo,M,28,20-30,6,Senior Staff,Research & Development,Efficiency,74.87285714285714,7,6,80.0,93.59107142857144,1
92,Umar Sulistyo,M,28,20-30,6,Senior Staff,Research & Development,Finance,71.955,4,4,82.0,87.75,1
92,Umar Sulistyo,M,28,20-30,6,Senior Staff,Research & Development,HR,75.12692307692308,13,7,88.0,85.3715034965035,1
92,Umar Sulistyo,M,28,20-30,6,Senior Staff,Research & Development,Innovation,70.00857142857143,7,7,72.0,97.23412698412699,1
92,Umar Sulistyo,M,28,20-30,6,Senior Staff,Research & Development,Performance,73.66499999999999,2,2,80.0,92.08124999999998,1
92,Umar Sulistyo,M,28,20-30,6,Senior Staff,Research & Development,Project,73.06333333333333,3,3,78.0,93.67094017094017,1
92,Umar Sulistyo,M,28,20-30,6,Senior Staff,Research & Development,Quality,68.66692307692308,13,6,85.0,80.78461538461539,1
92,Umar Sulistyo,M,28,20-30,6,Senior Staff,Research & Development,Teamwork,74.41833333333334,6,5,83.0,89.66064257028113,1
92,Umar Sulistyo,M,28,20-30,6,Senior Staff,Research & Development,Technical,71.88199999999999,5,5,82.0,87.66097560975608,1
92,Umar Sulistyo,M,28,20-30,6,Senior Staff,Research & Development,Time Management,73.94857142857143,7,4,80.0,92.43571428571428,1
93,Fajar Wijaya,M,40,30-40,9,Senior Manager,Marketing,Attendance,98.0,7,5,90.0,108.88888888888889,0
93,Fajar Wijaya,M,40,30-40,9,Senior Manager,Marketing,Development,97.96375,8,6,75.0,120.0,0
93,Fajar Wijaya,M,40,30-40,9,Senior Manager,Marketing,Efficiency,98.0,7,5,80.0,120.0,0
93,Fajar Wijaya,M,40,30-40,9,Senior Manager,Marketing,Finance,98.0,8,5,82.0,119.51219512195122,0
93,Fajar Wijaya,M,40,30-40,9,Senior Manager,Marketing,HR,98.0,13,7,88.0,111.36363636363636,0
93,Fajar Wijaya,M,40,30-40,9,Senior Manager,Marketing,Innovation,97.26571428571428,7,5,72.0,120.0,0
93,Fajar Wijaya,M,40,30-40,9,Senior Manager,Marketing,Performance,98.0,7,6,80.0,120.0,0
93,Fajar Wijaya,M,40,30-40,9,Senior Manager,Marketing,Project,98.0,5,3,78.0,120.0,0
93,Fajar Wijaya,M,40,30-40,9,Senior Manager,Marketing,Quality,98.0,25,8,85.0,115.29411764705883,0
93,Fajar Wijaya,M,40,30-40,9,Senior Manager,Marketing,Teamwork,98.0,6,6,83.0,118.07228915662651,0
93,Fajar Wijaya,M,40,30-40,9,Senior Manager,Marketing,Technical,98.0,7,5,82.0,119.51219512195122,0
93,Fajar Wijaya,M,40,30-40,9,Senior Manager,Marketing,Time Management,97.70727272727272,11,6,80.0,120.0,0
94,Oky Wahyudi,M,29,20-30,6,Senior Staff,Operations,Attendance,71.21,3,3,90.0,79.1222222222222,1
94,Oky Wahyudi,M,29,20-30,6,Senior Staff,Operations,Development,66.405,6,4,75.0,88.54,1
94,Oky Wahyudi,M,29,20-30,6,Senior Staff,Operations,Efficiency,67.45,5,5,80.0,84.3125,1
94,Oky Wahyudi,M,29,20-30,6,Senior Staff,Operations,Finance,67.49,9,7,82.0,82.30487804878048,1
94,Oky Wahyudi,M,29,20-30,6,Senior Staff,Operations,HR,70.26,14,7,88.0,79.84090909090911,1
94,Oky Wahyudi,M,29,20-30,6,Senior Staff,Operations,Innovation,66.57333333333334,6,5,72.0,92.46296296296298,1
94,Oky Wahyudi,M,29,20-30,6,Senior Staff,Operations,Performance,67.495,4,3,80.0,84.36875,1
94,Oky Wahyudi,M,29,20-30,6,Senior Staff,Operations,Project,67.73400000000001,5,3,78.0,86.83846153846154,1
94,Oky Wahyudi,M,29,20-30,6,Senior Staff,Operations,Quality,66.99190476190476,21,7,85.0,78.8140056022409,1
94,Oky Wahyudi,M,29,20-30,6,Senior Staff,Operations,Teamwork,73.21833333333333,6,5,83.0,88.214859437751,1
94,Oky Wahyudi,M,29,20-30,6,Senior Staff,Operations,Technical,68.28363636363636,11,7,82.0,83.27272727272727,1
94,Oky Wahyudi,M,29,20-30,6,Senior Staff,Operations,Time Management,69.515,4,4,80.0,86.89375,1
95,Oscar Hartono,F,27,20-30,5,Staff,Research & Development,Attendance,75.82428571428571,7,4,90.0,84.24920634920635,1
95,Oscar Hartono,F,27,20-30,5,Staff,Research & Development,Development,66.86142857142858,7,5,75.0,89.14857142857144,1
95,Oscar Hartono,F,27,20-30,5,Staff,Research & Development,Efficiency,70.91142857142857,7,6,80.0,88.6392857142857,1
95,Oscar Hartono,F,27,20-30,5,Staff,Research & Development,Finance,73.25874999999999,8,6,82.0,89.33993902439023,1
95,Oscar Hartono,F,27,20-30,5,Staff,Research & Development,HR,75.738,15,7,88.0,86.06590909090909,1
95,Oscar Hartono,F,27,20-30,5,Staff,Research & Development,Innovation,66.60857142857142,7,5,72.0,92.51190476190476,1
95,Oscar Hartono,F,27,20-30,5,Staff,Research & Development,Performance,75.61749999999999,8,5,80.0,94.521875,1
95,Oscar Hartono,F,27,20-30,5,Staff,Research & Development,Project,69.27375,8,6,78.0,88.81250000000001,1
95,Oscar Hartono,F,27,20-30,5,Staff,Research & Development,Quality,70.82842105263158,19,8,85.0,83.32755417956658,1
95,Oscar Hartono,F,27,20-30,5,Staff,Research & Development,Teamwork,78.51428571428572,7,5,83.0,94.59552495697073,1
95,Oscar Hartono,F,27,20-30,5,Staff,Research & Development,Technical,74.05545454545455,11,6,82.0,90.31152993348115,1
95,Oscar Hartono,F,27,20-30,5,Staff,Research & Development,Time Management,72.28666666666668,6,4,80.0,90.35833333333335,1
96,Sari Saputra,M,28,20-30,6,Senior Staff,Human Resources,Attendance,69.596,5,4,90.0,77.3288888888889,1
96,Sari Saputra,M,28,20-30,6,Senior Staff,Human Resources,Development,64.86375,8,6,75.0,86.485,1
96,Sari Saputra,M,28,20-30,6,Senior Staff,Human Resources,Efficiency,69.994,5,3,80.0,87.49249999999999,1
96,Sari Saputra,M,28,20-30,6,Senior Staff,Human Resources,Finance,67.58375,8,6,82.0,82.41920731707316,1
96,Sari Saputra,M,28,20-30,6,Senior Staff,Human Resources,HR,66.82142857142857,7,6,88.0,75.93344155844156,1
96,Sari Saputra,M,28,20-30,6,Senior Staff,Human Resources,Innovation,65.263,10,7,72.0,90.64305555555556,1
96,Sari Saputra,M,28,20-30,6,Senior Staff,Human Resources,Performance,66.90833333333333,6,4,80.0,83.63541666666666,1
96,Sari Saputra,M,28,20-30,6,Senior Staff,Human Resources,Project,66.89222222222222,9,7,78.0,85.75925925925925,1
96,Sari Saputra,M,28,20-30,6,Senior Staff,Human Resources,Quality,64.995,26,8,85.0,76.46470588235294,1
96,Sari Saputra,M,28,20-30,6,Senior Staff,Human Resources,Teamwork,70.67285714285715,7,5,83.0,85.14802065404477,1
96,Sari Saputra,M,28,20-30,6,Senior Staff,Human Resources,Technical,69.466,5,4,82.0,84.71463414634145,1
96,Sari Saputra,M,28,20-30,6,Senior Staff,Human Resources,Time Management,67.59142857142857,7,5,80.0,84.48928571428571,1
97,Erik Anggraini,F,37,30-40,10,Manager,Legal,Attendance,95.7057142857143,7,4,90.0,106.33968253968254,0
97,Erik Anggraini,F,37,30-40,10,Manager,Legal,Development,87.152,5,4,75.0,116.20266666666667,0
97,Erik Anggraini,F,37,30-40,10,Manager,Legal,Efficiency,90.60142857142857,7,6,80.0,113.25178571428572,0
97,Erik Anggraini,F,37,30-40,10,Manager,Legal,Finance,90.99,8,5,82.0,110.96341463414635,0
97,Erik Anggraini,F,37,30-40,10,Manager,Legal,HR,90.46923076923076,13,6,88.0,102.80594405594405,0
97,Erik Anggraini,F,37,30-40,10,Manager,Legal,Innovation,88.38499999999999,6,4,72.0,120.0,0
97,Erik Anggraini,F,37,30-40,10,Manager,Legal,Performance,90.60600000000001,10,7,80.0,113.25750000000001,0
97,Erik Anggraini,F,37,30-40,10,Manager,Legal,Project,90.80166666666666,6,5,78.0,116.41239316239316,0
97,Erik Anggraini,F,37,30-40,10,Manager,Legal,Quality,91.9747619047619,21,8,85.0,108.20560224089637,0
97,Erik Anggraini,F,37,30-40,10,Manager,Legal,Teamwork,91.17857142857143,7,6,83.0,109.85370051635113,0
97,Erik Anggraini,F,37,30-40,10,Manager,Legal,Technical,92.47749999999999,4,3,82.0,112.77743902439025,0
97,Erik Anggraini,F,37,30-40,10,Manager,Legal,Time Management,92.35249999999999,4,3,80.0,115.440625,0
98,Fajar Maharani,F,28,20-30,1,Staff,IT,Attendance,57.92,10,6,90.0,64.35555555555555,1
98,Fajar Maharani,F,28,20-30,1,Staff,IT,Development,53.123333333333335,6,6,75.0,70.83111111111111,1
98,Fajar Maharani,F,28,20-30,1,Staff,IT,Efficiency,55.525,6,5,80.0,69.40625,1
98,Fajar Maharani,F,28,20-30,1,Staff,IT,Finance,48.849999999999994,6,4,82.0,59.57317073170731,1
98,Fajar Maharani,F,28,20-30,1,Staff,IT,HR,56.141,10,6,88.0,63.7965909090909,1
98,Fajar Maharani,F,28,20-30,1,Staff,IT,Innovation,48.63833333333333,6,4,72.0,67.55324074074073,1
98,Fajar Maharani,F,28,20-30,1,Staff,IT,Performance,56.33,4,4,80.0,70.4125,1
98,Fajar Maharani,F,28,20-30,1,Staff,IT,Project,56.16625,8,7,78.0,72.00801282051282,1
98,Fajar Maharani,F,28,20-30,1,Staff,IT,Quality,52.186,15,6,85.0,61.39529411764706,1
98,Fajar Maharani,F,28,20-30,1,Staff,IT,Teamwork,55.67888888888889,9,6,83.0,67.08299866131192,1
98,Fajar Maharani,F,28,20-30,1,Staff,IT,Technical,50.7325,4,4,82.0,61.86890243902439,1
98,Fajar Maharani,F,28,20-30,1,Staff,IT,Time Management,52.09125,8,6,80.0,65.1140625,1
99,Marco Sulistyo,M,26,20-30,4,Staff,IT,Attendance,72.27,6,6,90.0,80.3,1
99,Marco Sulistyo,M,26,20-30,4,Staff,IT,Development,69.10875,8,7,75.0,92.145,1
99,Marco Sulistyo,M,26,20-30,4,Staff,IT,Efficiency,71.104,5,4,80.0,88.88,1
99,Marco Sulistyo,M,26,20-30,4,Staff,IT,Finance,69.688,5,4,82.0,84.98536585365854,1
99,Marco Sulistyo,M,26,20-30,4,Staff,IT,HR,71.75857142857143,14,6,88.0,81.54383116883118,1
99,Marco Sulistyo,M,26,20-30,4,Staff,IT,Innovation,66.93714285714286,7,5,72.0,92.96825396825398,1
99,Marco Sulistyo,M,26,20-30,4,Staff,IT,Performance,70.12666666666667,6,6,80.0,87.65833333333333,1
99,Marco Sulistyo,M,26,20-30,4,Staff,IT,Project,70.73571428571428,7,5,78.0,90.68681318681318,1
99,Marco Sulistyo,M,26,20-30,4,Staff,IT,Quality,69.42357142857142,14,7,85.0,81.67478991596639,1
99,Marco Sulistyo,M,26,20-30,4,Staff,IT,Teamwork,72.90714285714286,7,5,83.0,87.83993115318417,1
99,Marco Sulistyo,M,26,20-30,4,Staff,IT,Technical,72.17,8,4,82.0,88.01219512195122,1
99,Marco Sulistyo,M,26,20-30,4,Staff,IT,Time Management,71.87571428571428,7,5,80.0,89.84464285714286,1
100,Erik Hartono,F,24,20-30,4,Staff,Finance,Attendance,70.485,8,7,90.0,78.31666666666666,1
100,Erik Hartono,F,24,20-30,4,Staff,Finance,Development,63.35333333333333,6,5,75.0,84.47111111111111,1
100,Erik Hartono,F,24,20-30,4,Staff,Finance,Efficiency,69.36500000000001,4,3,80.0,86.70625000000001,1
100,Erik Hartono,F,24,20-30,4,Staff,Finance,Finance,64.54714285714286,7,5,82.0,78.71602787456446,1
100,Erik Hartono,F,24,20-30,4,Staff,Finance,HR,66.74705882352941,17,7,88.0,75.84893048128343,1
100,Erik Hartono,F,24,20-30,4,Staff,Finance,Innovation,64.05499999999999,6,5,72.0,88.96527777777777,1
100,Erik Hartono,F,24,20-30,4,Staff,Finance,Performance,65.61777777777777,9,6,80.0,82.02222222222221,1
100,Erik Hartono,F,24,20-30,4,Staff,Finance,Project,67.386,5,5,78.0,86.39230769230768,1
100,Erik Hartono,F,24,20-30,4,Staff,Finance,Quality,65.24470588235295,17,8,85.0,76.75847750865053,1
100,Erik Hartono,F,24,20-30,4,Staff,Finance,Teamwork,70.27727272727272,11,8,83.0,84.67141292442497,1
100,Erik Hartono,F,24,20-30,4,Staff,Finance,Technical,65.27799999999999,5,5,82.0,79.60731707317072,1
100,Erik Hartono,F,24,20-30,4,Staff,Finance,Time Management,69.33,9,7,80.0,86.6625,1
101,Gilang Novitasari,M,25,20-30,2,Staff,IT,Attendance,74.96000000000001,4,4,90.0,83.2888888888889,1
101,Gilang Novitasari,M,25,20-30,2,Staff,IT,Development,66.4,9,5,75.0,88.53333333333335,1
101,Gilang Novitasari,M,25,20-30,2,Staff,IT,Efficiency,71.59,4,4,80.0,89.4875,1
101,Gilang Novitasari,M,25,20-30,2,Staff,IT,Finance,69.87625,8,5,82.0,85.21493902439025,1
101,Gilang Novitasari,M,25,20-30,2,Staff,IT,HR,70.31615384615385,13,7,88.0,79.9047202797203,1
101,Gilang Novitasari,M,25,20-30,2,Staff,IT,Innovation,63.17375,8,6,72.0,87.74131944444444,1
101,Gilang Novitasari,M,25,20-30,2,Staff,IT,Performance,68.0975,8,6,80.0,85.121875,1
101,Gilang Novitasari,M,25,20-30,2,Staff,IT,Project,68.35111111111112,9,7,78.0,87.62962962962965,1
101,Gilang Novitasari,M,25,20-30,2,Staff,IT,Quality,66.80199999999999,20,8,85.0,78.5905882352941,1
101,Gilang Novitasari,M,25,20-30,2,Staff,IT,Teamwork,75.622,5,4,83.0,91.11084337349398,1
101,Gilang Novitasari,M,25,20-30,2,Staff,IT,Technical,69.02285714285713,7,6,82.0,84.17421602787456,1
101,Gilang Novitasari,M,25,20-30,2,Staff,IT,Time Management,65.85375,8,6,80.0,82.31718750000002,1
102,"Cawisadi Wijaya, M.Pd",M,22,20-30,1,Staff,Research & Development,Attendance,57.795,8,6,90.0,64.21666666666667,1
102,"Cawisadi Wijaya, M.Pd",M,22,20-30,1,Staff,Research & Development,Development,52.37833333333333,6,6,75.0,69.83777777777777,1
102,"Cawisadi Wijaya, M.Pd",M,22,20-30,1,Staff,Research & Development,Efficiency,47.132,5,4,80.0,58.915,1
102,"Cawisadi Wijaya, M.Pd",M,22,20-30,1,Staff,Research & Development,Finance,51.037,10,6,82.0,62.24024390243902,1
102,"Cawisadi Wijaya, M.Pd",M,22,20-30,1,Staff,Research & Development,HR,56.130714285714284,14,7,88.0,63.7849025974026,1
102,"Cawisadi Wijaya, M.Pd",M,22,20-30,1,Staff,Research & Development,Innovation,49.55285714285714,14,7,72.0,68.82341269841271,1
102,"Cawisadi Wijaya, M.Pd",M,22,20-30,1,Staff,Research & Development,Performance,51.565,6,4,80.0,64.45625,1
102,"Cawisadi Wijaya, M.Pd",M,22,20-30,1,Staff,Research & Development,Project,54.57,9,6,78.0,69.96153846153847,1
102,"Cawisadi Wijaya, M.Pd",M,22,20-30,1,Staff,Research & Development,Quality,49.2308,25,8,85.0,57.918588235294116,1
102,"Cawisadi Wijaya, M.Pd",M,22,20-30,1,Staff,Research & Development,Teamwork,54.93,7,6,83.0,66.18072289156626,1
102,"Cawisadi Wijaya, M.Pd",M,22,20-30,1,Staff,Research & Development,Technical,55.84125,8,6,82.0,68.09908536585365,1
102,"Cawisadi Wijaya, M.Pd",M,22,20-30,1,Staff,Research & Development,Time Management,53.388571428571424,7,4,80.0,66.73571428571428,1
103,Cut Tania Budiyanto,M,30,20-30,4,Staff,Procurement,Attendance,70.01857142857143,7,5,90.0,77.7984126984127,1
103,Cut Tania Budiyanto,M,30,20-30,4,Staff,Procurement,Development,60.866,5,5,75.0,81.15466666666667,1
103,Cut Tania Budiyanto,M,30,20-30,4,Staff,Procurement,Efficiency,63.268333333333324,6,4,80.0,79.08541666666665,1
103,Cut Tania Budiyanto,M,30,20-30,4,Staff,Procurement,Finance,62.88444444444445,9,7,82.0,76.68834688346884,1
103,Cut Tania Budiyanto,M,30,20-30,4,Staff,Procurement,HR,66.10909090909091,11,6,88.0,75.12396694214875,1
103,Cut Tania Budiyanto,M,30,20-30,4,Staff,Procurement,Innovation,54.48199999999999,5,4,72.0,75.66944444444442,1
103,Cut Tania Budiyanto,M,30,20-30,4,Staff,Procurement,Performance,64.4,7,6,80.0,80.50000000000001,1
103,Cut Tania Budiyanto,M,30,20-30,4,Staff,Procurement,Project,62.973333333333336,3,3,78.0,80.73504273504274,1
103,Cut Tania Budiyanto,M,30,20-30,4,Staff,Procurement,Quality,62.12555555555556,18,6,85.0,73.08888888888889,1
103,Cut Tania Budiyanto,M,30,20-30,4,Staff,Procurement,Teamwork,61.415,6,4,83.0,73.99397590361446,1
103,Cut Tania Budiyanto,M,30,20-30,4,Staff,Procurement,Technical,63.732000000000006,5,4,82.0,77.7219512195122,1
103,Cut Tania Budiyanto,M,30,20-30,4,Staff,Procurement,Time Management,63.215,4,3,80.0,79.01875,1
104,Jayeng Pudjiastuti,M,48,40-50,13,Senior Manager,Production,Attendance,98.0,4,4,90.0,108.88888888888889,0
104,Jayeng Pudjiastuti,M,48,40-50,13,Senior Manager,Production,Development,96.01666666666667,6,6,75.0,120.0,0
104,Jayeng Pudjiastuti,M,48,40-50,13,Senior Manager,Production,Efficiency,97.81428571428572,7,6,80.0,120.0,0
104,Jayeng Pudjiastuti,M,48,40-50,13,Senior Manager,Production,Finance,97.814,5,4,82.0,119.28536585365853,0
104,Jayeng Pudjiastuti,M,48,40-50,13,Senior Manager,Production,HR,98.0,10,6,88.0,111.36363636363636,0
104,Jayeng Pudjiastuti,M,48,40-50,13,Senior Manager,Production,Innovation,97.59400000000001,5,5,72.0,120.0,0
104,Jayeng Pudjiastuti,M,48,40-50,13,Senior Manager,Production,Performance,96.88428571428572,7,5,80.0,120.0,0
104,Jayeng Pudjiastuti,M,48,40-50,13,Senior Manager,Production,Project,96.5,2,2,78.0,120.0,0
104,Jayeng Pudjiastuti,M,48,40-50,13,Senior Manager,Production,Quality,97.41692307692308,13,7,85.0,114.6081447963801,0
104,Jayeng Pudjiastuti,M,48,40-50,13,Senior Manager,Production,Teamwork,98.0,8,6,83.0,118.07228915662651,0
104,Jayeng Pudjiastuti,M,48,40-50,13,Senior Manager,Production,Technical,97.42,6,5,82.0,118.8048780487805,0
104,Jayeng Pudjiastuti,M,48,40-50,13,Senior Manager,Production,Time Management,98.0,3,2,80.0,120.0,0
105,Belinda Safitri,F,28,20-30,1,Staff,Human Resources,Attendance,47.282,5,4,90.0,52.535555555555554,1
105,Belinda Safitri,F,28,20-30,1,Staff,Human Resources,Development,45.69,5,5,75.0,60.92,1
105,Belinda Safitri,F,28,20-30,1,Staff,Human Resources,Efficiency,49.13833333333333,6,5,80.0,61.422916666666666,1
105,Belinda Safitri,F,28,20-30,1,Staff,Human Resources,Finance,46.43125,8,7,82.0,56.6234756097561,1
105,Belinda Safitri,F,28,20-30,1,Staff,Human Resources,HR,50.26444444444444,9,7,88.0,57.118686868686865,1
105,Belinda Safitri,F,28,20-30,1,Staff,Human Resources,Innovation,45.64666666666667,6,5,72.0,63.39814814814815,1
105,Belinda Safitri,F,28,20-30,1,Staff,Human Resources,Performance,44.120000000000005,2,1,80.0,55.15,1
105,Belinda Safitri,F,28,20-30,1,Staff,Human Resources,Project,49.26,4,4,78.0,63.15384615384615,1
105,Belinda Safitri,F,28,20-30,1,Staff,Human Resources,Quality,46.052,10,5,85.0,54.178823529411765,1
105,Belinda Safitri,F,28,20-30,1,Staff,Human Resources,Teamwork,52.59,3,3,83.0,63.36144578313253,1
105,Belinda Safitri,F,28,20-30,1,Staff,Human Resources,Technical,52.71,2,2,82.0,64.28048780487805,1
105,Belinda Safitri,F,28,20-30,1,Staff,Human Resources,Time Management,43.595,4,4,80.0,54.49375,1
106,R. Elon Maryati,F,35,30-40,8,Senior Staff,Production,Attendance,67.5325,4,4,90.0,75.03611111111111,1
106,R. Elon Maryati,F,35,30-40,8,Senior Staff,Production,Development,62.153333333333336,9,6,75.0,82.87111111111112,1
106,R. Elon Maryati,F,35,30-40,8,Senior Staff,Production,Efficiency,65.135,8,6,80.0,81.41875000000002,1
106,R. Elon Maryati,F,35,30-40,8,Senior Staff,Production,Finance,64.26555555555555,9,7,82.0,78.37262872628725,1
106,R. Elon Maryati,F,35,30-40,8,Senior Staff,Production,HR,65.31416666666667,12,5,88.0,74.22064393939394,1
106,R. Elon Maryati,F,35,30-40,8,Senior Staff,Production,Innovation,60.99214285714286,14,6,72.0,84.71130952380953,1
106,R. Elon Maryati,F,35,30-40,8,Senior Staff,Production,Performance,64.94749999999999,4,2,80.0,81.18437499999999,1
106,R. Elon Maryati,F,35,30-40,8,Senior Staff,Production,Project,67.69571428571429,7,5,78.0,86.78937728937728,1
106,R. Elon Maryati,F,35,30-40,8,Senior Staff,Production,Quality,64.01666666666667,27,7,85.0,75.31372549019608,1
106,R. Elon Maryati,F,35,30-40,8,Senior Staff,Production,Teamwork,69.41571428571429,7,6,83.0,83.63339070567986,1
106,R. Elon Maryati,F,35,30-40,8,Senior Staff,Production,Technical,68.73666666666666,6,4,82.0,83.82520325203251,1
106,R. Elon Maryati,F,35,30-40,8,Senior Staff,Production,Time Management,64.70666666666666,9,6,80.0,80.88333333333333,1
107,Rahayu Suartini,F,56,50-60,24,Director,Logistics,Attendance,98.0,10,7,90.0,108.88888888888889,0
107,Rahayu Suartini,F,56,50-60,24,Director,Logistics,Development,96.41375,8,5,75.0,120.0,0
107,Rahayu Suartini,F,56,50-60,24,Director,Logistics,Efficiency,98.0,9,6,80.0,120.0,0
107,Rahayu Suartini,F,56,50-60,24,Director,Logistics,Finance,98.0,6,6,82.0,119.51219512195122,0
107,Rahayu Suartini,F,56,50-60,24,Director,Logistics,HR,97.795,12,6,88.0,111.13068181818181,0
107,Rahayu Suartini,F,56,50-60,24,Director,Logistics,Innovation,97.765,4,3,72.0,120.0,0
107,Rahayu Suartini,F,56,50-60,24,Director,Logistics,Performance,97.92333333333333,12,7,80.0,120.0,0
107,Rahayu Suartini,F,56,50-60,24,Director,Logistics,Project,98.0,4,4,78.0,120.0,0
107,Rahayu Suartini,F,56,50-60,24,Director,Logistics,Quality,97.4421052631579,19,7,85.0,114.63777089783282,0
107,Rahayu Suartini,F,56,50-60,24,Director,Logistics,Teamwork,98.0,10,6,83.0,118.07228915662651,0
107,Rahayu Suartini,F,56,50-60,24,Director,Logistics,Technical,97.986,5,3,82.0,119.49512195121952,0
107,Rahayu Suartini,F,56,50-60,24,Director,Logistics,Time Management,97.92142857142858,7,6,80.0,120.0,0
108,Sutan Indra Agustina,M,37,30-40,11,Manager,Production,Attendance,96.9,9,7,90.0,107.66666666666667,0
108,Sutan Indra Agustina,M,37,30-40,11,Manager,Production,Development,88.11666666666667,6,5,75.0,117.48888888888891,0
108,Sutan Indra Agustina,M,37,30-40,11,Manager,Production,Efficiency,93.42333333333333,6,6,80.0,116.77916666666667,0
108,Sutan Indra Agustina,M,37,30-40,11,Manager,Production,Finance,91.71,6,5,82.0,111.84146341463415,0
108,Sutan Indra Agustina,M,37,30-40,11,Manager,Production,HR,95.065,8,4,88.0,108.0284090909091,0
108,Sutan Indra Agustina,M,37,30-40,11,Manager,Production,Innovation,89.3275,8,5,72.0,120.0,0
108,Sutan Indra Agustina,M,37,30-40,11,Manager,Production,Performance,92.805,6,5,80.0,116.00625,0
108,Sutan Indra Agustina,M,37,30-40,11,Manager,Production,Project,94.07333333333334,6,5,78.0,120.0,0
108,Sutan Indra Agustina,M,37,30-40,11,Manager,Production,Quality,91.63999999999999,23,8,85.0,107.81176470588233,0
108,Sutan Indra Agustina,M,37,30-40,11,Manager,Production,Teamwork,96.8,7,6,83.0,116.62650602409639,0
108,Sutan Indra Agustina,M,37,30-40,11,Manager,Production,Technical,94.814,5,4,82.0,115.62682926829268,0
108,Sutan Indra Agustina,M,37,30-40,11,Manager,Production,Time Management,93.57333333333334,6,5,80.0,116.96666666666667,0
109,KH. Taswir Sitorus,F,46,40-50,11,Manager,Finance,Attendance,96.545,8,6,90.0,107.27222222222223,0
109,KH. Taswir Sitorus,F,46,40-50,11,Manager,Finance,Development,95.26714285714286,7,6,75.0,120.0,0
109,KH. Taswir Sitorus,F,46,40-50,11,Manager,Finance,Efficiency,94.06285714285715,7,4,80.0,117.57857142857145,0
109,KH. Taswir Sitorus,F,46,40-50,11,Manager,Finance,Finance,93.52625,8,5,82.0,114.0564024390244,0
109,KH. Taswir Sitorus,F,46,40-50,11,Manager,Finance,HR,94.5025,8,4,88.0,107.38920454545455,0
109,KH. Taswir Sitorus,F,46,40-50,11,Manager,Finance,Innovation,91.02727272727272,11,8,72.0,120.0,0
109,KH. Taswir Sitorus,F,46,40-50,11,Manager,Finance,Performance,95.20857142857143,7,6,80.0,119.01071428571429,0
109,KH. Taswir Sitorus,F,46,40-50,11,Manager,Finance,Project,95.6275,8,6,78.0,120.0,0
109,KH. Taswir Sitorus,F,46,40-50,11,Manager,Finance,Quality,94.06941176470589,17,6,85.0,110.66989619377163,0
109,KH. Taswir Sitorus,F,46,40-50,11,Manager,Finance,Teamwork,96.18199999999999,5,4,83.0,115.88192771084336,0
109,KH. Taswir Sitorus,F,46,40-50,11,Manager,Finance,Technical,96.07571428571428,7,4,82.0,117.16550522648082,0
109,KH. Taswir Sitorus,F,46,40-50,11,Manager,Finance,Time Management,94.67,6,5,80.0,118.3375,0
110,"Yuliana Hariyah, M.Kom.",M,42,40-50,10,Senior Manager,Research & Development,Attendance,98.0,8,6,90.0,108.88888888888889,0
110,"Yuliana Hariyah, M.Kom.",M,42,40-50,10,Senior Manager,Research & Development,Development,98.0,1,1,75.0,120.0,0
110,"Yuliana Hariyah, M.Kom.",M,42,40-50,10,Senior Manager,Research & Development,Efficiency,98.0,3,3,80.0,120.0,0
110,"Yuliana Hariyah, M.Kom.",M,42,40-50,10,Senior Manager,Research & Development,Finance,98.0,6,4,82.0,119.51219512195122,0
110,"Yuliana Hariyah, M.Kom.",M,42,40-50,10,Senior Manager,Research & Development,HR,98.0,13,7,88.0,111.36363636363636,0
110,"Yuliana Hariyah, M.Kom.",M,42,40-50,10,Senior Manager,Research & Development,Innovation,98.0,5,5,72.0,120.0,0
110,"Yuliana Hariyah, M.Kom.",M,42,40-50,10,Senior Manager,Research & Development,Performance,98.0,8,5,80.0,120.0,0
110,"Yuliana Hariyah, M.Kom.",M,42,40-50,10,Senior Manager,Research & Development,Project,98.0,1,1,78.0,120.0,0
110,"Yuliana Hariyah, M.Kom.",M,42,40-50,10,Senior Manager,Research & Development,Quality,98.0,15,7,85.0,115.29411764705883,0
110,"Yuliana Hariyah, M.Kom.",M,42,40-50,10,Senior Manager,Research & Development,Teamwork,98.0,6,4,83.0,118.07228915662651,0
110,"Yuliana Hariyah, M.Kom.",M,42,40-50,10,Senior Manager,Research & Development,Technical,98.0,5,3,82.0,119.51219512195122,0
110,"Yuliana Hariyah, M.Kom.",M,42,40-50,10,Senior Manager,Research & Development,Time Management,98.0,4,2,80.0,120.0,0
111,"Ir. Daryani Oktaviani, S.Pd",M,22,20-30,2,Staff,Sales,Attendance,54.38125,8,7,90.0,60.423611111111114,1
111,"Ir. Daryani Oktaviani, S.Pd",M,22,20-30,2,Staff,Sales,Development,51.39666666666667,3,2,75.0,68.52888888888889,1
111,"Ir. Daryani Oktaviani, S.Pd",M,22,20-30,2,Staff,Sales,Efficiency,49.28666666666666,9,6,80.0,61.60833333333333,1
111,"Ir. Daryani Oktaviani, S.Pd",M,22,20-30,2,Staff,Sales,Finance,47.052,5,4,82.0,57.380487804878044,1
111,"Ir. Daryani Oktaviani, S.Pd",M,22,20-30,2,Staff,Sales,HR,51.83166666666667,12,8,88.0,58.89962121212122,1
111,"Ir. Daryani Oktaviani, S.Pd",M,22,20-30,2,Staff,Sales,Innovation,45.66285714285714,7,5,72.0,63.42063492063491,1
111,"Ir. Daryani Oktaviani, S.Pd",M,22,20-30,2,Staff,Sales,Performance,52.025,8,6,80.0,65.03125,1
111,"Ir. Daryani Oktaviani, S.Pd",M,22,20-30,2,Staff,Sales,Project,51.248000000000005,5,4,78.0,65.70256410256411,1
111,"Ir. Daryani Oktaviani, S.Pd",M,22,20-30,2,Staff,Sales,Quality,48.85681818181818,22,7,85.0,57.47860962566845,1
111,"Ir. Daryani Oktaviani, S.Pd",M,22,20-30,2,Staff,Sales,Teamwork,53.01125,8,4,83.0,63.868975903614455,1
111,"Ir. Daryani Oktaviani, S.Pd",M,22,20-30,2,Staff,Sales,Technical,50.6075,4,3,82.0,61.71646341463415,1
111,"Ir. Daryani Oktaviani, S.Pd",M,22,20-30,2,Staff,Sales,Time Management,54.76428571428572,7,5,80.0,68.45535714285714,1
112,"KH. Mumpuni Usada, S.Ked",F,27,20-30,2,Staff,Human Resources,Attendance,57.582499999999996,4,4,90.0,63.980555555555554,1
112,"KH. Mumpuni Usada, S.Ked",F,27,20-30,2,Staff,Human Resources,Development,45.85833333333333,6,6,75.0,61.14444444444444,1
112,"KH. Mumpuni Usada, S.Ked",F,27,20-30,2,Staff,Human Resources,Efficiency,45.944,5,4,80.0,57.43000000000001,1
112,"KH. Mumpuni Usada, S.Ked",F,27,20-30,2,Staff,Human Resources,Finance,46.25,5,4,82.0,56.40243902439025,1
112,"KH. Mumpuni Usada, S.Ked",F,27,20-30,2,Staff,Human Resources,HR,48.805,18,7,88.0,55.46022727272727,1
112,"KH. Mumpuni Usada, S.Ked",F,27,20-30,2,Staff,Human Resources,Innovation,45.305,6,4,72.0,62.923611111111114,1
112,"KH. Mumpuni Usada, S.Ked",F,27,20-30,2,Staff,Human Resources,Performance,47.89,9,6,80.0,59.8625,1
112,"KH. Mumpuni Usada, S.Ked",F,27,20-30,2,Staff,Human Resources,Project,51.95,4,3,78.0,66.6025641025641,1
112,"KH. Mumpuni Usada, S.Ked",F,27,20-30,2,Staff,Human Resources,Quality,45.9475,16,8,85.0,54.055882352941175,1
112,"KH. Mumpuni Usada, S.Ked",F,27,20-30,2,Staff,Human Resources,Teamwork,52.402857142857144,7,5,83.0,63.135972461273674,1
112,"KH. Mumpuni Usada, S.Ked",F,27,20-30,2,Staff,Human Resources,Technical,50.07,5,5,82.0,61.0609756097561,1
112,"KH. Mumpuni Usada, S.Ked",F,27,20-30,2,Staff,Human Resources,Time Management,49.94,7,5,80.0,62.425,1
113,"Eman Wahyuni, S.IP",F,24,20-30,2,Staff,Finance,Attendance,56.20428571428572,7,5,90.0,62.44920634920635,1
113,"Eman Wahyuni, S.IP",F,24,20-30,2,Staff,Finance,Development,47.52333333333333,9,6,75.0,63.36444444444444,1
113,"Eman Wahyuni, S.IP",F,24,20-30,2,Staff,Finance,Efficiency,49.775555555555556,9,7,80.0,62.21944444444445,1
113,"Eman Wahyuni, S.IP",F,24,20-30,2,Staff,Finance,Finance,46.942,5,5,82.0,57.24634146341463,1
113,"Eman Wahyuni, S.IP",F,24,20-30,2,Staff,Finance,HR,52.382666666666665,15,7,88.0,59.525757575757574,1
113,"Eman Wahyuni, S.IP",F,24,20-30,2,Staff,Finance,Innovation,45.848,5,4,72.0,63.67777777777778,1
113,"Eman Wahyuni, S.IP",F,24,20-30,2,Staff,Finance,Performance,47.864,10,6,80.0,59.83,1
113,"Eman Wahyuni, S.IP",F,24,20-30,2,Staff,Finance,Project,52.144999999999996,4,3,78.0,66.8525641025641,1
113,"Eman Wahyuni, S.IP",F,24,20-30,2,Staff,Finance,Quality,50.074799999999996,25,8,85.0,58.911529411764704,1
113,"Eman Wahyuni, S.IP",F,24,20-30,2,Staff,Finance,Teamwork,52.03,3,3,83.0,62.68674698795181,1
113,"Eman Wahyuni, S.IP",F,24,20-30,2,Staff,Finance,Technical,52.51499999999999,6,6,82.0,64.04268292682926,1
113,"Eman Wahyuni, S.IP",F,24,20-30,2,Staff,Finance,Time Management,51.835,6,5,80.0,64.79375,1
114,Jabal Novitasari,F,28,20-30,3,Staff,Corporate Strategy,Attendance,73.22,9,6,90.0,81.35555555555555,1
114,Jabal Novitasari,F,28,20-30,3,Staff,Corporate Strategy,Development,61.928,5,4,75.0,82.57066666666665,1
114,Jabal Novitasari,F,28,20-30,3,Staff,Corporate Strategy,Efficiency,64.405,4,4,80.0,80.50625,1
114,Jabal Novitasari,F,28,20-30,3,Staff,Corporate Strategy,Finance,66.495,2,2,82.0,81.09146341463415,1
114,Jabal Novitasari,F,28,20-30,3,Staff,Corporate Strategy,HR,69.245,14,7,88.0,78.6875,1
114,Jabal Novitasari,F,28,20-30,3,Staff,Corporate Strategy,Innovation,62.263999999999996,5,5,72.0,86.47777777777777,1
114,Jabal Novitasari,F,28,20-30,3,Staff,Corporate Strategy,Performance,66.63,1,1,80.0,83.2875,1
114,Jabal Novitasari,F,28,20-30,3,Staff,Corporate Strategy,Project,70.83250000000001,4,4,78.0,90.81089743589745,1
114,Jabal Novitasari,F,28,20-30,3,Staff,Corporate Strategy,Quality,64.911,20,6,85.0,76.36588235294118,1
114,Jabal Novitasari,F,28,20-30,3,Staff,Corporate Strategy,Teamwork,67.22166666666666,6,6,83.0,80.98995983935743,1
114,Jabal Novitasari,F,28,20-30,3,Staff,Corporate Strategy,Technical,67.02142857142857,7,5,82.0,81.73344947735191,1
114,Jabal Novitasari,F,28,20-30,3,Staff,Corporate Strategy,Time Management,65.22200000000001,5,3,80.0,81.5275,1
115,Paramita Wibisono,M,29,20-30,5,Senior Staff,Production,Attendance,73.135,8,5,90.0,81.26111111111112,1
115,Paramita Wibisono,M,29,20-30,5,Senior Staff,Production,Development,63.473333333333336,6,5,75.0,84.63111111111112,1
115,Paramita Wibisono,M,29,20-30,5,Senior Staff,Production,Efficiency,66.69399999999999,10,7,80.0,83.36749999999998,1
115,Paramita Wibisono,M,29,20-30,5,Senior Staff,Production,Finance,67.70142857142856,7,5,82.0,82.56271777003484,1
115,Paramita Wibisono,M,29,20-30,5,Senior Staff,Production,HR,67.62117647058824,17,8,88.0,76.84224598930481,1
115,Paramita Wibisono,M,29,20-30,5,Senior Staff,Production,Innovation,61.47666666666667,3,2,72.0,85.38425925925927,1
115,Paramita Wibisono,M,29,20-30,5,Senior Staff,Production,Performance,67.75,5,4,80.0,84.6875,1
115,Paramita Wibisono,M,29,20-30,5,Senior Staff,Production,Project,67.92857142857143,7,6,78.0,87.08791208791209,1
115,Paramita Wibisono,M,29,20-30,5,Senior Staff,Production,Quality,65.57291666666667,24,7,85.0,77.14460784313727,1
115,Paramita Wibisono,M,29,20-30,5,Senior Staff,Production,Teamwork,69.04,6,5,83.0,83.18072289156628,1
115,Paramita Wibisono,M,29,20-30,5,Senior Staff,Production,Technical,68.28,4,4,82.0,83.26829268292683,1
115,Paramita Wibisono,M,29,20-30,5,Senior Staff,Production,Time Management,66.50555555555555,9,6,80.0,83.13194444444443,1
116,"R. Talia Puspita, S.Farm",M,29,20-30,5,Staff,Design,Attendance,73.62166666666667,6,4,90.0,81.80185185185185,1
116,"R. Talia Puspita, S.Farm",M,29,20-30,5,Staff,Design,Development,62.3925,4,4,75.0,83.19,1
116,"R. Talia Puspita, S.Farm",M,29,20-30,5,Staff,Design,Efficiency,68.25714285714285,7,5,80.0,85.32142857142857,1
116,"R. Talia Puspita, S.Farm",M,29,20-30,5,Staff,Design,Finance,65.55428571428571,7,6,82.0,79.94425087108014,1
116,"R. Talia Puspita, S.Farm",M,29,20-30,5,Staff,Design,HR,69.20166666666667,12,7,88.0,78.63825757575758,1
116,"R. Talia Puspita, S.Farm",M,29,20-30,5,Staff,Design,Innovation,60.815999999999995,5,4,72.0,84.46666666666665,1
116,"R. Talia Puspita, S.Farm",M,29,20-30,5,Staff,Design,Performance,68.55,5,4,80.0,85.6875,1
116,"R. Talia Puspita, S.Farm",M,29,20-30,5,Staff,Design,Project,65.8375,4,4,78.0,84.4070512820513,1
116,"R. Talia Puspita, S.Farm",M,29,20-30,5,Staff,Design,Quality,65.89125,16,7,85.0,77.51911764705882,1
116,"R. Talia Puspita, S.Farm",M,29,20-30,5,Staff,Design,Teamwork,72.018,5,5,83.0,86.76867469879518,1
116,"R. Talia Puspita, S.Farm",M,29,20-30,5,Staff,Design,Technical,67.33,2,2,82.0,82.10975609756098,1
116,"R. Talia Puspita, S.Farm",M,29,20-30,5,Staff,Design,Time Management,70.1375,4,4,80.0,87.671875,1
117,"Ida Puspasari, S.E.I",M,26,20-30,3,Staff,Sales,Attendance,75.16125,8,7,90.0,83.5125,1
117,"Ida Puspasari, S.E.I",M,26,20-30,3,Staff,Sales,Development,65.13285714285715,7,5,75.0,86.84380952380953,1
117,"Ida Puspasari, S.E.I",M,26,20-30,3,Staff,Sales,Efficiency,66.772,5,4,80.0,83.465,1
117,"Ida Puspasari, S.E.I",M,26,20-30,3,Staff,Sales,Finance,67.02833333333334,6,5,82.0,81.7418699186992,1
117,"Ida Puspasari, S.E.I",M,26,20-30,3,Staff,Sales,HR,66.74285714285715,7,4,88.0,75.84415584415585,1
117,"Ida Puspasari, S.E.I",M,26,20-30,3,Staff,Sales,Innovation,64.228,5,4,72.0,89.20555555555555,1
117,"Ida Puspasari, S.E.I",M,26,20-30,3,Staff,Sales,Performance,67.54400000000001,10,7,80.0,84.43000000000002,1
117,"Ida Puspasari, S.E.I",M,26,20-30,3,Staff,Sales,Project,66.82777777777778,9,5,78.0,85.67663817663818,1
117,"Ida Puspasari, S.E.I",M,26,20-30,3,Staff,Sales,Quality,64.8978947368421,19,8,85.0,76.35046439628483,1
117,"Ida Puspasari, S.E.I",M,26,20-30,3,Staff,Sales,Teamwork,66.635,6,4,83.0,80.2831325301205,1
117,"Ida Puspasari, S.E.I",M,26,20-30,3,Staff,Sales,Technical,67.15833333333335,6,5,82.0,81.90040650406506,1
117,"Ida Puspasari, S.E.I",M,26,20-30,3,Staff,Sales,Time Management,66.75333333333334,6,4,80.0,83.44166666666669,1
118,"Dr. Prayoga Najmudin, M.TI.",F,30,20-30,2,Staff,IT,Attendance,57.720000000000006,7,4,90.0,64.13333333333334,1
118,"Dr. Prayoga Najmudin, M.TI.",F,30,20-30,2,Staff,IT,Development,53.334,5,3,75.0,71.11200000000001,1
118,"Dr. Prayoga Najmudin, M.TI.",F,30,20-30,2,Staff,IT,Efficiency,57.51333333333333,3,2,80.0,71.89166666666667,1
118,"Dr. Prayoga Najmudin, M.TI.",F,30,20-30,2,Staff,IT,Finance,49.758,5,4,82.0,60.68048780487805,1
118,"Dr. Prayoga Najmudin, M.TI.",F,30,20-30,2,Staff,IT,HR,56.060625,16,8,88.0,63.70525568181818,1
118,"Dr. Prayoga Najmudin, M.TI.",F,30,20-30,2,Staff,IT,Innovation,52.90857142857143,7,6,72.0,73.48412698412699,1
118,"Dr. Prayoga Najmudin, M.TI.",F,30,20-30,2,Staff,IT,Performance,55.432,5,4,80.0,69.28999999999999,1
118,"Dr. Prayoga Najmudin, M.TI.",F,30,20-30,2,Staff,IT,Project,50.6925,4,4,78.0,64.99038461538461,1
118,"Dr. Prayoga Najmudin, M.TI.",F,30,20-30,2,Staff,IT,Quality,52.22260869565217,23,8,85.0,61.4383631713555,1
118,"Dr. Prayoga Najmudin, M.TI.",F,30,20-30,2,Staff,IT,Teamwork,55.45428571428572,7,6,83.0,66.81239242685027,1
118,"Dr. Prayoga Najmudin, M.TI.",F,30,20-30,2,Staff,IT,Technical,55.21714285714285,7,5,82.0,67.33797909407664,1
118,"Dr. Prayoga Najmudin, M.TI.",F,30,20-30,2,Staff,IT,Time Management,53.945,6,3,80.0,67.43125,1
119,Cut Humaira Kurniawan,M,40,30-40,8,Manager,Finance,Attendance,96.47166666666668,6,4,90.0,107.19074074074075,0
119,Cut Humaira Kurniawan,M,40,30-40,8,Manager,Finance,Development,90.015,6,5,75.0,120.0,0
119,Cut Humaira Kurniawan,M,40,30-40,8,Manager,Finance,Efficiency,94.37857142857142,7,5,80.0,117.97321428571426,0
119,Cut Humaira Kurniawan,M,40,30-40,8,Manager,Finance,Finance,90.89625000000001,8,7,82.0,110.84908536585365,0
119,Cut Humaira Kurniawan,M,40,30-40,8,Manager,Finance,HR,95.83999999999999,12,7,88.0,108.90909090909089,0
119,Cut Humaira Kurniawan,M,40,30-40,8,Manager,Finance,Innovation,92.71375,8,5,72.0,120.0,0
119,Cut Humaira Kurniawan,M,40,30-40,8,Manager,Finance,Performance,93.87333333333333,9,6,80.0,117.34166666666667,0
119,Cut Humaira Kurniawan,M,40,30-40,8,Manager,Finance,Project,93.93333333333334,6,4,78.0,120.0,0
119,Cut Humaira Kurniawan,M,40,30-40,8,Manager,Finance,Quality,91.69904761904762,21,8,85.0,107.8812324929972,0
119,Cut Humaira Kurniawan,M,40,30-40,8,Manager,Finance,Teamwork,97.61875,8,5,83.0,117.61295180722891,0
119,Cut Humaira Kurniawan,M,40,30-40,8,Manager,Finance,Technical,88.89333333333333,3,2,82.0,108.40650406504066,0
119,Cut Humaira Kurniawan,M,40,30-40,8,Manager,Finance,Time Management,94.0175,8,7,80.0,117.521875,0
120,Saiful Hidayanto,M,44,40-50,11,Manager,Corporate Strategy,Attendance,97.49714285714286,7,5,90.0,108.33015873015873,0
120,Saiful Hidayanto,M,44,40-50,11,Manager,Corporate Strategy,Development,95.35444444444445,9,6,75.0,120.0,0
120,Saiful Hidayanto,M,44,40-50,11,Manager,Corporate Strategy,Efficiency,96.89875,8,5,80.0,120.0,0
120,Saiful Hidayanto,M,44,40-50,11,Manager,Corporate Strategy,Finance,97.49142857142859,7,6,82.0,118.89198606271779,0
120,Saiful Hidayanto,M,44,40-50,11,Manager,Corporate Strategy,HR,96.64533333333334,15,8,88.0,109.82424242424244,0
120,Saiful Hidayanto,M,44,40-50,11,Manager,Corporate Strategy,Innovation,93.92333333333333,6,5,72.0,120.0,0
120,Saiful Hidayanto,M,44,40-50,11,Manager,Corporate Strategy,Performance,96.31375,8,6,80.0,120.0,0
120,Saiful Hidayanto,M,44,40-50,11,Manager,Corporate Strategy,Project,95.21666666666667,9,6,78.0,120.0,0
120,Saiful Hidayanto,M,44,40-50,11,Manager,Corporate Strategy,Quality,95.34409090909092,22,8,85.0,112.16951871657756,0
120,Saiful Hidayanto,M,44,40-50,11,Manager,Corporate Strategy,Teamwork,97.64,8,7,83.0,117.63855421686748,0
120,Saiful Hidayanto,M,44,40-50,11,Manager,Corporate Strategy,Technical,94.3975,8,6,82.0,115.1189024390244,0
120,Saiful Hidayanto,M,44,40-50,11,Manager,Corporate Strategy,Time Management,97.05125,8,4,80.0,120.0,0
121,"Cut Rahayu Novitasari, M.TI.",M,37,30-40,10,Manager,Customer Service,Attendance,94.9176923076923,13,6,90.0,105.46410256410256,0
121,"Cut Rahayu Novitasari, M.TI.",M,37,30-40,10,Manager,Customer Service,Development,89.134,5,5,75.0,118.84533333333333,0
121,"Cut Rahayu Novitasari, M.TI.",M,37,30-40,10,Manager,Customer Service,Efficiency,91.89636363636363,11,7,80.0,114.87045454545455,0
121,"Cut Rahayu Novitasari, M.TI.",M,37,30-40,10,Manager,Customer Service,Finance,91.256,10,5,82.0,111.28780487804879,0
121,"Cut Rahayu Novitasari, M.TI.",M,37,30-40,10,Manager,Customer Service,HR,92.53833333333334,18,7,88.0,105.15719696969698,0
121,"Cut Rahayu Novitasari, M.TI.",M,37,30-40,10,Manager,Customer Service,Innovation,86.07125,8,6,72.0,119.54340277777777,0
121,"Cut Rahayu Novitasari, M.TI.",M,37,30-40,10,Manager,Customer Service,Performance,93.17999999999999,7,5,80.0,116.475,0
121,"Cut Rahayu Novitasari, M.TI.",M,37,30-40,10,Manager,Customer Service,Project,90.97666666666667,6,4,78.0,116.63675213675215,0
121,"Cut Rahayu Novitasari, M.TI.",M,37,30-40,10,Manager,Customer Service,Quality,89.15484848484849,33,8,85.0,104.8880570409982,0
121,"Cut Rahayu Novitasari, M.TI.",M,37,30-40,10,Manager,Customer Service,Teamwork,94.1511111111111,9,6,83.0,113.43507362784472,0
121,"Cut Rahayu Novitasari, M.TI.",M,37,30-40,10,Manager,Customer Service,Technical,90.08818181818182,11,8,82.0,109.86363636363636,0
121,"Cut Rahayu Novitasari, M.TI.",M,37,30-40,10,Manager,Customer Service,Time Management,94.01166666666667,12,7,80.0,117.51458333333335,0
122,"Ajiman Sitompul, S.Pd",M,37,30-40,7,Senior Staff,Operations,Attendance,74.01555555555555,9,7,90.0,82.2395061728395,1
122,"Ajiman Sitompul, S.Pd",M,37,30-40,7,Senior Staff,Operations,Development,66.13888888888889,9,7,75.0,88.18518518518518,1
122,"Ajiman Sitompul, S.Pd",M,37,30-40,7,Senior Staff,Operations,Efficiency,71.06555555555556,9,6,80.0,88.83194444444446,1
122,"Ajiman Sitompul, S.Pd",M,37,30-40,7,Senior Staff,Operations,Finance,67.24,4,4,82.0,81.99999999999999,1
122,"Ajiman Sitompul, S.Pd",M,37,30-40,7,Senior Staff,Operations,HR,71.21333333333332,9,6,88.0,80.92424242424241,1
122,"Ajiman Sitompul, S.Pd",M,37,30-40,7,Senior Staff,Operations,Innovation,66.50833333333333,6,5,72.0,92.37268518518516,1
122,"Ajiman Sitompul, S.Pd",M,37,30-40,7,Senior Staff,Operations,Performance,68.08,7,5,80.0,85.1,1
122,"Ajiman Sitompul, S.Pd",M,37,30-40,7,Senior Staff,Operations,Project,63.5625,4,4,78.0,81.49038461538461,1
122,"Ajiman Sitompul, S.Pd",M,37,30-40,7,Senior Staff,Operations,Quality,67.19368421052631,19,7,85.0,79.05139318885449,1
122,"Ajiman Sitompul, S.Pd",M,37,30-40,7,Senior Staff,Operations,Teamwork,71.38111111111112,9,7,83.0,86.0013386880857,1
122,"Ajiman Sitompul, S.Pd",M,37,30-40,7,Senior Staff,Operations,Technical,71.00875,8,6,82.0,86.59603658536587,1
122,"Ajiman Sitompul, S.Pd",M,37,30-40,7,Senior Staff,Operations,Time Management,71.90142857142857,7,7,80.0,89.87678571428572,1
123,"Dirja Ardianto, M.TI.",M,47,40-50,13,Manager,Customer Service,Attendance,93.136,5,5,90.0,103.48444444444445,0
123,"Dirja Ardianto, M.TI.",M,47,40-50,13,Manager,Customer Service,Development,88.61666666666667,3,2,75.0,118.15555555555557,0
123,"Dirja Ardianto, M.TI.",M,47,40-50,13,Manager,Customer Service,Efficiency,90.975,8,6,80.0,113.71875,0
123,"Dirja Ardianto, M.TI.",M,47,40-50,13,Manager,Customer Service,Finance,90.37833333333333,6,5,82.0,110.21747967479673,0
123,"Dirja Ardianto, M.TI.",M,47,40-50,13,Manager,Customer Service,HR,92.92611111111111,18,7,88.0,105.59785353535354,0
123,"Dirja Ardianto, M.TI.",M,47,40-50,13,Manager,Customer Service,Innovation,87.80285714285715,7,5,72.0,120.0,0
123,"Dirja Ardianto, M.TI.",M,47,40-50,13,Manager,Customer Service,Performance,91.87222222222222,9,6,80.0,114.84027777777779,0
123,"Dirja Ardianto, M.TI.",M,47,40-50,13,Manager,Customer Service,Project,91.39777777777778,9,5,78.0,117.17663817663818,0
123,"Dirja Ardianto, M.TI.",M,47,40-50,13,Manager,Customer Service,Quality,89.40090909090908,22,7,85.0,105.17754010695187,0
123,"Dirja Ardianto, M.TI.",M,47,40-50,13,Manager,Customer Service,Teamwork,93.11,8,5,83.0,112.18072289156626,0
123,"Dirja Ardianto, M.TI.",M,47,40-50,13,Manager,Customer Service,Technical,88.14833333333333,6,5,82.0,107.49796747967478,0
123,"Dirja Ardianto, M.TI.",M,47,40-50,13,Manager,Customer Service,Time Management,92.27142857142857,7,5,80.0,115.33928571428571,0
124,Hana Santoso,M,27,20-30,1,Staff,Marketing,Attendance,55.056,10,6,90.0,61.173333333333325,1
124,Hana Santoso,M,27,20-30,1,Staff,Marketing,Development,50.428333333333335,6,4,75.0,67.23777777777778,1
124,Hana Santoso,M,27,20-30,1,Staff,Marketing,Efficiency,51.58818181818182,11,7,80.0,64.48522727272727,1
124,Hana Santoso,M,27,20-30,1,Staff,Marketing,Finance,52.37833333333333,6,4,82.0,63.8760162601626,1
124,Hana Santoso,M,27,20-30,1,Staff,Marketing,HR,51.56428571428571,14,6,88.0,58.595779220779214,1
124,Hana Santoso,M,27,20-30,1,Staff,Marketing,Innovation,47.086,10,7,72.0,65.39722222222221,1
124,Hana Santoso,M,27,20-30,1,Staff,Marketing,Performance,49.79666666666666,6,5,80.0,62.24583333333332,1
124,Hana Santoso,M,27,20-30,1,Staff,Marketing,Project,52.13142857142857,7,6,78.0,66.83516483516483,1
124,Hana Santoso,M,27,20-30,1,Staff,Marketing,Quality,49.6135,20,7,85.0,58.36882352941177,1
124,Hana Santoso,M,27,20-30,1,Staff,Marketing,Teamwork,52.89222222222222,9,7,83.0,63.72556894243642,1
124,Hana Santoso,M,27,20-30,1,Staff,Marketing,Technical,49.95666666666667,6,4,82.0,60.92276422764228,1
124,Hana Santoso,M,27,20-30,1,Staff,Marketing,Time Management,50.205714285714286,7,5,80.0,62.75714285714285,1
125,Joko Najmudin,M,22,20-30,2,Staff,IT,Attendance,74.235,2,2,90.0,82.48333333333333,1
125,Joko Najmudin,M,22,20-30,2,Staff,IT,Development,65.87571428571428,7,6,75.0,87.83428571428571,1
125,Joko Najmudin,M,22,20-30,2,Staff,IT,Efficiency,66.56,5,4,80.0,83.2,1
125,Joko Najmudin,M,22,20-30,2,Staff,IT,Finance,63.71999999999999,7,3,82.0,77.70731707317071,1
125,Joko Najmudin,M,22,20-30,2,Staff,IT,HR,69.355,8,6,88.0,78.8125,1
125,Joko Najmudin,M,22,20-30,2,Staff,IT,Innovation,64.325,6,4,72.0,89.34027777777777,1
125,Joko Najmudin,M,22,20-30,2,Staff,IT,Performance,66.66333333333334,3,3,80.0,83.32916666666668,1
125,Joko Najmudin,M,22,20-30,2,Staff,IT,Project,66.52166666666666,6,5,78.0,85.28418803418802,1
125,Joko Najmudin,M,22,20-30,2,Staff,IT,Quality,68.543125,16,7,85.0,80.6389705882353,1
125,Joko Najmudin,M,22,20-30,2,Staff,IT,Teamwork,71.72166666666668,6,6,83.0,86.4116465863454,1
125,Joko Najmudin,M,22,20-30,2,Staff,IT,Technical,67.688,5,5,82.0,82.54634146341463,1
125,Joko Najmudin,M,22,20-30,2,Staff,IT,Time Management,67.32000000000001,6,5,80.0,84.15,1
126,"Belinda Dabukke, S.Pt",M,41,40-50,10,Manager,Operations,Attendance,97.575,6,5,90.0,108.41666666666667,0
126,"Belinda Dabukke, S.Pt",M,41,40-50,10,Manager,Operations,Development,89.76285714285714,7,4,75.0,119.68380952380951,0
126,"Belinda Dabukke, S.Pt",M,41,40-50,10,Manager,Operations,Efficiency,94.998,10,7,80.0,118.74750000000002,0
126,"Belinda Dabukke, S.Pt",M,41,40-50,10,Manager,Operations,Finance,90.69375,8,6,82.0,110.60213414634147,0
126,"Belinda Dabukke, S.Pt",M,41,40-50,10,Manager,Operations,HR,94.05947368421053,19,8,88.0,106.88576555023924,0
126,"Belinda Dabukke, S.Pt",M,41,40-50,10,Manager,Operations,Innovation,91.226,5,4,72.0,120.0,0
126,"Belinda Dabukke, S.Pt",M,41,40-50,10,Manager,Operations,Performance,92.99692307692308,13,8,80.0,116.24615384615386,0
126,"Belinda Dabukke, S.Pt",M,41,40-50,10,Manager,Operations,Project,92.17999999999999,5,4,78.0,118.17948717948718,0
126,"Belinda Dabukke, S.Pt",M,41,40-50,10,Manager,Operations,Quality,91.91461538461537,26,8,85.0,108.13484162895926,0
126,"Belinda Dabukke, S.Pt",M,41,40-50,10,Manager,Operations,Teamwork,96.04555555555555,9,6,83.0,115.71753681392235,0
126,"Belinda Dabukke, S.Pt",M,41,40-50,10,Manager,Operations,Technical,92.95625,8,6,82.0,113.36128048780488,0
126,"Belinda Dabukke, S.Pt",M,41,40-50,10,Manager,Operations,Time Management,93.87285714285714,7,4,80.0,117.34107142857142,0
127,Cemeti Wastuti,M,48,40-50,11,Manager,Production,Attendance,96.18555555555557,9,7,90.0,106.87283950617285,0
127,Cemeti Wastuti,M,48,40-50,11,Manager,Production,Development,89.67666666666668,9,7,75.0,119.5688888888889,0
127,Cemeti Wastuti,M,48,40-50,11,Manager,Production,Efficiency,94.91111111111111,9,6,80.0,118.63888888888889,0
127,Cemeti Wastuti,M,48,40-50,11,Manager,Production,Finance,92.02,6,5,82.0,112.21951219512195,0
127,Cemeti Wastuti,M,48,40-50,11,Manager,Production,HR,93.56933333333333,15,8,88.0,106.32878787878786,0
127,Cemeti Wastuti,M,48,40-50,11,Manager,Production,Innovation,91.37,7,5,72.0,120.0,0
127,Cemeti Wastuti,M,48,40-50,11,Manager,Production,Performance,94.73428571428572,7,5,80.0,118.41785714285716,0
127,Cemeti Wastuti,M,48,40-50,11,Manager,Production,Project,92.718,5,4,78.0,118.86923076923078,0
127,Cemeti Wastuti,M,48,40-50,11,Manager,Production,Quality,92.156875,16,7,85.0,108.41985294117647,0
127,Cemeti Wastuti,M,48,40-50,11,Manager,Production,Teamwork,92.58285714285715,7,7,83.0,111.54561101549055,0
127,Cemeti Wastuti,M,48,40-50,11,Manager,Production,Technical,94.77333333333333,6,4,82.0,115.57723577235771,0
127,Cemeti Wastuti,M,48,40-50,11,Manager,Production,Time Management,92.63142857142857,7,5,80.0,115.78928571428571,0
128,"Ir. Jaswadi Nababan, S.Farm",F,29,20-30,1,Staff,Design,Attendance,50.916666666666664,6,5,90.0,56.57407407407407,1
128,"Ir. Jaswadi Nababan, S.Farm",F,29,20-30,1,Staff,Design,Development,49.959999999999994,5,4,75.0,66.61333333333332,1
128,"Ir. Jaswadi Nababan, S.Farm",F,29,20-30,1,Staff,Design,Efficiency,48.46875,8,6,80.0,60.5859375,1
128,"Ir. Jaswadi Nababan, S.Farm",F,29,20-30,1,Staff,Design,Finance,47.94833333333333,6,5,82.0,58.47357723577235,1
128,"Ir. Jaswadi Nababan, S.Farm",F,29,20-30,1,Staff,Design,HR,52.821000000000005,10,6,88.0,60.02386363636364,1
128,"Ir. Jaswadi Nababan, S.Farm",F,29,20-30,1,Staff,Design,Innovation,48.525999999999996,5,4,72.0,67.39722222222221,1
128,"Ir. Jaswadi Nababan, S.Farm",F,29,20-30,1,Staff,Design,Performance,41.97,2,2,80.0,52.4625,1
128,"Ir. Jaswadi Nababan, S.Farm",F,29,20-30,1,Staff,Design,Project,55.693333333333335,3,3,78.0,71.40170940170941,1
128,"Ir. Jaswadi Nababan, S.Farm",F,29,20-30,1,Staff,Design,Quality,47.23304347826087,23,7,85.0,55.56828644501279,1
128,"Ir. Jaswadi Nababan, S.Farm",F,29,20-30,1,Staff,Design,Teamwork,52.56,3,3,83.0,63.325301204819276,1
128,"Ir. Jaswadi Nababan, S.Farm",F,29,20-30,1,Staff,Design,Technical,50.822,5,4,82.0,61.97804878048781,1
128,"Ir. Jaswadi Nababan, S.Farm",F,29,20-30,1,Staff,Design,Time Management,48.15833333333333,6,5,80.0,60.197916666666664,1
129,Dr. Timbul Megantara,M,23,20-30,2,Staff,Design,Attendance,54.234,10,6,90.0,60.260000000000005,1
129,Dr. Timbul Megantara,M,23,20-30,2,Staff,Design,Development,45.8,8,6,75.0,61.06666666666667,1
129,Dr. Timbul Megantara,M,23,20-30,2,Staff,Design,Efficiency,54.08875,8,5,80.0,67.6109375,1
129,Dr. Timbul Megantara,M,23,20-30,2,Staff,Design,Finance,48.48,9,7,82.0,59.1219512195122,1
129,Dr. Timbul Megantara,M,23,20-30,2,Staff,Design,HR,52.17923076923077,13,6,88.0,59.29458041958042,1
129,Dr. Timbul Megantara,M,23,20-30,2,Staff,Design,Innovation,45.655,6,5,72.0,63.40972222222222,1
129,Dr. Timbul Megantara,M,23,20-30,2,Staff,Design,Performance,50.29818181818182,11,7,80.0,62.872727272727275,1
129,Dr. Timbul Megantara,M,23,20-30,2,Staff,Design,Project,49.225,8,6,78.0,63.10897435897436,1
129,Dr. Timbul Megantara,M,23,20-30,2,Staff,Design,Quality,46.48047619047619,21,7,85.0,54.68291316526611,1
129,Dr. Timbul Megantara,M,23,20-30,2,Staff,Design,Teamwork,51.413333333333334,3,2,83.0,61.9437751004016,1
129,Dr. Timbul Megantara,M,23,20-30,2,Staff,Design,Technical,50.487142857142864,7,6,82.0,61.56968641114983,1
129,Dr. Timbul Megantara,M,23,20-30,2,Staff,Design,Time Management,50.2325,8,6,80.0,62.790625,1
130,Asmadi Maulana,M,43,40-50,15,Senior Manager,Design,Attendance,98.0,5,4,90.0,108.88888888888889,0
130,Asmadi Maulana,M,43,40-50,15,Senior Manager,Design,Development,97.352,5,5,75.0,120.0,0
130,Asmadi Maulana,M,43,40-50,15,Senior Manager,Design,Efficiency,98.0,6,5,80.0,120.0,0
130,Asmadi Maulana,M,43,40-50,15,Senior Manager,Design,Finance,98.0,7,6,82.0,119.51219512195122,0
130,Asmadi Maulana,M,43,40-50,15,Senior Manager,Design,HR,98.0,10,5,88.0,111.36363636363636,0
130,Asmadi Maulana,M,43,40-50,15,Senior Manager,Design,Innovation,97.82545454545453,11,8,72.0,120.0,0
130,Asmadi Maulana,M,43,40-50,15,Senior Manager,Design,Performance,98.0,6,5,80.0,120.0,0
130,Asmadi Maulana,M,43,40-50,15,Senior Manager,Design,Project,98.0,7,5,78.0,120.0,0
130,Asmadi Maulana,M,43,40-50,15,Senior Manager,Design,Quality,97.97933333333334,15,7,85.0,115.26980392156864,0
130,Asmadi Maulana,M,43,40-50,15,Senior Manager,Design,Teamwork,98.0,7,6,83.0,118.07228915662651,0
130,Asmadi Maulana,M,43,40-50,15,Senior Manager,Design,Technical,98.0,3,3,82.0,119.51219512195122,0
130,Asmadi Maulana,M,43,40-50,15,Senior Manager,Design,Time Management,98.0,4,3,80.0,120.0,0
131,Ir. Asirwada Rajata,M,22,20-30,1,Staff,IT,Attendance,60.36,7,6,90.0,67.06666666666666,1
131,Ir. Asirwada Rajata,M,22,20-30,1,Staff,IT,Development,53.354285714285716,7,6,75.0,71.13904761904762,1
131,Ir. Asirwada Rajata,M,22,20-30,1,Staff,IT,Efficiency,53.207499999999996,8,6,80.0,66.509375,1
131,Ir. Asirwada Rajata,M,22,20-30,1,Staff,IT,Finance,45.724000000000004,5,5,82.0,55.7609756097561,1
131,Ir. Asirwada Rajata,M,22,20-30,1,Staff,IT,HR,55.32444444444444,9,4,88.0,62.86868686868686,1
131,Ir. Asirwada Rajata,M,22,20-30,1,Staff,IT,Innovation,48.49666666666667,3,3,72.0,67.35648148148148,1
131,Ir. Asirwada Rajata,M,22,20-30,1,Staff,IT,Performance,51.663333333333334,9,6,80.0,64.57916666666667,1
131,Ir. Asirwada Rajata,M,22,20-30,1,Staff,IT,Project,54.46,8,6,78.0,69.82051282051282,1
131,Ir. Asirwada Rajata,M,22,20-30,1,Staff,IT,Quality,53.818,15,7,85.0,63.31529411764706,1
131,Ir. Asirwada Rajata,M,22,20-30,1,Staff,IT,Teamwork,55.06714285714286,7,6,83.0,66.34595524956971,1
131,Ir. Asirwada Rajata,M,22,20-30,1,Staff,IT,Technical,52.585,4,2,82.0,64.1280487804878,1
131,Ir. Asirwada Rajata,M,22,20-30,1,Staff,IT,Time Management,56.21875,8,4,80.0,70.2734375,1
132,"Hardi Yuniar, M.TI.",F,22,20-30,2,Staff,Marketing,Attendance,55.903999999999996,5,4,90.0,62.11555555555555,1
132,"Hardi Yuniar, M.TI.",F,22,20-30,2,Staff,Marketing,Development,49.99166666666667,6,4,75.0,66.65555555555557,1
132,"Hardi Yuniar, M.TI.",F,22,20-30,2,Staff,Marketing,Efficiency,51.7775,4,4,80.0,64.721875,1
132,"Hardi Yuniar, M.TI.",F,22,20-30,2,Staff,Marketing,Finance,49.635,6,4,82.0,60.53048780487805,1
132,"Hardi Yuniar, M.TI.",F,22,20-30,2,Staff,Marketing,HR,52.137142857142855,14,6,88.0,59.246753246753244,1
132,"Hardi Yuniar, M.TI.",F,22,20-30,2,Staff,Marketing,Innovation,47.80571428571428,7,5,72.0,66.39682539682539,1
132,"Hardi Yuniar, M.TI.",F,22,20-30,2,Staff,Marketing,Performance,55.99777777777778,9,5,80.0,69.99722222222222,1
132,"Hardi Yuniar, M.TI.",F,22,20-30,2,Staff,Marketing,Project,50.115,6,5,78.0,64.25,1
132,"Hardi Yuniar, M.TI.",F,22,20-30,2,Staff,Marketing,Quality,48.10526315789474,19,8,85.0,56.59442724458205,1
132,"Hardi Yuniar, M.TI.",F,22,20-30,2,Staff,Marketing,Teamwork,55.69,5,4,83.0,67.09638554216868,1
132,"Hardi Yuniar, M.TI.",F,22,20-30,2,Staff,Marketing,Technical,47.058,5,3,82.0,57.38780487804878,1
132,"Hardi Yuniar, M.TI.",F,22,20-30,2,Staff,Marketing,Time Management,51.99666666666667,3,3,80.0,64.99583333333334,1
133,Ismail Saefullah,F,30,20-30,4,Staff,Operations,Attendance,69.66666666666667,9,5,90.0,77.4074074074074,1
133,Ismail Saefullah,F,30,20-30,4,Staff,Operations,Development,63.81142857142857,7,5,75.0,85.08190476190475,1
133,Ismail Saefullah,F,30,20-30,4,Staff,Operations,Efficiency,65.02444444444444,9,5,80.0,81.28055555555555,1
133,Ismail Saefullah,F,30,20-30,4,Staff,Operations,Finance,64.32666666666667,9,6,82.0,78.44715447154472,1
133,Ismail Saefullah,F,30,20-30,4,Staff,Operations,HR,65.90555555555555,9,5,88.0,74.89267676767676,1
133,Ismail Saefullah,F,30,20-30,4,Staff,Operations,Innovation,60.65571428571428,7,7,72.0,84.24404761904762,1
133,Ismail Saefullah,F,30,20-30,4,Staff,Operations,Performance,65.64166666666667,6,4,80.0,82.05208333333334,1
133,Ismail Saefullah,F,30,20-30,4,Staff,Operations,Project,63.46,3,3,78.0,81.35897435897436,1
133,Ismail Saefullah,F,30,20-30,4,Staff,Operations,Quality,65.00454545454545,22,8,85.0,76.475935828877,1
133,Ismail Saefullah,F,30,20-30,4,Staff,Operations,Teamwork,68.38714285714285,7,5,83.0,82.39414802065403,1
133,Ismail Saefullah,F,30,20-30,4,Staff,Operations,Technical,67.68199999999999,5,4,82.0,82.5390243902439,1
133,Ismail Saefullah,F,30,20-30,4,Staff,Operations,Time Management,65.92,7,5,80.0,82.4,1
134,Cakrabirawa Wasita,M,22,20-30,3,Staff,Research & Development,Attendance,74.10799999999999,5,3,90.0,82.34222222222222,1
134,Cakrabirawa Wasita,M,22,20-30,3,Staff,Research & Development,Development,65.668,10,7,75.0,87.55733333333335,1
134,Cakrabirawa Wasita,M,22,20-30,3,Staff,Research & Development,Efficiency,69.98400000000001,5,4,80.0,87.48,1
134,Cakrabirawa Wasita,M,22,20-30,3,Staff,Research & Development,Finance,69.31800000000001,5,4,82.0,84.53414634146343,1
134,Cakrabirawa Wasita,M,22,20-30,3,Staff,Research & Development,HR,69.65461538461538,13,6,88.0,79.15297202797203,1
134,Cakrabirawa Wasita,M,22,20-30,3,Staff,Research & Development,Innovation,62.6375,4,4,72.0,86.99652777777777,1
134,Cakrabirawa Wasita,M,22,20-30,3,Staff,Research & Development,Performance,70.534,5,5,80.0,88.1675,1
134,Cakrabirawa Wasita,M,22,20-30,3,Staff,Research & Development,Project,71.03333333333333,6,5,78.0,91.06837606837607,1
134,Cakrabirawa Wasita,M,22,20-30,3,Staff,Research & Development,Quality,67.90157894736842,19,7,85.0,79.88421052631578,1
134,Cakrabirawa Wasita,M,22,20-30,3,Staff,Research & Development,Teamwork,70.5425,4,2,83.0,84.99096385542168,1
134,Cakrabirawa Wasita,M,22,20-30,3,Staff,Research & Development,Technical,71.31375,8,5,82.0,86.96798780487805,1
134,Cakrabirawa Wasita,M,22,20-30,3,Staff,Research & Development,Time Management,72.13166666666667,6,5,80.0,90.16458333333335,1
135,Puti Endah Dabukke,M,29,20-30,5,Senior Staff,IT,Attendance,81.19,6,3,90.0,90.21111111111111,1
135,Puti Endah Dabukke,M,29,20-30,5,Senior Staff,IT,Development,74.08375,8,6,75.0,98.77833333333332,1
135,Puti Endah Dabukke,M,29,20-30,5,Senior Staff,IT,Efficiency,70.5725,4,3,80.0,88.21562500000002,1
135,Puti Endah Dabukke,M,29,20-30,5,Senior Staff,IT,Finance,68.6075,4,4,82.0,83.66768292682927,1
135,Puti Endah Dabukke,M,29,20-30,5,Senior Staff,IT,HR,74.84909090909092,11,6,88.0,85.05578512396696,1
135,Puti Endah Dabukke,M,29,20-30,5,Senior Staff,IT,Innovation,71.557,10,6,72.0,99.38472222222222,1
135,Puti Endah Dabukke,M,29,20-30,5,Senior Staff,IT,Performance,75.82428571428571,7,6,80.0,94.78035714285713,1
135,Puti Endah Dabukke,M,29,20-30,5,Senior Staff,IT,Project,77.28999999999999,5,3,78.0,99.08974358974358,1
135,Puti Endah Dabukke,M,29,20-30,5,Senior Staff,IT,Quality,72.91736842105263,19,8,85.0,85.78513931888546,1
135,Puti Endah Dabukke,M,29,20-30,5,Senior Staff,IT,Teamwork,76.95428571428572,7,5,83.0,92.71600688468159,1
135,Puti Endah Dabukke,M,29,20-30,5,Senior Staff,IT,Technical,75.55285714285715,7,4,82.0,92.13763066202091,1
135,Puti Endah Dabukke,M,29,20-30,5,Senior Staff,IT,Time Management,70.0,6,6,80.0,87.5,1
136,Jumari Pradipta,M,25,20-30,5,Staff,Design,Attendance,68.784,5,4,90.0,76.42666666666668,1
136,Jumari Pradipta,M,25,20-30,5,Staff,Design,Development,62.901666666666664,6,4,75.0,83.86888888888888,1
136,Jumari Pradipta,M,25,20-30,5,Staff,Design,Efficiency,65.52857142857142,7,5,80.0,81.91071428571428,1
136,Jumari Pradipta,M,25,20-30,5,Staff,Design,Finance,67.378,5,4,82.0,82.16829268292683,1
136,Jumari Pradipta,M,25,20-30,5,Staff,Design,HR,67.92909090909092,11,6,88.0,77.1921487603306,1
136,Jumari Pradipta,M,25,20-30,5,Staff,Design,Innovation,63.38099999999999,10,7,72.0,88.02916666666665,1
136,Jumari Pradipta,M,25,20-30,5,Staff,Design,Performance,68.8875,4,4,80.0,86.109375,1
136,Jumari Pradipta,M,25,20-30,5,Staff,Design,Project,64.61333333333333,3,2,78.0,82.83760683760683,1
136,Jumari Pradipta,M,25,20-30,5,Staff,Design,Quality,65.85809523809523,21,7,85.0,77.48011204481791,1
136,Jumari Pradipta,M,25,20-30,5,Staff,Design,Teamwork,67.4275,8,7,83.0,81.23795180722891,1
136,Jumari Pradipta,M,25,20-30,5,Staff,Design,Technical,64.86285714285715,7,5,82.0,79.10104529616726,1
136,Jumari Pradipta,M,25,20-30,5,Staff,Design,Time Management,66.73,4,4,80.0,83.4125,1
137,Jayeng Mayasari,F,30,20-30,3,Staff,Sales,Attendance,75.89500000000001,2,2,90.0,84.32777777777778,1
137,Jayeng Mayasari,F,30,20-30,3,Staff,Sales,Development,61.17333333333334,6,6,75.0,81.56444444444445,1
137,Jayeng Mayasari,F,30,20-30,3,Staff,Sales,Efficiency,63.15428571428571,7,4,80.0,78.94285714285715,1
137,Jayeng Mayasari,F,30,20-30,3,Staff,Sales,Finance,63.228571428571435,7,7,82.0,77.10801393728224,1
137,Jayeng Mayasari,F,30,20-30,3,Staff,Sales,HR,67.09533333333333,15,6,88.0,76.24469696969696,1
137,Jayeng Mayasari,F,30,20-30,3,Staff,Sales,Innovation,61.36777777777778,9,6,72.0,85.23302469135803,1
137,Jayeng Mayasari,F,30,20-30,3,Staff,Sales,Performance,64.765,6,5,80.0,80.95625,1
137,Jayeng Mayasari,F,30,20-30,3,Staff,Sales,Project,65.99222222222222,9,6,78.0,84.6054131054131,1
137,Jayeng Mayasari,F,30,20-30,3,Staff,Sales,Quality,62.75526315789473,19,8,85.0,73.8297213622291,1
137,Jayeng Mayasari,F,30,20-30,3,Staff,Sales,Teamwork,66.39666666666666,9,8,83.0,79.99598393574297,1
137,Jayeng Mayasari,F,30,20-30,3,Staff,Sales,Technical,68.22545454545455,11,8,82.0,83.20177383592018,1
137,Jayeng Mayasari,F,30,20-30,3,Staff,Sales,Time Management,68.2625,4,3,80.0,85.328125,1
138,"Syahrini Usamah, M.M.",F,28,20-30,2,Staff,Marketing,Attendance,70.416,10,6,90.0,78.24,1
138,"Syahrini Usamah, M.M.",F,28,20-30,2,Staff,Marketing,Development,62.114999999999995,10,6,75.0,82.82,1
138,"Syahrini Usamah, M.M.",F,28,20-30,2,Staff,Marketing,Efficiency,64.55428571428571,7,5,80.0,80.69285714285715,1
138,"Syahrini Usamah, M.M.",F,28,20-30,2,Staff,Marketing,Finance,62.88,7,5,82.0,76.6829268292683,1
138,"Syahrini Usamah, M.M.",F,28,20-30,2,Staff,Marketing,HR,67.558125,16,8,88.0,76.7705965909091,1
138,"Syahrini Usamah, M.M.",F,28,20-30,2,Staff,Marketing,Innovation,64.134,5,4,72.0,89.07499999999999,1
138,"Syahrini Usamah, M.M.",F,28,20-30,2,Staff,Marketing,Performance,64.2425,4,4,80.0,80.30312500000001,1
138,"Syahrini Usamah, M.M.",F,28,20-30,2,Staff,Marketing,Project,66.9925,4,3,78.0,85.88782051282053,1
138,"Syahrini Usamah, M.M.",F,28,20-30,2,Staff,Marketing,Quality,64.17904761904762,21,7,85.0,75.5047619047619,1
138,"Syahrini Usamah, M.M.",F,28,20-30,2,Staff,Marketing,Teamwork,72.556,5,5,83.0,87.4168674698795,1
138,"Syahrini Usamah, M.M.",F,28,20-30,2,Staff,Marketing,Technical,62.8625,4,3,82.0,76.66158536585365,1
138,"Syahrini Usamah, M.M.",F,28,20-30,2,Staff,Marketing,Time Management,69.116,5,4,80.0,86.39500000000001,1
139,"Laila Lestari, S.H.",F,22,20-30,4,Staff,Corporate Strategy,Attendance,75.7,5,5,90.0,84.11111111111111,1
139,"Laila Lestari, S.H.",F,22,20-30,4,Staff,Corporate Strategy,Development,64.23272727272727,11,7,75.0,85.64363636363636,1
139,"Laila Lestari, S.H.",F,22,20-30,4,Staff,Corporate Strategy,Efficiency,70.02250000000001,8,5,80.0,87.52812500000002,1
139,"Laila Lestari, S.H.",F,22,20-30,4,Staff,Corporate Strategy,Finance,66.84714285714286,7,6,82.0,81.52090592334494,1
139,"Laila Lestari, S.H.",F,22,20-30,4,Staff,Corporate Strategy,HR,71.15466666666666,15,8,88.0,80.85757575757575,1
139,"Laila Lestari, S.H.",F,22,20-30,4,Staff,Corporate Strategy,Innovation,67.064,5,3,72.0,93.14444444444445,1
139,"Laila Lestari, S.H.",F,22,20-30,4,Staff,Corporate Strategy,Performance,69.81142857142858,7,6,80.0,87.26428571428572,1
139,"Laila Lestari, S.H.",F,22,20-30,4,Staff,Corporate Strategy,Project,67.54,7,5,78.0,86.5897435897436,1
139,"Laila Lestari, S.H.",F,22,20-30,4,Staff,Corporate Strategy,Quality,66.71392857142857,28,8,85.0,78.48697478991596,1
139,"Laila Lestari, S.H.",F,22,20-30,4,Staff,Corporate Strategy,Teamwork,68.27285714285713,7,5,83.0,82.25645438898451,1
139,"Laila Lestari, S.H.",F,22,20-30,4,Staff,Corporate Strategy,Technical,67.1975,8,6,82.0,81.94817073170732,1
139,"Laila Lestari, S.H.",F,22,20-30,4,Staff,Corporate Strategy,Time Management,67.14999999999999,3,2,80.0,83.93749999999999,1
140,Yoga Farida,M,24,20-30,3,Staff,Procurement,Attendance,69.02666666666666,3,3,90.0,76.6962962962963,1
140,Yoga Farida,M,24,20-30,3,Staff,Procurement,Development,62.065999999999995,5,4,75.0,82.75466666666667,1
140,Yoga Farida,M,24,20-30,3,Staff,Procurement,Efficiency,63.40375,8,5,80.0,79.2546875,1
140,Yoga Farida,M,24,20-30,3,Staff,Procurement,Finance,61.66428571428572,7,5,82.0,75.20034843205575,1
140,Yoga Farida,M,24,20-30,3,Staff,Procurement,HR,61.45777777777778,9,6,88.0,69.83838383838383,1
140,Yoga Farida,M,24,20-30,3,Staff,Procurement,Innovation,58.41375,8,6,72.0,81.13020833333333,1
140,Yoga Farida,M,24,20-30,3,Staff,Procurement,Performance,62.95125,8,6,80.0,78.6890625,1
140,Yoga Farida,M,24,20-30,3,Staff,Procurement,Project,63.57,3,3,78.0,81.5,1
140,Yoga Farida,M,24,20-30,3,Staff,Procurement,Quality,60.06619047619047,21,8,85.0,70.66610644257702,1
140,Yoga Farida,M,24,20-30,3,Staff,Procurement,Teamwork,63.89,5,4,83.0,76.97590361445783,1
140,Yoga Farida,M,24,20-30,3,Staff,Procurement,Technical,61.943,10,8,82.0,75.54024390243903,1
140,Yoga Farida,M,24,20-30,3,Staff,Procurement,Time Management,59.6225,4,4,80.0,74.528125,1
141,Kambali Padmasari,M,26,20-30,5,Staff,Legal,Attendance,67.79142857142857,7,4,90.0,75.32380952380952,1
141,Kambali Padmasari,M,26,20-30,5,Staff,Legal,Development,60.75428571428571,7,5,75.0,81.00571428571428,1
141,Kambali Padmasari,M,26,20-30,5,Staff,Legal,Efficiency,62.22857142857142,7,5,80.0,77.78571428571428,1
141,Kambali Padmasari,M,26,20-30,5,Staff,Legal,Finance,60.354285714285716,7,4,82.0,73.602787456446,1
141,Kambali Padmasari,M,26,20-30,5,Staff,Legal,HR,66.805625,16,6,88.0,75.91548295454547,1
141,Kambali Padmasari,M,26,20-30,5,Staff,Legal,Innovation,59.865,6,5,72.0,83.14583333333333,1
141,Kambali Padmasari,M,26,20-30,5,Staff,Legal,Performance,63.5,4,3,80.0,79.375,1
141,Kambali Padmasari,M,26,20-30,5,Staff,Legal,Project,64.74000000000001,8,6,78.0,83.00000000000001,1
141,Kambali Padmasari,M,26,20-30,5,Staff,Legal,Quality,60.819,20,8,85.0,71.55176470588236,1
141,Kambali Padmasari,M,26,20-30,5,Staff,Legal,Teamwork,66.60249999999999,4,3,83.0,80.24397590361444,1
141,Kambali Padmasari,M,26,20-30,5,Staff,Legal,Technical,62.873333333333335,3,3,82.0,76.67479674796749,1
141,Kambali Padmasari,M,26,20-30,5,Staff,Legal,Time Management,62.9625,8,6,80.0,78.703125,1
142,Gantar Latupono,F,24,20-30,3,Staff,Corporate Strategy,Attendance,73.11142857142858,7,4,90.0,81.23492063492064,1
142,Gantar Latupono,F,24,20-30,3,Staff,Corporate Strategy,Development,62.964999999999996,4,4,75.0,83.95333333333333,1
142,Gantar Latupono,F,24,20-30,3,Staff,Corporate Strategy,Efficiency,68.05142857142857,7,5,80.0,85.06428571428572,1
142,Gantar Latupono,F,24,20-30,3,Staff,Corporate Strategy,Finance,66.684,5,4,82.0,81.32195121951219,1
142,Gantar Latupono,F,24,20-30,3,Staff,Corporate Strategy,HR,66.37083333333334,12,7,88.0,75.42140151515152,1
142,Gantar Latupono,F,24,20-30,3,Staff,Corporate Strategy,Innovation,63.96,6,5,72.0,88.83333333333333,1
142,Gantar Latupono,F,24,20-30,3,Staff,Corporate Strategy,Performance,69.52625,8,6,80.0,86.9078125,1
142,Gantar Latupono,F,24,20-30,3,Staff,Corporate Strategy,Project,68.04666666666667,6,5,78.0,87.23931623931624,1
142,Gantar Latupono,F,24,20-30,3,Staff,Corporate Strategy,Quality,65.99047619047619,21,7,85.0,77.63585434173669,1
142,Gantar Latupono,F,24,20-30,3,Staff,Corporate Strategy,Teamwork,72.37,4,3,83.0,87.19277108433735,1
142,Gantar Latupono,F,24,20-30,3,Staff,Corporate Strategy,Technical,66.78333333333333,6,6,82.0,81.4430894308943,1
142,Gantar Latupono,F,24,20-30,3,Staff,Corporate Strategy,Time Management,69.036,5,3,80.0,86.295,1
143,"Dt. Lanjar Kurniawan, S.H.",M,41,40-50,13,Manager,Operations,Attendance,97.17428571428572,7,7,90.0,107.97142857142859,0
143,"Dt. Lanjar Kurniawan, S.H.",M,41,40-50,13,Manager,Operations,Development,91.59400000000001,10,6,75.0,120.0,0
143,"Dt. Lanjar Kurniawan, S.H.",M,41,40-50,13,Manager,Operations,Efficiency,95.66166666666668,6,4,80.0,119.57708333333335,0
143,"Dt. Lanjar Kurniawan, S.H.",M,41,40-50,13,Manager,Operations,Finance,91.575,4,3,82.0,111.67682926829268,0
143,"Dt. Lanjar Kurniawan, S.H.",M,41,40-50,13,Manager,Operations,HR,96.05357142857143,14,8,88.0,109.15178571428572,0
143,"Dt. Lanjar Kurniawan, S.H.",M,41,40-50,13,Manager,Operations,Innovation,89.245,4,3,72.0,120.0,0
143,"Dt. Lanjar Kurniawan, S.H.",M,41,40-50,13,Manager,Operations,Performance,93.931,10,6,80.0,117.41375000000001,0
143,"Dt. Lanjar Kurniawan, S.H.",M,41,40-50,13,Manager,Operations,Project,95.46666666666665,6,5,78.0,120.0,0
143,"Dt. Lanjar Kurniawan, S.H.",M,41,40-50,13,Manager,Operations,Quality,93.07681818181818,22,7,85.0,109.50213903743315,0
143,"Dt. Lanjar Kurniawan, S.H.",M,41,40-50,13,Manager,Operations,Teamwork,97.28166666666668,6,6,83.0,117.20682730923696,0
143,"Dt. Lanjar Kurniawan, S.H.",M,41,40-50,13,Manager,Operations,Technical,94.3875,4,4,82.0,115.10670731707317,0
143,"Dt. Lanjar Kurniawan, S.H.",M,41,40-50,13,Manager,Operations,Time Management,91.885,8,6,80.0,114.85625,0
144,"R. Kania Nurdiyanti, S.Gz",F,43,40-50,8,Manager,Procurement,Attendance,94.44888888888889,9,7,90.0,104.94320987654321,0
144,"R. Kania Nurdiyanti, S.Gz",F,43,40-50,8,Manager,Procurement,Development,87.60799999999999,5,4,75.0,116.81066666666666,0
144,"R. Kania Nurdiyanti, S.Gz",F,43,40-50,8,Manager,Procurement,Efficiency,91.38571428571429,7,4,80.0,114.23214285714286,0
144,"R. Kania Nurdiyanti, S.Gz",F,43,40-50,8,Manager,Procurement,Finance,88.42166666666667,6,4,82.0,107.83130081300813,0
144,"R. Kania Nurdiyanti, S.Gz",F,43,40-50,8,Manager,Procurement,HR,92.39083333333333,12,8,88.0,104.98958333333334,0
144,"R. Kania Nurdiyanti, S.Gz",F,43,40-50,8,Manager,Procurement,Innovation,87.34833333333334,6,6,72.0,120.0,0
144,"R. Kania Nurdiyanti, S.Gz",F,43,40-50,8,Manager,Procurement,Performance,90.21,3,2,80.0,112.7625,0
144,"R. Kania Nurdiyanti, S.Gz",F,43,40-50,8,Manager,Procurement,Project,88.69428571428571,7,4,78.0,113.7106227106227,0
144,"R. Kania Nurdiyanti, S.Gz",F,43,40-50,8,Manager,Procurement,Quality,87.93384615384616,13,6,85.0,103.45158371040726,0
144,"R. Kania Nurdiyanti, S.Gz",F,43,40-50,8,Manager,Procurement,Teamwork,89.4675,4,3,83.0,107.7921686746988,0
144,"R. Kania Nurdiyanti, S.Gz",F,43,40-50,8,Manager,Procurement,Technical,88.49571428571429,7,6,82.0,107.92160278745645,0
144,"R. Kania Nurdiyanti, S.Gz",F,43,40-50,8,Manager,Procurement,Time Management,88.58777777777777,9,6,80.0,110.73472222222222,0
145,Maimunah Melani,F,27,20-30,2,Staff,IT,Attendance,69.05,5,4,90.0,76.72222222222223,1
145,Maimunah Melani,F,27,20-30,2,Staff,IT,Development,61.63857142857143,7,5,75.0,82.18476190476191,1
145,Maimunah Melani,F,27,20-30,2,Staff,IT,Efficiency,71.19666666666667,6,5,80.0,88.99583333333334,1
145,Maimunah Melani,F,27,20-30,2,Staff,IT,Finance,68.22,8,6,82.0,83.1951219512195,1
145,Maimunah Melani,F,27,20-30,2,Staff,IT,HR,72.25461538461538,13,4,88.0,82.10751748251748,1
145,Maimunah Melani,F,27,20-30,2,Staff,IT,Innovation,65.72571428571429,7,4,72.0,91.28571428571429,1
145,Maimunah Melani,F,27,20-30,2,Staff,IT,Performance,70.9975,4,3,80.0,88.746875,1
145,Maimunah Melani,F,27,20-30,2,Staff,IT,Project,69.6025,8,5,78.0,89.23397435897436,1
145,Maimunah Melani,F,27,20-30,2,Staff,IT,Quality,69.83,20,7,85.0,82.15294117647059,1
145,Maimunah Melani,F,27,20-30,2,Staff,IT,Teamwork,71.35249999999999,8,7,83.0,85.9668674698795,1
145,Maimunah Melani,F,27,20-30,2,Staff,IT,Technical,68.50714285714285,7,5,82.0,83.54529616724739,1
145,Maimunah Melani,F,27,20-30,2,Staff,IT,Time Management,68.864,5,5,80.0,86.08000000000001,1
146,Kasim Hidayanto,F,30,20-30,1,Staff,Procurement,Development,44.48833333333334,6,4,75.0,59.317777777777785,1
146,Kasim Hidayanto,F,30,20-30,1,Staff,Procurement,Efficiency,47.489999999999995,2,2,80.0,59.36249999999999,1
146,Kasim Hidayanto,F,30,20-30,1,Staff,Procurement,Finance,46.0525,4,3,82.0,56.16158536585366,1
146,Kasim Hidayanto,F,30,20-30,1,Staff,Procurement,HR,48.839999999999996,6,5,88.0,55.5,1
146,Kasim Hidayanto,F,30,20-30,1,Staff,Procurement,Innovation,40.74,2,2,72.0,56.583333333333336,1
146,Kasim Hidayanto,F,30,20-30,1,Staff,Procurement,Performance,46.3725,4,4,80.0,57.965625,1
146,Kasim Hidayanto,F,30,20-30,1,Staff,Procurement,Project,45.552,5,4,78.0,58.4,1
146,Kasim Hidayanto,F,30,20-30,1,Staff,Procurement,Quality,44.085,12,6,85.0,51.86470588235294,1
146,Kasim Hidayanto,F,30,20-30,1,Staff,Procurement,Teamwork,46.291666666666664,6,5,83.0,55.7730923694779,1
146,Kasim Hidayanto,F,30,20-30,1,Staff,Procurement,Technical,44.589999999999996,5,4,82.0,54.3780487804878,1
146,Kasim Hidayanto,F,30,20-30,1,Staff,Procurement,Time Management,47.895,6,6,80.0,59.86875,1
147,R. Prayitna Safitri,M,39,30-40,14,Manager,Logistics,Attendance,92.47625,8,7,90.0,102.75138888888888,0
147,R. Prayitna Safitri,M,39,30-40,14,Manager,Logistics,Development,87.94875,8,4,75.0,117.265,0
147,R. Prayitna Safitri,M,39,30-40,14,Manager,Logistics,Efficiency,90.1875,4,4,80.0,112.734375,0
147,R. Prayitna Safitri,M,39,30-40,14,Manager,Logistics,Finance,88.58857142857143,7,6,82.0,108.03484320557492,0
147,R. Prayitna Safitri,M,39,30-40,14,Manager,Logistics,HR,90.34736842105262,19,7,88.0,102.66746411483251,0
147,R. Prayitna Safitri,M,39,30-40,14,Manager,Logistics,Innovation,85.19833333333334,6,5,72.0,118.33101851851853,0
147,R. Prayitna Safitri,M,39,30-40,14,Manager,Logistics,Performance,88.4025,8,5,80.0,110.503125,0
147,R. Prayitna Safitri,M,39,30-40,14,Manager,Logistics,Project,90.97375,8,5,78.0,116.63301282051282,0
147,R. Prayitna Safitri,M,39,30-40,14,Manager,Logistics,Quality,88.91125,24,8,85.0,104.60147058823529,0
147,R. Prayitna Safitri,M,39,30-40,14,Manager,Logistics,Teamwork,95.1511111111111,9,6,83.0,114.63989290495314,0
147,R. Prayitna Safitri,M,39,30-40,14,Manager,Logistics,Technical,91.71875,8,5,82.0,111.85213414634147,0
147,R. Prayitna Safitri,M,39,30-40,14,Manager,Logistics,Time Management,92.79,6,3,80.0,115.9875,0
148,Laswi Novitasari,M,41,40-50,11,Manager,Corporate Strategy,Attendance,97.73875,8,4,90.0,108.59861111111111,0
148,Laswi Novitasari,M,41,40-50,11,Manager,Corporate Strategy,Development,94.7,4,4,75.0,120.0,0
148,Laswi Novitasari,M,41,40-50,11,Manager,Corporate Strategy,Efficiency,98.0,5,4,80.0,120.0,0
148,Laswi Novitasari,M,41,40-50,11,Manager,Corporate Strategy,Finance,96.66624999999999,8,5,82.0,117.88567073170732,0
148,Laswi Novitasari,M,41,40-50,11,Manager,Corporate Strategy,HR,97.51125,16,8,88.0,110.80823863636364,0
148,Laswi Novitasari,M,41,40-50,11,Manager,Corporate Strategy,Innovation,93.46000000000001,4,4,72.0,120.0,0
148,Laswi Novitasari,M,41,40-50,11,Manager,Corporate Strategy,Performance,97.27250000000001,4,3,80.0,120.0,0
148,Laswi Novitasari,M,41,40-50,11,Manager,Corporate Strategy,Project,96.03,4,4,78.0,120.0,0
148,Laswi Novitasari,M,41,40-50,11,Manager,Corporate Strategy,Quality,95.36705882352942,17,8,85.0,112.19653979238755,0
148,Laswi Novitasari,M,41,40-50,11,Manager,Corporate Strategy,Teamwork,98.0,4,4,83.0,118.07228915662651,0
148,Laswi Novitasari,M,41,40-50,11,Manager,Corporate Strategy,Technical,97.25399999999999,5,5,82.0,118.60243902439024,0
148,Laswi Novitasari,M,41,40-50,11,Manager,Corporate Strategy,Time Management,95.75285714285714,7,6,80.0,119.69107142857142,0
149,"H. Tasdik Nasyiah, S.Pt",F,42,40-50,10,Manager,Research & Development,Attendance,98.0,6,5,90.0,108.88888888888889,0
149,"H. Tasdik Nasyiah, S.Pt",F,42,40-50,10,Manager,Research & Development,Development,95.95833333333333,6,4,75.0,120.0,0
149,"H. Tasdik Nasyiah, S.Pt",F,42,40-50,10,Manager,Research & Development,Efficiency,97.65,4,4,80.0,120.0,0
149,"H. Tasdik Nasyiah, S.Pt",F,42,40-50,10,Manager,Research & Development,Finance,97.44428571428571,7,6,82.0,118.83449477351915,0
149,"H. Tasdik Nasyiah, S.Pt",F,42,40-50,10,Manager,Research & Development,HR,98.0,12,5,88.0,111.36363636363636,0
149,"H. Tasdik Nasyiah, S.Pt",F,42,40-50,10,Manager,Research & Development,Innovation,94.896,5,5,72.0,120.0,0
149,"H. Tasdik Nasyiah, S.Pt",F,42,40-50,10,Manager,Research & Development,Performance,96.9875,8,4,80.0,120.0,0
149,"H. Tasdik Nasyiah, S.Pt",F,42,40-50,10,Manager,Research & Development,Project,97.87,3,2,78.0,120.0,0
149,"H. Tasdik Nasyiah, S.Pt",F,42,40-50,10,Manager,Research & Development,Quality,97.1008695652174,23,7,85.0,114.23631713554988,0
149,"H. Tasdik Nasyiah, S.Pt",F,42,40-50,10,Manager,Research & Development,Teamwork,98.0,9,6,83.0,118.07228915662651,0
149,"H. Tasdik Nasyiah, S.Pt",F,42,40-50,10,Manager,Research & Development,Technical,95.94875,8,5,82.0,117.01067073170732,0
149,"H. Tasdik Nasyiah, S.Pt",F,42,40-50,10,Manager,Research & Development,Time Management,97.99285714285715,7,5,80.0,120.0,0
150,Unjani Jailani,F,25,20-30,3,Staff,Production,Attendance,69.45875,8,7,90.0,77.17638888888888,1
150,Unjani Jailani,F,25,20-30,3,Staff,Production,Development,59.878,10,6,75.0,79.83733333333333,1
150,Unjani Jailani,F,25,20-30,3,Staff,Production,Efficiency,59.775999999999996,5,4,80.0,74.72,1
150,Unjani Jailani,F,25,20-30,3,Staff,Production,Finance,62.879999999999995,6,4,82.0,76.6829268292683,1
150,Unjani Jailani,F,25,20-30,3,Staff,Production,HR,65.48666666666666,12,7,88.0,74.41666666666666,1
150,Unjani Jailani,F,25,20-30,3,Staff,Production,Innovation,63.74,2,2,72.0,88.52777777777777,1
150,Unjani Jailani,F,25,20-30,3,Staff,Production,Performance,65.77125,8,6,80.0,82.21406249999998,1
150,Unjani Jailani,F,25,20-30,3,Staff,Production,Project,64.45,7,5,78.0,82.62820512820512,1
150,Unjani Jailani,F,25,20-30,3,Staff,Production,Quality,61.708000000000006,20,7,85.0,72.59764705882353,1
150,Unjani Jailani,F,25,20-30,3,Staff,Production,Teamwork,66.30166666666666,6,6,83.0,79.88152610441766,1
150,Unjani Jailani,F,25,20-30,3,Staff,Production,Technical,62.78857142857142,7,5,82.0,76.57142857142857,1
150,Unjani Jailani,F,25,20-30,3,Staff,Production,Time Management,63.50222222222222,9,7,80.0,79.37777777777778,1
151,Tirtayasa Wahyudin,F,35,30-40,5,Senior Staff,Logistics,Attendance,67.369,10,7,90.0,74.85444444444444,1
151,Tirtayasa Wahyudin,F,35,30-40,5,Senior Staff,Logistics,Development,59.65857142857143,7,4,75.0,79.54476190476191,1
151,Tirtayasa Wahyudin,F,35,30-40,5,Senior Staff,Logistics,Efficiency,63.349999999999994,8,7,80.0,79.18749999999999,1
151,Tirtayasa Wahyudin,F,35,30-40,5,Senior Staff,Logistics,Finance,62.14,9,6,82.0,75.78048780487805,1
151,Tirtayasa Wahyudin,F,35,30-40,5,Senior Staff,Logistics,HR,63.653,10,6,88.0,72.33295454545454,1
151,Tirtayasa Wahyudin,F,35,30-40,5,Senior Staff,Logistics,Innovation,61.698,10,5,72.0,85.69166666666666,1
151,Tirtayasa Wahyudin,F,35,30-40,5,Senior Staff,Logistics,Performance,63.871428571428574,7,6,80.0,79.83928571428572,1
151,Tirtayasa Wahyudin,F,35,30-40,5,Senior Staff,Logistics,Project,63.26285714285715,7,6,78.0,81.10622710622711,1
151,Tirtayasa Wahyudin,F,35,30-40,5,Senior Staff,Logistics,Quality,61.929047619047616,21,8,85.0,72.85770308123249,1
151,Tirtayasa Wahyudin,F,35,30-40,5,Senior Staff,Logistics,Teamwork,69.57166666666667,6,5,83.0,83.82128514056225,1
151,Tirtayasa Wahyudin,F,35,30-40,5,Senior Staff,Logistics,Technical,65.465,8,7,82.0,79.83536585365853,1
151,Tirtayasa Wahyudin,F,35,30-40,5,Senior Staff,Logistics,Time Management,62.85285714285714,7,4,80.0,78.56607142857142,1
152,T. Simon Gunarto,F,42,40-50,8,Manager,Logistics,Attendance,94.328,5,5,90.0,104.8088888888889,0
152,T. Simon Gunarto,F,42,40-50,8,Manager,Logistics,Development,88.755,4,4,75.0,118.34,0
152,T. Simon Gunarto,F,42,40-50,8,Manager,Logistics,Efficiency,90.46166666666666,6,4,80.0,113.07708333333332,0
152,T. Simon Gunarto,F,42,40-50,8,Manager,Logistics,Finance,86.71714285714286,7,4,82.0,105.75261324041813,0
152,T. Simon Gunarto,F,42,40-50,8,Manager,Logistics,HR,89.45875,16,8,88.0,101.65767045454545,0
152,T. Simon Gunarto,F,42,40-50,8,Manager,Logistics,Innovation,83.06,6,4,72.0,115.36111111111111,0
152,T. Simon Gunarto,F,42,40-50,8,Manager,Logistics,Performance,90.54428571428572,7,5,80.0,113.18035714285716,0
152,T. Simon Gunarto,F,42,40-50,8,Manager,Logistics,Project,88.45,7,6,78.0,113.3974358974359,0
152,T. Simon Gunarto,F,42,40-50,8,Manager,Logistics,Quality,88.04761904761905,21,8,85.0,103.58543417366947,0
152,T. Simon Gunarto,F,42,40-50,8,Manager,Logistics,Teamwork,92.92428571428572,7,5,83.0,111.95697074010329,0
152,T. Simon Gunarto,F,42,40-50,8,Manager,Logistics,Technical,85.92,6,4,82.0,104.78048780487805,0
152,T. Simon Gunarto,F,42,40-50,8,Manager,Logistics,Time Management,87.962,5,4,80.0,109.95250000000001,0
153,Adiarja Widiastuti,F,26,20-30,3,Staff,Logistics,Attendance,60.97125,8,4,90.0,67.74583333333334,1
153,Adiarja Widiastuti,F,26,20-30,3,Staff,Logistics,Development,58.91888888888889,9,4,75.0,78.55851851851851,1
153,Adiarja Widiastuti,F,26,20-30,3,Staff,Logistics,Efficiency,60.891000000000005,10,6,80.0,76.11375000000001,1
153,Adiarja Widiastuti,F,26,20-30,3,Staff,Logistics,Finance,59.21,3,3,82.0,72.20731707317073,1
153,Adiarja Widiastuti,F,26,20-30,3,Staff,Logistics,HR,62.915625,16,7,88.0,71.4950284090909,1
153,Adiarja Widiastuti,F,26,20-30,3,Staff,Logistics,Innovation,57.42285714285714,7,6,72.0,79.75396825396825,1
153,Adiarja Widiastuti,F,26,20-30,3,Staff,Logistics,Performance,61.59400000000001,10,6,80.0,76.9925,1
153,Adiarja Widiastuti,F,26,20-30,3,Staff,Logistics,Project,60.739999999999995,5,3,78.0,77.87179487179486,1
153,Adiarja Widiastuti,F,26,20-30,3,Staff,Logistics,Quality,59.79055555555556,18,6,85.0,70.34183006535947,1
153,Adiarja Widiastuti,F,26,20-30,3,Staff,Logistics,Teamwork,63.62875,8,5,83.0,76.66114457831326,1
153,Adiarja Widiastuti,F,26,20-30,3,Staff,Logistics,Technical,60.61,8,6,82.0,73.91463414634147,1
153,Adiarja Widiastuti,F,26,20-30,3,Staff,Logistics,Time Management,62.446666666666665,3,3,80.0,78.05833333333334,1
154,"Cut Kasiyah Natsir, S.Gz",F,26,20-30,2,Staff,IT,Attendance,68.95,3,2,90.0,76.61111111111111,1
154,"Cut Kasiyah Natsir, S.Gz",F,26,20-30,2,Staff,IT,Development,62.205999999999996,5,3,75.0,82.94133333333333,1
154,"Cut Kasiyah Natsir, S.Gz",F,26,20-30,2,Staff,IT,Efficiency,65.622,5,4,80.0,82.0275,1
154,"Cut Kasiyah Natsir, S.Gz",F,26,20-30,2,Staff,IT,Finance,69.375,4,4,82.0,84.60365853658537,1
154,"Cut Kasiyah Natsir, S.Gz",F,26,20-30,2,Staff,IT,HR,69.66,12,8,88.0,79.1590909090909,1
154,"Cut Kasiyah Natsir, S.Gz",F,26,20-30,2,Staff,IT,Innovation,58.73,6,5,72.0,81.56944444444444,1
154,"Cut Kasiyah Natsir, S.Gz",F,26,20-30,2,Staff,IT,Performance,64.355,4,3,80.0,80.44375,1
154,"Cut Kasiyah Natsir, S.Gz",F,26,20-30,2,Staff,IT,Project,64.95,2,1,78.0,83.26923076923077,1
154,"Cut Kasiyah Natsir, S.Gz",F,26,20-30,2,Staff,IT,Quality,63.04600000000001,10,7,85.0,74.17176470588235,1
154,"Cut Kasiyah Natsir, S.Gz",F,26,20-30,2,Staff,IT,Teamwork,69.70599999999999,5,4,83.0,83.98313253012047,1
154,"Cut Kasiyah Natsir, S.Gz",F,26,20-30,2,Staff,IT,Technical,67.245,4,3,82.0,82.0060975609756,1
154,"Cut Kasiyah Natsir, S.Gz",F,26,20-30,2,Staff,IT,Time Management,69.35333333333334,3,3,80.0,86.69166666666668,1
155,"Cornelia Nababan, M.Pd",F,28,20-30,5,Staff,Quality Assurance,Attendance,73.11571428571429,7,5,90.0,81.23968253968255,1
155,"Cornelia Nababan, M.Pd",F,28,20-30,5,Staff,Quality Assurance,Development,67.48,6,5,75.0,89.97333333333333,1
155,"Cornelia Nababan, M.Pd",F,28,20-30,5,Staff,Quality Assurance,Efficiency,68.71,8,6,80.0,85.88749999999999,1
155,"Cornelia Nababan, M.Pd",F,28,20-30,5,Staff,Quality Assurance,Finance,67.21,4,3,82.0,81.96341463414633,1
155,"Cornelia Nababan, M.Pd",F,28,20-30,5,Staff,Quality Assurance,HR,70.395,14,8,88.0,79.99431818181819,1
155,"Cornelia Nababan, M.Pd",F,28,20-30,5,Staff,Quality Assurance,Innovation,66.59333333333333,6,5,72.0,92.49074074074073,1
155,"Cornelia Nababan, M.Pd",F,28,20-30,5,Staff,Quality Assurance,Performance,70.38777777777779,9,5,80.0,87.98472222222223,1
155,"Cornelia Nababan, M.Pd",F,28,20-30,5,Staff,Quality Assurance,Project,69.00428571428571,7,6,78.0,88.46703296703296,1
155,"Cornelia Nababan, M.Pd",F,28,20-30,5,Staff,Quality Assurance,Quality,66.24600000000001,25,8,85.0,77.93647058823531,1
155,"Cornelia Nababan, M.Pd",F,28,20-30,5,Staff,Quality Assurance,Teamwork,67.2025,4,3,83.0,80.96686746987952,1
155,"Cornelia Nababan, M.Pd",F,28,20-30,5,Staff,Quality Assurance,Technical,70.38,2,2,82.0,85.82926829268293,1
155,"Cornelia Nababan, M.Pd",F,28,20-30,5,Staff,Quality Assurance,Time Management,70.82166666666667,6,5,80.0,88.52708333333334,1
156,"Amalia Haryanti, M.Pd",M,34,30-40,4,Senior Staff,Operations,Attendance,69.64666666666666,6,5,90.0,77.38518518518518,1
156,"Amalia Haryanti, M.Pd",M,34,30-40,4,Senior Staff,Operations,Development,67.92,2,2,75.0,90.56,1
156,"Amalia Haryanti, M.Pd",M,34,30-40,4,Senior Staff,Operations,Efficiency,65.485,6,5,80.0,81.85625,1
156,"Amalia Haryanti, M.Pd",M,34,30-40,4,Senior Staff,Operations,Finance,65.14428571428572,7,4,82.0,79.44425087108014,1
156,"Amalia Haryanti, M.Pd",M,34,30-40,4,Senior Staff,Operations,HR,70.06400000000001,15,7,88.0,79.61818181818182,1
156,"Amalia Haryanti, M.Pd",M,34,30-40,4,Senior Staff,Operations,Innovation,58.85,4,4,72.0,81.73611111111111,1
156,"Amalia Haryanti, M.Pd",M,34,30-40,4,Senior Staff,Operations,Performance,67.705,8,6,80.0,84.63125,1
156,"Amalia Haryanti, M.Pd",M,34,30-40,4,Senior Staff,Operations,Project,68.98125,8,7,78.0,88.4375,1
156,"Amalia Haryanti, M.Pd",M,34,30-40,4,Senior Staff,Operations,Quality,66.38318181818182,22,8,85.0,78.09786096256686,1
156,"Amalia Haryanti, M.Pd",M,34,30-40,4,Senior Staff,Operations,Teamwork,72.16166666666668,6,5,83.0,86.94176706827311,1
156,"Amalia Haryanti, M.Pd",M,34,30-40,4,Senior Staff,Operations,Technical,62.63833333333333,6,5,82.0,76.38821138211382,1
156,"Amalia Haryanti, M.Pd",M,34,30-40,4,Senior Staff,Operations,Time Management,70.24285714285715,7,5,80.0,87.80357142857143,1
157,Lamar Pertiwi,M,23,20-30,3,Staff,Quality Assurance,Attendance,70.88428571428571,7,6,90.0,78.76031746031745,1
157,Lamar Pertiwi,M,23,20-30,3,Staff,Quality Assurance,Development,63.263,10,5,75.0,84.35066666666667,1
157,Lamar Pertiwi,M,23,20-30,3,Staff,Quality Assurance,Efficiency,66.44800000000001,5,3,80.0,83.06000000000002,1
157,Lamar Pertiwi,M,23,20-30,3,Staff,Quality Assurance,Finance,63.81625,8,5,82.0,77.82469512195122,1
157,Lamar Pertiwi,M,23,20-30,3,Staff,Quality Assurance,HR,68.377,20,8,88.0,77.70113636363637,1
157,Lamar Pertiwi,M,23,20-30,3,Staff,Quality Assurance,Innovation,64.25333333333333,6,4,72.0,89.24074074074073,1
157,Lamar Pertiwi,M,23,20-30,3,Staff,Quality Assurance,Performance,66.17285714285714,7,5,80.0,82.71607142857142,1
157,Lamar Pertiwi,M,23,20-30,3,Staff,Quality Assurance,Project,65.38625,8,7,78.0,83.82852564102564,1
157,Lamar Pertiwi,M,23,20-30,3,Staff,Quality Assurance,Quality,65.6309090909091,22,7,85.0,77.21283422459894,1
157,Lamar Pertiwi,M,23,20-30,3,Staff,Quality Assurance,Teamwork,66.958,5,4,83.0,80.6722891566265,1
157,Lamar Pertiwi,M,23,20-30,3,Staff,Quality Assurance,Technical,68.7175,8,6,82.0,83.80182926829268,1
157,Lamar Pertiwi,M,23,20-30,3,Staff,Quality Assurance,Time Management,67.223,10,6,80.0,84.02875,1
158,Purwadi Simbolon,M,44,40-50,14,Manager,Customer Service,Attendance,96.765,6,4,90.0,107.51666666666667,0
158,Purwadi Simbolon,M,44,40-50,14,Manager,Customer Service,Development,90.5,8,7,75.0,120.0,0
158,Purwadi Simbolon,M,44,40-50,14,Manager,Customer Service,Efficiency,93.005,10,6,80.0,116.25625,0
158,Purwadi Simbolon,M,44,40-50,14,Manager,Customer Service,Finance,88.125,6,5,82.0,107.46951219512195,0
158,Purwadi Simbolon,M,44,40-50,14,Manager,Customer Service,HR,93.2864705882353,17,8,88.0,106.00735294117648,0
158,Purwadi Simbolon,M,44,40-50,14,Manager,Customer Service,Innovation,87.1557142857143,7,4,72.0,120.0,0
158,Purwadi Simbolon,M,44,40-50,14,Manager,Customer Service,Performance,95.43,9,7,80.0,119.2875,0
158,Purwadi Simbolon,M,44,40-50,14,Manager,Customer Service,Project,94.10875,8,6,78.0,120.0,0
158,Purwadi Simbolon,M,44,40-50,14,Manager,Customer Service,Quality,91.5176,25,8,85.0,107.66776470588236,0
158,Purwadi Simbolon,M,44,40-50,14,Manager,Customer Service,Teamwork,93.58714285714287,7,5,83.0,112.75559380378658,0
158,Purwadi Simbolon,M,44,40-50,14,Manager,Customer Service,Technical,92.7088888888889,9,6,82.0,113.05962059620596,0
158,Purwadi Simbolon,M,44,40-50,14,Manager,Customer Service,Time Management,93.88857142857144,7,6,80.0,117.3607142857143,0
159,Hj. Halima Agustina,M,28,20-30,2,Staff,Marketing,Attendance,70.16444444444444,9,6,90.0,77.96049382716049,1
159,Hj. Halima Agustina,M,28,20-30,2,Staff,Marketing,Development,66.46166666666666,6,4,75.0,88.61555555555555,1
159,Hj. Halima Agustina,M,28,20-30,2,Staff,Marketing,Efficiency,67.7988888888889,9,7,80.0,84.74861111111112,1
159,Hj. Halima Agustina,M,28,20-30,2,Staff,Marketing,Finance,64.54333333333334,6,4,82.0,78.71138211382114,1
159,Hj. Halima Agustina,M,28,20-30,2,Staff,Marketing,HR,68.11538461538461,13,8,88.0,77.40384615384615,1
159,Hj. Halima Agustina,M,28,20-30,2,Staff,Marketing,Innovation,62.82000000000001,5,3,72.0,87.25000000000001,1
159,Hj. Halima Agustina,M,28,20-30,2,Staff,Marketing,Performance,67.98,3,2,80.0,84.975,1
159,Hj. Halima Agustina,M,28,20-30,2,Staff,Marketing,Project,65.1125,4,4,78.0,83.4775641025641,1
159,Hj. Halima Agustina,M,28,20-30,2,Staff,Marketing,Quality,63.39714285714285,14,6,85.0,74.58487394957983,1
159,Hj. Halima Agustina,M,28,20-30,2,Staff,Marketing,Teamwork,70.70285714285714,7,5,83.0,85.184165232358,1
159,Hj. Halima Agustina,M,28,20-30,2,Staff,Marketing,Technical,69.64,1,1,82.0,84.92682926829268,1
159,Hj. Halima Agustina,M,28,20-30,2,Staff,Marketing,Time Management,63.955,10,6,80.0,79.94375,1
160,"Ir. Zulaikha Saptono, S.Psi",M,41,40-50,14,Manager,Operations,Attendance,97.678,5,5,90.0,108.5311111111111,0
160,"Ir. Zulaikha Saptono, S.Psi",M,41,40-50,14,Manager,Operations,Development,92.87,6,5,75.0,120.0,0
160,"Ir. Zulaikha Saptono, S.Psi",M,41,40-50,14,Manager,Operations,Efficiency,93.3225,8,6,80.0,116.653125,0
160,"Ir. Zulaikha Saptono, S.Psi",M,41,40-50,14,Manager,Operations,Finance,92.952,5,5,82.0,113.35609756097561,0
160,"Ir. Zulaikha Saptono, S.Psi",M,41,40-50,14,Manager,Operations,HR,96.12916666666666,12,4,88.0,109.23768939393939,0
160,"Ir. Zulaikha Saptono, S.Psi",M,41,40-50,14,Manager,Operations,Innovation,92.50142857142858,7,5,72.0,120.0,0
160,"Ir. Zulaikha Saptono, S.Psi",M,41,40-50,14,Manager,Operations,Performance,95.62,10,6,80.0,119.525,0
160,"Ir. Zulaikha Saptono, S.Psi",M,41,40-50,14,Manager,Operations,Project,95.435,6,6,78.0,120.0,0
160,"Ir. Zulaikha Saptono, S.Psi",M,41,40-50,14,Manager,Operations,Quality,91.88538461538461,13,7,85.0,108.10045248868778,0
160,"Ir. Zulaikha Saptono, S.Psi",M,41,40-50,14,Manager,Operations,Teamwork,96.824,5,5,83.0,116.65542168674699,0
160,"Ir. Zulaikha Saptono, S.Psi",M,41,40-50,14,Manager,Operations,Technical,93.67,6,5,82.0,114.23170731707317,0
160,"Ir. Zulaikha Saptono, S.Psi",M,41,40-50,14,Manager,Operations,Time Management,96.165,6,5,80.0,120.0,0
161,Jane Mulyani,F,25,20-30,5,Staff,Legal,Attendance,69.72555555555556,9,6,90.0,77.47283950617285,1
161,Jane Mulyani,F,25,20-30,5,Staff,Legal,Development,62.67999999999999,10,8,75.0,83.57333333333332,1
161,Jane Mulyani,F,25,20-30,5,Staff,Legal,Efficiency,61.95125,8,5,80.0,77.4390625,1
161,Jane Mulyani,F,25,20-30,5,Staff,Legal,Finance,58.596666666666664,6,4,82.0,71.45934959349593,1
161,Jane Mulyani,F,25,20-30,5,Staff,Legal,HR,65.82444444444445,9,5,88.0,74.80050505050507,1
161,Jane Mulyani,F,25,20-30,5,Staff,Legal,Innovation,56.575714285714284,7,5,72.0,78.57738095238095,1
161,Jane Mulyani,F,25,20-30,5,Staff,Legal,Performance,62.67857142857143,7,5,80.0,78.34821428571429,1
161,Jane Mulyani,F,25,20-30,5,Staff,Legal,Project,63.63428571428572,7,4,78.0,81.58241758241759,1
161,Jane Mulyani,F,25,20-30,5,Staff,Legal,Quality,61.01,14,7,85.0,71.7764705882353,1
161,Jane Mulyani,F,25,20-30,5,Staff,Legal,Teamwork,67.21181818181817,11,6,83.0,80.97809419496166,1
161,Jane Mulyani,F,25,20-30,5,Staff,Legal,Technical,66.26,10,6,82.0,80.8048780487805,1
161,Jane Mulyani,F,25,20-30,5,Staff,Legal,Time Management,65.37571428571428,7,6,80.0,81.71964285714286,1
162,Ciaobella Usada,M,38,30-40,8,Senior Staff,Operations,Attendance,69.82333333333334,3,2,90.0,77.58148148148149,1
162,Ciaobella Usada,M,38,30-40,8,Senior Staff,Operations,Development,66.8875,4,4,75.0,89.18333333333334,1
162,Ciaobella Usada,M,38,30-40,8,Senior Staff,Operations,Efficiency,66.945,6,6,80.0,83.68124999999999,1
162,Ciaobella Usada,M,38,30-40,8,Senior Staff,Operations,Finance,63.769999999999996,8,6,82.0,77.76829268292683,1
162,Ciaobella Usada,M,38,30-40,8,Senior Staff,Operations,HR,68.126,10,5,88.0,77.4159090909091,1
162,Ciaobella Usada,M,38,30-40,8,Senior Staff,Operations,Innovation,62.548333333333325,6,6,72.0,86.87268518518516,1
162,Ciaobella Usada,M,38,30-40,8,Senior Staff,Operations,Performance,68.36857142857143,7,6,80.0,85.46071428571429,1
162,Ciaobella Usada,M,38,30-40,8,Senior Staff,Operations,Project,67.102,5,3,78.0,86.02820512820514,1
162,Ciaobella Usada,M,38,30-40,8,Senior Staff,Operations,Quality,65.69954545454546,22,7,85.0,77.29358288770054,1
162,Ciaobella Usada,M,38,30-40,8,Senior Staff,Operations,Teamwork,68.2475,4,4,83.0,82.22590361445783,1
162,Ciaobella Usada,M,38,30-40,8,Senior Staff,Operations,Technical,68.44,8,5,82.0,83.46341463414635,1
162,Ciaobella Usada,M,38,30-40,8,Senior Staff,Operations,Time Management,64.535,4,3,80.0,80.66875,1
163,"Puti Ida Hastuti, S.I.Kom",F,24,20-30,1,Staff,Marketing,Attendance,53.791999999999994,5,4,90.0,59.76888888888889,1
163,"Puti Ida Hastuti, S.I.Kom",F,24,20-30,1,Staff,Marketing,Development,47.2925,8,7,75.0,63.056666666666665,1
163,"Puti Ida Hastuti, S.I.Kom",F,24,20-30,1,Staff,Marketing,Efficiency,53.21333333333333,6,6,80.0,66.51666666666667,1
163,"Puti Ida Hastuti, S.I.Kom",F,24,20-30,1,Staff,Marketing,Finance,49.32,4,4,82.0,60.146341463414636,1
163,"Puti Ida Hastuti, S.I.Kom",F,24,20-30,1,Staff,Marketing,HR,51.483000000000004,10,6,88.0,58.503409090909095,1
163,"Puti Ida Hastuti, S.I.Kom",F,24,20-30,1,Staff,Marketing,Innovation,45.122,5,4,72.0,62.669444444444444,1
163,"Puti Ida Hastuti, S.I.Kom",F,24,20-30,1,Staff,Marketing,Performance,50.88,5,4,80.0,63.6,1
163,"Puti Ida Hastuti, S.I.Kom",F,24,20-30,1,Staff,Marketing,Project,51.501999999999995,5,5,78.0,66.02820512820513,1
163,"Puti Ida Hastuti, S.I.Kom",F,24,20-30,1,Staff,Marketing,Quality,49.2975,16,8,85.0,57.997058823529414,1
163,"Puti Ida Hastuti, S.I.Kom",F,24,20-30,1,Staff,Marketing,Teamwork,56.695,6,5,83.0,68.30722891566265,1
163,"Puti Ida Hastuti, S.I.Kom",F,24,20-30,1,Staff,Marketing,Technical,53.735,4,4,82.0,65.53048780487805,1
163,"Puti Ida Hastuti, S.I.Kom",F,24,20-30,1,Staff,Marketing,Time Management,51.572500000000005,4,4,80.0,64.46562500000002,1
164,Tantri Mayasari,M,25,20-30,4,Staff,Legal,Attendance,69.16625,8,5,90.0,76.8513888888889,1
164,Tantri Mayasari,M,25,20-30,4,Staff,Legal,Development,56.101111111111116,9,7,75.0,74.80148148148149,1
164,Tantri Mayasari,M,25,20-30,4,Staff,Legal,Efficiency,63.432500000000005,8,5,80.0,79.290625,1
164,Tantri Mayasari,M,25,20-30,4,Staff,Legal,Finance,69.258,5,5,82.0,84.46097560975609,1
164,Tantri Mayasari,M,25,20-30,4,Staff,Legal,HR,63.65625,16,8,88.0,72.33664772727273,1
164,Tantri Mayasari,M,25,20-30,4,Staff,Legal,Innovation,60.298,5,3,72.0,83.74722222222222,1
164,Tantri Mayasari,M,25,20-30,4,Staff,Legal,Performance,62.193749999999994,8,7,80.0,77.74218749999999,1
164,Tantri Mayasari,M,25,20-30,4,Staff,Legal,Project,64.986,5,4,78.0,83.31538461538462,1
164,Tantri Mayasari,M,25,20-30,4,Staff,Legal,Quality,62.14370370370371,27,8,85.0,73.11023965141612,1
164,Tantri Mayasari,M,25,20-30,4,Staff,Legal,Teamwork,63.949999999999996,9,6,83.0,77.04819277108433,1
164,Tantri Mayasari,M,25,20-30,4,Staff,Legal,Technical,61.124545454545455,11,7,82.0,74.54212860310422,1
164,Tantri Mayasari,M,25,20-30,4,Staff,Legal,Time Management,64.27375,8,6,80.0,80.34218750000001,1
165,"Cengkir Najmudin, S.Pt",M,28,20-30,2,Staff,Corporate Strategy,Attendance,60.51125,8,7,90.0,67.23472222222222,1
165,"Cengkir Najmudin, S.Pt",M,28,20-30,2,Staff,Corporate Strategy,Development,48.838,10,7,75.0,65.11733333333333,1
165,"Cengkir Najmudin, S.Pt",M,28,20-30,2,Staff,Corporate Strategy,Efficiency,53.519999999999996,7,5,80.0,66.9,1
165,"Cengkir Najmudin, S.Pt",M,28,20-30,2,Staff,Corporate Strategy,Finance,49.14875,8,4,82.0,59.9375,1
165,"Cengkir Najmudin, S.Pt",M,28,20-30,2,Staff,Corporate Strategy,HR,51.145999999999994,15,8,88.0,58.12045454545454,1
165,"Cengkir Najmudin, S.Pt",M,28,20-30,2,Staff,Corporate Strategy,Innovation,46.53333333333333,9,5,72.0,64.62962962962962,1
165,"Cengkir Najmudin, S.Pt",M,28,20-30,2,Staff,Corporate Strategy,Performance,48.99375,8,5,80.0,61.2421875,1
165,"Cengkir Najmudin, S.Pt",M,28,20-30,2,Staff,Corporate Strategy,Project,49.68333333333334,6,6,78.0,63.69658119658121,1
165,"Cengkir Najmudin, S.Pt",M,28,20-30,2,Staff,Corporate Strategy,Quality,49.478095238095236,21,7,85.0,58.20952380952381,1
165,"Cengkir Najmudin, S.Pt",M,28,20-30,2,Staff,Corporate Strategy,Teamwork,53.190999999999995,10,8,83.0,64.08554216867469,1
165,"Cengkir Najmudin, S.Pt",M,28,20-30,2,Staff,Corporate Strategy,Technical,54.53375,8,6,82.0,66.5045731707317,1
165,"Cengkir Najmudin, S.Pt",M,28,20-30,2,Staff,Corporate Strategy,Time Management,49.528,5,4,80.0,61.910000000000004,1
166,Agus Prasetya,F,25,20-30,1,Staff,IT,Attendance,59.74777777777778,9,7,90.0,66.38641975308641,1
166,Agus Prasetya,F,25,20-30,1,Staff,IT,Development,49.38428571428572,7,7,75.0,65.8457142857143,1
166,Agus Prasetya,F,25,20-30,1,Staff,IT,Efficiency,52.439230769230775,13,7,80.0,65.54903846153846,1
166,Agus Prasetya,F,25,20-30,1,Staff,IT,Finance,49.467,10,7,82.0,60.325609756097556,1
166,Agus Prasetya,F,25,20-30,1,Staff,IT,HR,55.14866666666667,15,7,88.0,62.6689393939394,1
166,Agus Prasetya,F,25,20-30,1,Staff,IT,Innovation,46.501999999999995,10,7,72.0,64.58611111111111,1
166,Agus Prasetya,F,25,20-30,1,Staff,IT,Performance,51.095,8,6,80.0,63.86875,1
166,Agus Prasetya,F,25,20-30,1,Staff,IT,Project,54.18333333333333,9,5,78.0,69.46581196581197,1
166,Agus Prasetya,F,25,20-30,1,Staff,IT,Quality,49.25555555555556,27,7,85.0,57.947712418300654,1
166,Agus Prasetya,F,25,20-30,1,Staff,IT,Teamwork,54.254444444444445,9,5,83.0,65.36680053547524,1
166,Agus Prasetya,F,25,20-30,1,Staff,IT,Technical,52.595454545454544,11,7,82.0,64.14079822616408,1
166,Agus Prasetya,F,25,20-30,1,Staff,IT,Time Management,55.60125,8,7,80.0,69.5015625,1
167,"Dagel Habibi, S.E.I",F,30,20-30,4,Staff,Production,Attendance,70.60000000000001,11,7,90.0,78.44444444444446,1
167,"Dagel Habibi, S.E.I",F,30,20-30,4,Staff,Production,Development,62.63142857142857,7,5,75.0,83.50857142857143,1
167,"Dagel Habibi, S.E.I",F,30,20-30,4,Staff,Production,Efficiency,64.801,10,5,80.0,81.00125,1
167,"Dagel Habibi, S.E.I",F,30,20-30,4,Staff,Production,Finance,62.06,4,4,82.0,75.6829268292683,1
167,"Dagel Habibi, S.E.I",F,30,20-30,4,Staff,Production,HR,63.9435294117647,17,6,88.0,72.66310160427807,1
167,"Dagel Habibi, S.E.I",F,30,20-30,4,Staff,Production,Innovation,63.865,8,6,72.0,88.70138888888889,1
167,"Dagel Habibi, S.E.I",F,30,20-30,4,Staff,Production,Performance,65.021,10,7,80.0,81.27625,1
167,"Dagel Habibi, S.E.I",F,30,20-30,4,Staff,Production,Project,62.398,10,7,78.0,79.9974358974359,1
167,"Dagel Habibi, S.E.I",F,30,20-30,4,Staff,Production,Quality,61.69892857142857,28,8,85.0,72.58697478991596,1
167,"Dagel Habibi, S.E.I",F,30,20-30,4,Staff,Production,Teamwork,66.32285714285715,7,5,83.0,79.90705679862307,1
167,"Dagel Habibi, S.E.I",F,30,20-30,4,Staff,Production,Technical,64.64666666666666,6,5,82.0,78.83739837398373,1
167,"Dagel Habibi, S.E.I",F,30,20-30,4,Staff,Production,Time Management,65.309,10,7,80.0,81.63624999999999,1
168,Dodo Saragih,F,25,20-30,3,Staff,Legal,Attendance,65.35,1,1,90.0,72.6111111111111,1
168,Dodo Saragih,F,25,20-30,3,Staff,Legal,Development,59.44714285714286,7,5,75.0,79.26285714285714,1
168,Dodo Saragih,F,25,20-30,3,Staff,Legal,Efficiency,64.822,5,4,80.0,81.0275,1
168,Dodo Saragih,F,25,20-30,3,Staff,Legal,Finance,61.472,5,5,82.0,74.96585365853659,1
168,Dodo Saragih,F,25,20-30,3,Staff,Legal,HR,65.37583333333333,12,7,88.0,74.29071969696969,1
168,Dodo Saragih,F,25,20-30,3,Staff,Legal,Innovation,57.87777777777777,9,7,72.0,80.3858024691358,1
168,Dodo Saragih,F,25,20-30,3,Staff,Legal,Performance,60.4425,8,7,80.0,75.553125,1
168,Dodo Saragih,F,25,20-30,3,Staff,Legal,Project,60.723333333333336,6,6,78.0,77.85042735042735,1
168,Dodo Saragih,F,25,20-30,3,Staff,Legal,Quality,58.823125,16,8,85.0,69.20367647058823,1
168,Dodo Saragih,F,25,20-30,3,Staff,Legal,Teamwork,63.53333333333334,3,2,83.0,76.54618473895583,1
168,Dodo Saragih,F,25,20-30,3,Staff,Legal,Technical,61.59166666666667,6,6,82.0,75.11178861788618,1
168,Dodo Saragih,F,25,20-30,3,Staff,Legal,Time Management,60.91285714285714,7,5,80.0,76.14107142857142,1
169,Harjaya Yulianti,F,26,20-30,2,Staff,Legal,Attendance,52.04833333333334,6,6,90.0,57.83148148148149,1
169,Harjaya Yulianti,F,26,20-30,2,Staff,Legal,Development,45.047999999999995,5,4,75.0,60.06399999999999,1
169,Harjaya Yulianti,F,26,20-30,2,Staff,Legal,Efficiency,52.277142857142856,7,6,80.0,65.34642857142856,1
169,Harjaya Yulianti,F,26,20-30,2,Staff,Legal,Finance,45.7475,8,6,82.0,55.78963414634146,1
169,Harjaya Yulianti,F,26,20-30,2,Staff,Legal,HR,51.19375,8,4,88.0,58.17471590909091,1
169,Harjaya Yulianti,F,26,20-30,2,Staff,Legal,Innovation,47.08625,8,7,72.0,65.39756944444444,1
169,Harjaya Yulianti,F,26,20-30,2,Staff,Legal,Performance,49.537142857142854,7,6,80.0,61.921428571428564,1
169,Harjaya Yulianti,F,26,20-30,2,Staff,Legal,Project,46.29,6,4,78.0,59.34615384615385,1
169,Harjaya Yulianti,F,26,20-30,2,Staff,Legal,Quality,45.908125,16,7,85.0,54.00955882352941,1
169,Harjaya Yulianti,F,26,20-30,2,Staff,Legal,Teamwork,47.69,5,4,83.0,57.45783132530121,1
169,Harjaya Yulianti,F,26,20-30,2,Staff,Legal,Technical,43.416666666666664,3,3,82.0,52.94715447154471,1
169,Harjaya Yulianti,F,26,20-30,2,Staff,Legal,Time Management,50.43,2,2,80.0,63.0375,1
170,Maman Hidayanto,M,42,40-50,14,Manager,Finance,Attendance,96.41000000000001,6,5,90.0,107.12222222222225,0
170,Maman Hidayanto,M,42,40-50,14,Manager,Finance,Development,92.194,5,4,75.0,120.0,0
170,Maman Hidayanto,M,42,40-50,14,Manager,Finance,Efficiency,96.845,4,4,80.0,120.0,0
170,Maman Hidayanto,M,42,40-50,14,Manager,Finance,Finance,97.2475,4,4,82.0,118.59451219512195,0
170,Maman Hidayanto,M,42,40-50,14,Manager,Finance,HR,96.76846153846154,13,8,88.0,109.96416083916084,0
170,Maman Hidayanto,M,42,40-50,14,Manager,Finance,Innovation,93.49,7,6,72.0,120.0,0
170,Maman Hidayanto,M,42,40-50,14,Manager,Finance,Performance,96.84666666666668,6,5,80.0,120.0,0
170,Maman Hidayanto,M,42,40-50,14,Manager,Finance,Project,95.52499999999999,4,3,78.0,120.0,0
170,Maman Hidayanto,M,42,40-50,14,Manager,Finance,Quality,93.72,15,8,85.0,110.25882352941177,0
170,Maman Hidayanto,M,42,40-50,14,Manager,Finance,Teamwork,95.70333333333333,6,6,83.0,115.30522088353415,0
170,Maman Hidayanto,M,42,40-50,14,Manager,Finance,Technical,95.81428571428572,7,5,82.0,116.84668989547039,0
170,Maman Hidayanto,M,42,40-50,14,Manager,Finance,Time Management,93.97200000000001,5,4,80.0,117.465,0
171,"drg. Tari Waskita, M.M.",M,27,20-30,5,Staff,Design,Attendance,70.172,5,5,90.0,77.96888888888888,1
171,"drg. Tari Waskita, M.M.",M,27,20-30,5,Staff,Design,Development,61.43,4,3,75.0,81.90666666666667,1
171,"drg. Tari Waskita, M.M.",M,27,20-30,5,Staff,Design,Efficiency,67.015,6,5,80.0,83.76875,1
171,"drg. Tari Waskita, M.M.",M,27,20-30,5,Staff,Design,Finance,68.20625,8,6,82.0,83.17835365853658,1
171,"drg. Tari Waskita, M.M.",M,27,20-30,5,Staff,Design,HR,71.02,7,4,88.0,80.70454545454545,1
171,"drg. Tari Waskita, M.M.",M,27,20-30,5,Staff,Design,Innovation,62.057500000000005,4,3,72.0,86.19097222222223,1
171,"drg. Tari Waskita, M.M.",M,27,20-30,5,Staff,Design,Performance,69.865,6,6,80.0,87.33124999999998,1
171,"drg. Tari Waskita, M.M.",M,27,20-30,5,Staff,Design,Project,68.78428571428572,7,5,78.0,88.1849816849817,1
171,"drg. Tari Waskita, M.M.",M,27,20-30,5,Staff,Design,Quality,68.6670588235294,17,8,85.0,80.78477508650518,1
171,"drg. Tari Waskita, M.M.",M,27,20-30,5,Staff,Design,Teamwork,67.55,5,4,83.0,81.3855421686747,1
171,"drg. Tari Waskita, M.M.",M,27,20-30,5,Staff,Design,Technical,65.5625,4,3,82.0,79.95426829268293,1
171,"drg. Tari Waskita, M.M.",M,27,20-30,5,Staff,Design,Time Management,64.228,5,3,80.0,80.285,1
172,"Yuliana Uyainah, S.I.Kom",F,22,20-30,5,Staff,Design,Attendance,70.32333333333334,3,2,90.0,78.13703703703705,1
172,"Yuliana Uyainah, S.I.Kom",F,22,20-30,5,Staff,Design,Development,65.22666666666667,6,5,75.0,86.9688888888889,1
172,"Yuliana Uyainah, S.I.Kom",F,22,20-30,5,Staff,Design,Efficiency,71.088,5,4,80.0,88.85999999999999,1
172,"Yuliana Uyainah, S.I.Kom",F,22,20-30,5,Staff,Design,Finance,66.64857142857143,7,6,82.0,81.27874564459931,1
172,"Yuliana Uyainah, S.I.Kom",F,22,20-30,5,Staff,Design,HR,67.90636363636364,11,6,88.0,77.1663223140496,1
172,"Yuliana Uyainah, S.I.Kom",F,22,20-30,5,Staff,Design,Innovation,62.897499999999994,4,3,72.0,87.35763888888887,1
172,"Yuliana Uyainah, S.I.Kom",F,22,20-30,5,Staff,Design,Performance,70.975,4,4,80.0,88.71874999999999,1
172,"Yuliana Uyainah, S.I.Kom",F,22,20-30,5,Staff,Design,Project,68.24285714285715,7,5,78.0,87.4908424908425,1
172,"Yuliana Uyainah, S.I.Kom",F,22,20-30,5,Staff,Design,Quality,66.09052631578948,19,8,85.0,77.75356037151703,1
172,"Yuliana Uyainah, S.I.Kom",F,22,20-30,5,Staff,Design,Teamwork,71.60666666666667,6,4,83.0,86.27309236947792,1
172,"Yuliana Uyainah, S.I.Kom",F,22,20-30,5,Staff,Design,Technical,66.39,4,4,82.0,80.96341463414635,1
172,"Yuliana Uyainah, S.I.Kom",F,22,20-30,5,Staff,Design,Time Management,67.28166666666667,6,5,80.0,84.10208333333334,1
173,"Sutan Pangestu Gunarto, S.E.",F,28,20-30,5,Staff,Production,Attendance,68.565,6,6,90.0,76.18333333333334,1
173,"Sutan Pangestu Gunarto, S.E.",F,28,20-30,5,Staff,Production,Development,65.20285714285714,7,5,75.0,86.93714285714285,1
173,"Sutan Pangestu Gunarto, S.E.",F,28,20-30,5,Staff,Production,Efficiency,62.415,4,4,80.0,78.01875,1
173,"Sutan Pangestu Gunarto, S.E.",F,28,20-30,5,Staff,Production,Finance,65.47166666666668,6,5,82.0,79.84349593495936,1
173,"Sutan Pangestu Gunarto, S.E.",F,28,20-30,5,Staff,Production,HR,68.8325,12,7,88.0,78.21875,1
173,"Sutan Pangestu Gunarto, S.E.",F,28,20-30,5,Staff,Production,Innovation,61.43,4,4,72.0,85.31944444444444,1
173,"Sutan Pangestu Gunarto, S.E.",F,28,20-30,5,Staff,Production,Performance,63.162,5,4,80.0,78.9525,1
173,"Sutan Pangestu Gunarto, S.E.",F,28,20-30,5,Staff,Production,Project,66.04333333333334,3,3,78.0,84.67094017094018,1
173,"Sutan Pangestu Gunarto, S.E.",F,28,20-30,5,Staff,Production,Quality,64.34846153846154,13,7,85.0,75.70407239819004,1
173,"Sutan Pangestu Gunarto, S.E.",F,28,20-30,5,Staff,Production,Teamwork,66.14999999999999,6,5,83.0,79.69879518072288,1
173,"Sutan Pangestu Gunarto, S.E.",F,28,20-30,5,Staff,Production,Technical,66.43375,8,7,82.0,81.01676829268293,1
173,"Sutan Pangestu Gunarto, S.E.",F,28,20-30,5,Staff,Production,Time Management,62.82000000000001,4,4,80.0,78.525,1
174,Raisa Uyainah,M,43,40-50,14,Manager,Legal,Attendance,93.67666666666666,3,3,90.0,104.08518518518518,0
174,Raisa Uyainah,M,43,40-50,14,Manager,Legal,Development,89.9511111111111,9,6,75.0,119.9348148148148,0
174,Raisa Uyainah,M,43,40-50,14,Manager,Legal,Efficiency,93.32375,8,6,80.0,116.6546875,0
174,Raisa Uyainah,M,43,40-50,14,Manager,Legal,Finance,89.97142857142856,7,5,82.0,109.72125435540069,0
174,Raisa Uyainah,M,43,40-50,14,Manager,Legal,HR,94.65750000000001,12,7,88.0,107.56534090909093,0
174,Raisa Uyainah,M,43,40-50,14,Manager,Legal,Innovation,84.25,3,2,72.0,117.01388888888889,0
174,Raisa Uyainah,M,43,40-50,14,Manager,Legal,Performance,93.18666666666667,3,3,80.0,116.48333333333332,0
174,Raisa Uyainah,M,43,40-50,14,Manager,Legal,Project,92.22818181818182,11,7,78.0,118.24125874125875,0
174,Raisa Uyainah,M,43,40-50,14,Manager,Legal,Quality,89.26608695652173,23,7,85.0,105.01892583120204,0
174,Raisa Uyainah,M,43,40-50,14,Manager,Legal,Teamwork,94.56777777777778,9,5,83.0,113.93708165997322,0
174,Raisa Uyainah,M,43,40-50,14,Manager,Legal,Technical,93.65499999999999,6,5,82.0,114.21341463414632,0
174,Raisa Uyainah,M,43,40-50,14,Manager,Legal,Time Management,92.43571428571428,7,5,80.0,115.54464285714285,0
175,"T. Eko Halim, S.I.Kom",F,49,40-50,10,Senior Manager,Customer Service,Attendance,98.0,5,3,90.0,108.88888888888889,0
175,"T. Eko Halim, S.I.Kom",F,49,40-50,10,Senior Manager,Customer Service,Development,97.25272727272727,11,8,75.0,120.0,0
175,"T. Eko Halim, S.I.Kom",F,49,40-50,10,Senior Manager,Customer Service,Efficiency,97.68375,8,5,80.0,120.0,0
175,"T. Eko Halim, S.I.Kom",F,49,40-50,10,Senior Manager,Customer Service,Finance,98.0,5,5,82.0,119.51219512195122,0
175,"T. Eko Halim, S.I.Kom",F,49,40-50,10,Senior Manager,Customer Service,HR,97.85823529411765,17,8,88.0,111.20254010695186,0
175,"T. Eko Halim, S.I.Kom",F,49,40-50,10,Senior Manager,Customer Service,Innovation,96.495,8,6,72.0,120.0,0
175,"T. Eko Halim, S.I.Kom",F,49,40-50,10,Senior Manager,Customer Service,Performance,98.0,6,3,80.0,120.0,0
175,"T. Eko Halim, S.I.Kom",F,49,40-50,10,Senior Manager,Customer Service,Project,97.30714285714285,7,6,78.0,120.0,0
175,"T. Eko Halim, S.I.Kom",F,49,40-50,10,Senior Manager,Customer Service,Quality,97.36368421052632,19,7,85.0,114.54551083591332,0
175,"T. Eko Halim, S.I.Kom",F,49,40-50,10,Senior Manager,Customer Service,Teamwork,98.0,8,6,83.0,118.07228915662651,0
175,"T. Eko Halim, S.I.Kom",F,49,40-50,10,Senior Manager,Customer Service,Technical,98.0,6,5,82.0,119.51219512195122,0
175,"T. Eko Halim, S.I.Kom",F,49,40-50,10,Senior Manager,Customer Service,Time Management,97.895,8,5,80.0,120.0,0
176,Salimah Haryanti,M,24,20-30,4,Staff,Human Resources,Attendance,68.53571428571429,7,7,90.0,76.15079365079366,1
176,Salimah Haryanti,M,24,20-30,4,Staff,Human Resources,Development,64.06,7,6,75.0,85.41333333333333,1
176,Salimah Haryanti,M,24,20-30,4,Staff,Human Resources,Efficiency,64.66875,8,6,80.0,80.8359375,1
176,Salimah Haryanti,M,24,20-30,4,Staff,Human Resources,Finance,62.124,10,6,82.0,75.7609756097561,1
176,Salimah Haryanti,M,24,20-30,4,Staff,Human Resources,HR,67.18642857142858,14,6,88.0,76.34821428571429,1
176,Salimah Haryanti,M,24,20-30,4,Staff,Human Resources,Innovation,61.385555555555555,9,6,72.0,85.25771604938272,1
176,Salimah Haryanti,M,24,20-30,4,Staff,Human Resources,Performance,66.25,6,5,80.0,82.8125,1
176,Salimah Haryanti,M,24,20-30,4,Staff,Human Resources,Project,61.291999999999994,5,3,78.0,78.57948717948717,1
176,Salimah Haryanti,M,24,20-30,4,Staff,Human Resources,Quality,63.538235294117655,17,7,85.0,74.75086505190313,1
176,Salimah Haryanti,M,24,20-30,4,Staff,Human Resources,Teamwork,67.33,8,6,83.0,81.12048192771084,1
176,Salimah Haryanti,M,24,20-30,4,Staff,Human Resources,Technical,66.28125,8,6,82.0,80.83079268292683,1
176,Salimah Haryanti,M,24,20-30,4,Staff,Human Resources,Time Management,67.39833333333333,6,4,80.0,84.24791666666667,1
177,Sutan Darmana Padmasari,F,27,20-30,3,Staff,Marketing,Attendance,73.67,2,2,90.0,81.85555555555555,1
177,Sutan Darmana Padmasari,F,27,20-30,3,Staff,Marketing,Development,60.862,5,4,75.0,81.14933333333333,1
177,Sutan Darmana Padmasari,F,27,20-30,3,Staff,Marketing,Efficiency,65.29166666666667,6,5,80.0,81.61458333333334,1
177,Sutan Darmana Padmasari,F,27,20-30,3,Staff,Marketing,Finance,64.9475,4,4,82.0,79.20426829268294,1
177,Sutan Darmana Padmasari,F,27,20-30,3,Staff,Marketing,HR,66.40615384615384,13,6,88.0,75.46153846153845,1
177,Sutan Darmana Padmasari,F,27,20-30,3,Staff,Marketing,Innovation,62.36666666666667,6,4,72.0,86.62037037037038,1
177,Sutan Darmana Padmasari,F,27,20-30,3,Staff,Marketing,Performance,67.00285714285714,7,5,80.0,83.75357142857142,1
177,Sutan Darmana Padmasari,F,27,20-30,3,Staff,Marketing,Project,62.675,4,3,78.0,80.3525641025641,1
177,Sutan Darmana Padmasari,F,27,20-30,3,Staff,Marketing,Quality,64.65066666666667,15,6,85.0,76.05960784313726,1
177,Sutan Darmana Padmasari,F,27,20-30,3,Staff,Marketing,Teamwork,72.14,3,2,83.0,86.91566265060241,1
177,Sutan Darmana Padmasari,F,27,20-30,3,Staff,Marketing,Technical,66.28428571428572,7,5,82.0,80.83449477351917,1
177,Sutan Darmana Padmasari,F,27,20-30,3,Staff,Marketing,Time Management,64.3275,4,4,80.0,80.409375,1
178,Rizki Hutasoit,M,30,20-30,1,Staff,Legal,Attendance,52.76375,8,6,90.0,58.62638888888889,1
178,Rizki Hutasoit,M,30,20-30,1,Staff,Legal,Development,42.336666666666666,3,2,75.0,56.448888888888895,1
178,Rizki Hutasoit,M,30,20-30,1,Staff,Legal,Efficiency,50.01555555555555,9,7,80.0,62.51944444444443,1
178,Rizki Hutasoit,M,30,20-30,1,Staff,Legal,Finance,48.35166666666667,6,4,82.0,58.96544715447155,1
178,Rizki Hutasoit,M,30,20-30,1,Staff,Legal,HR,51.26666666666667,12,6,88.0,58.25757575757576,1
178,Rizki Hutasoit,M,30,20-30,1,Staff,Legal,Innovation,43.82285714285714,7,5,72.0,60.86507936507936,1
178,Rizki Hutasoit,M,30,20-30,1,Staff,Legal,Performance,43.413333333333334,6,5,80.0,54.266666666666666,1
178,Rizki Hutasoit,M,30,20-30,1,Staff,Legal,Project,43.86285714285714,7,5,78.0,56.23443223443223,1
178,Rizki Hutasoit,M,30,20-30,1,Staff,Legal,Quality,45.74761904761905,21,7,85.0,53.82072829131653,1
178,Rizki Hutasoit,M,30,20-30,1,Staff,Legal,Teamwork,49.631,10,8,83.0,59.79638554216868,1
178,Rizki Hutasoit,M,30,20-30,1,Staff,Legal,Technical,47.394285714285715,7,5,82.0,57.79790940766551,1
178,Rizki Hutasoit,M,30,20-30,1,Staff,Legal,Time Management,47.90857142857143,7,4,80.0,59.885714285714286,1
179,"Hartaka Maulana, S.Sos",M,25,20-30,2,Staff,Production,Attendance,69.31,5,4,90.0,77.0111111111111,1
179,"Hartaka Maulana, S.Sos",M,25,20-30,2,Staff,Production,Development,60.63625,8,4,75.0,80.84833333333333,1
179,"Hartaka Maulana, S.Sos",M,25,20-30,2,Staff,Production,Efficiency,66.21875,8,6,80.0,82.7734375,1
179,"Hartaka Maulana, S.Sos",M,25,20-30,2,Staff,Production,Finance,60.86,5,5,82.0,74.21951219512195,1
179,"Hartaka Maulana, S.Sos",M,25,20-30,2,Staff,Production,HR,64.77388888888889,18,7,88.0,73.60669191919192,1
179,"Hartaka Maulana, S.Sos",M,25,20-30,2,Staff,Production,Innovation,61.712857142857146,7,5,72.0,85.7123015873016,1
179,"Hartaka Maulana, S.Sos",M,25,20-30,2,Staff,Production,Performance,62.07,8,5,80.0,77.5875,1
179,"Hartaka Maulana, S.Sos",M,25,20-30,2,Staff,Production,Project,64.33428571428571,7,5,78.0,82.47985347985347,1
179,"Hartaka Maulana, S.Sos",M,25,20-30,2,Staff,Production,Quality,61.951666666666675,18,8,85.0,72.88431372549022,1
179,"Hartaka Maulana, S.Sos",M,25,20-30,2,Staff,Production,Teamwork,70.08624999999999,8,5,83.0,84.44126506024095,1
179,"Hartaka Maulana, S.Sos",M,25,20-30,2,Staff,Production,Technical,64.19,5,5,82.0,78.28048780487805,1
179,"Hartaka Maulana, S.Sos",M,25,20-30,2,Staff,Production,Time Management,61.852,5,5,80.0,77.315,1
180,"drg. Bakda Nugroho, S.Pd",M,25,20-30,4,Staff,Legal,Attendance,67.65333333333334,6,5,90.0,75.17037037037038,1
180,"drg. Bakda Nugroho, S.Pd",M,25,20-30,4,Staff,Legal,Development,60.234,5,5,75.0,80.31200000000001,1
180,"drg. Bakda Nugroho, S.Pd",M,25,20-30,4,Staff,Legal,Efficiency,65.14666666666666,9,6,80.0,81.43333333333332,1
180,"drg. Bakda Nugroho, S.Pd",M,25,20-30,4,Staff,Legal,Finance,58.715714285714284,7,6,82.0,71.60452961672473,1
180,"drg. Bakda Nugroho, S.Pd",M,25,20-30,4,Staff,Legal,HR,62.487,10,6,88.0,71.00795454545454,1
180,"drg. Bakda Nugroho, S.Pd",M,25,20-30,4,Staff,Legal,Innovation,59.455,10,7,72.0,82.57638888888889,1
180,"drg. Bakda Nugroho, S.Pd",M,25,20-30,4,Staff,Legal,Performance,63.032,5,4,80.0,78.78999999999999,1
180,"drg. Bakda Nugroho, S.Pd",M,25,20-30,4,Staff,Legal,Project,63.602,5,5,78.0,81.54102564102564,1
180,"drg. Bakda Nugroho, S.Pd",M,25,20-30,4,Staff,Legal,Quality,60.59105263157895,19,7,85.0,71.28359133126935,1
180,"drg. Bakda Nugroho, S.Pd",M,25,20-30,4,Staff,Legal,Teamwork,65.73,7,6,83.0,79.19277108433735,1
180,"drg. Bakda Nugroho, S.Pd",M,25,20-30,4,Staff,Legal,Technical,61.88333333333334,9,7,82.0,75.46747967479675,1
180,"drg. Bakda Nugroho, S.Pd",M,25,20-30,4,Staff,Legal,Time Management,61.46,5,4,80.0,76.825,1
181,Dina Hardiansyah,M,44,40-50,9,Senior Manager,Production,Attendance,98.0,6,5,90.0,108.88888888888889,0
181,Dina Hardiansyah,M,44,40-50,9,Senior Manager,Production,Development,97.19777777777777,9,6,75.0,120.0,0
181,Dina Hardiansyah,M,44,40-50,9,Senior Manager,Production,Efficiency,98.0,4,4,80.0,120.0,0
181,Dina Hardiansyah,M,44,40-50,9,Senior Manager,Production,Finance,97.18333333333334,6,5,82.0,118.51626016260164,0
181,Dina Hardiansyah,M,44,40-50,9,Senior Manager,Production,HR,98.0,6,5,88.0,111.36363636363636,0
181,Dina Hardiansyah,M,44,40-50,9,Senior Manager,Production,Innovation,97.166,5,5,72.0,120.0,0
181,Dina Hardiansyah,M,44,40-50,9,Senior Manager,Production,Performance,98.0,6,4,80.0,120.0,0
181,Dina Hardiansyah,M,44,40-50,9,Senior Manager,Production,Project,98.0,5,5,78.0,120.0,0
181,Dina Hardiansyah,M,44,40-50,9,Senior Manager,Production,Quality,97.60666666666667,18,8,85.0,114.8313725490196,0
181,Dina Hardiansyah,M,44,40-50,9,Senior Manager,Production,Teamwork,97.93625,8,6,83.0,117.99548192771084,0
181,Dina Hardiansyah,M,44,40-50,9,Senior Manager,Production,Technical,98.0,4,4,82.0,119.51219512195122,0
181,Dina Hardiansyah,M,44,40-50,9,Senior Manager,Production,Time Management,97.91125,8,4,80.0,120.0,0
182,Taswir Nainggolan,F,23,20-30,5,Staff,Design,Attendance,71.76833333333333,6,6,90.0,79.74259259259259,1
182,Taswir Nainggolan,F,23,20-30,5,Staff,Design,Development,62.982000000000006,5,3,75.0,83.97600000000001,1
182,Taswir Nainggolan,F,23,20-30,5,Staff,Design,Efficiency,67.82124999999999,8,6,80.0,84.77656249999998,1
182,Taswir Nainggolan,F,23,20-30,5,Staff,Design,Finance,60.414,5,4,82.0,73.67560975609757,1
182,Taswir Nainggolan,F,23,20-30,5,Staff,Design,HR,66.59944444444444,18,7,88.0,75.68118686868686,1
182,Taswir Nainggolan,F,23,20-30,5,Staff,Design,Innovation,64.17625,8,6,72.0,89.13368055555556,1
182,Taswir Nainggolan,F,23,20-30,5,Staff,Design,Performance,69.05833333333334,6,4,80.0,86.32291666666667,1
182,Taswir Nainggolan,F,23,20-30,5,Staff,Design,Project,66.90461538461538,13,6,78.0,85.77514792899407,1
182,Taswir Nainggolan,F,23,20-30,5,Staff,Design,Quality,65.0404,25,8,85.0,76.51811764705883,1
182,Taswir Nainggolan,F,23,20-30,5,Staff,Design,Teamwork,69.95857142857143,7,6,83.0,84.28743545611016,1
182,Taswir Nainggolan,F,23,20-30,5,Staff,Design,Technical,68.18333333333334,9,5,82.0,83.15040650406505,1
182,Taswir Nainggolan,F,23,20-30,5,Staff,Design,Time Management,65.64333333333333,6,6,80.0,82.05416666666666,1
183,Nrima Budiman,M,38,30-40,8,Manager,Customer Service,Attendance,93.87875,8,6,90.0,104.30972222222222,0
183,Nrima Budiman,M,38,30-40,8,Manager,Customer Service,Development,88.1425,4,4,75.0,117.52333333333333,0
183,Nrima Budiman,M,38,30-40,8,Manager,Customer Service,Efficiency,90.56666666666666,3,2,80.0,113.20833333333333,0
183,Nrima Budiman,M,38,30-40,8,Manager,Customer Service,Finance,90.74714285714286,7,6,82.0,110.66724738675958,0
183,Nrima Budiman,M,38,30-40,8,Manager,Customer Service,HR,93.76599999999999,10,6,88.0,106.55227272727271,0
183,Nrima Budiman,M,38,30-40,8,Manager,Customer Service,Innovation,85.575,6,4,72.0,118.85416666666667,0
183,Nrima Budiman,M,38,30-40,8,Manager,Customer Service,Performance,90.396,5,4,80.0,112.995,0
183,Nrima Budiman,M,38,30-40,8,Manager,Customer Service,Project,94.845,2,2,78.0,120.0,0
183,Nrima Budiman,M,38,30-40,8,Manager,Customer Service,Quality,87.936875,16,7,85.0,103.45514705882353,0
183,Nrima Budiman,M,38,30-40,8,Manager,Customer Service,Teamwork,93.00333333333333,9,6,83.0,112.05220883534135,0
183,Nrima Budiman,M,38,30-40,8,Manager,Customer Service,Technical,93.62,7,5,82.0,114.17073170731707,0
183,Nrima Budiman,M,38,30-40,8,Manager,Customer Service,Time Management,92.378,5,4,80.0,115.4725,0
184,Drs. Hardi Rahimah,F,38,30-40,6,Senior Staff,Human Resources,Attendance,71.24857142857142,7,5,90.0,79.16507936507936,1
184,Drs. Hardi Rahimah,F,38,30-40,6,Senior Staff,Human Resources,Development,64.488,5,4,75.0,85.98400000000001,1
184,Drs. Hardi Rahimah,F,38,30-40,6,Senior Staff,Human Resources,Efficiency,66.764,5,4,80.0,83.455,1
184,Drs. Hardi Rahimah,F,38,30-40,6,Senior Staff,Human Resources,Finance,65.089,10,7,82.0,79.37682926829268,1
184,Drs. Hardi Rahimah,F,38,30-40,6,Senior Staff,Human Resources,HR,69.72615384615384,13,6,88.0,79.23426573426572,1
184,Drs. Hardi Rahimah,F,38,30-40,6,Senior Staff,Human Resources,Innovation,64.534,5,3,72.0,89.63055555555556,1
184,Drs. Hardi Rahimah,F,38,30-40,6,Senior Staff,Human Resources,Performance,68.74333333333334,6,3,80.0,85.92916666666667,1
184,Drs. Hardi Rahimah,F,38,30-40,6,Senior Staff,Human Resources,Project,67.4325,4,3,78.0,86.45192307692308,1
184,Drs. Hardi Rahimah,F,38,30-40,6,Senior Staff,Human Resources,Quality,65.66214285714285,14,7,85.0,77.24957983193276,1
184,Drs. Hardi Rahimah,F,38,30-40,6,Senior Staff,Human Resources,Teamwork,69.10428571428572,7,5,83.0,83.25817555938039,1
184,Drs. Hardi Rahimah,F,38,30-40,6,Senior Staff,Human Resources,Technical,67.34666666666668,3,2,82.0,82.13008130081302,1
184,Drs. Hardi Rahimah,F,38,30-40,6,Senior Staff,Human Resources,Time Management,70.34666666666666,3,2,80.0,87.93333333333332,1
185,KH. Bahuraksa Kusmawati,F,27,20-30,4,Staff,Human Resources,Attendance,70.24625,8,7,90.0,78.0513888888889,1
185,KH. Bahuraksa Kusmawati,F,27,20-30,4,Staff,Human Resources,Development,60.96142857142858,7,5,75.0,81.28190476190477,1
185,KH. Bahuraksa Kusmawati,F,27,20-30,4,Staff,Human Resources,Efficiency,68.46,6,5,80.0,85.57499999999999,1
185,KH. Bahuraksa Kusmawati,F,27,20-30,4,Staff,Human Resources,Finance,64.04428571428572,7,5,82.0,78.10278745644601,1
185,KH. Bahuraksa Kusmawati,F,27,20-30,4,Staff,Human Resources,HR,68.33833333333332,12,6,88.0,77.65719696969695,1
185,KH. Bahuraksa Kusmawati,F,27,20-30,4,Staff,Human Resources,Innovation,61.44285714285714,7,6,72.0,85.3373015873016,1
185,KH. Bahuraksa Kusmawati,F,27,20-30,4,Staff,Human Resources,Performance,65.9325,4,3,80.0,82.415625,1
185,KH. Bahuraksa Kusmawati,F,27,20-30,4,Staff,Human Resources,Project,67.68,6,4,78.0,86.76923076923079,1
185,KH. Bahuraksa Kusmawati,F,27,20-30,4,Staff,Human Resources,Quality,61.70411764705882,17,8,85.0,72.59307958477508,1
185,KH. Bahuraksa Kusmawati,F,27,20-30,4,Staff,Human Resources,Teamwork,66.60111111111111,9,5,83.0,80.24230254350736,1
185,KH. Bahuraksa Kusmawati,F,27,20-30,4,Staff,Human Resources,Technical,63.385000000000005,4,4,82.0,77.29878048780489,1
185,KH. Bahuraksa Kusmawati,F,27,20-30,4,Staff,Human Resources,Time Management,63.80142857142857,7,7,80.0,79.75178571428572,1
186,"Jayadi Pranowo, S.E.I",F,29,20-30,4,Staff,Research & Development,Attendance,70.82,2,2,90.0,78.68888888888888,1
186,"Jayadi Pranowo, S.E.I",F,29,20-30,4,Staff,Research & Development,Development,64.92428571428572,7,6,75.0,86.5657142857143,1
186,"Jayadi Pranowo, S.E.I",F,29,20-30,4,Staff,Research & Development,Efficiency,71.79400000000001,5,4,80.0,89.74250000000002,1
186,"Jayadi Pranowo, S.E.I",F,29,20-30,4,Staff,Research & Development,Finance,71.14888888888889,9,7,82.0,86.76693766937669,1
186,"Jayadi Pranowo, S.E.I",F,29,20-30,4,Staff,Research & Development,HR,74.30111111111111,9,5,88.0,84.43308080808082,1
186,"Jayadi Pranowo, S.E.I",F,29,20-30,4,Staff,Research & Development,Innovation,65.17285714285714,7,6,72.0,90.51785714285714,1
186,"Jayadi Pranowo, S.E.I",F,29,20-30,4,Staff,Research & Development,Performance,69.44333333333333,6,4,80.0,86.80416666666666,1
186,"Jayadi Pranowo, S.E.I",F,29,20-30,4,Staff,Research & Development,Project,71.70166666666667,6,6,78.0,91.92521367521368,1
186,"Jayadi Pranowo, S.E.I",F,29,20-30,4,Staff,Research & Development,Quality,68.174375,16,7,85.0,80.20514705882353,1
186,"Jayadi Pranowo, S.E.I",F,29,20-30,4,Staff,Research & Development,Teamwork,71.27857142857144,7,4,83.0,85.8777969018933,1
186,"Jayadi Pranowo, S.E.I",F,29,20-30,4,Staff,Research & Development,Technical,71.15777777777777,9,6,82.0,86.77777777777776,1
186,"Jayadi Pranowo, S.E.I",F,29,20-30,4,Staff,Research & Development,Time Management,70.67571428571429,7,7,80.0,88.34464285714287,1
187,dr. Martani Sudiati,F,37,30-40,12,Manager,Quality Assurance,Attendance,97.495,6,3,90.0,108.32777777777778,0
187,dr. Martani Sudiati,F,37,30-40,12,Manager,Quality Assurance,Development,92.64750000000001,4,4,75.0,120.0,0
187,dr. Martani Sudiati,F,37,30-40,12,Manager,Quality Assurance,Efficiency,96.00142857142858,7,4,80.0,120.0,0
187,dr. Martani Sudiati,F,37,30-40,12,Manager,Quality Assurance,Finance,93.89,6,5,82.0,114.5,0
187,dr. Martani Sudiati,F,37,30-40,12,Manager,Quality Assurance,HR,96.93545454545455,11,6,88.0,110.15392561983471,0
187,dr. Martani Sudiati,F,37,30-40,12,Manager,Quality Assurance,Innovation,94.49000000000001,6,6,72.0,120.0,0
187,dr. Martani Sudiati,F,37,30-40,12,Manager,Quality Assurance,Performance,98.0,3,3,80.0,120.0,0
187,dr. Martani Sudiati,F,37,30-40,12,Manager,Quality Assurance,Project,96.437,10,5,78.0,120.0,0
187,dr. Martani Sudiati,F,37,30-40,12,Manager,Quality Assurance,Quality,95.81055555555555,18,6,85.0,112.71830065359477,0
187,dr. Martani Sudiati,F,37,30-40,12,Manager,Quality Assurance,Teamwork,97.73666666666666,6,4,83.0,117.75502008032127,0
187,dr. Martani Sudiati,F,37,30-40,12,Manager,Quality Assurance,Technical,96.335,6,4,82.0,117.48170731707317,0
187,dr. Martani Sudiati,F,37,30-40,12,Manager,Quality Assurance,Time Management,97.12333333333333,3,3,80.0,120.0,0
188,Ulva Waluyo,F,29,20-30,3,Staff,Quality Assurance,Attendance,71.22857142857143,7,5,90.0,79.14285714285714,1
188,Ulva Waluyo,F,29,20-30,3,Staff,Quality Assurance,Development,62.471666666666664,6,4,75.0,83.29555555555555,1
188,Ulva Waluyo,F,29,20-30,3,Staff,Quality Assurance,Efficiency,64.7975,4,4,80.0,80.996875,1
188,Ulva Waluyo,F,29,20-30,3,Staff,Quality Assurance,Finance,66.86,3,2,82.0,81.53658536585365,1
188,Ulva Waluyo,F,29,20-30,3,Staff,Quality Assurance,HR,67.22714285714285,7,6,88.0,76.39448051948051,1
188,Ulva Waluyo,F,29,20-30,3,Staff,Quality Assurance,Innovation,64.218,5,3,72.0,89.19166666666666,1
188,Ulva Waluyo,F,29,20-30,3,Staff,Quality Assurance,Performance,68.66285714285713,7,6,80.0,85.82857142857142,1
188,Ulva Waluyo,F,29,20-30,3,Staff,Quality Assurance,Project,65.475,4,3,78.0,83.94230769230768,1
188,Ulva Waluyo,F,29,20-30,3,Staff,Quality Assurance,Quality,65.91,10,5,85.0,77.54117647058824,1
188,Ulva Waluyo,F,29,20-30,3,Staff,Quality Assurance,Teamwork,68.87166666666667,6,6,83.0,82.97791164658635,1
188,Ulva Waluyo,F,29,20-30,3,Staff,Quality Assurance,Technical,67.774,5,5,82.0,82.65121951219511,1
188,Ulva Waluyo,F,29,20-30,3,Staff,Quality Assurance,Time Management,67.26,3,3,80.0,84.07500000000002,1
189,Radit Nasyidah,F,26,20-30,5,Staff,Quality Assurance,Attendance,70.08285714285714,7,7,90.0,77.86984126984126,1
189,Radit Nasyidah,F,26,20-30,5,Staff,Quality Assurance,Development,66.64666666666666,6,6,75.0,88.86222222222221,1
189,Radit Nasyidah,F,26,20-30,5,Staff,Quality Assurance,Efficiency,70.21833333333333,6,4,80.0,87.77291666666666,1
189,Radit Nasyidah,F,26,20-30,5,Staff,Quality Assurance,Finance,67.59555555555556,9,7,82.0,82.43360433604337,1
189,Radit Nasyidah,F,26,20-30,5,Staff,Quality Assurance,HR,68.21727272727273,11,6,88.0,77.51962809917356,1
189,Radit Nasyidah,F,26,20-30,5,Staff,Quality Assurance,Innovation,67.26666666666667,6,5,72.0,93.42592592592592,1
189,Radit Nasyidah,F,26,20-30,5,Staff,Quality Assurance,Performance,68.99333333333334,9,7,80.0,86.24166666666667,1
189,Radit Nasyidah,F,26,20-30,5,Staff,Quality Assurance,Project,71.635,4,4,78.0,91.8397435897436,1
189,Radit Nasyidah,F,26,20-30,5,Staff,Quality Assurance,Quality,67.20785714285714,14,6,85.0,79.06806722689075,1
189,Radit Nasyidah,F,26,20-30,5,Staff,Quality Assurance,Teamwork,71.89,8,6,83.0,86.6144578313253,1
189,Radit Nasyidah,F,26,20-30,5,Staff,Quality Assurance,Technical,68.098,5,5,82.0,83.04634146341463,1
189,Radit Nasyidah,F,26,20-30,5,Staff,Quality Assurance,Time Management,68.454,10,6,80.0,85.5675,1
190,Dr. Tiara Adriansyah,M,29,20-30,5,Staff,Customer Service,Attendance,68.65857142857143,7,5,90.0,76.28730158730158,1
190,Dr. Tiara Adriansyah,M,29,20-30,5,Staff,Customer Service,Development,60.199999999999996,6,4,75.0,80.26666666666667,1
190,Dr. Tiara Adriansyah,M,29,20-30,5,Staff,Customer Service,Efficiency,65.90333333333332,3,2,80.0,82.37916666666665,1
190,Dr. Tiara Adriansyah,M,29,20-30,5,Staff,Customer Service,Finance,60.81,6,6,82.0,74.15853658536585,1
190,Dr. Tiara Adriansyah,M,29,20-30,5,Staff,Customer Service,HR,65.47666666666666,18,6,88.0,74.40530303030302,1
190,Dr. Tiara Adriansyah,M,29,20-30,5,Staff,Customer Service,Innovation,58.371249999999996,8,6,72.0,81.07118055555556,1
190,Dr. Tiara Adriansyah,M,29,20-30,5,Staff,Customer Service,Performance,63.67714285714286,7,5,80.0,79.59642857142858,1
190,Dr. Tiara Adriansyah,M,29,20-30,5,Staff,Customer Service,Project,64.97727272727273,11,8,78.0,83.30419580419581,1
190,Dr. Tiara Adriansyah,M,29,20-30,5,Staff,Customer Service,Quality,63.45130434782609,23,8,85.0,74.64859335038363,1
190,Dr. Tiara Adriansyah,M,29,20-30,5,Staff,Customer Service,Teamwork,65.7375,8,5,83.0,79.20180722891567,1
190,Dr. Tiara Adriansyah,M,29,20-30,5,Staff,Customer Service,Technical,63.803333333333335,3,3,82.0,77.8089430894309,1
190,Dr. Tiara Adriansyah,M,29,20-30,5,Staff,Customer Service,Time Management,64.88,4,3,80.0,81.1,1
191,"Farhunnisa Palastri, S.E.",F,23,20-30,3,Staff,Legal,Attendance,66.6325,8,7,90.0,74.0361111111111,1
191,"Farhunnisa Palastri, S.E.",F,23,20-30,3,Staff,Legal,Development,61.28875,8,7,75.0,81.71833333333333,1
191,"Farhunnisa Palastri, S.E.",F,23,20-30,3,Staff,Legal,Efficiency,59.61333333333334,6,4,80.0,74.51666666666668,1
191,"Farhunnisa Palastri, S.E.",F,23,20-30,3,Staff,Legal,Finance,60.629999999999995,7,6,82.0,73.9390243902439,1
191,"Farhunnisa Palastri, S.E.",F,23,20-30,3,Staff,Legal,HR,62.97833333333333,12,6,88.0,71.56628787878788,1
191,"Farhunnisa Palastri, S.E.",F,23,20-30,3,Staff,Legal,Innovation,58.564,5,4,72.0,81.33888888888889,1
191,"Farhunnisa Palastri, S.E.",F,23,20-30,3,Staff,Legal,Performance,59.82333333333333,3,3,80.0,74.77916666666667,1
191,"Farhunnisa Palastri, S.E.",F,23,20-30,3,Staff,Legal,Project,60.586666666666666,9,6,78.0,77.67521367521368,1
191,"Farhunnisa Palastri, S.E.",F,23,20-30,3,Staff,Legal,Quality,58.25,20,8,85.0,68.52941176470588,1
191,"Farhunnisa Palastri, S.E.",F,23,20-30,3,Staff,Legal,Teamwork,63.818333333333335,6,5,83.0,76.88955823293173,1
191,"Farhunnisa Palastri, S.E.",F,23,20-30,3,Staff,Legal,Technical,63.75999999999999,5,4,82.0,77.7560975609756,1
191,"Farhunnisa Palastri, S.E.",F,23,20-30,3,Staff,Legal,Time Management,62.65,3,2,80.0,78.3125,1
192,Umi Mandala,F,27,20-30,4,Staff,Sales,Attendance,70.865,8,7,90.0,78.73888888888888,1
192,Umi Mandala,F,27,20-30,4,Staff,Sales,Development,65.07428571428572,7,6,75.0,86.7657142857143,1
192,Umi Mandala,F,27,20-30,4,Staff,Sales,Efficiency,69.14,9,6,80.0,86.425,1
192,Umi Mandala,F,27,20-30,4,Staff,Sales,Finance,61.29333333333333,3,3,82.0,74.7479674796748,1
192,Umi Mandala,F,27,20-30,4,Staff,Sales,HR,67.45,8,5,88.0,76.64772727272727,1
192,Umi Mandala,F,27,20-30,4,Staff,Sales,Innovation,63.05,11,7,72.0,87.56944444444444,1
192,Umi Mandala,F,27,20-30,4,Staff,Sales,Performance,64.21333333333332,6,5,80.0,80.26666666666665,1
192,Umi Mandala,F,27,20-30,4,Staff,Sales,Project,64.92857142857143,7,6,78.0,83.24175824175825,1
192,Umi Mandala,F,27,20-30,4,Staff,Sales,Quality,64.53833333333334,18,8,85.0,75.92745098039217,1
192,Umi Mandala,F,27,20-30,4,Staff,Sales,Teamwork,67.485,6,5,83.0,81.30722891566265,1
192,Umi Mandala,F,27,20-30,4,Staff,Sales,Technical,65.75666666666667,9,5,82.0,80.19105691056912,1
192,Umi Mandala,F,27,20-30,4,Staff,Sales,Time Management,67.375,8,5,80.0,84.21875,1
193,Dr. Pardi Wibisono,F,26,20-30,3,Staff,Quality Assurance,Attendance,73.01,8,5,90.0,81.12222222222223,1
193,Dr. Pardi Wibisono,F,26,20-30,3,Staff,Quality Assurance,Development,64.45,7,6,75.0,85.93333333333334,1
193,Dr. Pardi Wibisono,F,26,20-30,3,Staff,Quality Assurance,Efficiency,65.91666666666667,6,5,80.0,82.39583333333334,1
193,Dr. Pardi Wibisono,F,26,20-30,3,Staff,Quality Assurance,Finance,68.73428571428572,7,5,82.0,83.82229965156795,1
193,Dr. Pardi Wibisono,F,26,20-30,3,Staff,Quality Assurance,HR,70.549,10,6,88.0,80.16931818181818,1
193,Dr. Pardi Wibisono,F,26,20-30,3,Staff,Quality Assurance,Innovation,63.54,5,4,72.0,88.25,1
193,Dr. Pardi Wibisono,F,26,20-30,3,Staff,Quality Assurance,Performance,67.152,10,5,80.0,83.94,1
193,Dr. Pardi Wibisono,F,26,20-30,3,Staff,Quality Assurance,Project,67.67,10,7,78.0,86.75641025641026,1
193,Dr. Pardi Wibisono,F,26,20-30,3,Staff,Quality Assurance,Quality,65.13611111111112,18,7,85.0,76.63071895424838,1
193,Dr. Pardi Wibisono,F,26,20-30,3,Staff,Quality Assurance,Teamwork,73.1525,4,4,83.0,88.1355421686747,1
193,Dr. Pardi Wibisono,F,26,20-30,3,Staff,Quality Assurance,Technical,63.988,5,5,82.0,78.03414634146341,1
193,Dr. Pardi Wibisono,F,26,20-30,3,Staff,Quality Assurance,Time Management,67.938,5,5,80.0,84.9225,1
194,Mutia Hutasoit,M,30,20-30,2,Staff,Quality Assurance,Attendance,58.50333333333333,9,5,90.0,65.0037037037037,1
194,Mutia Hutasoit,M,30,20-30,2,Staff,Quality Assurance,Development,47.06428571428571,7,6,75.0,62.75238095238094,1
194,Mutia Hutasoit,M,30,20-30,2,Staff,Quality Assurance,Efficiency,53.43833333333333,6,6,80.0,66.79791666666667,1
194,Mutia Hutasoit,M,30,20-30,2,Staff,Quality Assurance,Finance,48.35625,8,6,82.0,58.97103658536585,1
194,Mutia Hutasoit,M,30,20-30,2,Staff,Quality Assurance,HR,51.87166666666667,6,5,88.0,58.94507575757576,1
194,Mutia Hutasoit,M,30,20-30,2,Staff,Quality Assurance,Innovation,48.56833333333333,6,4,72.0,67.45601851851852,1
194,Mutia Hutasoit,M,30,20-30,2,Staff,Quality Assurance,Performance,53.78125,8,6,80.0,67.2265625,1
194,Mutia Hutasoit,M,30,20-30,2,Staff,Quality Assurance,Project,53.54,7,5,78.0,68.64102564102564,1
194,Mutia Hutasoit,M,30,20-30,2,Staff,Quality Assurance,Quality,50.07,16,8,85.0,58.90588235294118,1
194,Mutia Hutasoit,M,30,20-30,2,Staff,Quality Assurance,Teamwork,54.55142857142857,7,6,83.0,65.72461273666093,1
194,Mutia Hutasoit,M,30,20-30,2,Staff,Quality Assurance,Technical,51.87875,8,6,82.0,63.266768292682926,1
194,Mutia Hutasoit,M,30,20-30,2,Staff,Quality Assurance,Time Management,50.37111111111111,9,3,80.0,62.96388888888889,1
195,Ami Hariyah,F,30,20-30,5,Staff,Customer Service,Attendance,67.031,10,7,90.0,74.47888888888889,1
195,Ami Hariyah,F,30,20-30,5,Staff,Customer Service,Development,64.505,8,6,75.0,86.00666666666666,1
195,Ami Hariyah,F,30,20-30,5,Staff,Customer Service,Efficiency,61.903333333333336,3,3,80.0,77.37916666666668,1
195,Ami Hariyah,F,30,20-30,5,Staff,Customer Service,Finance,57.9,3,2,82.0,70.60975609756098,1
195,Ami Hariyah,F,30,20-30,5,Staff,Customer Service,HR,66.38363636363637,11,7,88.0,75.43595041322315,1
195,Ami Hariyah,F,30,20-30,5,Staff,Customer Service,Innovation,58.736000000000004,5,5,72.0,81.57777777777778,1
195,Ami Hariyah,F,30,20-30,5,Staff,Customer Service,Performance,63.315,4,3,80.0,79.14375,1
195,Ami Hariyah,F,30,20-30,5,Staff,Customer Service,Project,65.209,10,8,78.0,83.60128205128206,1
195,Ami Hariyah,F,30,20-30,5,Staff,Customer Service,Quality,62.040909090909096,22,7,85.0,72.98930481283423,1
195,Ami Hariyah,F,30,20-30,5,Staff,Customer Service,Teamwork,65.44000000000001,7,5,83.0,78.84337349397592,1
195,Ami Hariyah,F,30,20-30,5,Staff,Customer Service,Technical,63.8525,8,6,82.0,77.8689024390244,1
195,Ami Hariyah,F,30,20-30,5,Staff,Customer Service,Time Management,61.06285714285714,7,7,80.0,76.32857142857142,1
196,"Cut Ophelia Ramadan, S.I.Kom",M,44,40-50,8,Senior Manager,Quality Assurance,Attendance,98.0,8,6,90.0,108.88888888888889,0
196,"Cut Ophelia Ramadan, S.I.Kom",M,44,40-50,8,Senior Manager,Quality Assurance,Development,98.0,4,3,75.0,120.0,0
196,"Cut Ophelia Ramadan, S.I.Kom",M,44,40-50,8,Senior Manager,Quality Assurance,Efficiency,98.0,5,5,80.0,120.0,0
196,"Cut Ophelia Ramadan, S.I.Kom",M,44,40-50,8,Senior Manager,Quality Assurance,Finance,97.9742857142857,7,4,82.0,119.48083623693378,0
196,"Cut Ophelia Ramadan, S.I.Kom",M,44,40-50,8,Senior Manager,Quality Assurance,HR,98.0,16,8,88.0,111.36363636363636,0
196,"Cut Ophelia Ramadan, S.I.Kom",M,44,40-50,8,Senior Manager,Quality Assurance,Innovation,97.925,8,5,72.0,120.0,0
196,"Cut Ophelia Ramadan, S.I.Kom",M,44,40-50,8,Senior Manager,Quality Assurance,Performance,98.0,7,5,80.0,120.0,0
196,"Cut Ophelia Ramadan, S.I.Kom",M,44,40-50,8,Senior Manager,Quality Assurance,Project,98.0,4,4,78.0,120.0,0
196,"Cut Ophelia Ramadan, S.I.Kom",M,44,40-50,8,Senior Manager,Quality Assurance,Quality,97.90608695652175,23,7,85.0,115.18363171355499,0
196,"Cut Ophelia Ramadan, S.I.Kom",M,44,40-50,8,Senior Manager,Quality Assurance,Teamwork,98.0,8,5,83.0,118.07228915662651,0
196,"Cut Ophelia Ramadan, S.I.Kom",M,44,40-50,8,Senior Manager,Quality Assurance,Technical,98.0,7,6,82.0,119.51219512195122,0
196,"Cut Ophelia Ramadan, S.I.Kom",M,44,40-50,8,Senior Manager,Quality Assurance,Time Management,98.0,10,8,80.0,120.0,0
197,Edison Dabukke,M,26,20-30,2,Staff,IT,Attendance,59.085,6,6,90.0,65.65,1
197,Edison Dabukke,M,26,20-30,2,Staff,IT,Development,51.271428571428565,7,6,75.0,68.36190476190475,1
197,Edison Dabukke,M,26,20-30,2,Staff,IT,Efficiency,51.830000000000005,6,5,80.0,64.78750000000001,1
197,Edison Dabukke,M,26,20-30,2,Staff,IT,Finance,51.80285714285714,7,5,82.0,63.17421602787457,1
197,Edison Dabukke,M,26,20-30,2,Staff,IT,HR,52.188125,16,8,88.0,59.3046875,1
197,Edison Dabukke,M,26,20-30,2,Staff,IT,Innovation,50.404444444444444,9,6,72.0,70.00617283950618,1
197,Edison Dabukke,M,26,20-30,2,Staff,IT,Performance,52.343333333333334,9,7,80.0,65.42916666666666,1
197,Edison Dabukke,M,26,20-30,2,Staff,IT,Project,56.795,8,6,78.0,72.81410256410257,1
197,Edison Dabukke,M,26,20-30,2,Staff,IT,Quality,52.939090909090915,22,8,85.0,62.28128342245991,1
197,Edison Dabukke,M,26,20-30,2,Staff,IT,Teamwork,56.544,10,7,83.0,68.12530120481927,1
197,Edison Dabukke,M,26,20-30,2,Staff,IT,Technical,53.155,8,6,82.0,64.82317073170732,1
197,Edison Dabukke,M,26,20-30,2,Staff,IT,Time Management,51.903333333333336,6,3,80.0,64.87916666666668,1
198,Lili Astuti,M,50,40-50,15,Manager,Research & Development,Attendance,97.88666666666667,12,8,90.0,108.76296296296297,0
198,Lili Astuti,M,50,40-50,15,Manager,Research & Development,Development,95.95833333333333,6,5,75.0,120.0,0
198,Lili Astuti,M,50,40-50,15,Manager,Research & Development,Efficiency,97.735,6,5,80.0,120.0,0
198,Lili Astuti,M,50,40-50,15,Manager,Research & Development,Finance,96.815,6,5,82.0,118.0670731707317,0
198,Lili Astuti,M,50,40-50,15,Manager,Research & Development,HR,97.96,16,8,88.0,111.31818181818181,0
198,Lili Astuti,M,50,40-50,15,Manager,Research & Development,Innovation,97.01,5,4,72.0,120.0,0
198,Lili Astuti,M,50,40-50,15,Manager,Research & Development,Performance,97.62285714285714,7,5,80.0,120.0,0
198,Lili Astuti,M,50,40-50,15,Manager,Research & Development,Project,97.3,4,4,78.0,120.0,0
198,Lili Astuti,M,50,40-50,15,Manager,Research & Development,Quality,96.78954545454545,22,8,85.0,113.87005347593582,0
198,Lili Astuti,M,50,40-50,15,Manager,Research & Development,Teamwork,97.86571428571428,7,6,83.0,117.9104991394148,0
198,Lili Astuti,M,50,40-50,15,Manager,Research & Development,Technical,98.0,4,3,82.0,119.51219512195122,0
198,Lili Astuti,M,50,40-50,15,Manager,Research & Development,Time Management,97.12333333333333,3,2,80.0,120.0,0
199,Devi Fujiati,F,38,30-40,9,Manager,Logistics,Attendance,87.63333333333333,3,2,90.0,97.37037037037035,0
199,Devi Fujiati,F,38,30-40,9,Manager,Logistics,Development,88.19800000000001,5,4,75.0,117.59733333333335,0
199,Devi Fujiati,F,38,30-40,9,Manager,Logistics,Efficiency,90.455,4,4,80.0,113.06875,0
199,Devi Fujiati,F,38,30-40,9,Manager,Logistics,Finance,88.67,4,3,82.0,108.13414634146342,0
199,Devi Fujiati,F,38,30-40,9,Manager,Logistics,HR,90.97529411764705,17,8,88.0,103.38101604278073,0
199,Devi Fujiati,F,38,30-40,9,Manager,Logistics,Innovation,84.97714285714287,7,4,72.0,118.02380952380953,0
199,Devi Fujiati,F,38,30-40,9,Manager,Logistics,Performance,91.05199999999999,5,5,80.0,113.81499999999998,0
199,Devi Fujiati,F,38,30-40,9,Manager,Logistics,Project,90.97200000000001,5,5,78.0,116.63076923076925,0
199,Devi Fujiati,F,38,30-40,9,Manager,Logistics,Quality,86.8952380952381,21,7,85.0,102.22969187675069,0
199,Devi Fujiati,F,38,30-40,9,Manager,Logistics,Teamwork,90.75999999999999,8,4,83.0,109.34939759036145,0
199,Devi Fujiati,F,38,30-40,9,Manager,Logistics,Technical,83.228,5,5,82.0,101.49756097560974,0
199,Devi Fujiati,F,38,30-40,9,Manager,Logistics,Time Management,87.74857142857142,7,6,80.0,109.68571428571428,0
200,"Mila Hassanah, M.Ak",M,44,40-50,9,Manager,Finance,Attendance,97.48888888888888,9,5,90.0,108.32098765432099,0
200,"Mila Hassanah, M.Ak",M,44,40-50,9,Manager,Finance,Development,94.051,10,6,75.0,120.0,0
200,"Mila Hassanah, M.Ak",M,44,40-50,9,Manager,Finance,Efficiency,95.93,6,5,80.0,119.9125,0
200,"Mila Hassanah, M.Ak",M,44,40-50,9,Manager,Finance,Finance,96.138,5,4,82.0,117.24146341463415,0
200,"Mila Hassanah, M.Ak",M,44,40-50,9,Manager,Finance,HR,97.45736842105264,19,8,88.0,110.747009569378,0
200,"Mila Hassanah, M.Ak",M,44,40-50,9,Manager,Finance,Innovation,92.0,9,6,72.0,120.0,0
200,"Mila Hassanah, M.Ak",M,44,40-50,9,Manager,Finance,Performance,95.679,10,7,80.0,119.59875,0
200,"Mila Hassanah, M.Ak",M,44,40-50,9,Manager,Finance,Project,94.10166666666667,6,4,78.0,120.0,0
200,"Mila Hassanah, M.Ak",M,44,40-50,9,Manager,Finance,Quality,93.98559999999999,25,8,85.0,110.57129411764706,0
200,"Mila Hassanah, M.Ak",M,44,40-50,9,Manager,Finance,Teamwork,96.51833333333333,6,5,83.0,116.28714859437751,0
200,"Mila Hassanah, M.Ak",M,44,40-50,9,Manager,Finance,Technical,93.522,5,5,82.0,114.05121951219513,0
200,"Mila Hassanah, M.Ak",M,44,40-50,9,Manager,Finance,Time Management,95.92083333333333,12,7,80.0,119.90104166666667,0
