employee_id,employee_name,gender,usia,rentang_usia,lama_bekerja_tahun,level_jabatan,department_name,kpi_category,avg_kpi_value,jumlah_evaluasi,jumlah_proyek,kpi_id,kpi_target,persen_tercapai,cluster,membership_c0,membership_c1,membership_c2,membership_c3,membership_c4,membership_c5,membership_c6
1,Hendra Pratama,M,38,30-40,9,Manager,Operations,Attendance,83.94999999999999,2,2,9,95.0,88.36842105263156,3,0.0955129629475731,0.05075706056987517,0.07065533677158452,0.302892921951433,0.3002908580280264,0.06696605511022462,0.11292480462128318
1,Hendra Pratama,M,38,30-40,9,Manager,Operations,Development,83.72,2,2,6,85.0,98.49411764705883,3,0.017621102266257873,0.014241484765893256,0.02707448217049412,0.7783802508409824,0.04942897126249821,0.03541786218674125,0.0778358465071328
1,Hendra Pratama,M,38,30-40,9,Manager,Operations,HR,66.93,1,1,7,90.0,74.36666666666667,0,0.7282701099693158,0.08730968553429391,0.03276775350254286,0.021145429003718203,0.08818899499051845,0.01688632216934651,0.025431704830264114
1,Hendra Pratama,M,38,30-40,9,Manager,Operations,Performance,88.25,1,1,8,80.0,100.0,5,0.016287957831693543,0.022239278426662904,0.07637606999684357,0.15858474210354181,0.03429350154923194,0.4996958910977155,0.1925225589943107
1,Hendra Pratama,M,38,30-40,9,Manager,Operations,Project,88.38499999999999,2,2,13,75.0,100.0,5,0.007999090031551522,0.011963393454100848,0.04525665437500667,0.053287129407610684,0.015866997616761563,0.7794856590806465,0.08614107603432225
1,Hendra Pratama,M,38,30-40,9,Manager,Operations,Quality,79.56333333333333,3,3,4,85.0,93.60392156862744,2,0.009029776074390565,0.022645404733061526,0.7974685402385127,0.01899093472069801,0.018306996190560684,0.051208183444143636,0.08235016459863295
1,Hendra Pratama,M,38,30-40,9,Manager,Operations,Time Management,81.64,1,1,1,85.0,96.04705882352941,2,0.02536624243628499,0.06891926045545735,0.43754429371003667,0.0482690878298848,0.03960702556219387,0.2536039429370386,0.12669014706910384
2,Nanda Nugroho,M,28,20-30,2,Staff,IT,Efficiency,81.18,1,1,2,80.0,100.0,3,0.025295375288276866,0.022817831166615534,0.04753118804642671,0.5819120792732051,0.07244517326497099,0.05972892229731825,0.19026943066318652
2,Nanda Nugroho,M,28,20-30,2,Staff,IT,HR,71.55,1,1,7,90.0,79.5,0,0.6218399426346,0.0842456875649017,0.0380594013693571,0.02408940948397421,0.18426740163042155,0.017683550332893757,0.029814606983851515
2,Nanda Nugroho,M,28,20-30,2,Staff,IT,Performance,72.7,1,1,8,80.0,90.875,2,0.0798373723844761,0.16271479992605145,0.2448861548947469,0.06722376421924521,0.19330498426901124,0.06455133510107422,0.1874815892053948
2,Nanda Nugroho,M,28,20-30,2,Staff,IT,Quality,74.308,5,4,4,85.0,87.42117647058825,2,0.05296632083001936,0.34423883019563634,0.3488880228184463,0.03625105438148347,0.08196652437360379,0.05061731063680183,0.08507193676400916
2,Nanda Nugroho,M,28,20-30,2,Staff,IT,Teamwork,73.855,2,2,11,85.0,86.88823529411765,1,0.04281123117158195,0.4682437779884787,0.29463822561258485,0.02852831543984164,0.05702744754142207,0.04461452071666907,0.06413648152942165
2,Nanda Nugroho,M,28,20-30,2,Staff,IT,Technical,74.69,1,1,15,88.0,84.875,1,0.043433505635498526,0.5451490021684097,0.23076677966641038,0.02779853027543452,0.05099537456390838,0.04644823025950787,0.0554085774308307
3,Laura Setiawan,M,22,20-30,4,Staff,Procurement,Efficiency,70.53,1,1,2,80.0,88.1625,4,0.13958299482844605,0.05063981906498159,0.04519003121492931,0.04958839825498337,0.6303624884320113,0.02528577244096773,0.05935049576368065
3,Laura Setiawan,M,22,20-30,4,Staff,Procurement,Finance,76.37,1,1,3,90.0,84.85555555555555,4,0.04688380944554848,0.01934562010754579,0.01909928019367907,0.019481175645800063,0.8645388422401725,0.010078185176877622,0.02057308719037652
3,Laura Setiawan,M,22,20-30,4,Staff,Procurement,HR,71.32,1,1,7,90.0,79.24444444444444,0,0.6542256633997019,0.07988277371087886,0.03531170211328038,0.02233391576273713,0.16415794522652502,0.016484603971165617,0.027603395815711154
3,Laura Setiawan,M,22,20-30,4,Staff,Procurement,Innovation,76.33000000000001,2,2,10,70.0,100.0,6,0.01834388682523526,0.024807443113240978,0.07160945557148089,0.0742672215764667,0.04669149759989906,0.05720761701797341,0.7070728782957038
3,Laura Setiawan,M,22,20-30,4,Staff,Procurement,Quality,70.75999999999999,3,3,4,85.0,83.2470588235294,1,0.025043523457969286,0.8805892680549612,0.036432882474938685,0.008377071361529563,0.024284529039515005,0.009933849003355266,0.015338876607731108
4,Dina Rahayu,M,37,30-40,8,Manager,Operations,Development,80.9,1,1,6,85.0,95.1764705882353,3,0.04503769409960045,0.03165879145924429,0.0546508893905657,0.5058206178496494,0.16584349160935713,0.055360987159971675,0.14162752843161128
4,Dina Rahayu,M,37,30-40,8,Manager,Operations,HR,78.695,2,2,7,90.0,87.43888888888888,4,0.07881096914450245,0.06444569407900255,0.09824172814306499,0.09125736116266155,0.5076510672930042,0.048807471069901576,0.11078570910786267
4,Dina Rahayu,M,37,30-40,8,Manager,Operations,Innovation,81.19,1,1,10,70.0,100.0,6,0.007907218383534673,0.01036827133444729,0.03553543525407798,0.07326882910089907,0.020126334501984353,0.052901727234017114,0.7998921841910394
4,Dina Rahayu,M,37,30-40,8,Manager,Operations,Project,71.71,1,1,13,75.0,95.61333333333332,2,0.052265728036183,0.12093535290945347,0.295964159417025,0.06745444496166532,0.10244205403968464,0.08529412702356272,0.2756441336124259
4,Dina Rahayu,M,37,30-40,8,Manager,Operations,Quality,80.95,5,5,4,85.0,95.23529411764706,2,0.014825009938958595,0.032886323478489576,0.5294025710049274,0.04020393530785393,0.030161377955340022,0.15654740445358545,0.19597337786084512
4,Dina Rahayu,M,37,30-40,8,Manager,Operations,Technical,79.97333333333333,3,3,15,88.0,90.87878787878788,2,0.015799541013906782,0.05695982422406754,0.7562532556661716,0.022253472792009055,0.024758641748920868,0.0674981362906419,0.05647712826428236
5,Gita Susanto,F,45,40-50,15,Director,Quality Assurance,Attendance,82.14,1,1,9,95.0,86.46315789473684,4,0.11860254266462189,0.05327474283686093,0.06706628432531639,0.20507339342668562,0.4001313935937956,0.05733260796578018,0.0985190351869394
5,Gita Susanto,F,45,40-50,15,Director,Quality Assurance,HR,85.36500000000001,2,2,7,90.0,94.85,3,0.023450738938714476,0.02523703658878048,0.07028806073558168,0.5077747965761428,0.06775269921751263,0.10213932428926878,0.20335734365399924
5,Gita Susanto,F,45,40-50,15,Director,Quality Assurance,Innovation,68.81,1,1,10,70.0,98.3,6,0.07871301452725266,0.10684411659868494,0.16469825002020605,0.10534672240173926,0.16147215978409846,0.08722912115246673,0.2956966155155518
5,Gita Susanto,F,45,40-50,15,Director,Quality Assurance,Performance,99.3,1,1,8,80.0,100.0,5,0.04134548834804971,0.050501987923927336,0.11326866785075858,0.22289391990023952,0.0708504416659509,0.3477032534555844,0.1534362408554896
5,Gita Susanto,F,45,40-50,15,Director,Quality Assurance,Quality,82.725,2,2,4,85.0,97.32352941176471,5,0.014319624299989361,0.02814826741304322,0.23580439260693295,0.05091874795164988,0.028697909010833415,0.40593752701730756,0.23617353170024372
5,Gita Susanto,F,45,40-50,15,Director,Quality Assurance,Time Management,104.74,1,1,1,85.0,100.0,5,0.05512335159748413,0.07873801912144701,0.15452710320868376,0.14585482338363906,0.07906965571584709,0.33876379337327234,0.14792325359962655
6,Agus Lestari,F,39,30-40,9,Manager,Procurement,Attendance,78.64,2,2,9,95.0,82.77894736842106,4,0.18638103345057203,0.05304803612498997,0.05322698854346023,0.09828625616307496,0.5035607678175229,0.039075729578678546,0.06642118832170135
6,Agus Lestari,F,39,30-40,9,Manager,Procurement,HR,84.05,1,1,7,90.0,93.38888888888889,3,0.03239645282697635,0.034068812366112165,0.09248073720983109,0.39496151611043967,0.10473071246096971,0.10195471043809715,0.23940705858757394
6,Agus Lestari,F,39,30-40,9,Manager,Procurement,Innovation,81.45,1,1,10,70.0,100.0,6,0.008638197026544402,0.011304017391062692,0.03881628706281789,0.08357158516291932,0.021918934117839517,0.06025383700642592,0.7754971422323903
6,Agus Lestari,F,39,30-40,9,Manager,Procurement,Performance,88.35,2,2,8,80.0,100.0,5,0.01637608514485764,0.0223316091763122,0.07634709618273797,0.15926945387217636,0.03441170340302666,0.5011959386462655,0.19006811357462358
6,Agus Lestari,F,39,30-40,9,Manager,Procurement,Project,84.12,1,1,13,75.0,100.0,5,0.01157155607190481,0.01868481877578483,0.09024094430341648,0.06713185333468993,0.024300265160940936,0.4965280540301632,0.29154250832309986
6,Agus Lestari,F,39,30-40,9,Manager,Procurement,Quality,77.25999999999999,2,2,4,85.0,90.8941176470588,2,0.014012474908898015,0.04691956343216139,0.8011973105430644,0.018312630294578438,0.02685156670215599,0.033505600105330574,0.05920085401381108
6,Agus Lestari,F,39,30-40,9,Manager,Procurement,Technical,84.295,2,2,15,88.0,95.78977272727273,5,0.01956845468136302,0.045543537045388785,0.32168036861685456,0.04717204397492931,0.03289426266779,0.41341583052598285,0.11972550248769138
7,Oscar Sanjaya,M,26,20-30,5,Staff,Operations,Attendance,73.0,2,2,9,95.0,76.84210526315789,0,0.5425958640763937,0.05718875831319099,0.0408387320089214,0.04793131244504313,0.24245444975874053,0.02676492699429925,0.042225956403410994
7,Oscar Sanjaya,M,26,20-30,5,Staff,Operations,Efficiency,73.07,1,1,2,80.0,91.33749999999999,4,0.08740368213102997,0.047921947989445914,0.05802507963418384,0.08685623380034659,0.5835868763141648,0.035620311021994505,0.10058586910883441
7,Oscar Sanjaya,M,26,20-30,5,Staff,Operations,Finance,73.795,2,2,3,90.0,81.99444444444444,4,0.27604521365228485,0.05142969144216838,0.03539914559679602,0.02969130581725397,0.5563513642802681,0.01795790006294035,0.033125379148288434
7,Oscar Sanjaya,M,26,20-30,5,Staff,Operations,HR,75.11,2,2,7,90.0,83.45555555555555,4,0.1638758208917543,0.07797022697288715,0.059454671006420635,0.040319124201826,0.5812559682650744,0.02645226079939136,0.05067192786264618
7,Oscar Sanjaya,M,26,20-30,5,Staff,Operations,Quality,73.24000000000001,2,2,4,85.0,86.16470588235295,1,0.054783515034536594,0.5264972134502508,0.2106805075076243,0.029815467666789774,0.0750464596674037,0.0391269554235296,0.0640498812498654
7,Oscar Sanjaya,M,26,20-30,5,Staff,Operations,Teamwork,87.95,1,1,11,85.0,100.0,5,0.0038310332394845604,0.006788493789543275,0.02862907287558482,0.014775585298363708,0.00677758412833015,0.9092352521901342,0.02996297847855927
7,Oscar Sanjaya,M,26,20-30,5,Staff,Operations,Time Management,75.73,1,1,1,85.0,89.09411764705882,2,0.03866535001318811,0.23283507024272476,0.4772546526076241,0.03644279544336954,0.05070489593369211,0.0805601018309469,0.08353713392845433
8,Zahra Wijaya,M,32,30-40,7,Manager,Quality Assurance,Attendance,86.43,3,3,9,95.0,90.97894736842105,3,0.06621391555987304,0.041868663938882694,0.06495981086000066,0.45866380517357175,0.18198148825597968,0.07208256288768658,0.11422975332400555
8,Zahra Wijaya,M,32,30-40,7,Manager,Quality Assurance,Development,87.53,1,1,6,85.0,100.0,3,0.01640457921371373,0.014159556126903587,0.027667851758617957,0.7876097988267619,0.0392177871898031,0.044393324660945054,0.07054710222325485
8,Zahra Wijaya,M,32,30-40,7,Manager,Quality Assurance,HR,75.705,2,2,7,90.0,84.11666666666666,4,0.1297753320464585,0.07024450440685043,0.060003002003286315,0.04186432396958343,0.618727429899154,0.026770612035175702,0.05261479563949149
8,Zahra Wijaya,M,32,30-40,7,Manager,Quality Assurance,Quality,85.85000000000001,3,3,4,85.0,100.0,5,0.002669094832872255,0.004590191578018636,0.022171779127296492,0.012408860350217994,0.005122988573507276,0.9189939089793207,0.03404317655876672
8,Zahra Wijaya,M,32,30-40,7,Manager,Quality Assurance,Teamwork,84.99,1,1,11,85.0,99.98823529411764,5,0.007715113426383727,0.014721089664533893,0.077313545502039,0.027296752505349405,0.013910342957023814,0.781342068805957,0.07770108713871325
8,Zahra Wijaya,M,32,30-40,7,Manager,Quality Assurance,Technical,89.57,1,1,15,88.0,100.0,5,0.014396893116633258,0.02606613887813789,0.09464759436215192,0.046949879815857944,0.023840256477550816,0.7115578242050979,0.08254141314457014
8,Zahra Wijaya,M,32,30-40,7,Manager,Quality Assurance,Time Management,89.02,1,1,1,85.0,100.0,5,0.02232679387354472,0.04294409597352647,0.1483384651728308,0.061617740845764275,0.035281161598787546,0.5783530894336276,0.11113865310191856
9,Oky Putra,M,28,20-30,5,Staff,Finance,Attendance,72.19,1,1,9,95.0,75.98947368421052,0,0.5859123538454707,0.056769720540604925,0.03906691221798806,0.04407447346899401,0.20906205531807576,0.02544592243902736,0.039668562169839064
9,Oky Putra,M,28,20-30,5,Staff,Finance,Development,73.88499999999999,2,2,6,85.0,86.92352941176469,4,0.08360899865357055,0.025351532108257132,0.025177705047255482,0.039007435404365416,0.775979685512642,0.016102345451016048,0.03477229782289344
9,Oky Putra,M,28,20-30,5,Staff,Finance,Finance,69.24,1,1,3,90.0,76.93333333333332,0,0.9795928483580543,0.004555323339185273,0.0021272787128936575,0.00157223122641398,0.009237133780007761,0.001117362773475595,0.0017978218099694687
9,Oky Putra,M,28,20-30,5,Staff,Finance,HR,70.91000000000001,3,2,7,90.0,78.7888888888889,0,0.7061350310169618,0.0719810913223667,0.030726175677260645,0.019421300586803518,0.13332429072641894,0.014469047133880936,0.023943063536307332
9,Oky Putra,M,28,20-30,5,Staff,Finance,Performance,70.57,1,1,8,80.0,88.21249999999999,1,0.12094606370377621,0.26703830719549465,0.17425278055634988,0.0546608037247347,0.2152041570340379,0.05115468448301457,0.116743203302592
9,Oky Putra,M,28,20-30,5,Staff,Finance,Project,78.33,3,3,13,75.0,100.0,6,0.013324093042076468,0.02391051436292471,0.1212558892515049,0.04656069453364238,0.02850123045230594,0.10078722194314875,0.6656603564143968
9,Oky Putra,M,28,20-30,5,Staff,Finance,Quality,83.2,1,1,4,85.0,97.88235294117646,5,0.012775526785540404,0.02444164582369709,0.18054306914175733,0.04823883924648681,0.02543948768359831,0.4972578058839275,0.2113036254349925
9,Oky Putra,M,28,20-30,5,Staff,Finance,Teamwork,79.19,1,1,11,85.0,93.16470588235295,2,0.0022994424332456478,0.007000288645414764,0.9565187207781928,0.0039786220688097325,0.0040972105641295,0.012319126858922651,0.013786588651284905
9,Oky Putra,M,28,20-30,5,Staff,Finance,Technical,72.295,2,2,15,88.0,82.1534090909091,1,0.026272746683869724,0.83296295143292,0.0637360421034201,0.012150092235920016,0.025376125548003628,0.017642198530612017,0.02185984346525447
10,Laura Kusuma,M,33,30-40,6,Senior Staff,Quality Assurance,Attendance,79.24,1,1,9,95.0,83.41052631578947,4,0.16893475759869991,0.05271737731716778,0.05507305807034005,0.10931556078017453,0.5021008616255146,0.04129962754903749,0.07055875705906563
10,Laura Kusuma,M,33,30-40,6,Senior Staff,Quality Assurance,HR,76.47,1,1,7,90.0,84.96666666666667,4,0.10282667765312563,0.06395160702692901,0.0634998796119809,0.04647402554712804,0.6363295236857139,0.028638776295616,0.05827951017950651
10,Laura Kusuma,M,33,30-40,6,Senior Staff,Quality Assurance,Innovation,85.56,1,1,10,70.0,100.0,6,0.01767727826863302,0.022374848213430228,0.07341941975884277,0.279357380731594,0.04166314218185899,0.21631957424943082,0.34918835659621006
10,Laura Kusuma,M,33,30-40,6,Senior Staff,Quality Assurance,Project,85.54,3,2,13,75.0,100.0,5,0.009238679646711328,0.014529675444370789,0.06498472246387098,0.057667490581684196,0.01908364546135799,0.6663372858461303,0.16815850055587428
10,Laura Kusuma,M,33,30-40,6,Senior Staff,Quality Assurance,Quality,79.95500000000001,2,2,4,85.0,94.06470588235295,2,0.01091323075917346,0.026355430715121725,0.7308605375656955,0.024737773428487903,0.022187119709711246,0.07305136221000876,0.11189454561180139
10,Laura Kusuma,M,33,30-40,6,Senior Staff,Quality Assurance,Teamwork,74.61,1,1,11,85.0,87.7764705882353,2,0.04034527356650463,0.3259911588826283,0.4212458627175019,0.030802971760364912,0.05731078049112278,0.05107996912262891,0.07322398345924856
10,Laura Kusuma,M,33,30-40,6,Senior Staff,Quality Assurance,Time Management,79.9,1,1,1,85.0,94.00000000000001,2,0.024523024053297617,0.07900303030228555,0.5693854238093601,0.03875256768221659,0.03717914147358465,0.14933161212699048,0.10182520055226515
11,Eko Setiawan,M,28,20-30,2,Staff,Research & Development,Attendance,71.695,2,1,9,95.0,75.46842105263157,0,0.6054131216387609,0.05697120990936439,0.03840134710623212,0.04238620714712503,0.1932873994769229,0.024940538421246893,0.03860017630034762
11,Eko Setiawan,M,28,20-30,2,Staff,Research & Development,Efficiency,84.77,1,1,2,80.0,100.0,3,0.007904949159609207,0.007284380930382638,0.015702002483385023,0.8706265073906011,0.02077573718147063,0.024467707927040578,0.05323871492751091
11,Eko Setiawan,M,28,20-30,2,Staff,Research & Development,HR,85.65,1,1,7,90.0,95.16666666666667,3,0.021978904358007603,0.0237479799753491,0.06623489256554005,0.5298441010804094,0.06213208034480287,0.10206920130456118,0.19399284037132974
11,Eko Setiawan,M,28,20-30,2,Staff,Research & Development,Performance,78.94,1,1,8,80.0,98.675,6,0.001831237201494913,0.0028776234503031677,0.012883072149620606,0.008220042247198665,0.004494094870736517,0.010848180413532351,0.9588457496671139
11,Eko Setiawan,M,28,20-30,2,Staff,Research & Development,Project,77.37,1,1,13,75.0,100.0,6,0.016122517615605583,0.029372004864305325,0.14037747906612588,0.050956355279664106,0.03423560481040374,0.09894812959665653,0.6299879087672389
11,Eko Setiawan,M,28,20-30,2,Staff,Research & Development,Quality,82.37,1,1,4,85.0,96.90588235294118,5,0.015139454636295,0.030408289204450694,0.2829640481155264,0.05128561514826837,0.03047042497470141,0.34427696967069765,0.2454551982500606
11,Eko Setiawan,M,28,20-30,2,Staff,Research & Development,Teamwork,79.44,1,1,11,85.0,93.45882352941176,2,0.003619836740039421,0.01068672658709759,0.928362816159448,0.006526005340382144,0.006482882628555825,0.021333545448496537,0.02298818709598033
11,Eko Setiawan,M,28,20-30,2,Staff,Research & Development,Time Management,76.11,2,2,1,85.0,89.54117647058824,2,0.03635720518339101,0.2034536325815953,0.5090238615032117,0.03598963865971111,0.04854370814000053,0.08274213565958863,0.08388981827250186
12,Joko Hartono,F,33,30-40,8,Manager,Finance,Attendance,81.77,1,1,9,95.0,86.07368421052631,4,0.12351867526103744,0.053333530618620166,0.06565302550770019,0.18850049524498996,0.41919845447970827,0.055055021541416935,0.09474079734652721
12,Joko Hartono,F,33,30-40,8,Manager,Finance,Efficiency,89.58,1,1,2,80.0,100.0,3,0.016321506570957822,0.01540592421129646,0.032712478439627254,0.7544091655813294,0.03727827502918429,0.06287775344419497,0.08099489672340963
12,Joko Hartono,F,33,30-40,8,Manager,Finance,Finance,80.06,1,1,3,90.0,88.95555555555555,4,0.067981882572449,0.04797213483029517,0.07895194121233731,0.15164537930835928,0.47753739362996567,0.052156291738967256,0.12375497670762636
12,Joko Hartono,F,33,30-40,8,Manager,Finance,HR,85.66499999999999,2,2,7,90.0,95.18333333333334,3,0.02190673241956147,0.023674785557448366,0.06603337726682583,0.5309504601864179,0.06185852684095903,0.10207076042439213,0.19350535730439544
12,Joko Hartono,F,33,30-40,8,Manager,Finance,Innovation,87.45,1,1,10,70.0,100.0,3,0.01942024937183187,0.02420806855489054,0.07540260413544464,0.31642479429618414,0.0438448251658021,0.270567891234794,0.25013156724105273
12,Joko Hartono,F,33,30-40,8,Manager,Finance,Performance,82.25,1,1,8,80.0,100.0,6,0.009046330745016047,0.013381434583482685,0.05682332742505745,0.06464241143696133,0.020995905094819543,0.11909194220212584,0.7160186485125372
12,Joko Hartono,F,33,30-40,8,Manager,Finance,Teamwork,66.8,1,1,11,85.0,78.58823529411765,1,0.07637570655525389,0.7398575335146372,0.0602285042326088,0.019579643606742258,0.05000700036518946,0.022863237479422878,0.03108837424614567
12,Joko Hartono,F,33,30-40,8,Manager,Finance,Technical,77.345,2,2,15,88.0,87.89204545454545,2,0.03297842717314472,0.18991981633380475,0.5620853306412985,0.03140265476271555,0.046170044868740816,0.06632112198958358,0.07112260423071218
13,Zahra Kusuma,F,34,30-40,8,Senior Staff,Finance,Attendance,80.01,1,1,9,95.0,84.22105263157896,4,0.15149608246801302,0.05274412509172296,0.05800625788233283,0.12738470152390807,0.4885597412089085,0.044834697509321196,0.07697439431579337
13,Zahra Kusuma,F,34,30-40,8,Senior Staff,Finance,Efficiency,74.67,1,1,2,80.0,93.3375,4,0.0787901750097083,0.05157675248990315,0.07451510019476575,0.1492896885250119,0.43264548887317716,0.05065839064497782,0.1625244042624559
13,Zahra Kusuma,F,34,30-40,8,Senior Staff,Finance,Innovation,76.19,1,1,10,70.0,100.0,6,0.019270142386894274,0.026076110642460546,0.0746273868147729,0.07628693296347032,0.04895528362093509,0.05888629072888855,0.6958978528425783
13,Zahra Kusuma,F,34,30-40,8,Senior Staff,Finance,Performance,69.13,1,1,8,80.0,86.4125,1,0.15366015662898438,0.33660269281824906,0.1335578282148874,0.04650827353284378,0.1984923460584876,0.04313815498864246,0.08804054775790539
13,Zahra Kusuma,F,34,30-40,8,Senior Staff,Finance,Quality,76.495,4,4,4,85.0,89.99411764705883,2,0.023925944513523142,0.09129356055347565,0.6918990540980923,0.02647298145259017,0.044134205876635205,0.04434689216704093,0.07792736133864252
13,Zahra Kusuma,F,34,30-40,8,Senior Staff,Finance,Teamwork,79.53,2,2,11,85.0,93.56470588235294,2,0.004158784756857138,0.012146978688888182,0.9162952803441377,0.007608171221570509,0.00746068776069293,0.025380235799800203,0.026949861428053282
14,Kartika Utama,M,44,40-50,15,Director,Design,Attendance,100.07,1,1,9,95.0,100.0,3,0.061179903940405345,0.05435816653418376,0.09252958329692315,0.377545883125749,0.10697154272361294,0.16031670238078738,0.14709821799833858
14,Kartika Utama,M,44,40-50,15,Director,Design,Development,93.89,2,2,6,85.0,100.0,3,0.03850711442038668,0.03471364303681331,0.0656783348231751,0.5353315510441812,0.07764737404202132,0.12128900327157542,0.12683297936184693
14,Kartika Utama,M,44,40-50,15,Director,Design,Efficiency,68.07,1,1,2,80.0,85.08749999999999,4,0.34560682394219955,0.0709943335364201,0.0485346174004441,0.044822532638823125,0.40993965928010073,0.026391099791906892,0.053710933410105514
14,Kartika Utama,M,44,40-50,15,Director,Design,Finance,96.355,2,2,3,90.0,100.0,3,0.03988858403742798,0.04101780127788598,0.08540151029776949,0.4077324678677461,0.07612389482488217,0.20050140402794586,0.14933433766634244
14,Kartika Utama,M,44,40-50,15,Director,Design,HR,100.51,1,1,7,90.0,100.0,3,0.04840267267163623,0.05253872754801513,0.10601223411644298,0.2980875880036178,0.08411932268612314,0.25496485938666613,0.1558745955874986
14,Kartika Utama,M,44,40-50,15,Director,Design,Performance,103.74,1,1,8,80.0,100.0,5,0.05212258647984287,0.06175238128454686,0.12346068251395552,0.22156074631665582,0.08366966411775474,0.30294371006695264,0.15449022922029157
14,Kartika Utama,M,44,40-50,15,Director,Design,Project,102.87,1,1,13,75.0,100.0,5,0.04891127238968368,0.06111023670129965,0.12708664788055837,0.19684462013866202,0.07795565321758963,0.3360558832520748,0.1520356864201318
14,Kartika Utama,M,44,40-50,15,Director,Design,Quality,92.925,4,3,4,85.0,100.0,5,0.01741456940527656,0.026025624942093598,0.07989935322138081,0.08446851198099956,0.030743195290542476,0.6616184510985409,0.09983029406116613
15,Rian Permata,F,31,30-40,2,Staff,IT,Efficiency,77.63,1,1,2,80.0,97.0375,3,0.050619553638080454,0.04098078032991267,0.07543667434520326,0.32290947487762356,0.18595101259850993,0.06763470122513572,0.25646780298553434
15,Rian Permata,F,31,30-40,2,Staff,IT,HR,69.52,1,1,7,90.0,77.24444444444444,0,0.8054401682391237,0.05516804895140134,0.021652457002545176,0.013725634357851003,0.0767220642512985,0.010517615924595058,0.016774011273185122
16,Kartika Firmansyah,M,31,30-40,5,Staff,IT,Development,83.72999999999999,2,2,6,85.0,98.50588235294116,3,0.017580252689761638,0.01421399987864213,0.027028007856063994,0.7788076094694177,0.0492763981119007,0.035387613286024806,0.07770611870818886
16,Kartika Firmansyah,M,31,30-40,5,Staff,IT,Finance,74.88,1,1,3,90.0,83.2,4,0.12460994617663808,0.03464172959214012,0.02755091662896829,0.024685718611357713,0.7473404411136514,0.014093883881439713,0.027077363995804685
16,Kartika Firmansyah,M,31,30-40,5,Staff,IT,Project,76.565,2,2,13,75.0,100.0,6,0.019232230619577753,0.035445017912293875,0.1587671245474168,0.05584968172295731,0.04048093389450883,0.10033695124207086,0.5898880600611746
16,Kartika Firmansyah,M,31,30-40,5,Staff,IT,Quality,76.97333333333334,3,2,4,85.0,90.55686274509804,2,0.01737769646596449,0.060952134660033346,0.7631768934936136,0.021343286465464184,0.03287108023910352,0.03771105518434531,0.06656785349147568
16,Kartika Firmansyah,M,31,30-40,5,Staff,IT,Time Management,80.5,1,1,1,85.0,94.70588235294117,2,0.02482611498516041,0.0750691505565864,0.5301231657238001,0.04194522288760253,0.03809081167432504,0.1791903742613242,0.11075515991120119
17,Ivan Maharani,F,37,30-40,7,Manager,Marketing,Attendance,88.23,1,1,9,95.0,92.87368421052632,3,0.050941919832272184,0.03541772394950481,0.05811426900506997,0.5486728074185441,0.12751189525783788,0.07241593683567008,0.1069254477011011
17,Ivan Maharani,F,37,30-40,7,Manager,Marketing,Development,85.48,1,1,6,85.0,100.0,3,0.015340347164431611,0.013022538964978406,0.025345143088890194,0.799123349223327,0.03881426394016104,0.03758091279835292,0.07077344481985885
17,Ivan Maharani,F,37,30-40,7,Manager,Marketing,Efficiency,86.97,1,1,2,80.0,100.0,3,0.007401377983650773,0.006900649554631363,0.014875964136471577,0.8830086804493473,0.01825262383415868,0.025920264889617916,0.04364043915212225
17,Ivan Maharani,F,37,30-40,7,Manager,Marketing,Finance,83.57,1,1,3,90.0,92.85555555555555,3,0.03529006645966322,0.031119825104354824,0.06859180541174122,0.49750002784103187,0.12990039667911774,0.07065559226228557,0.16694228624180538
17,Ivan Maharani,F,37,30-40,7,Manager,Marketing,HR,86.625,2,2,7,90.0,96.25,3,0.01848042964547534,0.020199880302063468,0.05612633276872558,0.5852424732726158,0.04878040625917959,0.10467046528106698,0.16650001247087315
17,Ivan Maharani,F,37,30-40,7,Manager,Marketing,Innovation,79.36500000000001,2,2,10,70.0,100.0,6,0.0057420092781607975,0.0076303142321488574,0.025281196802688217,0.03885147211897155,0.014820699895974907,0.028600208377196,0.8790740992948598
17,Ivan Maharani,F,37,30-40,7,Manager,Marketing,Quality,66.77,1,1,4,85.0,78.55294117647058,1,0.1156969239232565,0.6683255244761213,0.06485371475780813,0.023085734334963966,0.06721565497064241,0.025015325883535038,0.035807121653672704
17,Ivan Maharani,F,37,30-40,7,Manager,Marketing,Teamwork,78.35,1,1,11,85.0,92.17647058823529,2,0.0007892212606437475,0.002694030867189197,0.986987268310502,0.0011843043287682728,0.0013758933504255486,0.003116968322886468,0.0038523135595851
17,Ivan Maharani,F,37,30-40,7,Manager,Marketing,Technical,80.145,2,2,15,88.0,91.07386363636364,2,0.01556607613116847,0.05480480101047605,0.7550747358449476,0.022469235011640994,0.024521085451284078,0.07021353397860948,0.05735053257187356
18,Oky Rahayu,M,23,20-30,2,Staff,Legal,Efficiency,74.5,1,1,2,80.0,93.125,4,0.07991553085872816,0.051465284895291556,0.07306037946478813,0.1413408601798061,0.4499017157599059,0.049049368049705735,0.15526686079177446
18,Oky Rahayu,M,23,20-30,2,Staff,Legal,Finance,68.27,1,1,3,90.0,75.85555555555555,0,0.9359748041720911,0.015647574329798186,0.007058372341763778,0.005169843051086537,0.026474206895944118,0.003760779242126245,0.005914419967189893
18,Oky Rahayu,M,23,20-30,2,Staff,Legal,Innovation,66.71,1,1,10,70.0,95.29999999999998,6,0.11041112302433743,0.14682735324901508,0.16254301153297934,0.09158117737401048,0.20141096628514893,0.07594246729423193,0.21128390124027688
18,Oky Rahayu,M,23,20-30,2,Staff,Legal,Quality,73.6075,4,4,4,85.0,86.59705882352941,1,0.05560422080475024,0.4611070142587917,0.25480119623306247,0.032717815155155774,0.07962968351644781,0.04379438827245224,0.07234568175933968
18,Oky Rahayu,M,23,20-30,2,Staff,Legal,Teamwork,72.11,1,1,11,85.0,84.83529411764705,1,0.024296368162108263,0.8183441836630732,0.07724234398215471,0.01198757906927356,0.027240786978424286,0.016830421381457728,0.024058316763508343
19,Putri Sulistyo,F,25,20-30,3,Staff,Human Resources,Development,68.1,2,2,6,85.0,80.11764705882352,0,0.6838118585961054,0.043356527323532346,0.027186687546812645,0.026785279006637994,0.17482987354044047,0.016044821789437374,0.027984952197033827
19,Putri Sulistyo,F,25,20-30,3,Staff,Human Resources,Efficiency,68.92,1,1,2,80.0,86.15,4,0.25633375035271844,0.06504137996869402,0.048417781703572006,0.04694450657488663,0.5004831574128709,0.026452333101420335,0.05632709088583776
19,Putri Sulistyo,F,25,20-30,3,Staff,Human Resources,Innovation,69.19,1,1,10,70.0,98.84285714285714,6,0.07395338339877364,0.10044972484813848,0.16281452434814483,0.10753339683103143,0.15330135628639777,0.08913994006956703,0.31280767421794675
19,Putri Sulistyo,F,25,20-30,3,Staff,Human Resources,Time Management,85.37,1,1,1,85.0,100.0,5,0.022416986098592537,0.04755158901724822,0.19772069673647605,0.056809281501335296,0.035724872428786116,0.5120871771457418,0.12768939707182
20,Galih Permata,F,30,20-30,4,Staff,Finance,Attendance,65.78,1,1,9,95.0,69.2421052631579,0,0.5464800871747386,0.0958240989642845,0.055987092098151864,0.05239691818038478,0.1608139339325993,0.03641315863447776,0.05208471101536328
20,Galih Permata,F,30,20-30,4,Staff,Finance,Development,72.21,1,1,6,85.0,84.95294117647057,4,0.17636794870152012,0.03611605285858255,0.030677026971893492,0.039443274219313866,0.6608179407429717,0.018764574703433744,0.03781318180228455
20,Galih Permata,F,30,20-30,4,Staff,Finance,HR,74.02,1,1,7,90.0,82.24444444444444,4,0.2631987782849162,0.09347814056253018,0.0587450315061244,0.03841499275872914,0.4717554931078437,0.026258234910684918,0.04814932886917136
20,Galih Permata,F,30,20-30,4,Staff,Finance,Quality,79.385,4,4,4,85.0,93.39411764705883,2,0.00824745041911857,0.02106096242346459,0.8226370428680587,0.01675194234402495,0.016690685339762663,0.043464977092165076,0.07114693951340549
20,Galih Permata,F,30,20-30,4,Staff,Finance,Time Management,70.64,2,2,1,85.0,83.10588235294118,1,0.04173928766061488,0.7166097178609945,0.10863744611733435,0.021258302651846236,0.04011661868800171,0.032561609789103343,0.039077017232104855
21,Umar Hidayat,F,24,20-30,4,Staff,Quality Assurance,Development,78.47,1,1,6,85.0,92.31764705882352,4,0.07303656028557695,0.04260824244456225,0.06345702705109692,0.24805712079787934,0.38698166370173454,0.05228370968302754,0.13357567603612255
21,Umar Hidayat,F,24,20-30,4,Staff,Quality Assurance,Efficiency,76.06,2,2,2,80.0,95.075,4,0.06680351251686678,0.04906513946359144,0.08069350879823294,0.22335433387291573,0.2995700692700727,0.06169263350158997,0.21882080257673042
21,Umar Hidayat,F,24,20-30,4,Staff,Quality Assurance,HR,77.95,2,2,7,90.0,86.61111111111111,4,0.08294063947484837,0.06299166849146608,0.08363926767314354,0.07034397394854101,0.5735232594534739,0.03971378345093497,0.08684740750759215
21,Umar Hidayat,F,24,20-30,4,Staff,Quality Assurance,Performance,80.365,2,2,8,80.0,100.0,6,0.0035632331628603973,0.0054046667348578055,0.023011101782122425,0.020391572972310267,0.008389351642864895,0.03104657445468225,0.9081934992503019
21,Umar Hidayat,F,24,20-30,4,Staff,Quality Assurance,Quality,74.83,1,1,4,85.0,88.03529411764706,2,0.04796530560881824,0.26712039285640177,0.4261120287072499,0.03679577150531899,0.07812825891203198,0.05325294783065759,0.0906252945795215
21,Umar Hidayat,F,24,20-30,4,Staff,Quality Assurance,Technical,84.14,1,1,15,88.0,95.61363636363636,5,0.019826395038813765,0.04666909515212919,0.34040446989977724,0.04705141450339319,0.03330404621356606,0.3925923307540214,0.12015224843829919
21,Umar Hidayat,F,24,20-30,4,Staff,Quality Assurance,Time Management,72.89500000000001,2,2,1,85.0,85.75882352941177,1,0.04629101005518637,0.5330005954613628,0.2238009980539306,0.030483854289554205,0.051673108869820905,0.05323993052404834,0.061510502746096755
22,Budi Sulistyo,M,37,30-40,10,Manager,Procurement,Development,86.84,2,2,6,85.0,100.0,3,0.015341838638428026,0.01317002164087522,0.025725983999534255,0.8004133624185135,0.03739254073478847,0.04026012405477911,0.06769612851308161
22,Budi Sulistyo,M,37,30-40,10,Manager,Procurement,Innovation,68.32,1,1,10,70.0,97.59999999999998,6,0.08529139325663583,0.11554214607264572,0.1660997818157257,0.10235566687843645,0.1718692639650958,0.08469127611746755,0.27415047189399294
22,Budi Sulistyo,M,37,30-40,10,Manager,Procurement,Performance,83.36,1,1,8,80.0,100.0,6,0.012226266308189956,0.017813411797718656,0.07398792050686905,0.09755287996072058,0.02800075457708975,0.20546942905925636,0.5649493377901555
22,Budi Sulistyo,M,37,30-40,10,Manager,Procurement,Teamwork,91.14,1,1,11,85.0,100.0,5,0.011874263073025361,0.019580832981597462,0.06689074557581767,0.047282659352671605,0.020416981088807164,0.7628642919341054,0.07109022599397526
22,Budi Sulistyo,M,37,30-40,10,Manager,Procurement,Technical,78.66,2,2,15,88.0,89.38636363636364,2,0.021741898776797584,0.09635013587224478,0.7007319326237661,0.025252518782328717,0.03245751772044216,0.06263989130305449,0.06082610492136631
23,Eko Santoso,M,24,20-30,2,Staff,Quality Assurance,Efficiency,76.21,1,1,2,80.0,95.26249999999999,4,0.0652886249874873,0.04846591502270558,0.08069993243504894,0.23219339864756033,0.28677453370532274,0.0625757670103041,0.22400182819157094
23,Eko Santoso,M,24,20-30,2,Staff,Quality Assurance,HR,72.75999999999999,2,2,7,90.0,80.84444444444443,0,0.4350624088065671,0.09931005132045162,0.051620940667284725,0.032980906728798116,0.31647029033428664,0.023453746687884656,0.041101655454727264
23,Eko Santoso,M,24,20-30,2,Staff,Quality Assurance,Innovation,71.12,1,1,10,70.0,100.0,6,0.05667380543836767,0.07717777894266958,0.15046943378534,0.1108921011741312,0.1248214035564772,0.09129827947004424,0.3886671976329701
23,Eko Santoso,M,24,20-30,2,Staff,Quality Assurance,Quality,72.37,2,2,4,85.0,85.14117647058823,1,0.04692913663496726,0.6809889537306788,0.12345902968463172,0.02133645115816478,0.05736685145449841,0.026865976617042795,0.04305360072001626
23,Eko Santoso,M,24,20-30,2,Staff,Quality Assurance,Teamwork,69.22,1,1,11,85.0,81.43529411764706,1,0.007581180301751511,0.9666256750552037,0.009781706426287813,0.0024612647068406727,0.0062112705461395065,0.003065997567964377,0.0042729053958123495
24,Marco Sulistyo,F,37,30-40,8,Manager,Legal,Development,81.95,1,1,6,85.0,96.41176470588235,3,0.03194219546144662,0.023834015982304876,0.04303093588669139,0.6300682946145709,0.1047625169979481,0.04799978873376084,0.11836225232327731
24,Marco Sulistyo,F,37,30-40,8,Manager,Legal,Efficiency,86.24,1,1,2,80.0,100.0,3,0.0064703390781104516,0.006009996446132035,0.012975048395202622,0.8964265261498108,0.016302947332427944,0.02184182834303633,0.039973314255280015
24,Marco Sulistyo,F,37,30-40,8,Manager,Legal,Finance,88.99,1,1,3,90.0,98.87777777777778,3,0.013285354775486004,0.013443823509164933,0.03173378230040357,0.7588088269213282,0.03139816121308198,0.06725943762130714,0.08407061365922815
24,Marco Sulistyo,F,37,30-40,8,Manager,Legal,HR,85.71,1,1,7,90.0,95.23333333333333,3,0.021693479452480957,0.0234584307404939,0.06543641609483097,0.5342320860602359,0.06105108898911631,0.10207964622156734,0.19204885244127462
24,Marco Sulistyo,F,37,30-40,8,Manager,Legal,Innovation,89.28,1,1,10,70.0,100.0,3,0.021494414977132566,0.026414075422899086,0.07761200493020128,0.32180954697116354,0.04647660500314147,0.3049836491443961,0.2012097035510659
24,Marco Sulistyo,F,37,30-40,8,Manager,Legal,Performance,86.34,1,1,8,80.0,100.0,5,0.015306557622089524,0.02142056118118078,0.0800410031170005,0.1464857536142969,0.033414846487238456,0.43245455053278076,0.2708767274454131
24,Marco Sulistyo,F,37,30-40,8,Manager,Legal,Project,82.45,1,1,13,75.0,100.0,6,0.012410639705541038,0.02068057427287393,0.10720779944784221,0.06400137578129349,0.02644551837657361,0.29363091125405355,0.4756231811618223
24,Marco Sulistyo,F,37,30-40,8,Manager,Legal,Teamwork,81.435,2,2,11,85.0,95.80588235294118,2,0.015075666994801153,0.03636272610364518,0.5370891551743592,0.03670787237058777,0.027593420757169577,0.2094267953291052,0.13774436327033185
25,Dina Susanto,F,27,20-30,4,Staff,Design,Finance,67.89,1,1,3,90.0,75.43333333333334,0,0.908686221929536,0.022952190213653263,0.010252465666214525,0.007490117231478925,0.03655587043332184,0.0054946279483181195,0.008568506577477134
25,Dina Susanto,F,27,20-30,4,Staff,Design,Innovation,78.22999999999999,2,1,10,70.0,100.0,6,0.008290790562588062,0.011098968925111866,0.03533372718777241,0.04607519664543363,0.021415018697161427,0.0344801838729345,0.8433061141089981
25,Dina Susanto,F,27,20-30,4,Staff,Design,Performance,74.85,2,2,8,80.0,93.56249999999999,6,0.046629736913856794,0.08570956737263238,0.26495657444866294,0.07352674140593861,0.12503975691249145,0.07448579922734022,0.3296518237190776
25,Dina Susanto,F,27,20-30,4,Staff,Design,Project,76.49,1,1,13,75.0,100.0,6,0.019551164244881708,0.03606962792001601,0.160489976294032,0.05633010267980728,0.041113348232244995,0.10052477457051823,0.5859210060584997
25,Dina Susanto,F,27,20-30,4,Staff,Design,Quality,78.23,2,2,4,85.0,92.03529411764706,2,0.007084773921080138,0.020666987811248688,0.8812195487402825,0.011380750553542247,0.01403544470575724,0.02388871673851646,0.041723777529572674
25,Dina Susanto,F,27,20-30,4,Staff,Design,Technical,75.75,1,1,15,88.0,86.07954545454545,1,0.04377761395552078,0.3837235588700349,0.35621886235487016,0.032753865108923905,0.05551701641698906,0.05937200140233798,0.06863708189132331
26,Gita Santoso,M,31,30-40,5,Staff,Design,Development,72.56,2,2,6,85.0,85.36470588235294,4,0.14707979143515562,0.032966598133257016,0.02890679065284351,0.03845995272667821,0.6983625983758637,0.017815095786330993,0.03640917288987098
26,Gita Santoso,M,31,30-40,5,Staff,Design,Efficiency,81.095,2,2,2,80.0,100.0,3,0.025782309628365814,0.02324474635528077,0.048353122498182105,0.5743025394675759,0.07395284926397805,0.06044383247043107,0.1939206003161861
26,Gita Santoso,M,31,30-40,5,Staff,Design,HR,69.825,2,2,7,90.0,77.58333333333333,0,0.7946745120951952,0.05672465444155713,0.02258042839378122,0.014296866807590847,0.0833252790471413,0.01089244044913947,0.01750581876559491
26,Gita Santoso,M,31,30-40,5,Staff,Design,Innovation,83.375,2,2,10,70.0,100.0,6,0.014163725096810147,0.01825168610369537,0.062316589971473824,0.18259473691930642,0.03488814782931673,0.1326516190102709,0.5551334950691267
26,Gita Santoso,M,31,30-40,5,Staff,Design,Time Management,73.3,1,1,1,85.0,86.23529411764706,1,0.04670261234498448,0.48708968739672254,0.2559655684810729,0.03231797428885793,0.05347789593294116,0.05805926263556078,0.06638699891986016
27,Indah Nugroho,F,23,20-30,4,Staff,Finance,Attendance,69.265,2,2,9,95.0,72.91052631578947,0,0.6275932200802432,0.06598557572861187,0.041018643563047234,0.04153151166151474,0.15779312934492587,0.026480000641121604,0.039597918980535315
27,Indah Nugroho,F,23,20-30,4,Staff,Finance,HR,81.5,1,1,7,90.0,90.55555555555556,4,0.05647374758159236,0.05501373520725889,0.1258420525684073,0.21541686403035956,0.24331323567918192,0.08596678943895603,0.21797357549424376
27,Indah Nugroho,F,23,20-30,4,Staff,Finance,Project,68.98500000000001,2,2,13,75.0,91.98000000000002,1,0.08510666309086586,0.24621265175857265,0.24151201839124967,0.060142337267565106,0.13798209408535536,0.06776481197726537,0.16127942342912602
27,Indah Nugroho,F,23,20-30,4,Staff,Finance,Quality,76.49000000000001,2,2,4,85.0,89.98823529411766,2,0.023999006699000257,0.09165740283260973,0.6911186185159383,0.026524753026753212,0.04425629372340516,0.044410225567333046,0.07803369963496025
28,Dewi Putra,M,31,30-40,1,Staff,Procurement,Development,75.64,1,1,6,85.0,88.98823529411764,4,0.07363772456193182,0.03050815676823725,0.03579115795103178,0.07258222661539437,0.7056130512046075,0.024620905191051416,0.05724677770774592
28,Dewi Putra,M,31,30-40,1,Staff,Procurement,HR,71.96333333333332,3,3,7,90.0,79.95925925925924,0,0.5596238711397606,0.0912815840014768,0.043051766195800895,0.027306075375376878,0.22501759318653736,0.01984042706200206,0.0338786830390453
28,Dewi Putra,M,31,30-40,1,Staff,Procurement,Performance,63.809999999999995,3,3,8,80.0,79.76249999999999,1,0.31690937598214125,0.336828280604913,0.08045271182366037,0.038087970128464536,0.13652212783328704,0.03505768051427506,0.056141853113258776
28,Dewi Putra,M,31,30-40,1,Staff,Procurement,Project,76.695,2,2,13,75.0,100.0,6,0.018690287204519027,0.03438447501497323,0.15577106135514876,0.05502288863224846,0.03940275995827709,0.10002662777851896,0.5967019000563144
28,Dewi Putra,M,31,30-40,1,Staff,Procurement,Quality,67.82666666666667,3,2,4,85.0,79.79607843137255,1,0.0739784560894703,0.7677822555527949,0.04993430582009599,0.016239155377029166,0.048038190291132224,0.017917880781423492,0.026109756088053805
28,Dewi Putra,M,31,30-40,1,Staff,Procurement,Technical,85.84,1,1,15,88.0,97.54545454545455,5,0.015470377727810252,0.03255590683426114,0.1738820220794029,0.042822331327773626,0.02606233267347365,0.6092485406166385,0.09995848874063987
29,Galih Setiawan,M,35,30-40,6,Senior Staff,Design,Attendance,80.72999999999999,2,2,9,95.0,84.97894736842105,4,0.1386904418728174,0.05303170569678319,0.06113780638918446,0.14887985700464698,0.465575258753647,0.048757244038566835,0.08392768624435422
29,Galih Setiawan,M,35,30-40,6,Senior Staff,Design,Development,81.86,1,1,6,85.0,96.30588235294118,3,0.03298132004643405,0.024493601034992193,0.04407130193806118,0.6198136857199444,0.10916589968484612,0.04875445889238393,0.12071973268333812
29,Galih Setiawan,M,35,30-40,6,Senior Staff,Design,Efficiency,76.41,1,1,2,80.0,95.5125,4,0.06323469741695374,0.04758973544050693,0.08051678907381132,0.24421083375454217,0.2703254801717549,0.06364698674619702,0.23047547739623386
29,Galih Setiawan,M,35,30-40,6,Senior Staff,Design,Finance,76.21,1,1,3,90.0,84.67777777777776,4,0.04967122125687163,0.019776557324870856,0.019066681634969482,0.019129518838275475,0.8620357525997521,0.01001446847958963,0.020305799865670698
29,Galih Setiawan,M,35,30-40,6,Senior Staff,Design,HR,86.91333333333334,3,3,7,90.0,96.57037037037038,3,0.017927549819547677,0.01965163953283991,0.05442466640823369,0.5937576941848547,0.046446056211595955,0.1069418947958043,0.16085049904712378
29,Galih Setiawan,M,35,30-40,6,Senior Staff,Design,Innovation,78.06,1,1,10,70.0,100.0,6,0.008934786199634124,0.011973419066958828,0.03784310105232418,0.048228374881264996,0.023067426262168966,0.036184513582727104,0.8337683789549217
29,Galih Setiawan,M,35,30-40,6,Senior Staff,Design,Quality,86.13,1,1,4,85.0,100.0,5,0.001956056627485156,0.0033430513657476094,0.015827423013540464,0.00918143713921346,0.003744687072730099,0.9419299829991004,0.024017361782182875
29,Galih Setiawan,M,35,30-40,6,Senior Staff,Design,Teamwork,83.57,1,1,11,85.0,98.31764705882352,5,0.012839860711699546,0.026523643898077733,0.1866173807572549,0.040244827581694155,0.02341866730160216,0.575640451983905,0.13471516776576636
30,Tono Nugroho,M,34,30-40,8,Manager,Procurement,Efficiency,86.72,1,1,2,80.0,100.0,3,0.0069724978434549684,0.006492530230143847,0.014005394935498286,0.8893011275760592,0.01732223613644245,0.02412459202588343,0.041781621252518025
30,Tono Nugroho,M,34,30-40,8,Manager,Procurement,Finance,78.55,1,1,3,90.0,87.27777777777777,4,0.06048703385865548,0.036174294121957176,0.04905976775365403,0.06796009499997605,0.6933479302631484,0.02868640660355555,0.06428447239905334
30,Tono Nugroho,M,34,30-40,8,Manager,Procurement,HR,87.45,1,1,7,90.0,97.16666666666667,3,0.017464968305522088,0.019235484686167894,0.05283792451808956,0.5990363925725035,0.043779890454199014,0.1136845032466045,0.15396083621691353
30,Tono Nugroho,M,34,30-40,8,Manager,Procurement,Innovation,80.41499999999999,2,2,10,70.0,100.0,6,0.006199594811556775,0.008176845986129912,0.027748984129108464,0.05034860571169941,0.015901561681970648,0.03659311366992354,0.8550312940096113
30,Tono Nugroho,M,34,30-40,8,Manager,Procurement,Project,89.87,1,1,13,75.0,100.0,5,0.01089787835124389,0.01590545473346385,0.05526721971697307,0.07215509700556297,0.021116423971515932,0.7301373275032942,0.09452059871794603
30,Tono Nugroho,M,34,30-40,8,Manager,Procurement,Quality,86.02,3,3,4,85.0,100.0,5,0.002221541563554067,0.0038060683884635813,0.018162037742517383,0.010389293719525218,0.004257312953616461,0.9334767993274086,0.027686946304914705
31,Kevin Santoso,M,31,30-40,5,Senior Staff,Quality Assurance,Attendance,74.11,1,1,9,95.0,78.01052631578948,0,0.46521584437622987,0.05816052270925734,0.04395477825024623,0.054922198404986966,0.30184838422281635,0.029149991579714898,0.0467482804567484
31,Kevin Santoso,M,31,30-40,5,Senior Staff,Quality Assurance,Finance,66.41,1,1,3,90.0,73.78888888888889,0,0.786646945408279,0.05804967003961583,0.025386283849749974,0.01843723753752582,0.07648222067608441,0.01392841090477311,0.021069231583971976
31,Kevin Santoso,M,31,30-40,5,Senior Staff,Quality Assurance,Performance,88.0,1,1,8,80.0,100.0,5,0.016087562531848662,0.022034951732369534,0.07653336545680593,0.1569333724172786,0.034036885606336414,0.49513362214156287,0.1992402401137982
31,Kevin Santoso,M,31,30-40,5,Senior Staff,Quality Assurance,Quality,82.4125,4,4,4,85.0,96.95588235294117,5,0.015057816223794436,0.030164493599514706,0.27703355793746104,0.05131424628828955,0.030291486811229656,0.3513319746124659,0.2448064245272446
31,Kevin Santoso,M,31,30-40,5,Senior Staff,Quality Assurance,Teamwork,83.13,1,1,11,85.0,97.8,5,0.014378888521919944,0.030546430136392737,0.24101753799792558,0.043071177135016105,0.026287100940975354,0.4948081706189443,0.14989069464882598
31,Kevin Santoso,M,31,30-40,5,Senior Staff,Quality Assurance,Technical,67.87,1,1,15,88.0,77.125,1,0.0823707693572647,0.6875136483805432,0.07860762431599211,0.02494039777247703,0.05680020737386046,0.03093722585458797,0.038830126945274594
32,Dewi Ardiansyah,M,41,40-50,13,Senior Manager,Human Resources,Attendance,95.32,1,1,9,95.0,100.0,3,0.0494913605106536,0.04264024633912234,0.07515635072760089,0.47390016550869063,0.0950050087388757,0.12851360528060804,0.13529326289444868
32,Dewi Ardiansyah,M,41,40-50,13,Senior Manager,Human Resources,Development,81.285,2,2,6,85.0,95.62941176470588,3,0.04004196328230596,0.028804958824815954,0.05061515910233798,0.5520131205163069,0.140985787966246,0.053108290208958846,0.13443072009902832
32,Dewi Ardiansyah,M,41,40-50,13,Senior Manager,Human Resources,Efficiency,86.8,1,1,2,80.0,100.0,3,0.007097918153134912,0.006612015969007248,0.014260380381568714,0.887467702330115,0.017592291343800526,0.024655197134719056,0.04231449468765453
32,Dewi Ardiansyah,M,41,40-50,13,Senior Manager,Human Resources,Finance,95.03,1,1,3,90.0,100.0,3,0.035946637209171385,0.036950750023427355,0.07882777765863513,0.4439443005030725,0.07073869603824648,0.1875284210672414,0.1460634175002057
32,Dewi Ardiansyah,M,41,40-50,13,Senior Manager,Human Resources,HR,82.915,2,2,7,90.0,92.12777777777778,3,0.04236359725291791,0.04333349289406343,0.11148296487770752,0.30544070385095967,0.15368955017979571,0.09771990910812206,0.24596978183643375
32,Dewi Ardiansyah,M,41,40-50,13,Senior Manager,Human Resources,Teamwork,84.67,2,2,11,85.0,99.61176470588235,5,0.008646815992473756,0.016774377848353426,0.09331399691351729,0.029869649806746633,0.0156377394359985,0.747255290241871,0.0885021297610395
33,Hendra Sulistyo,M,23,20-30,1,Staff,Marketing,Efficiency,78.235,4,4,2,80.0,97.79375,3,0.044830287472997596,0.03740829961881916,0.07120607721440565,0.3647986501235471,0.15410134918862045,0.0682349169584626,0.2594204194231476
33,Hendra Sulistyo,M,23,20-30,1,Staff,Marketing,Finance,74.85,1,1,3,90.0,83.16666666666666,4,0.12761310996483458,0.03513814867434914,0.027829068216660036,0.024882412436979487,0.7429977352379271,0.014230873219384146,0.027308652249865655
33,Hendra Sulistyo,M,23,20-30,1,Staff,Marketing,HR,89.36,1,1,7,90.0,99.28888888888889,3,0.020158495259348232,0.022468584875042358,0.059031825710555444,0.5354706800878739,0.045659062976549376,0.16123951488597488,0.15597183620465582
33,Hendra Sulistyo,M,23,20-30,1,Staff,Marketing,Project,63.44,1,1,13,75.0,84.58666666666667,1,0.164407901968771,0.45087070387837774,0.1072884223019759,0.04106885930248494,0.12394453199998798,0.0415700066097875,0.07084957393861482
33,Hendra Sulistyo,M,23,20-30,1,Staff,Marketing,Quality,85.38,2,2,4,85.0,100.0,5,0.004106198364981816,0.0071365404686844665,0.03564426467402284,0.018755325276090373,0.007913906936638572,0.8705913311008437,0.05585243317873834
33,Hendra Sulistyo,M,23,20-30,1,Staff,Marketing,Technical,77.65,1,1,15,88.0,88.23863636363637,2,0.030207349671352923,0.16274937213710589,0.5988445960270103,0.030127266647622133,0.042986287841079864,0.06583950815646006,0.06924561951936876
34,Marco Ardiansyah,M,25,20-30,2,Staff,Quality Assurance,Development,89.87,1,1,6,85.0,100.0,3,0.02342347743169379,0.020574406614257978,0.039983237941222424,0.7031939836076059,0.05245720155391333,0.06886108410530437,0.09150660874600233
34,Marco Ardiansyah,M,25,20-30,2,Staff,Quality Assurance,Efficiency,72.13,2,2,2,80.0,90.1625,4,0.09519532654694504,0.045742689115717786,0.04951110928833009,0.06479124582368516,0.6392264126039854,0.02910018214314094,0.07643303447819554
34,Marco Ardiansyah,M,25,20-30,2,Staff,Quality Assurance,Finance,81.86,1,1,3,90.0,90.95555555555555,3,0.05570371297058549,0.04501334338732084,0.08868080990620626,0.2984554342769735,0.263986948914553,0.07181452768452612,0.17634522285983473
34,Marco Ardiansyah,M,25,20-30,2,Staff,Quality Assurance,HR,78.41000000000001,3,3,7,90.0,87.12222222222223,4,0.08031180528461958,0.06395534682355886,0.09257313245513922,0.0825648001545044,0.5344960872532064,0.04512318074840191,0.1009756472805696
34,Marco Ardiansyah,M,25,20-30,2,Staff,Quality Assurance,Innovation,78.29,1,1,10,70.0,100.0,6,0.00807862479142006,0.010810954269001223,0.03450209042705734,0.04536141715324255,0.0208697303345268,0.033915348851470094,0.8464618341732818
34,Marco Ardiansyah,M,25,20-30,2,Staff,Quality Assurance,Quality,73.96714285714286,7,7,4,85.0,87.02016806722689,1,0.05490416884903185,0.3994738293625176,0.30159130706288995,0.03490078846350382,0.08191949604572407,0.047703300693549985,0.0795071095227827
34,Marco Ardiansyah,M,25,20-30,2,Staff,Quality Assurance,Teamwork,73.6925,4,4,11,85.0,86.69705882352942,1,0.04249278220932408,0.5011311706575192,0.26942907483289963,0.02750877178904307,0.05577434671995938,0.04252546048479799,0.06113839330645652
34,Marco Ardiansyah,M,25,20-30,2,Staff,Quality Assurance,Technical,74.39,1,1,15,88.0,84.5340909090909,1,0.042031448911998226,0.5913369745601916,0.19981812251105532,0.02576540310492768,0.04821933162022194,0.042172226987803395,0.050656492303801884
35,Indah Utama,F,23,20-30,5,Staff,Operations,Finance,74.73,1,1,3,90.0,83.03333333333333,4,0.1402861065970768,0.0371463740175704,0.02893410256887063,0.025657570517681253,0.7249788405265495,0.01477520960878696,0.0282217961634645
35,Indah Utama,F,23,20-30,5,Staff,Operations,HR,67.75,1,1,7,90.0,75.27777777777777,0,0.773187192009983,0.07110817565767948,0.02673839895258972,0.0171382469369088,0.07758719640458821,0.013526227482217332,0.020714562556033374
35,Indah Utama,F,23,20-30,5,Staff,Operations,Innovation,76.63333333333334,3,3,10,70.0,100.0,6,0.016400294997230825,0.02214797985503092,0.06509529087711395,0.06973796731201588,0.041901264268884325,0.053474179329206964,0.731243023360517
35,Indah Utama,F,23,20-30,5,Staff,Operations,Project,75.735,2,2,13,75.0,100.0,6,0.022989242969107555,0.042825196185949224,0.17722193148740414,0.061200601765833924,0.04782831468328388,0.10257829079375785,0.5453564221146634
35,Indah Utama,F,23,20-30,5,Staff,Operations,Quality,71.954,5,4,4,85.0,84.65176470588234,1,0.0410158676645431,0.7481605286261597,0.09140744960430104,0.01716289504865854,0.04731393791600784,0.021239023656377556,0.03370029748395217
35,Indah Utama,F,23,20-30,5,Staff,Operations,Teamwork,68.58,1,1,11,85.0,80.68235294117648,1,0.020593557075391285,0.9164579861975987,0.022843397635213453,0.006210099929547987,0.01580503565933792,0.007586044838239095,0.010503878664671526
35,Indah Utama,F,23,20-30,5,Staff,Operations,Time Management,67.48,1,1,1,85.0,79.38823529411765,1,0.06757302700552513,0.6832985077127861,0.09231574079223047,0.02596253624690884,0.05305776357610021,0.03499020897666091,0.04280221568978826
36,Marco Anggraini,M,25,20-30,5,Staff,Human Resources,Attendance,74.44,1,1,9,95.0,78.3578947368421,0,0.4398440443121818,0.05831618458563631,0.04487749172411228,0.05724804294784405,0.3216525314044084,0.029891711267492568,0.04816999375832452
36,Marco Anggraini,M,25,20-30,5,Staff,Human Resources,Development,69.98,1,1,6,85.0,82.32941176470588,0,0.4645608268440392,0.04895270191916015,0.03461347618660345,0.0375196065031597,0.3556918968300657,0.020555201470416947,0.038106290246554986
36,Marco Anggraini,M,25,20-30,5,Staff,Human Resources,HR,87.35,1,1,7,90.0,97.05555555555556,3,0.017498045174613494,0.019255948502334023,0.05298480764904102,0.5990719416388361,0.04412579698524329,0.11216738094441626,0.15489607910551573
36,Marco Anggraini,M,25,20-30,5,Staff,Human Resources,Innovation,73.05000000000001,2,2,10,70.0,100.0,6,0.042264191420067244,0.05764471217984784,0.13139568346919495,0.10539766460558687,0.0998240851216551,0.08490788007990066,0.4785657831237474
36,Marco Anggraini,M,25,20-30,5,Staff,Human Resources,Project,85.53,1,1,13,75.0,100.0,5,0.009255869805626041,0.014559380053079232,0.06515479141458896,0.05775044605949301,0.019121580774528205,0.6653255996809769,0.1688323322117076
36,Marco Anggraini,M,25,20-30,5,Staff,Human Resources,Quality,78.315,2,2,4,85.0,92.13529411764706,2,0.006846086875253038,0.019755419496686175,0.8832923684964102,0.011194099511325823,0.013592389447859917,0.023819459133245176,0.04150017703921969
36,Marco Anggraini,M,25,20-30,5,Staff,Human Resources,Teamwork,86.05,1,1,11,85.0,100.0,5,0.0049728614523783885,0.009233116244696114,0.04477675362025789,0.018267930916393914,0.008914939531997568,0.8679519563060835,0.04588244192819269
37,Putri Susanto,F,43,40-50,10,Senior Manager,Operations,Efficiency,85.5,2,2,2,80.0,100.0,3,0.006613705008346913,0.00611901276509011,0.013210636573142245,0.8928709571001665,0.01702599192909778,0.02141596216245117,0.04274373446170523
37,Putri Susanto,F,43,40-50,10,Senior Manager,Operations,HR,89.81,1,1,7,90.0,99.78888888888889,3,0.02133224649871623,0.023822727016537246,0.06180035267356408,0.5120622228029398,0.04732268848742042,0.17490946185078018,0.15875030067004217
37,Putri Susanto,F,43,40-50,10,Senior Manager,Operations,Innovation,85.63,1,1,10,70.0,100.0,6,0.017749035667045155,0.022452812135113055,0.07355018224466717,0.28150918380137246,0.04176810324457192,0.21866208913807902,0.3443085937691512
37,Putri Susanto,F,43,40-50,10,Senior Manager,Operations,Performance,73.55,1,1,8,80.0,91.9375,2,0.06571636499584838,0.12852569935414804,0.26508015177942607,0.07104512708146622,0.1692585170640522,0.06937680155773684,0.2309973381673222
37,Putri Susanto,F,43,40-50,10,Senior Manager,Operations,Project,90.22,1,1,13,75.0,100.0,5,0.011822872705644234,0.01715988704657434,0.05848278257674582,0.07790308683904482,0.022779937060245073,0.7139475439506053,0.09790388982114022
37,Putri Susanto,F,43,40-50,10,Senior Manager,Operations,Quality,77.29,1,1,4,85.0,90.92941176470589,2,0.013690295686382909,0.045626068749399416,0.80489844991282,0.018007781983913184,0.0262675288588467,0.03307296312327082,0.058436911685366986
37,Putri Susanto,F,43,40-50,10,Senior Manager,Operations,Technical,69.08,1,1,15,88.0,78.5,1,0.054187477589690586,0.772531365358868,0.06302517661743852,0.01791839532228894,0.04048221577459938,0.022988881630794607,0.028866487706319707
37,Putri Susanto,F,43,40-50,10,Senior Manager,Operations,Time Management,88.46,1,1,1,85.0,100.0,5,0.02192672474859374,0.04278832103089012,0.15211990431021263,0.05990975972718687,0.03471758580461486,0.5768060118938538,0.11173169248464786
38,Julia Pratama,M,32,30-40,8,Manager,Procurement,Finance,70.53,1,1,3,90.0,78.36666666666666,0,0.9271427722435525,0.013636236572267648,0.006833204787618712,0.005147262972383117,0.03783908533627675,0.0035293808867528247,0.00587205720114848
38,Julia Pratama,M,32,30-40,8,Manager,Procurement,HR,75.405,2,1,7,90.0,83.78333333333333,4,0.1453404708850568,0.07389941879266487,0.05958163743241156,0.0409433486130053,0.6022392731177284,0.02653081657801729,0.051465034581115704
38,Julia Pratama,M,32,30-40,8,Manager,Procurement,Innovation,87.16,2,2,10,70.0,100.0,3,0.01915069042958263,0.023927405128217855,0.07517924984607598,0.313303941571875,0.043529474313263664,0.26347289306449584,0.26143634564648893
38,Julia Pratama,M,32,30-40,8,Manager,Procurement,Performance,83.285,2,2,8,80.0,100.0,6,0.012047504623334222,0.017570976163556063,0.07311862749133477,0.09547168979132688,0.02761884259141492,0.19920897325916165,0.5749633860798715
38,Julia Pratama,M,32,30-40,8,Manager,Procurement,Quality,82.20333333333333,3,2,4,85.0,96.70980392156864,5,0.015414033081278177,0.03128759640605694,0.30700679002172365,0.05098752510824621,0.031079485442111848,0.31747751505191324,0.24674705488867
38,Julia Pratama,M,32,30-40,8,Manager,Procurement,Teamwork,85.625,2,2,11,85.0,100.0,5,0.005941135435837802,0.011150389316858569,0.05581694425995629,0.021519979845220565,0.010676784072417513,0.838074383431153,0.05682038363855618
38,Julia Pratama,M,32,30-40,8,Manager,Procurement,Technical,78.69,1,1,15,88.0,89.42045454545455,2,0.021529089094698767,0.09490573190562637,0.7031225255758192,0.02511776782448172,0.03218095899467259,0.06256206460490882,0.06058186199979265
38,Julia Pratama,M,32,30-40,8,Manager,Procurement,Time Management,82.41,1,1,1,85.0,96.95294117647059,2,0.02525401543486092,0.06438545472766494,0.3720585921015763,0.051721444384263786,0.039764346399019455,0.31322040264449985,0.13359574430811472
39,Laura Saputra,M,35,30-40,9,Manager,Operations,HR,83.438,5,4,7,90.0,92.70888888888891,3,0.037555725501309985,0.038950067724092576,0.10313858944160813,0.34479435263711605,0.1288974311628681,0.10025276111502528,0.24641107241797977
39,Laura Saputra,M,35,30-40,9,Manager,Operations,Innovation,65.21,1,1,10,70.0,93.15714285714284,4,0.13894402071662845,0.1775317411786295,0.1507855998797402,0.0814639597593913,0.21684910275813116,0.06797582277139361,0.16644975293608577
39,Laura Saputra,M,35,30-40,9,Manager,Operations,Quality,86.06,4,3,4,85.0,100.0,5,0.0021227275257646424,0.003633543921047761,0.017289190615974413,0.009940594712102693,0.004066432444431874,0.9366352948817379,0.02631221589894088
39,Laura Saputra,M,35,30-40,9,Manager,Operations,Teamwork,87.25,1,1,11,85.0,100.0,5,0.003598542439061322,0.006485254412512818,0.028772594255792202,0.013669000254792767,0.006400032689138735,0.9111533318988776,0.02992124404982437
39,Laura Saputra,M,35,30-40,9,Manager,Operations,Technical,87.87,1,1,15,88.0,99.85227272727273,5,0.012540459005485918,0.023753437954786218,0.09659434001015456,0.03957378111068023,0.020970087468362954,0.7272061161821463,0.07936177826838399
40,Ivan Wahyudi,M,32,30-40,7,Senior Staff,Operations,Finance,79.875,2,2,3,90.0,88.75,4,0.06809337182575649,0.047226027787689404,0.07604334525111929,0.1394546381540693,0.5033874458427808,0.04936891950714056,0.11642625163144406
40,Ivan Wahyudi,M,32,30-40,7,Senior Staff,Operations,HR,74.21,1,1,7,90.0,82.45555555555555,4,0.24229045661213677,0.09106975309562997,0.05909384421650632,0.03884013075069927,0.4936186497498036,0.026372846363319047,0.04871431921190496
40,Ivan Wahyudi,M,32,30-40,7,Senior Staff,Operations,Project,87.74,1,1,13,75.0,100.0,5,0.007452138767191574,0.011268931853301387,0.044279684120011584,0.049376140171194884,0.014927814467738968,0.7835393217537652,0.08915596886679668
40,Ivan Wahyudi,M,32,30-40,7,Senior Staff,Operations,Quality,77.845,2,2,4,85.0,91.58235294117647,2,0.008925170698926734,0.027410799367654035,0.8607018057608212,0.01322045008616769,0.017482061933085557,0.02617716222158049,0.04608254993176417
40,Ivan Wahyudi,M,32,30-40,7,Senior Staff,Operations,Teamwork,82.85499999999999,2,2,11,85.0,97.47647058823527,5,0.015143635915515973,0.03276982569219775,0.27991300951074816,0.044014066895296855,0.027715475718306286,0.44408023347639447,0.15636375279154055
41,Wawan Sanjaya,M,22,20-30,4,Staff,Finance,Development,69.39,1,1,6,85.0,81.63529411764706,0,0.5471513290220228,0.04798017548081591,0.03254806804091871,0.03410380161774596,0.28395525792022064,0.0192619775114329,0.034999390406842946
41,Wawan Sanjaya,M,22,20-30,4,Staff,Finance,Efficiency,70.46,1,1,2,80.0,88.07499999999999,4,0.14298735113731975,0.05115243741700498,0.045271187555492094,0.04936126930346882,0.6268386415649252,0.025292725291806317,0.05909638772998294
41,Wawan Sanjaya,M,22,20-30,4,Staff,Finance,HR,71.995,4,4,7,90.0,79.99444444444444,0,0.554713016389411,0.09175712826633996,0.04342810145152143,0.027550372070940736,0.22836156790361956,0.020001729470424463,0.03418808444774292
41,Wawan Sanjaya,M,22,20-30,4,Staff,Finance,Performance,65.87,1,1,8,80.0,82.3375,1,0.25312663448652706,0.3786640911755456,0.08746294666026384,0.037417283755627015,0.14958738392340024,0.0344456077280542,0.05929605227058202
41,Wawan Sanjaya,M,22,20-30,4,Staff,Finance,Project,71.26,2,2,13,75.0,95.01333333333335,2,0.05712084686724747,0.13683632358690365,0.295333714043471,0.06684697619146114,0.10975114176496772,0.0825766487509534,0.2515343487949956
41,Wawan Sanjaya,M,22,20-30,4,Staff,Finance,Quality,72.21000000000001,2,2,4,85.0,84.9529411764706,1,0.04476019140416597,0.7076787704470087,0.11034973979765883,0.019705908043188922,0.05352087421855054,0.024643610982348185,0.03934090510707885
41,Wawan Sanjaya,M,22,20-30,4,Staff,Finance,Time Management,79.75,2,2,1,85.0,93.82352941176471,2,0.02448533555849389,0.08020845964520026,0.5775752977219352,0.03803559752953279,0.03699963231220084,0.14295644457179033,0.09973923266084678
42,Andi Anggraini,M,37,30-40,8,Manager,Human Resources,Performance,70.25999999999999,2,2,8,80.0,87.82499999999999,1,0.12760315342275283,0.2830436793682843,0.16452670657591065,0.05278843328121058,0.21324156741808853,0.04928594131081862,0.10951051862293462
42,Andi Anggraini,M,37,30-40,8,Manager,Human Resources,Project,86.36,1,1,13,75.0,100.0,5,0.008012117828698507,0.01241433695804686,0.052938609793384904,0.051529933771684175,0.01637153776088427,0.7354670261585722,0.12326643772872915
42,Andi Anggraini,M,37,30-40,8,Manager,Human Resources,Quality,77.2,2,2,4,85.0,90.82352941176471,2,0.01467473071979903,0.049605098827519574,0.7936240809276772,0.018931135924915157,0.028047904483767098,0.03437839425883919,0.06073865485748278
43,Dina Saputra,F,39,30-40,6,Manager,IT,Attendance,90.4,2,2,9,95.0,95.15789473684211,3,0.04288232610537818,0.03257019766612539,0.05584611706243376,0.587120055868926,0.09726265524344828,0.07910560272940181,0.10521304532428663
43,Dina Saputra,F,39,30-40,6,Manager,IT,Development,90.0,1,1,6,85.0,100.0,3,0.023902874587244587,0.02101483456495786,0.040816092224338546,0.6975379327734994,0.05333991435429824,0.07052617647666523,0.09286217501899613
43,Dina Saputra,F,39,30-40,6,Manager,IT,HR,87.14,1,1,7,90.0,96.82222222222222,3,0.017645152790536443,0.01938253798254444,0.053510781630206276,0.5976467894214749,0.045069925204546,0.10937346876676017,0.15737134420393195
43,Dina Saputra,F,39,30-40,6,Manager,IT,Project,87.66,1,1,13,75.0,100.0,5,0.007420199664354943,0.01123617403454554,0.0443606173381437,0.04911356846511098,0.014881633783818802,0.7830009231718783,0.08998688354214772
43,Dina Saputra,F,39,30-40,6,Manager,IT,Quality,87.07000000000001,5,4,4,85.0,100.0,5,0.0005887400811125275,0.000985710591642424,0.004363709649576714,0.002838857626704062,0.0011165965544220155,0.9837276876228084,0.006378697873733804
43,Dina Saputra,F,39,30-40,6,Manager,IT,Teamwork,83.29,3,3,11,85.0,97.98823529411764,5,0.01385639234685817,0.029132148385751955,0.220114424127029,0.042213704276293645,0.025312388081408784,0.5244105299613644,0.1449604128212941
43,Dina Saputra,F,39,30-40,6,Manager,IT,Technical,82.88,1,1,15,88.0,94.18181818181819,2,0.020002130885767015,0.05213008440023143,0.5068158207905366,0.041327347462102176,0.033267049817649226,0.23748588414726762,0.108971682496446
43,Dina Saputra,F,39,30-40,6,Manager,IT,Time Management,86.61,1,1,1,85.0,100.0,5,0.021706544918385157,0.044499077850336355,0.17404678309324062,0.05692508156632052,0.03453668023931372,0.5495060972911194,0.11877973504128418
44,Putri Utama,F,36,30-40,6,Manager,Human Resources,Attendance,85.53,1,1,9,95.0,90.03157894736842,3,0.07616572561500791,0.04551147630192538,0.06817197638020964,0.4026183341456394,0.219942103003115,0.07135391395999169,0.11623647059411105
44,Putri Utama,F,36,30-40,6,Manager,Human Resources,Development,80.47,1,1,6,85.0,94.67058823529412,3,0.050695309120756156,0.034664393865290306,0.05855742357995189,0.45490763372666904,0.1969657937775001,0.05706068788551491,0.14714875804431773
44,Putri Utama,F,36,30-40,6,Manager,Human Resources,HR,77.775,2,2,7,90.0,86.41666666666667,4,0.0841292753422832,0.06265087159989495,0.08044135349640903,0.06630047416512143,0.5865153454285983,0.03786907697136781,0.08209360299632532
44,Putri Utama,F,36,30-40,6,Manager,Human Resources,Innovation,83.72,3,2,10,70.0,100.0,6,0.014936624420726453,0.019193482830206887,0.06525304997861982,0.20095509116599777,0.03655825256589692,0.1468307836115775,0.5162727154269746
44,Putri Utama,F,36,30-40,6,Manager,Human Resources,Performance,88.19,1,1,8,80.0,100.0,5,0.016237291247154697,0.022186813778944905,0.07640279547122178,0.15818076565003686,0.03422688338131618,0.498708030961483,0.19405741950984248
44,Putri Utama,F,36,30-40,6,Manager,Human Resources,Quality,77.82000000000001,3,3,4,85.0,91.5529411764706,2,0.009087603416415251,0.028007041919478497,0.8587918365410732,0.013389826614298215,0.017785669248115775,0.02641710357252946,0.04652091868808967
44,Putri Utama,F,36,30-40,6,Manager,Human Resources,Technical,79.95,1,1,15,88.0,90.85227272727273,2,0.015840709728181836,0.057295418550486456,0.7562524109166576,0.022236862188132388,0.02480499542966982,0.06717968638782587,0.056389916799046064
44,Putri Utama,F,36,30-40,6,Manager,Human Resources,Time Management,67.73,1,1,1,85.0,79.68235294117648,1,0.0638049899460436,0.6940626705913524,0.09091876330584743,0.024967956025082352,0.050835713974872146,0.03393040549783238,0.04147950065896973
45,Chandra Pratama,F,30,20-30,2,Staff,Finance,Development,64.18,1,1,6,85.0,75.50588235294119,0,0.6763583345900763,0.06772287002628147,0.036921821104168404,0.032507884962664615,0.12935612335784347,0.02218300231179484,0.03494996364717096
45,Chandra Pratama,F,30,20-30,2,Staff,Finance,Finance,68.12,1,1,3,90.0,75.68888888888888,0,0.9256493003181119,0.018381748512381474,0.008257756848040447,0.0060418516326857,0.030347423580467645,0.004409922798910578,0.006911996309402354
45,Chandra Pratama,F,30,20-30,2,Staff,Finance,HR,65.6,1,1,7,90.0,72.88888888888889,0,0.6490364650464422,0.115105855392628,0.04376850515649053,0.028590736275733705,0.10615394901645524,0.02322289338002469,0.034121595732225535
45,Chandra Pratama,F,30,20-30,2,Staff,Finance,Performance,70.82,1,1,8,80.0,88.52499999999999,1,0.11570801655120935,0.2540413370401395,0.18239740905556223,0.056192987356011456,0.21591498544009416,0.052699738827024105,0.12304552572995922
45,Chandra Pratama,F,30,20-30,2,Staff,Finance,Quality,64.95,2,2,4,85.0,76.41176470588235,1,0.18288641467395345,0.5244634618575696,0.08228522756101557,0.03327794699529523,0.09290950236942597,0.035182325971680715,0.048995120571059404
45,Chandra Pratama,F,30,20-30,2,Staff,Finance,Teamwork,70.82499999999999,2,2,11,85.0,83.3235294117647,1,0.003984088120285526,0.9773098477561186,0.008084523421454456,0.0016071596596273898,0.0038844547343454814,0.0021240000862018174,0.0030059262219666767
45,Chandra Pratama,F,30,20-30,2,Staff,Finance,Technical,64.89,2,2,15,88.0,73.73863636363636,1,0.1519857145731811,0.5066316820951148,0.10359372572790386,0.04052983998665804,0.09121751488333595,0.04720196002288299,0.05883956271092312
46,Gita Hidayat,M,32,30-40,10,Manager,IT,HR,93.8,1,1,7,90.0,100.0,3,0.03141084638091745,0.03470098721952838,0.08162745027193717,0.3984379455841572,0.06276300866752528,0.23465084739502948,0.15640891448090508
46,Gita Hidayat,M,32,30-40,10,Manager,IT,Innovation,72.81,1,1,10,70.0,100.0,6,0.0440719943060823,0.06011568868355136,0.13442268252036163,0.10645408278262328,0.10328720911519952,0.08600732321747105,0.4656410193747108
46,Gita Hidayat,M,32,30-40,10,Manager,IT,Quality,84.67,3,3,4,85.0,99.61176470588235,5,0.006526767932051836,0.011607875594680286,0.06299721812957987,0.02860177790176132,0.012692484828596475,0.7803097206580881,0.09726415495524227
46,Gita Hidayat,M,32,30-40,10,Manager,IT,Teamwork,79.32333333333334,3,2,11,85.0,93.32156862745099,2,0.0029678219370908197,0.008886718675600102,0.942515552085719,0.005249307471278053,0.005302941372636126,0.0167248187162932,0.01835283974138272
46,Gita Hidayat,M,32,30-40,10,Manager,IT,Technical,88.83,1,1,15,88.0,100.0,5,0.013315191197315555,0.0245515037529896,0.09332113137684679,0.04294570166853388,0.02214769107961384,0.7238705112542384,0.07984826967046199
47,Oscar Pratama,F,25,20-30,2,Staff,Marketing,Attendance,68.49,1,1,9,95.0,72.09473684210525,0,0.6156534429951476,0.07156135233346608,0.043653741278601346,0.04326475511452985,0.15595677219382345,0.028190838941226565,0.041719097143205076
47,Oscar Pratama,F,25,20-30,2,Staff,Marketing,Development,77.91,1,1,6,85.0,91.65882352941176,4,0.07651537319892648,0.04224296268948155,0.060304575370773744,0.201639208435188,0.45150944088197376,0.04765733829433422,0.12013110112932227
47,Oscar Pratama,F,25,20-30,2,Staff,Marketing,Efficiency,65.67500000000001,2,2,2,80.0,82.09375000000001,0,0.5841203640428885,0.0714205084845447,0.040507652474115086,0.03409689971464481,0.20716598526974184,0.022169040224420358,0.04051954978964476
47,Oscar Pratama,F,25,20-30,2,Staff,Marketing,HR,67.95,1,1,7,90.0,75.5,0,0.7825063659134176,0.06765924013984825,0.025491055835112398,0.01631382004447588,0.0754507158202733,0.01283650119764064,0.019742301049231786
47,Oscar Pratama,F,25,20-30,2,Staff,Marketing,Project,73.75,1,1,13,75.0,98.33333333333333,6,0.03424284390244436,0.06897803879874467,0.245087796364617,0.06726148264329707,0.0702580239813596,0.09687513283721294,0.41729668147232435
47,Oscar Pratama,F,25,20-30,2,Staff,Marketing,Quality,70.55,2,2,4,85.0,83.0,1,0.02359528145586936,0.8918023243607947,0.032073788104940694,0.007607531595568436,0.022182829901747518,0.008962468600401516,0.013775775980677802
47,Oscar Pratama,F,25,20-30,2,Staff,Marketing,Technical,70.95,1,1,15,88.0,80.625,1,0.026763380141995242,0.8610947958665746,0.04587549964978759,0.010578367896948025,0.023101814375131077,0.014480970004568399,0.01810517206499506
48,Ivan Hidayat,M,25,20-30,2,Staff,Procurement,Finance,79.92,1,1,3,90.0,88.8,4,0.06809176491415737,0.047427426366956946,0.0767788645391606,0.14237247219084917,0.49705225475760056,0.05005454801441755,0.11822266921685791
48,Ivan Hidayat,M,25,20-30,2,Staff,Procurement,HR,67.275,2,2,7,90.0,74.75000000000001,0,0.7481354428183571,0.08020011263096334,0.030090408705467125,0.01936076835563871,0.08349297949346224,0.015386818336333895,0.023333469659777836
48,Ivan Hidayat,M,25,20-30,2,Staff,Procurement,Innovation,88.36,1,1,10,70.0,100.0,3,0.020357025271581213,0.025194373902553135,0.07627704698602378,0.32168079276188366,0.04498627566105294,0.28990810076345314,0.221596384653452
48,Ivan Hidayat,M,25,20-30,2,Staff,Procurement,Performance,85.94,1,1,8,80.0,100.0,5,0.015173001698290748,0.021346674813050588,0.08110934793354183,0.1432717789770169,0.033362145649648435,0.40878394009020813,0.2969531108382434
48,Ivan Hidayat,M,25,20-30,2,Staff,Procurement,Teamwork,65.06,1,1,11,85.0,76.54117647058824,1,0.13446262892287733,0.5891619853509357,0.0839886968341335,0.03128546064592242,0.07857095527062538,0.03531916808881462,0.04721110488669115
48,Ivan Hidayat,M,25,20-30,2,Staff,Procurement,Technical,71.91,1,1,15,88.0,81.7159090909091,1,0.024817109847519968,0.8518434381404356,0.05416687454588612,0.01094833269417293,0.023205006694004958,0.015612063606200738,0.019407174471779885
49,Citra Anggraini,F,25,20-30,1,Staff,Research & Development,Attendance,84.6,1,1,9,95.0,89.05263157894737,3,0.08738620927633553,0.04887956552747709,0.07024779601581575,0.343175978629685,0.2655477547089633,0.06930182831242598,0.11546086752929739
49,Citra Anggraini,F,25,20-30,1,Staff,Research & Development,Development,78.84,1,1,6,85.0,92.75294117647059,4,0.06986710319917754,0.04215282286622072,0.0644556891778943,0.28166095373460925,0.3465879865950809,0.05466848373371972,0.1406069606932975
49,Citra Anggraini,F,25,20-30,1,Staff,Research & Development,Efficiency,70.58333333333333,3,3,2,80.0,88.22916666666666,4,0.1370871655263967,0.05026369168633148,0.045138924686833594,0.049777243188462245,0.6328837014713443,0.025287254973474622,0.05956201846715706
49,Citra Anggraini,F,25,20-30,1,Staff,Research & Development,Finance,74.8,1,1,3,90.0,83.11111111111111,4,0.13276458387310172,0.03597116641945001,0.028291462649249324,0.025208066898813924,0.7356141649436179,0.014458629806685616,0.027691925409081653
49,Citra Anggraini,F,25,20-30,1,Staff,Research & Development,HR,82.57,1,1,7,90.0,91.74444444444444,3,0.04569823716957616,0.04626811456302323,0.11630519860479006,0.28136992774800734,0.1723634707595216,0.09550055723543928,0.24249449391964226
49,Citra Anggraini,F,25,20-30,1,Staff,Research & Development,Project,74.83,1,1,13,75.0,99.77333333333333,6,0.027503948948085985,0.05212320515823689,0.19852858375163723,0.06589183637884839,0.056548967698468865,0.10322530944103364,0.496178148623689
49,Citra Anggraini,F,25,20-30,1,Staff,Research & Development,Quality,69.89,1,1,4,85.0,82.2235294117647,1,0.023866068524375113,0.9022521518641651,0.026560809994413733,0.006895265213225746,0.020373299561369854,0.007970721369768145,0.012081683472682436
49,Citra Anggraini,F,25,20-30,1,Staff,Research & Development,Teamwork,80.22999999999999,2,2,11,85.0,94.38823529411764,2,0.008865971712880153,0.023959767693146564,0.7946931919399557,0.018117223814224682,0.016075607353667833,0.07176784419640816,0.06652039328971684
49,Citra Anggraini,F,25,20-30,1,Staff,Research & Development,Technical,75.75,1,1,15,88.0,86.07954545454545,1,0.04377761395552078,0.3837235588700349,0.35621886235487016,0.032753865108923905,0.05551701641698906,0.05937200140233798,0.06863708189132331
50,Hendra Hidayat,F,27,20-30,1,Staff,Research & Development,Development,74.06,1,1,6,85.0,87.12941176470588,4,0.07993921590112184,0.02511162211283969,0.025359964917380344,0.040208189041973444,0.7775680611734271,0.01631635345545778,0.03549659339779968
50,Hendra Hidayat,F,27,20-30,1,Staff,Research & Development,Finance,73.52,1,1,3,90.0,81.68888888888888,4,0.327983800053183,0.05409583843375767,0.035987808151240835,0.029773626156177464,0.5005874826034008,0.018244886722421253,0.03332655787981894
50,Hendra Hidayat,F,27,20-30,1,Staff,Research & Development,Performance,70.16,1,1,8,80.0,87.7,1,0.1297907271379081,0.2881461343073247,0.1614894209620051,0.052193868594989,0.21237484580100718,0.048696501379233405,0.10730850181753245
50,Hendra Hidayat,F,27,20-30,1,Staff,Research & Development,Quality,80.97333333333334,3,3,4,85.0,95.26274509803922,2,0.014882999221582002,0.03295478335702386,0.5246759169727055,0.040522682578683175,0.030276997171409286,0.15895813542611986,0.19772848527247616
50,Hendra Hidayat,F,27,20-30,1,Staff,Research & Development,Teamwork,79.14,1,1,11,85.0,93.10588235294118,2,0.002072804648431875,0.0063502982577937715,0.9611498915750388,0.003556851463707814,0.003689346925569667,0.010898058717451113,0.0122827484120067
50,Hendra Hidayat,F,27,20-30,1,Staff,Research & Development,Technical,70.37,1,1,15,88.0,79.9659090909091,1,0.03219848844359074,0.8447769340356046,0.048387274177096824,0.011978229279038695,0.026520494272972442,0.016040333856107238,0.02009824593558919
50,Hendra Hidayat,F,27,20-30,1,Staff,Research & Development,Time Management,69.35,1,1,1,85.0,81.58823529411764,1,0.04602513749211545,0.7374703440660233,0.08933771134978478,0.020629438018536513,0.04058460960969861,0.029794578584107917,0.0361581808797333
51,Miko Susanto,F,25,20-30,2,Staff,Design,Attendance,70.3,1,1,9,95.0,74.0,0,0.631483268915026,0.06042627122933007,0.03871894257244617,0.04051269712090811,0.16587555728810638,0.025022992890660237,0.03796026998352296
51,Miko Susanto,F,25,20-30,2,Staff,Design,Performance,69.08,1,1,8,80.0,86.35,1,0.1548912315768638,0.33867127503041455,0.13237018157621963,0.046258619372594165,0.19765801073209885,0.042896832212509554,0.0872538494992995
51,Miko Susanto,F,25,20-30,2,Staff,Design,Project,65.67,1,1,13,75.0,87.56,1,0.12634945275491358,0.42327302038651893,0.13796932048498914,0.04494749983433058,0.1321408794519806,0.04686130043975665,0.08845852664751058
51,Miko Susanto,F,25,20-30,2,Staff,Design,Quality,73.16,3,3,4,85.0,86.07058823529412,1,0.05439625563110632,0.5409073281044473,0.20161040533674887,0.02911027274028783,0.0737758422586455,0.038044657129972424,0.062155238798791694
52,Umar Ardiansyah,F,23,20-30,5,Staff,Operations,Attendance,66.35000000000001,3,3,9,95.0,69.8421052631579,0,0.5624949151822026,0.09048528082174147,0.05320803103488752,0.05030241125139288,0.15924314681937474,0.03453268186001831,0.049733533030382665
52,Umar Ardiansyah,F,23,20-30,5,Staff,Operations,Finance,67.96000000000001,2,2,3,90.0,75.51111111111112,0,0.9139752733189388,0.021517153727396425,0.009627381704427604,0.00703651293733214,0.03463991867445655,0.005154035461137198,0.008049724176311257
52,Umar Ardiansyah,F,23,20-30,5,Staff,Operations,Project,66.89,1,1,13,75.0,89.18666666666667,1,0.11100336597482531,0.3684630057527233,0.16975460799632747,0.0500735636993338,0.13899578889266453,0.05340674004616786,0.10830292763795772
52,Umar Ardiansyah,F,23,20-30,5,Staff,Operations,Quality,72.95,1,1,4,85.0,85.82352941176471,1,0.05303345908837913,0.5787891706413945,0.17876594119676795,0.027160847985794653,0.0700319799536251,0.035126668071428384,0.05709193306261036
53,Chandra Utama,F,42,40-50,8,Senior Manager,Design,Attendance,77.825,2,2,9,95.0,81.92105263157895,4,0.2171946017953987,0.0540478772478031,0.05134534905022356,0.08669405793853598,0.4920514771612668,0.03673772924755728,0.061928907559214694
53,Chandra Utama,F,42,40-50,8,Senior Manager,Design,Efficiency,91.35,1,1,2,80.0,100.0,3,0.024000849289845545,0.022822247538678408,0.04764658158814002,0.6514337959048287,0.052138246092590435,0.09560582110676688,0.10635245847915
53,Chandra Utama,F,42,40-50,8,Senior Manager,Design,Finance,79.27,2,2,3,90.0,88.07777777777778,4,0.06644092278402666,0.04330808051426863,0.06467483563891446,0.10325018876128131,0.5905209841634389,0.03985754156474383,0.09194744657332624
53,Chandra Utama,F,42,40-50,8,Senior Manager,Design,HR,86.22,5,5,7,90.0,95.8,3,0.019631798074733413,0.021363670972963156,0.05954114085645218,0.5667902063974111,0.053259868643003284,0.10281710336826927,0.17659621168716746
53,Chandra Utama,F,42,40-50,8,Senior Manager,Design,Innovation,95.81,1,1,10,70.0,100.0,5,0.03475567435609538,0.04085756707359081,0.09723918551975372,0.2846776432991282,0.06496248447422684,0.31894484303693427,0.1585626022402707
53,Chandra Utama,F,42,40-50,8,Senior Manager,Design,Performance,80.52,1,1,8,80.0,100.0,6,0.003856017071108859,0.005837012030672418,0.024894688126685636,0.022500322247375724,0.009072135196804061,0.03472885038389852,0.8991109749434547
53,Chandra Utama,F,42,40-50,8,Senior Manager,Design,Quality,81.752,5,5,4,85.0,96.17882352941176,2,0.01576967515949965,0.03298226953409249,0.3787159022694676,0.04875137161052991,0.03193226873026424,0.2516658452587193,0.24018266743742686
53,Chandra Utama,F,42,40-50,8,Senior Manager,Design,Teamwork,93.49,1,1,11,85.0,100.0,5,0.020419793665991948,0.03212006905748972,0.09628464899436644,0.0804955143868089,0.03428369723581623,0.6337649886671899,0.10263128799233681
53,Chandra Utama,F,42,40-50,8,Senior Manager,Design,Time Management,94.2,1,1,1,85.0,100.0,5,0.031405655642492605,0.053517415221928,0.14519033534809125,0.09059097145983883,0.048340947350369,0.5065251483699752,0.12442952660730502
54,Nina Nugroho,F,42,40-50,12,Director,Research & Development,Efficiency,65.93,1,1,2,80.0,82.41250000000001,0,0.5656263618189774,0.071826156345598,0.04139038298628224,0.035097850938053614,0.22169223803528507,0.02261292568522846,0.04175408419057515
54,Nina Nugroho,F,42,40-50,12,Director,Research & Development,HR,97.7,2,2,7,90.0,100.0,3,0.04149627657277023,0.045354027907409444,0.0972499993715585,0.32968960821500476,0.07608236268288208,0.25415297715063667,0.15597474809973838
54,Nina Nugroho,F,42,40-50,12,Director,Research & Development,Innovation,106.88,1,1,10,70.0,100.0,5,0.06038068929670545,0.06742772281547771,0.1239156965359875,0.2363355997446738,0.0942734981256931,0.26233005751233657,0.15533673596912587
54,Nina Nugroho,F,42,40-50,12,Director,Research & Development,Performance,105.13,1,1,8,80.0,100.0,5,0.05522055145478626,0.06488683908250129,0.12581913411677226,0.2200407166364792,0.08704656528061296,0.2923643464346929,0.15462184699415513
54,Nina Nugroho,F,42,40-50,12,Director,Research & Development,Project,102.77,1,1,13,75.0,100.0,5,0.048669336830666377,0.06085943187136575,0.12689357536037457,0.1966713517573737,0.07766777545496069,0.3372679349891273,0.15197059373613162
54,Nina Nugroho,F,42,40-50,12,Director,Research & Development,Quality,89.0625,4,4,4,85.0,100.0,5,0.003127337988191311,0.005022448227414028,0.019386049829381698,0.015554336020678676,0.005799446312553668,0.9246146583151384,0.026495723306642058
54,Nina Nugroho,F,42,40-50,12,Director,Research & Development,Teamwork,104.93,1,1,11,85.0,100.0,5,0.053323103073652185,0.07103938232476864,0.14183586623133593,0.16647476373443254,0.07972670183344763,0.3378846186978853,0.1497155641044778
54,Nina Nugroho,F,42,40-50,12,Director,Research & Development,Technical,111.47,1,1,15,88.0,100.0,5,0.0664447795335045,0.08582250640198485,0.14985959159722148,0.16879698935873205,0.09271797938985434,0.28444626025888586,0.15191189345981698
55,Galih Wibowo,F,31,30-40,3,Staff,Finance,Development,66.19,1,1,6,85.0,77.87058823529412,0,0.738124099675063,0.046462095899981105,0.0267399375842267,0.024660549696152265,0.12193053745435588,0.01586054787947471,0.02622223181074641
55,Galih Wibowo,F,31,30-40,3,Staff,Finance,Efficiency,74.26,1,1,2,80.0,92.82500000000002,4,0.0813720268029397,0.05115984575430891,0.07080980167426326,0.1306010113304194,0.4741796913366094,0.046735209948703095,0.14514241315275622
55,Galih Wibowo,F,31,30-40,3,Staff,Finance,Finance,85.19,1,1,3,90.0,94.65555555555555,3,0.016865670515769066,0.015759971745226607,0.03680759607030286,0.7289937322301918,0.05216720163364263,0.0484887383823011,0.10091708942256579
55,Galih Wibowo,F,31,30-40,3,Staff,Finance,HR,72.74,1,1,7,90.0,80.82222222222221,0,0.4381390849878527,0.09922058089077497,0.05143707044339403,0.032855427804510735,0.314029034635404,0.023377848347416828,0.04094095289064677
55,Galih Wibowo,F,31,30-40,3,Staff,Finance,Performance,70.725,2,2,8,80.0,88.40624999999999,1,0.11768512038263944,0.2589813793125025,0.17927420461659768,0.05560917194849604,0.2157414360081768,0.05210919637288948,0.12059949135869792
55,Galih Wibowo,F,31,30-40,3,Staff,Finance,Teamwork,69.92,1,1,11,85.0,82.25882352941177,1,0.0006545497203471751,0.9968075615893734,0.0010151504898338565,0.0002323724909948453,0.0005778814942294488,0.0002964571027083776,0.00041602711251306524
55,Galih Wibowo,F,31,30-40,3,Staff,Finance,Time Management,78.08,1,1,1,85.0,91.85882352941177,2,0.02655093080544822,0.10747515981189046,0.6103366311135221,0.03376358793621326,0.03831711450430079,0.09855396483083813,0.08500261099778718
56,Umar Kusuma,M,34,30-40,9,Manager,Marketing,Attendance,72.98,1,1,9,95.0,76.82105263157895,0,0.543821749194419,0.05717145952843059,0.04078724564750079,0.04782134104165658,0.24151889744787697,0.026726475169322264,0.04215283197079377
56,Umar Kusuma,M,34,30-40,9,Manager,Marketing,Efficiency,82.89,1,1,2,80.0,100.0,3,0.015649556031804818,0.014265053343896647,0.030379929971901365,0.7396689735283083,0.04321057613426851,0.04240998975589994,0.11441592123392043
56,Umar Kusuma,M,34,30-40,9,Manager,Marketing,Finance,83.14,1,1,3,90.0,92.37777777777778,3,0.04062535026862706,0.03514966702675763,0.07571713862271555,0.44110182823560834,0.1580817880352777,0.07319192374366426,0.17613230406734948
56,Umar Kusuma,M,34,30-40,9,Manager,Marketing,HR,78.29,1,1,7,90.0,86.9888888888889,4,0.08095560436359994,0.06371220444091015,0.09019503655432762,0.07915762533565868,0.5452636290009917,0.04364135965875385,0.09707454064575806
56,Umar Kusuma,M,34,30-40,9,Manager,Marketing,Innovation,88.94,1,1,10,70.0,100.0,3,0.021049216369195912,0.02593431791317119,0.07705773245411364,0.32223099943010397,0.04588181662789922,0.2999292562004909,0.20791666100502523
56,Umar Kusuma,M,34,30-40,9,Manager,Marketing,Quality,79.755,2,2,4,85.0,93.82941176470588,2,0.009938331158006138,0.02445983107811103,0.7665874901713164,0.02168832559483693,0.020180428249902228,0.06107262470665543,0.09607296904117155
56,Umar Kusuma,M,34,30-40,9,Manager,Marketing,Teamwork,82.9525,4,4,11,85.0,97.59117647058824,5,0.014893951303067027,0.03201673619254408,0.2656952296832872,0.043760774955413,0.027248884258959993,0.4620001761381282,0.15438424746860055
56,Umar Kusuma,M,34,30-40,9,Manager,Marketing,Technical,80.92,1,1,15,88.0,91.95454545454545,2,0.015843278992664064,0.05052900602395134,0.7240745274472572,0.02548421753761617,0.0254810508415385,0.09214183206811268,0.06644608708886023
57,Fitri Nugroho,F,29,20-30,5,Staff,Research & Development,Attendance,76.13,1,1,9,95.0,80.13684210526316,4,0.3125806590726071,0.05711717711791085,0.048598630955492585,0.0701225262497969,0.42324610804524465,0.0333276191532812,0.05500727940566678
57,Fitri Nugroho,F,29,20-30,5,Staff,Research & Development,Development,78.8,3,3,6,85.0,92.70588235294117,4,0.07023921558601122,0.0422279088666444,0.06439088470833576,0.2779178124252744,0.35085399436614484,0.054439797642252784,0.1399303864053367
57,Fitri Nugroho,F,29,20-30,5,Staff,Research & Development,HR,71.2,1,1,7,90.0,79.11111111111111,0,0.6702664139577017,0.07755600119076708,0.03391716520723557,0.02144607992627841,0.15445432841880619,0.01587337819081673,0.02648663310839437
57,Fitri Nugroho,F,29,20-30,5,Staff,Research & Development,Innovation,81.655,2,2,10,70.0,100.0,6,0.00924549623987496,0.012079399465287447,0.04152105565288209,0.09249445357697138,0.023398715769041376,0.06663346535358729,0.7546274139423554
57,Fitri Nugroho,F,29,20-30,5,Staff,Research & Development,Performance,79.77,1,1,8,80.0,99.7125,6,0.0022020530926937674,0.003377135995262733,0.014502820879090175,0.011573115620479529,0.0052373256742815205,0.01666003383402421,0.946447514904168
57,Fitri Nugroho,F,29,20-30,5,Staff,Research & Development,Quality,81.39,2,2,4,85.0,95.75294117647059,2,0.015607459619421551,0.03348999735624691,0.4433476257971859,0.04555406159251828,0.03168688314129255,0.20551507141573758,0.22479890107759712
57,Fitri Nugroho,F,29,20-30,5,Staff,Research & Development,Time Management,76.74,1,1,1,85.0,90.28235294117646,2,0.032592110411777175,0.1628121698728108,0.5548646720355852,0.03498630302587992,0.04473946352944723,0.08624157911292246,0.08376370201157726
58,Andi Sanjaya,M,28,20-30,4,Staff,Human Resources,Attendance,74.19,1,1,9,95.0,78.09473684210526,0,0.4591209360635811,0.05820788576712071,0.044181821737881634,0.0554785040698011,0.3065875817125465,0.029330402821204724,0.047092867827864246
58,Andi Sanjaya,M,28,20-30,4,Staff,Human Resources,Efficiency,68.15,1,1,2,80.0,85.18750000000001,4,0.3367189911070043,0.07057837596938336,0.048619997121399874,0.0450887427794433,0.4185102785031941,0.026444211494894065,0.05403940302468095
58,Andi Sanjaya,M,28,20-30,4,Staff,Human Resources,Finance,73.07,1,1,3,90.0,81.18888888888888,0,0.42259486009088537,0.05584128626256783,0.035227802622868405,0.028562078999474348,0.4077939257836255,0.01786035261838959,0.032119693622189055
58,Andi Sanjaya,M,28,20-30,4,Staff,Human Resources,Project,84.14,1,1,13,75.0,100.0,5,0.011545491901469761,0.018635740566938848,0.0899137072071257,0.06706188739201664,0.02424046217495265,0.4991261604457771,0.28947655031171926
58,Andi Sanjaya,M,28,20-30,4,Staff,Human Resources,Quality,69.485,2,2,4,85.0,81.74705882352941,1,0.028115069292495253,0.8918064861808067,0.027947686202602698,0.007630724793595164,0.022650088908029876,0.008728353389310372,0.01312159123315999
58,Andi Sanjaya,M,28,20-30,4,Staff,Human Resources,Time Management,74.09,1,1,1,85.0,87.16470588235295,1,0.045999442701282284,0.39628514043116486,0.32554003323910835,0.035135424981816855,0.055242076349654605,0.06701606486292538,0.07478181743404771
59,Putri Anggraini,F,35,30-40,10,Manager,Legal,Attendance,89.51,1,1,9,95.0,94.22105263157894,3,0.04484884380899329,0.032948130107848424,0.05564288670251805,0.5816629918822975,0.10571069810505045,0.07495510002496177,0.10423134936833046
59,Putri Anggraini,F,35,30-40,10,Manager,Legal,Development,83.50999999999999,2,2,6,85.0,98.24705882352941,3,0.018590950052166304,0.014900855993285033,0.02819578251795547,0.7681467735911487,0.05301408410011909,0.03621710204571252,0.08093445169961289
59,Putri Anggraini,F,35,30-40,10,Manager,Legal,Efficiency,78.87,2,2,2,80.0,98.5875,3,0.039415274713448266,0.03382881296713114,0.06631562245962988,0.40949052909663936,0.1271046294361582,0.06825274907898143,0.25559238224801173
59,Putri Anggraini,F,35,30-40,10,Manager,Legal,Finance,81.79333333333334,3,3,3,90.0,90.88148148148149,3,0.056409564201245065,0.04539680770914779,0.08894227601600874,0.2920060417513466,0.2705106032670261,0.07141084044936337,0.17532386660586224
59,Putri Anggraini,F,35,30-40,10,Manager,Legal,HR,72.58666666666666,3,3,7,90.0,80.65185185185184,0,0.46191623718718944,0.09833131053033842,0.04996340645175832,0.03185811203018401,0.29549898207914355,0.022766352446108144,0.03966559927527807
59,Putri Anggraini,F,35,30-40,10,Manager,Legal,Innovation,81.91666666666667,3,3,10,70.0,100.0,6,0.010042202503022821,0.013093330282616125,0.04503770660149235,0.10477303448964112,0.025325125042050995,0.07543674853484847,0.7262918525463281
59,Putri Anggraini,F,35,30-40,10,Manager,Legal,Performance,84.81,1,1,8,80.0,100.0,6,0.014520456130381275,0.020741594010168576,0.08234290794202903,0.12953291609417583,0.032546596863264415,0.32706354453838377,0.3932519844215971
59,Putri Anggraini,F,35,30-40,10,Manager,Legal,Quality,82.515,2,2,4,85.0,97.0764705882353,5,0.014842060410166964,0.029545464693724873,0.2630558615140357,0.05130281406648271,0.0298217804649567,0.36871628826657743,0.24271573058405538
59,Putri Anggraini,F,35,30-40,10,Manager,Legal,Teamwork,85.225,2,2,11,85.0,100.0,5,0.00702463557270073,0.013319478980212835,0.06868417345809903,0.02508350756687099,0.012650395655591638,0.8038009020106793,0.06943690675584542
59,Putri Anggraini,F,35,30-40,10,Manager,Legal,Time Management,86.0,1,1,1,85.0,100.0,5,0.02198236084627945,0.045823646131752174,0.18480349908258437,0.05672340738379306,0.035009672821956286,0.5328545516611005,0.12280286207253419
60,Erik Maharani,F,29,20-30,1,Staff,Procurement,Attendance,88.56,1,1,9,95.0,93.22105263157894,3,0.04897836196656196,0.034570469212931096,0.05719472515647766,0.5600149841253793,0.12064607520430656,0.07275402380191416,0.10584136053242929
60,Erik Maharani,F,29,20-30,1,Staff,Procurement,HR,85.84,1,1,7,90.0,95.37777777777778,3,0.021105288715880015,0.022861146997447377,0.06377793663805806,0.5433770842930405,0.05882924056147225,0.10214591398833363,0.18790338880576807
60,Erik Maharani,F,29,20-30,1,Staff,Procurement,Innovation,84.44,1,1,10,70.0,100.0,6,0.016254549524280768,0.020764011799623647,0.06978286028094018,0.23626250145331718,0.03922708705045205,0.17561733085719383,0.44209165903419234
60,Erik Maharani,F,29,20-30,1,Staff,Procurement,Performance,89.5,1,1,8,80.0,100.0,5,0.017728647160031454,0.0238372861580855,0.07736478354369573,0.16822336196147733,0.03641730768486792,0.5068025562552381,0.16962605723660393
60,Erik Maharani,F,29,20-30,1,Staff,Procurement,Quality,85.39,1,1,4,85.0,100.0,5,0.004073074675091703,0.007077375158135538,0.035323730090190054,0.01861142314342491,0.007849402391408172,0.8717390838912524,0.05532591065049723
60,Erik Maharani,F,29,20-30,1,Staff,Procurement,Teamwork,79.72,1,1,11,85.0,93.78823529411764,2,0.005375894569379827,0.015359368144439188,0.8877753462091472,0.010140378883620238,0.009676186900914086,0.03535231338010105,0.036320511912398566
60,Erik Maharani,F,29,20-30,1,Staff,Procurement,Time Management,75.84,2,2,1,85.0,89.2235294117647,2,0.038003438786336184,0.2239560582201734,0.48670532717174425,0.03633115085289294,0.05010202479021007,0.08121370233107725,0.08368829784756583
61,Putri Putra,F,31,30-40,7,Senior Staff,Operations,Development,89.11,1,1,6,85.0,100.0,3,0.020746040903005428,0.018122858399766385,0.03531741102564936,0.7350795261515621,0.04744921150054804,0.05958755931449735,0.08369739270497112
61,Putri Putra,F,31,30-40,7,Senior Staff,Operations,Finance,81.58,2,2,3,90.0,90.64444444444445,4,0.05858178851070481,0.04650982426463631,0.08946885877625102,0.27195135340855064,0.2921087576907758,0.06992243375520667,0.17145698359387476
61,Putri Putra,F,31,30-40,7,Senior Staff,Operations,HR,83.72,2,2,7,90.0,93.02222222222223,3,0.03511046497115698,0.03665809092557513,0.09829833080719172,0.3674103572370023,0.1171510330490634,0.10120234836971718,0.24416937464029329
61,Putri Putra,F,31,30-40,7,Senior Staff,Operations,Performance,77.89999999999999,3,2,8,80.0,97.37499999999999,6,0.008645616185024274,0.014052801371070388,0.0640760858213402,0.030788828844236865,0.022017609041184463,0.03698108532651709,0.8234379734106267
61,Putri Putra,F,31,30-40,7,Senior Staff,Operations,Project,67.22,1,1,13,75.0,89.62666666666667,1,0.10703291476891034,0.35027739389053625,0.18009715108642135,0.05167974690182647,0.1403314663580627,0.05551704771582911,0.11506427927841371
61,Putri Putra,F,31,30-40,7,Senior Staff,Operations,Quality,80.19749999999999,4,4,4,85.0,94.35,2,0.01206621069232814,0.02850367305954646,0.6839673916217685,0.028616858694885318,0.024554755548097492,0.0898216007240044,0.13246950965936968
61,Putri Putra,F,31,30-40,7,Senior Staff,Operations,Teamwork,66.7,1,1,11,85.0,78.47058823529412,1,0.07985341564447235,0.7301156285876544,0.06197574864380245,0.020324288295250514,0.05188209748262728,0.02368094373211487,0.032167877614078036
61,Putri Putra,F,31,30-40,7,Senior Staff,Operations,Technical,74.61,1,1,15,88.0,84.7840909090909,1,0.04311155522211587,0.5575417748302695,0.2222768558920301,0.027275438428534145,0.05030831374211122,0.045319803828204885,0.05416625805673428
62,Tono Kusuma,F,23,20-30,3,Staff,Operations,Development,76.55666666666667,3,3,6,85.0,90.06666666666668,4,0.07736737298920267,0.03648873526128848,0.046522783250082266,0.11277916181212719,0.6120948645392815,0.03364210697326948,0.08110497517474839
62,Tono Kusuma,F,23,20-30,3,Staff,Operations,HR,87.61,1,1,7,90.0,97.34444444444445,3,0.017459214706664946,0.019253731051667406,0.052734736842051676,0.5980609412419661,0.04335547205943446,0.11636198662515537,0.15277391747306013
62,Tono Kusuma,F,23,20-30,3,Staff,Operations,Project,63.99,1,1,13,75.0,85.32,1,0.15342257623348657,0.452905345229491,0.11203100405146013,0.04132915505809378,0.12486535288299402,0.04209027464269207,0.0733562919017826
62,Tono Kusuma,F,23,20-30,3,Staff,Operations,Quality,82.62,2,2,4,85.0,97.2,5,0.014594060088462936,0.02886773074792186,0.24920221278142948,0.0511718204201108,0.02928629543537758,0.38706116074948527,0.23981671977721214
62,Tono Kusuma,F,23,20-30,3,Staff,Operations,Teamwork,69.45500000000001,2,2,11,85.0,81.71176470588236,1,0.004334928789423719,0.9802798069194866,0.005936352953762055,0.0014488108510703984,0.0036406995580629178,0.0018187482750369917,0.002540652653157552
62,Tono Kusuma,F,23,20-30,3,Staff,Operations,Technical,72.77,1,1,15,88.0,82.69318181818181,1,0.029350026134046435,0.7971397477272177,0.08171031231250406,0.014418041034255067,0.029504550166508613,0.02144049281565867,0.026436829809809458
62,Tono Kusuma,F,23,20-30,3,Staff,Operations,Time Management,66.155,2,2,1,85.0,77.82941176470588,1,0.09022718897465787,0.6192639863830409,0.10092210785059783,0.03184345885560296,0.06597085478604728,0.041239125532578386,0.0505332776174748
63,Oscar Hidayat,M,24,20-30,3,Staff,Finance,Attendance,82.01,1,1,9,95.0,86.32631578947368,4,0.1203133057133326,0.05330951101575908,0.06658810811140803,0.19910478609372678,0.4069412294338127,0.05653589710153295,0.09720716253042791
63,Oscar Hidayat,M,24,20-30,3,Staff,Finance,Development,66.18,1,1,6,85.0,77.85882352941178,0,0.7380210184236021,0.04652915008206553,0.026768999292477294,0.024680385766913962,0.1218767132177452,0.015878548339539427,0.026245184877656466
63,Oscar Hidayat,M,24,20-30,3,Staff,Finance,Efficiency,72.575,2,2,2,80.0,90.71875,4,0.0906711488972132,0.046508644048207044,0.05310889754048242,0.07383278275075308,0.6176161511946774,0.03181781881777436,0.08644455675089255
63,Oscar Hidayat,M,24,20-30,3,Staff,Finance,Finance,63.79,1,1,3,90.0,70.87777777777778,0,0.6032383062912909,0.11500530247916778,0.05076497232237504,0.03688321085691067,0.1230874025180051,0.029045480846962714,0.04197532468528775
63,Oscar Hidayat,M,24,20-30,3,Staff,Finance,HR,74.6,2,2,7,90.0,82.88888888888889,4,0.2041370793324728,0.0855293403474971,0.059410365211441094,0.0395199788713462,0.5353267423037374,0.026453791674122103,0.049622702259383276
63,Oscar Hidayat,M,24,20-30,3,Staff,Finance,Quality,67.48,1,1,4,85.0,79.38823529411765,1,0.08728312730143838,0.7348796367544004,0.055151607939079826,0.018504274874271618,0.054505049244902064,0.020288944238079157,0.02938735964782866
63,Oscar Hidayat,M,24,20-30,3,Staff,Finance,Technical,73.89,1,1,15,88.0,83.9659090909091,1,0.03867134496353757,0.6650337313672703,0.15408568598052516,0.02209017773005476,0.04263854122699675,0.03500905390707631,0.04247146482453901
63,Oscar Hidayat,M,24,20-30,3,Staff,Finance,Time Management,72.44,1,1,1,85.0,85.2235294117647,1,0.0453547910143661,0.5819106470057734,0.1914083540778998,0.028278924896903656,0.04916477802966951,0.047935570781167634,0.0559469341942199
64,Chandra Santoso,F,31,30-40,4,Staff,Marketing,Attendance,67.43,1,1,9,95.0,70.97894736842106,0,0.5916133052907538,0.08052799900128517,0.0481105814621346,0.04648802632211858,0.15670216312480523,0.031125589135961702,0.045432335662940866
64,Chandra Santoso,F,31,30-40,4,Staff,Marketing,Efficiency,89.33,1,1,2,80.0,100.0,3,0.015261406648212237,0.014389381908676693,0.030615681499271418,0.7692330096453853,0.03511055074996418,0.05840139315122459,0.07698857639726567
64,Chandra Santoso,F,31,30-40,4,Staff,Marketing,HR,70.41,1,1,7,90.0,78.23333333333333,0,0.7565640993431201,0.06339469470455145,0.02610061428725585,0.016501524916248404,0.10473295042570509,0.01242610771609974,0.020280008607019402
64,Chandra Santoso,F,31,30-40,4,Staff,Marketing,Performance,68.29,1,1,8,80.0,85.36250000000001,1,0.1754795912367022,0.36619537129420116,0.1157745974459465,0.042734343453262234,0.18382011144359775,0.039509373383075176,0.07648661174321492
64,Chandra Santoso,F,31,30-40,4,Staff,Marketing,Project,81.04499999999999,2,2,13,75.0,100.0,6,0.011611880473625387,0.019865282654433283,0.10622256964636503,0.05307456942728334,0.024919976973766488,0.17695748361331667,0.6073482372112099
64,Chandra Santoso,F,31,30-40,4,Staff,Marketing,Quality,67.5,1,1,4,85.0,79.41176470588235,1,0.08649923786060507,0.736784293318344,0.054857344453187004,0.018373241891256994,0.054133903054768374,0.02015239361374553,0.029199585808093058
64,Chandra Santoso,F,31,30-40,4,Staff,Marketing,Technical,67.62,1,1,15,88.0,76.8409090909091,1,0.08856285543849825,0.6699643128451439,0.08152056291103402,0.026403424918595035,0.06016508190397894,0.03254646911270174,0.04083729287004807
64,Chandra Santoso,F,31,30-40,4,Staff,Marketing,Time Management,71.92500000000001,2,2,1,85.0,84.61764705882354,1,0.04397056230846107,0.631625118771446,0.16016469211484036,0.025811007158831237,0.046075029775669976,0.04239088738801828,0.049962702482733046
65,Agus Wahyudi,F,38,30-40,8,Manager,IT,Efficiency,86.51,1,1,2,80.0,100.0,3,0.0066986748900510415,0.006230827683785065,0.01344664999149845,0.8932610438961462,0.01674513071287795,0.022933727370896426,0.040683945454744845
65,Agus Wahyudi,F,38,30-40,8,Manager,IT,Innovation,85.9,1,1,10,70.0,100.0,6,0.018014174464882474,0.02273801042223389,0.07398348769201762,0.2892063952615379,0.042139629442111956,0.22746177525023578,0.3264565274669804
65,Agus Wahyudi,F,38,30-40,8,Manager,IT,Quality,81.7,2,2,4,85.0,96.11764705882354,2,0.01577194065784292,0.033105599982570316,0.38761478814875777,0.04836568301136542,0.03195037057389507,0.24468948034769342,0.23850213727787506
65,Agus Wahyudi,F,38,30-40,8,Manager,IT,Teamwork,92.46,1,1,11,85.0,100.0,5,0.016650453785156383,0.026722074503092847,0.08460976318057066,0.0661236341071061,0.02825378403343618,0.6875209649955482,0.09011932539508954
65,Agus Wahyudi,F,38,30-40,8,Manager,IT,Time Management,75.74,1,1,1,85.0,89.10588235294117,2,0.03860551683745456,0.23201543519496173,0.4781214702646537,0.03643340004994552,0.050651023941827716,0.08062044103214926,0.08355271267900762
66,Kevin Maharani,M,32,30-40,7,Manager,Marketing,Development,81.87,1,1,6,85.0,96.31764705882352,3,0.03286481335973023,0.02441995324633259,0.04395560560614704,0.6209597600427657,0.1086689065553651,0.04867128273807998,0.12045967845157945
66,Kevin Maharani,M,32,30-40,7,Manager,Marketing,Project,82.19,1,1,13,75.0,100.0,6,0.012316789488216833,0.020624995824777823,0.10778847596940082,0.062196394629526544,0.026290340533765073,0.26743817860218505,0.5033448249521278
66,Kevin Maharani,M,32,30-40,7,Manager,Marketing,Quality,86.79,1,1,4,85.0,100.0,5,0.0008166136190318144,0.001375559652752505,0.00621211995829113,0.003909497857662408,0.0015532521271904036,0.9769539920657259,0.009178964719345838
66,Kevin Maharani,M,32,30-40,7,Manager,Marketing,Teamwork,86.1,1,1,11,85.0,100.0,5,0.004873551159945588,0.00903732885847501,0.04366394981210941,0.017931405572940495,0.00873427706704518,0.8709849375652452,0.04477454996423904
67,Wawan Utama,F,41,40-50,9,Senior Manager,Design,Attendance,89.95,1,1,9,95.0,94.6842105263158,3,0.043664442552959225,0.03262595386633141,0.05554004878039074,0.5860857226915682,0.10094666731875682,0.07673440631887589,0.10440275847111785
67,Wawan Utama,F,41,40-50,9,Senior Manager,Design,Efficiency,79.16,1,1,2,80.0,98.95,3,0.03721426513602501,0.03231738988338016,0.06408991339539587,0.42957809886576415,0.11677391710717547,0.06816346360689136,0.2518629520053679
67,Wawan Utama,F,41,40-50,9,Senior Manager,Design,Finance,96.04,1,1,3,90.0,100.0,3,0.03897431656568467,0.040074623812904296,0.0839209394459391,0.41568460591158457,0.07491159388633153,0.19775701035867663,0.1486769100188793
67,Wawan Utama,F,41,40-50,9,Senior Manager,Design,Performance,92.475,2,2,8,80.0,100.0,5,0.023630421876518794,0.03071746865274914,0.08760629410517486,0.19516274715724066,0.0457617249838883,0.4642079289981144,0.15291341422631397
67,Wawan Utama,F,41,40-50,9,Senior Manager,Design,Quality,95.66,1,1,4,85.0,100.0,5,0.02746521168242531,0.03928917500572933,0.1058365666468699,0.12506702961918537,0.04677426186523552,0.5286780717719345,0.12688968340861997
67,Wawan Utama,F,41,40-50,9,Senior Manager,Design,Teamwork,96.52,1,1,11,85.0,100.0,5,0.030849718883822846,0.04599048065729199,0.11985029273798355,0.11655320988242954,0.050166306416432924,0.5089295903811512,0.12766040104088808
67,Wawan Utama,F,41,40-50,9,Senior Manager,Design,Technical,83.155,2,2,15,88.0,94.49431818181819,2,0.02026634277416883,0.05157493530164186,0.4694042712810671,0.04322998762529721,0.033802484347330713,0.26821766373862105,0.1135043149318731
68,Bella Sulistyo,M,23,20-30,1,Staff,Research & Development,Development,72.17,1,1,6,85.0,84.90588235294118,4,0.1800697891048883,0.03648495347560661,0.03087917530237796,0.03955407870115893,0.6561677375153218,0.018873065308730265,0.03797120059191627
68,Bella Sulistyo,M,23,20-30,1,Staff,Research & Development,Finance,79.14,1,1,3,90.0,87.93333333333334,4,0.06567203556699235,0.04219069671961772,0.061950501253835104,0.09622812512461588,0.6094315670103346,0.037789704276730715,0.08673737004787346
68,Bella Sulistyo,M,23,20-30,1,Staff,Research & Development,HR,77.8,1,1,7,90.0,86.44444444444444,4,0.08394984383032178,0.06269665718657755,0.08088871017674028,0.06685742777247954,0.584732105942366,0.03812465242269115,0.08275060266882371
68,Bella Sulistyo,M,23,20-30,1,Staff,Research & Development,Performance,71.61,2,2,8,80.0,89.5125,1,0.09988052251128758,0.21363652542729253,0.20923421521685498,0.0610408174777307,0.21244769946258615,0.057710468068461356,0.14604975183578658
68,Bella Sulistyo,M,23,20-30,1,Staff,Research & Development,Quality,72.62,1,1,4,85.0,85.43529411764706,1,0.0499414600759171,0.6377118127456373,0.14583944873018687,0.023891255739643857,0.06315126107326165,0.03041997654793524,0.04904478508741805
68,Bella Sulistyo,M,23,20-30,1,Staff,Research & Development,Time Management,78.78666666666668,3,3,1,85.0,92.69019607843138,2,0.024992891535825765,0.09193425087631432,0.610527932738423,0.034656497832108446,0.03685616546794155,0.11193601035997197,0.0890962511894149
69,Dewi Hartono,M,29,20-30,2,Staff,Design,Development,71.88333333333333,3,3,6,85.0,84.56862745098037,4,0.20868661784720458,0.03912158777890187,0.03227723608198913,0.04027854802231072,0.6209848109037649,0.01962068825928184,0.03903051110654686
69,Dewi Hartono,M,29,20-30,2,Staff,Design,Innovation,66.62,1,1,10,70.0,95.17142857142858,6,0.11197876635014986,0.14865929107052225,0.16201755751986505,0.09096017118217375,0.20272429439416276,0.07544896471287241,0.2082109547702539
69,Dewi Hartono,M,29,20-30,2,Staff,Design,Performance,69.405,2,2,8,80.0,86.75625,1,0.14702148952284952,0.3246576591253353,0.1403781629047581,0.04793095301593199,0.20289042315423364,0.04451728863048122,0.09260402364641017
69,Dewi Hartono,M,29,20-30,2,Staff,Design,Project,77.04,1,1,13,75.0,100.0,6,0.017323480005663763,0.03171408493747425,0.14782623643503193,0.05288426090428015,0.03666413230295088,0.09933574591642781,0.6142520594981713
69,Dewi Hartono,M,29,20-30,2,Staff,Design,Quality,74.43,2,2,4,85.0,87.56470588235295,2,0.05200008130255794,0.3253590557063319,0.36645044317327224,0.03654831534621732,0.08148229468850514,0.05144332841401055,0.08671648136910502
70,Chandra Hartono,M,33,30-40,8,Manager,Human Resources,Efficiency,75.66,1,1,2,80.0,94.575,4,0.07068757820072093,0.0503844662467722,0.0800469502734945,0.20053748903902613,0.33548179352841206,0.05901285781153315,0.20384886490004112
70,Chandra Hartono,M,33,30-40,8,Manager,Human Resources,Finance,67.53,1,1,3,90.0,75.03333333333333,0,0.8801750652429859,0.030830359587832017,0.01366852070091422,0.009965891478401006,0.0465942937131811,0.007366709552304968,0.01139915972438086
70,Chandra Hartono,M,33,30-40,8,Manager,Human Resources,HR,77.045,4,4,7,90.0,85.60555555555555,4,0.09166932452309079,0.06221021592322218,0.06923798597584678,0.05305330092554694,0.6258712332124915,0.03168698282340377,0.06627095661639815
70,Chandra Hartono,M,33,30-40,8,Manager,Human Resources,Innovation,79.04333333333334,3,3,10,70.0,100.0,6,0.006139111046086422,0.008175789794068907,0.026823266338056793,0.0392739750638017,0.015859598913748763,0.029040940359139133,0.8746873184850983
70,Chandra Hartono,M,33,30-40,8,Manager,Human Resources,Performance,86.66,1,1,8,80.0,100.0,5,0.01541041493295838,0.021475228042098237,0.07915364417624172,0.1486957972077473,0.03344478504505717,0.44905953149896705,0.25276059909693027
70,Chandra Hartono,M,33,30-40,8,Manager,Human Resources,Quality,85.3675,4,4,4,85.0,100.0,5,0.004147733323234809,0.007210761225286912,0.036046856701792494,0.01893560907773154,0.007994802614579435,0.8691499810050749,0.056514256052299906
70,Chandra Hartono,M,33,30-40,8,Manager,Human Resources,Teamwork,74.06,1,1,11,85.0,87.12941176470588,1,0.04276430008559571,0.4277153971100567,0.3275665891806287,0.02956204362927354,0.0580089627318176,0.046934491487087095,0.06744821577554054
70,Chandra Hartono,M,33,30-40,8,Manager,Human Resources,Time Management,80.73,1,1,1,85.0,94.97647058823529,2,0.024968330223531034,0.07378726195564986,0.5128332829979639,0.04324866594383068,0.03846487099722129,0.19244924369764738,0.11424834418415598
71,Eko Sanjaya,M,30,20-30,5,Staff,IT,Attendance,78.98500000000001,2,2,9,95.0,83.14210526315792,4,0.17587287188327258,0.052815482665389685,0.054238153503446206,0.10433138862408263,0.5037369869313806,0.04029785122596565,0.06870726516646265
71,Eko Sanjaya,M,30,20-30,5,Staff,IT,Development,73.93,1,1,6,85.0,86.9764705882353,4,0.08258047596511044,0.025270928769394886,0.02520574033631189,0.03928075054423455,0.7765871549780756,0.016144708879599325,0.03493024052727334
71,Eko Sanjaya,M,30,20-30,5,Staff,IT,HR,78.58666666666666,3,2,7,90.0,87.31851851851852,4,0.07938183865990098,0.06427749646066876,0.09609124495954562,0.0878550931650923,0.5180410357092583,0.04738209620621428,0.10697119483931987
71,Eko Sanjaya,M,30,20-30,5,Staff,IT,Innovation,82.19,1,1,10,70.0,100.0,6,0.010879936878391418,0.014154865686854947,0.04869063876474734,0.11847617215231639,0.027329853109208657,0.0853055582981432,0.695162975110338
71,Eko Sanjaya,M,30,20-30,5,Staff,IT,Project,78.96,1,1,13,75.0,100.0,6,0.012129234144064784,0.021538466081799847,0.11225674177643742,0.04523020441751541,0.026022744304926387,0.10629842089397432,0.6765241883812818
71,Eko Sanjaya,M,30,20-30,5,Staff,IT,Quality,76.31,1,1,4,85.0,89.7764705882353,2,0.026673087600289542,0.10540745851399629,0.6627020840062486,0.028339180717058595,0.048666325977906294,0.04657552998331162,0.08163633320118896
71,Eko Sanjaya,M,30,20-30,5,Staff,IT,Technical,78.185,2,2,15,88.0,88.8465909090909,2,0.025469492003190063,0.12317297056677765,0.6574666200345294,0.027544219864807575,0.03721906490871465,0.06419778883680381,0.0649298437851769
71,Eko Sanjaya,M,30,20-30,5,Staff,IT,Time Management,75.4,1,1,1,85.0,88.70588235294119,2,0.040584184817485075,0.2612520099879875,0.44790892442908736,0.036656713511484404,0.05235615549846315,0.07844574025018462,0.08279627150530779
72,Indah Wahyudi,M,28,20-30,5,Staff,Human Resources,Attendance,69.35,1,1,9,95.0,72.99999999999999,0,0.6284965234141221,0.06544083661061721,0.04077223291776825,0.041385555332364765,0.15817687512450151,0.026321441573189167,0.03940653502743701
72,Indah Wahyudi,M,28,20-30,5,Staff,Human Resources,Efficiency,76.24,1,1,2,80.0,95.29999999999998,4,0.06498274702944204,0.04833990281111198,0.08068623631143679,0.23397922748173727,0.28426203277829504,0.06274421997170565,0.22500563361627132
72,Indah Wahyudi,M,28,20-30,5,Staff,Human Resources,Finance,70.15,1,1,3,90.0,77.94444444444446,0,0.9596936810804391,0.008009243328101807,0.003918749880752588,0.002932526753463906,0.020063807177154704,0.002033400143443909,0.0033485916366439703
72,Indah Wahyudi,M,28,20-30,5,Staff,Human Resources,Innovation,80.61,1,1,10,70.0,100.0,6,0.006543089156246997,0.008617392669513451,0.029334721442186178,0.05495061595382463,0.016754031516714552,0.03986043299420672,0.8439397162673075
72,Indah Wahyudi,M,28,20-30,5,Staff,Human Resources,Quality,75.13,1,1,4,85.0,88.38823529411765,2,0.04422047649652719,0.22735931666662393,0.4726624691825788,0.03623437955347557,0.0739849552126653,0.05363452479635512,0.09190387809177414
72,Indah Wahyudi,M,28,20-30,5,Staff,Human Resources,Teamwork,70.29,1,1,11,85.0,82.69411764705883,1,0.00040589649625276907,0.9978976171018025,0.0006995748504596985,0.00015158609814455,0.000373120241147341,0.0001960735375531497,0.0002761316746402026
72,Indah Wahyudi,M,28,20-30,5,Staff,Human Resources,Technical,89.16,1,1,15,88.0,100.0,5,0.013748599331199172,0.02514379437945728,0.09362532598213559,0.04457595948846275,0.022824139673706365,0.7192682559447223,0.08081392520031655
73,Oky Wibowo,F,44,40-50,13,Senior Manager,Human Resources,Efficiency,84.98,3,2,2,80.0,100.0,3,0.007417642630789671,0.0068433126729500315,0.01476037825677125,0.8789416643715944,0.0193804794893144,0.023268714251808015,0.04938780832677238
73,Oky Wibowo,F,44,40-50,13,Senior Manager,Human Resources,Finance,89.625,2,2,3,90.0,99.58333333333333,3,0.01659755223593833,0.016936897347352056,0.039644025613081564,0.6986350335169409,0.03795653103512305,0.08837120430668609,0.10185875594487792
73,Oky Wibowo,F,44,40-50,13,Senior Manager,Human Resources,HR,81.47999999999999,2,2,7,90.0,90.53333333333332,4,0.056675826872378314,0.05516461383389061,0.12592308515734027,0.21429597470089704,0.24483586878017083,0.08575272102854922,0.21735190962677375
73,Oky Wibowo,F,44,40-50,13,Senior Manager,Human Resources,Quality,88.24000000000001,2,1,4,85.0,100.0,5,0.001290050396799232,0.0021069873562910486,0.008595547443998404,0.006361179501660967,0.0024155017927687925,0.9671763480174275,0.01205438549105412
73,Oky Wibowo,F,44,40-50,13,Senior Manager,Human Resources,Teamwork,96.83,1,1,11,85.0,100.0,5,0.03184162981640494,0.04722988976462999,0.12152408513126255,0.1196184761984651,0.051609985988503054,0.4987618537470176,0.1294140793537168
73,Oky Wibowo,F,44,40-50,13,Senior Manager,Human Resources,Time Management,90.13499999999999,2,2,1,85.0,100.0,5,0.023557284080244573,0.044058610502254875,0.14385763909560106,0.0661107293129742,0.037056918817570644,0.5736074036707453,0.11175141452060944
74,Agus Hidayat,M,29,20-30,4,Staff,Marketing,Attendance,71.16,1,1,9,95.0,74.90526315789474,0,0.6202952897048027,0.0577501581161126,0.038126061126965004,0.04117253370428636,0.18001821590307965,0.02470202030958024,0.0379357211351733
74,Agus Hidayat,M,29,20-30,4,Staff,Marketing,Efficiency,66.31,1,1,2,80.0,82.8875,0,0.5337743695362792,0.072529190791088,0.042873572465077045,0.0367927139293778,0.24682011209882368,0.023371799800869116,0.04383824137848518
74,Agus Hidayat,M,29,20-30,4,Staff,Marketing,HR,71.09,1,1,7,90.0,78.9888888888889,0,0.6843804705690147,0.07542193806835297,0.03267302239561239,0.020655565125564813,0.14604923223501978,0.01532670334744547,0.025493068258989872
74,Agus Hidayat,M,29,20-30,4,Staff,Marketing,Performance,71.47,1,1,8,80.0,89.3375,1,0.10260643166223844,0.22064968720116845,0.20441817718939037,0.06019047976059714,0.2137187268460153,0.0568154235296692,0.14160107381092113
74,Agus Hidayat,M,29,20-30,4,Staff,Marketing,Project,68.88,1,1,13,75.0,91.84,1,0.08644991974360043,0.2522649456169413,0.23786045241726617,0.05969030791734598,0.13865808489107725,0.06703147575864207,0.1580448136551267
74,Agus Hidayat,M,29,20-30,4,Staff,Marketing,Teamwork,73.0,2,2,11,85.0,85.88235294117646,1,0.0375767355196545,0.644898101588708,0.17229464567580144,0.021545672695492388,0.04616563822152257,0.03182375590937282,0.04569545038944848
75,Marco Santoso,F,22,20-30,1,Staff,Quality Assurance,Attendance,65.88,1,1,9,95.0,69.34736842105264,0,0.5492961240597591,0.09488921831317504,0.05549820625991896,0.05202825466064109,0.1605360692383389,0.03608111647978792,0.05167101098837899
75,Marco Santoso,F,22,20-30,1,Staff,Quality Assurance,Development,84.34,1,1,6,85.0,99.2235294117647,3,0.015986037966678756,0.013220404248238189,0.02543065160969377,0.7944178996450502,0.042836868255246505,0.03505493403938928,0.07305320423570331
75,Marco Santoso,F,22,20-30,1,Staff,Quality Assurance,Efficiency,69.95,1,1,2,80.0,87.4375,4,0.17235723079432902,0.055426716971053926,0.046224138387864384,0.04825066335091997,0.594306143571333,0.025576865663050407,0.057858241261449124
75,Marco Santoso,F,22,20-30,1,Staff,Quality Assurance,HR,68.5075,4,4,7,90.0,76.11944444444444,0,0.8026787509759831,0.059810811638369495,0.022737420776823173,0.014494381367173795,0.07137306002631953,0.011304414866626797,0.017601160348704157
75,Marco Santoso,F,22,20-30,1,Staff,Quality Assurance,Innovation,73.695,2,2,10,70.0,100.0,6,0.03740062459075521,0.05097958110770151,0.12225852651127961,0.1018708076458552,0.09007275011671907,0.08140912968439183,0.5160085803432976
75,Marco Santoso,F,22,20-30,1,Staff,Quality Assurance,Performance,79.49,1,1,8,80.0,99.36249999999998,6,0.0015319668824282566,0.0023682543294704793,0.010333361579669043,0.007657255566275394,0.0036826506654751125,0.010695073483590301,0.9637314374930914
75,Marco Santoso,F,22,20-30,1,Staff,Quality Assurance,Project,65.77,1,1,13,75.0,87.69333333333333,1,0.1250064503333055,0.41971662207938304,0.1401562680095811,0.0453003481101732,0.1327288289610578,0.04730768197717546,0.08978380052932394
75,Marco Santoso,F,22,20-30,1,Staff,Quality Assurance,Quality,76.62,1,1,4,85.0,90.14117647058823,2,0.022125377672548963,0.08251381140656364,0.7112177588353099,0.025159720035696585,0.0410996026875652,0.0427139856576996,0.07516974370461617
75,Marco Santoso,F,22,20-30,1,Staff,Quality Assurance,Teamwork,80.15,1,1,11,85.0,94.29411764705884,2,0.008319273529963781,0.02267204916904046,0.8105670469715058,0.01679150973925981,0.015069168238426666,0.06513494634417862,0.06144600600762467
75,Marco Santoso,F,22,20-30,1,Staff,Quality Assurance,Technical,72.83,1,1,15,88.0,82.76136363636364,1,0.029811980492886147,0.7916599191104682,0.08450199935735993,0.014759521200855665,0.030120108250209447,0.022017262559843768,0.027129209028376913
75,Marco Santoso,F,22,20-30,1,Staff,Quality Assurance,Time Management,83.39,1,1,1,85.0,98.10588235294118,5,0.02446729459227825,0.058026749942891205,0.29629886611003364,0.05454806493906012,0.038805648694870784,0.3916563702904505,0.1361970054304155
76,Wawan Pratama,M,32,30-40,7,Manager,Design,HR,84.64,1,1,7,90.0,94.04444444444445,3,0.027983537076344833,0.029764737432474084,0.08208090194460518,0.4460949754651622,0.08579671739679173,0.10244115099407652,0.22583797969054545
76,Wawan Pratama,M,32,30-40,7,Manager,Design,Performance,84.71,1,1,8,80.0,100.0,6,0.01442637497771689,0.020635195112226726,0.0822140351879254,0.12787878384979084,0.03238780091923263,0.31901201441053806,0.4034457955425693
76,Wawan Pratama,M,32,30-40,7,Manager,Design,Quality,66.46000000000001,2,2,4,85.0,78.18823529411766,1,0.12809058278937266,0.6406054527260555,0.06857267963053401,0.0250029036220887,0.07235666071149846,0.026964937927064152,0.03840678259338644
76,Wawan Pratama,M,32,30-40,7,Manager,Design,Technical,68.26,1,1,15,88.0,77.56818181818183,1,0.07286229412278003,0.7152066979648655,0.07379682241267711,0.022642658618362524,0.05148632640145495,0.028376632796267114,0.03562856768359301
76,Wawan Pratama,M,32,30-40,7,Manager,Design,Time Management,65.77,1,1,1,85.0,77.37647058823529,1,0.09728274506446591,0.5999728347435473,0.1033939840478561,0.03362473946534279,0.06981761923131916,0.04309586294109227,0.0528122145063764
77,Joko Nugroho,F,31,30-40,6,Senior Staff,Finance,Attendance,80.81,2,2,9,95.0,85.06315789473685,4,0.13741423246456141,0.053067493676845524,0.06149571138515712,0.15156237679749932,0.4624964325764447,0.049222261951112824,0.084741491148379
77,Joko Nugroho,F,31,30-40,6,Senior Staff,Finance,Development,80.19,1,1,6,85.0,94.34117647058824,3,0.05434455203107392,0.036456420193536766,0.060659006364379334,0.4226044469999664,0.21913462376678663,0.05765548936921264,0.14914546127504422
77,Joko Nugroho,F,31,30-40,6,Senior Staff,Finance,HR,83.36666666666667,3,3,7,90.0,92.62962962962965,3,0.038191494076421695,0.039539319615931524,0.10433265874586177,0.3392241700685059,0.1320427823264197,0.09996658603501302,0.24670298913184652
77,Joko Nugroho,F,31,30-40,6,Senior Staff,Finance,Project,78.17,1,1,13,75.0,100.0,6,0.013711849631027739,0.024670389512008114,0.1240590973236691,0.047124727507374724,0.02930181170535021,0.10004489723333729,0.6610872270872328
77,Joko Nugroho,F,31,30-40,6,Senior Staff,Finance,Quality,82.10666666666667,3,3,4,85.0,96.59607843137255,2,0.015539048932414637,0.03173862274291711,0.3215407872499938,0.0506812742575388,0.0313627866807137,0.3025627436323971,0.24657473650402492
77,Joko Nugroho,F,31,30-40,6,Senior Staff,Finance,Teamwork,77.95,1,1,11,85.0,91.70588235294117,2,0.0021067045143605963,0.00764724690116826,0.9671449331068518,0.0029481731886373355,0.0036247295716566996,0.0072505119580732,0.00927770075925226
78,Nanda Hartono,M,37,30-40,8,Manager,Quality Assurance,Efficiency,84.0,1,1,2,80.0,100.0,3,0.010426898705428445,0.009566506984681861,0.020549484520552663,0.8278370130014037,0.02798683290394731,0.0306473482391224,0.07298591564486355
78,Nanda Hartono,M,37,30-40,8,Manager,Quality Assurance,HR,82.72,1,1,7,90.0,91.91111111111111,3,0.04423470417155631,0.044991515780380915,0.11428959155362366,0.2916537451812662,0.16400703574626646,0.09651858692467968,0.24430482064222667
78,Nanda Hartono,M,37,30-40,8,Manager,Quality Assurance,Performance,81.22,2,2,8,80.0,100.0,6,0.005675715276866398,0.00851275546482548,0.03642478822276018,0.03607589835869943,0.01329571037619419,0.059497923703498844,0.8405172085971554
78,Nanda Hartono,M,37,30-40,8,Manager,Quality Assurance,Quality,80.08000000000001,2,2,4,85.0,94.21176470588236,2,0.01151572085973199,0.02749255198362139,0.7070895472429123,0.026722318197264585,0.023425222861477663,0.0813938304190351,0.12236080843595679
78,Nanda Hartono,M,37,30-40,8,Manager,Quality Assurance,Technical,88.54,1,1,15,88.0,100.0,5,0.01300466574174992,0.02415403416234229,0.09350713831897967,0.041734811181638576,0.021666830780728914,0.7265684704989287,0.07936404931563194
79,Prima Utama,M,24,20-30,3,Staff,Design,Innovation,71.41,1,1,10,70.0,100.0,6,0.054532769815262463,0.07430434507420294,0.1483210001968782,0.11043732659915159,0.12149360079565343,0.09064674203158854,0.4002642154872628
79,Prima Utama,M,24,20-30,3,Staff,Design,Performance,78.805,2,2,8,80.0,98.50625000000001,6,0.002268510216256312,0.003579662682738618,0.016105131037891598,0.009900882212031921,0.005595113819645733,0.012894283581995455,0.9496564164494403
79,Prima Utama,M,24,20-30,3,Staff,Design,Project,74.37,2,2,13,75.0,99.16,6,0.030097109782107247,0.058481982824376284,0.21826992333766285,0.06642390564932005,0.06191416073812432,0.10029270597036025,0.4645202116980489
79,Prima Utama,M,24,20-30,3,Staff,Design,Quality,72.205,2,2,4,85.0,84.94705882352942,1,0.04468991600493009,0.7084973232925159,0.10995566752891706,0.01965529417439361,0.05339973831359349,0.024575143727545858,0.03922691695810388
79,Prima Utama,M,24,20-30,3,Staff,Design,Teamwork,66.2,1,1,11,85.0,77.88235294117646,1,0.09717265486986781,0.6831554653074817,0.06997988517418102,0.023930321952114905,0.0608741605567,0.02759266560011614,0.037294846539538504
80,Yuli Hartono,F,26,20-30,5,Staff,Quality Assurance,HR,85.09,1,1,7,90.0,94.54444444444445,3,0.025043478241528642,0.026838950333741698,0.07455266542102068,0.48500570777551677,0.07395162601622608,0.10229375293251979,0.2123138192794463
80,Yuli Hartono,F,26,20-30,5,Staff,Quality Assurance,Quality,71.31,1,1,4,85.0,83.89411764705882,1,0.031365247927879446,0.833104189566629,0.05505006324560721,0.01159777771971578,0.03297522135988123,0.014008845661525497,0.021898654518761784
80,Yuli Hartono,F,26,20-30,5,Staff,Quality Assurance,Teamwork,67.94,1,1,11,85.0,79.92941176470588,1,0.03839427013169446,0.8549606493104047,0.03718570898836556,0.010840773544456332,0.027710069911432354,0.013010806439948406,0.017897721673698415
80,Yuli Hartono,F,26,20-30,5,Staff,Quality Assurance,Time Management,73.66,1,1,1,85.0,86.65882352941176,1,0.04664380307385989,0.4455346412429337,0.28674398559116876,0.033752868905046626,0.05460240938005688,0.06226348294737759,0.07045880885955666
81,Putri Wibowo,M,36,30-40,9,Manager,Design,HR,86.38499999999999,2,2,7,90.0,95.98333333333333,3,0.019109785488230887,0.020834371285184193,0.058007407425783065,0.5751835037261677,0.05125887907023019,0.10340495224090551,0.17220110076349837
81,Putri Wibowo,M,36,30-40,9,Manager,Design,Project,89.39,1,1,13,75.0,100.0,5,0.009755457616309835,0.014348811973940449,0.051222829171759285,0.064890191947948,0.01904841049697178,0.7503237601191632,0.0904105386739075
81,Putri Wibowo,M,36,30-40,9,Manager,Design,Quality,87.9,1,1,4,85.0,100.0,5,0.0008263074917144945,0.001359201841920997,0.0056764033797467835,0.004053152903997304,0.0015531487770249976,0.9784794946856398,0.008052290919955792
81,Putri Wibowo,M,36,30-40,9,Manager,Design,Teamwork,87.64,2,2,11,85.0,100.0,5,0.0036350130625369525,0.0064892625162119985,0.0279842731713477,0.013930635364696704,0.006446221315683473,0.912304100088935,0.029210494480588243
82,Budi Lestari,F,33,30-40,8,Manager,Operations,Attendance,80.495,2,2,9,95.0,84.73157894736842,4,0.1425886840219277,0.05292643463079961,0.06009243273424587,0.14134545136535726,0.4740478616487478,0.04742148121361533,0.08157765438530647
82,Budi Lestari,F,33,30-40,8,Manager,Operations,Development,82.85,1,1,6,85.0,97.47058823529412,3,0.02300555323666323,0.017928936957263577,0.03334865249063362,0.7213473248150701,0.06932100603246669,0.04039035933729225,0.09465816713061051
82,Budi Lestari,F,33,30-40,8,Manager,Operations,Innovation,69.41,1,1,10,70.0,99.15714285714286,6,0.07133652033139731,0.09690193501658083,0.1614295128424777,0.10874560090289671,0.14858856295150824,0.09022581839717295,0.32277204955796623
82,Budi Lestari,F,33,30-40,8,Manager,Operations,Project,75.86,1,1,13,75.0,100.0,6,0.022393892132391114,0.04165257293167453,0.1745597819150876,0.06039839438791887,0.04667931904995114,0.10223258261246884,0.5520834569705079
82,Budi Lestari,F,33,30-40,8,Manager,Operations,Quality,81.77666666666667,3,3,4,85.0,96.20784313725491,2,0.015765695040583172,0.03291820252347756,0.3745408232307614,0.04892537462272657,0.03191763909695795,0.2550173543674402,0.24091491111805302
82,Budi Lestari,F,33,30-40,8,Manager,Operations,Technical,85.39,1,1,15,88.0,97.0340909090909,5,0.01679199540789669,0.03631255770369424,0.2088456896073334,0.04479837363343376,0.028294662277436086,0.5573906562797163,0.10756606509048953
82,Budi Lestari,F,33,30-40,8,Manager,Operations,Time Management,77.03,1,1,1,85.0,90.62352941176471,2,0.03099379697279984,0.1474264100732916,0.5722876835467727,0.034527899609115155,0.04305293066995498,0.08806574815956732,0.08364553096849846
83,Zahra Wahyudi,F,29,20-30,6,Senior Staff,Procurement,Efficiency,82.63499999999999,2,1,2,80.0,100.0,3,0.017022536435180723,0.015492868172120033,0.032909077997632895,0.7166624265483122,0.0472874918981608,0.045232845437939186,0.12539275351065424
83,Zahra Wahyudi,F,29,20-30,6,Senior Staff,Procurement,Finance,72.74,2,2,3,90.0,80.82222222222221,0,0.49749308268937,0.05474473815182049,0.0332901025077936,0.026637616298837468,0.3409000992418019,0.016891513796283286,0.030042847314093162
83,Zahra Wahyudi,F,29,20-30,6,Senior Staff,Procurement,HR,72.62,1,1,7,90.0,80.68888888888888,0,0.45672202235080755,0.09855504414696183,0.05029310394886249,0.03208005946523855,0.2994970019784774,0.02290362751186559,0.039949140597786544
83,Zahra Wahyudi,F,29,20-30,6,Senior Staff,Procurement,Performance,67.35,1,1,8,80.0,84.18749999999999,1,0.20323700819786203,0.3838469586887222,0.10116351594800506,0.03969411131621579,0.1680907708999673,0.03661058339231751,0.06735705155691006
83,Zahra Wahyudi,F,29,20-30,6,Senior Staff,Procurement,Quality,75.1,2,2,4,85.0,88.35294117647058,2,0.04461761968272523,0.2311790555994915,0.467948012675783,0.03631932672231189,0.07445613047879242,0.05363576252547658,0.09184409231541925
84,Fitri Hartono,M,23,20-30,5,Staff,Operations,Development,69.86,1,1,6,85.0,82.18823529411765,0,0.4819025341445628,0.04889054907316321,0.034270072814589485,0.036879829329876684,0.3401818079495977,0.020334403884777284,0.03754080280343291
84,Fitri Hartono,M,23,20-30,5,Staff,Operations,Efficiency,77.545,2,2,2,80.0,96.93125,3,0.051471071803461534,0.04148133860340674,0.07596628685034157,0.3171494850671353,0.1909389723226889,0.06748740467306893,0.2555054406798969
84,Fitri Hartono,M,23,20-30,5,Staff,Operations,HR,67.99,1,1,7,90.0,75.54444444444444,0,0.784258247802802,0.06700390469536774,0.025255924386264932,0.01615851391082661,0.0750577696110469,0.012706469765644898,0.019559169828047052
84,Fitri Hartono,M,23,20-30,5,Staff,Operations,Innovation,71.55,1,1,10,70.0,100.0,6,0.05349549313905116,0.07290788274036084,0.1472005132355643,0.11017926758802878,0.11983194560918521,0.09029936883728419,0.40608552885052557
84,Fitri Hartono,M,23,20-30,5,Staff,Operations,Performance,78.745,2,2,8,80.0,98.43125,6,0.002509612315834536,0.003967546375853922,0.017885634855430394,0.01081512120002946,0.006203453861351944,0.01400345674642244,0.9446151746450774
84,Fitri Hartono,M,23,20-30,5,Staff,Operations,Project,68.63,1,1,13,75.0,91.50666666666666,1,0.08963517257335087,0.26688932633977847,0.22904136679841894,0.058573933792588566,0.1399834889834828,0.06527540845808846,0.15060130305429187
84,Fitri Hartono,M,23,20-30,5,Staff,Operations,Quality,79.535,2,2,4,85.0,93.57058823529412,2,0.00890038385136477,0.022384264960766998,0.8017109093739943,0.01861605473540336,0.01803990601970442,0.04988546475820537,0.08046301630056084
84,Fitri Hartono,M,23,20-30,5,Staff,Operations,Technical,82.59,1,1,15,88.0,93.85227272727273,2,0.019559637537028114,0.05232999174593918,0.5458530870133241,0.03904004128590936,0.032419087338200814,0.20756475223864151,0.10323340284095706
84,Fitri Hartono,M,23,20-30,5,Staff,Operations,Time Management,67.86500000000001,2,2,1,85.0,79.84117647058825,1,0.06186389641547433,0.6995692539774339,0.09023555706689618,0.024456322886376575,0.04968590388285414,0.03338825077212425,0.04080081499884075
85,Kevin Sanjaya,M,30,20-30,4,Staff,Finance,Attendance,71.17,1,1,9,95.0,74.91578947368421,0,0.6200751957383879,0.05772962632184906,0.038126717418055726,0.041189400315377024,0.1802323361100753,0.02470340609966058,0.03794331799659422
85,Kevin Sanjaya,M,30,20-30,4,Staff,Finance,Development,85.42,1,1,6,85.0,100.0,3,0.015411115713341186,0.013076029818424423,0.025442649093252726,0.7981598150644656,0.039056412171962235,0.0376308649038281,0.07122311323472581
85,Kevin Sanjaya,M,30,20-30,4,Staff,Finance,Finance,66.89,1,1,3,90.0,74.32222222222222,0,0.8267363817883346,0.046155864714251565,0.020269895883554254,0.014740341024963135,0.06420880555282324,0.011036006872299747,0.01685270416377348
85,Kevin Sanjaya,M,30,20-30,4,Staff,Finance,HR,84.74,1,1,7,90.0,94.15555555555555,3,0.027296398502845015,0.029084839432600772,0.08036259848573715,0.4548291249119652,0.08297727809333355,0.10243532868670163,0.22301443188681674
85,Kevin Sanjaya,M,30,20-30,4,Staff,Finance,Innovation,85.28,1,1,10,70.0,100.0,6,0.017374588770727232,0.022042223253629454,0.07280503212792265,0.2701021773834921,0.041199484897344874,0.20670203623548056,0.36977445733140313
85,Kevin Sanjaya,M,30,20-30,4,Staff,Finance,Project,72.07,1,1,13,75.0,96.09333333333332,6,0.04861019958398279,0.1095102849500497,0.2932379283951411,0.06777601317254706,0.09653072723942338,0.08743542852217023,0.29689941813668574
85,Kevin Sanjaya,M,30,20-30,4,Staff,Finance,Quality,72.37,3,2,4,85.0,85.14117647058823,1,0.04692913663496726,0.6809889537306788,0.12345902968463172,0.02133645115816478,0.05736685145449841,0.026865976617042795,0.04305360072001626
85,Kevin Sanjaya,M,30,20-30,4,Staff,Finance,Teamwork,69.195,2,2,11,85.0,81.40588235294116,1,0.00797853933721308,0.9649956310622776,0.01023072689198157,0.0025824359171614662,0.006519765002486871,0.0032143591840573926,0.004478542604822287
85,Kevin Sanjaya,M,30,20-30,4,Staff,Finance,Technical,73.97,2,2,15,88.0,84.05681818181819,1,0.039279094822926526,0.6536499111446886,0.16087701412383296,0.02268944685717834,0.0435880453486685,0.03613868674654531,0.043777800956159664
86,Oky Purnama,F,28,20-30,1,Staff,Human Resources,Development,72.48333333333333,3,3,6,85.0,85.27450980392156,4,0.15301787152991567,0.033638258150364655,0.02928944964967615,0.03867063389559662,0.6906504246842632,0.018019875156073298,0.0367134869341104
86,Oky Purnama,F,28,20-30,1,Staff,Human Resources,Efficiency,70.43,1,1,2,80.0,88.03750000000001,4,0.1444915276859753,0.05137847766191347,0.04531057562746474,0.049270716286386726,0.6252549008117121,0.025298625486577693,0.05899517643996986
86,Oky Purnama,F,28,20-30,1,Staff,Human Resources,HR,81.09,1,1,7,90.0,90.1,4,0.06056980821325231,0.05795036617686795,0.1266752566252389,0.19316363794376717,0.27597307983718267,0.08134164678316141,0.20432620442052965
86,Oky Purnama,F,28,20-30,1,Staff,Human Resources,Innovation,70.9,1,1,10,70.0,100.0,6,0.058290811236284934,0.07933929947337524,0.1519505758574801,0.11117121470004188,0.12724333313902497,0.09173580611038389,0.380268959483409
86,Oky Purnama,F,28,20-30,1,Staff,Human Resources,Performance,68.88999999999999,2,2,8,80.0,86.11249999999998,1,0.15964171174216066,0.346210077608372,0.12800587445877598,0.04533705057557414,0.19441547317533864,0.04200768574609462,0.08438212669368401
86,Oky Purnama,F,28,20-30,1,Staff,Human Resources,Quality,89.73,1,1,4,85.0,100.0,5,0.0051762731329196635,0.008203265587700665,0.030320504264962005,0.02582130606221131,0.009521381327657466,0.8802954799631535,0.04066178966139535
86,Oky Purnama,F,28,20-30,1,Staff,Human Resources,Teamwork,86.41,1,1,11,85.0,100.0,5,0.004334155892830355,0.007974810281555519,0.03764950946885513,0.016097900262203958,0.007752629017481345,0.8874189219065424,0.03877207317053137
87,Kevin Saputra,M,30,20-30,6,Senior Staff,Operations,Attendance,74.66,1,1,9,95.0,78.58947368421053,0,0.4227018963437465,0.05835526056824947,0.045466342310421994,0.05883876801943103,0.33514682073622815,0.030378857365971988,0.04911205465595077
87,Kevin Saputra,M,30,20-30,6,Senior Staff,Operations,Development,73.845,2,2,6,85.0,86.87647058823529,4,0.08457463379512921,0.025434178578195247,0.02516352295234623,0.03878419863223076,0.7753237968055388,0.016071862805833392,0.03464780643072638
87,Kevin Saputra,M,30,20-30,6,Senior Staff,Operations,HR,70.565,2,2,7,90.0,78.40555555555555,0,0.7426123337698926,0.06584131418949361,0.02739288641439659,0.01731537040431427,0.11254045513673311,0.012996719399760848,0.021300920685409026
87,Kevin Saputra,M,30,20-30,6,Senior Staff,Operations,Innovation,80.67,1,1,10,70.0,100.0,6,0.006662015963117129,0.008770082120521775,0.02988046231871096,0.05652747207685508,0.017049069132679805,0.04098122089978381,0.8401296774883314
87,Kevin Saputra,M,30,20-30,6,Senior Staff,Operations,Performance,73.39,1,1,8,80.0,91.7375,2,0.06827092146977139,0.134568779199187,0.26215643927521665,0.0704221709803928,0.17422263965188686,0.0685256678611039,0.22183338156244153
87,Kevin Saputra,M,30,20-30,6,Senior Staff,Operations,Quality,81.77,1,1,4,85.0,96.2,2,0.015766953985875562,0.03293586703438363,0.37566628769695815,0.048878918167208865,0.03192197390165322,0.2541088453126218,0.24072115390129895
87,Kevin Saputra,M,30,20-30,6,Senior Staff,Operations,Teamwork,82.28,1,1,11,85.0,96.8,2,0.01603004251710841,0.03614340332924598,0.3731687291438008,0.04354944649607215,0.02937435270059334,0.34183609991394825,0.1598979258992312
88,Hani Anggraini,F,31,30-40,3,Staff,IT,Attendance,75.765,2,2,9,95.0,79.75263157894737,4,0.33834302420399875,0.057650596394349475,0.047953022766602134,0.06719890221311775,0.402598531162128,0.032644653597663824,0.05361126966214006
88,Hani Anggraini,F,31,30-40,3,Staff,IT,Efficiency,72.02,1,1,2,80.0,90.025,4,0.09665996400061024,0.04566520594345049,0.04877355460115273,0.06293114879422941,0.643071725747031,0.028542531176207527,0.0743558697373187
88,Hani Anggraini,F,31,30-40,3,Staff,IT,Finance,73.945,2,2,3,90.0,82.1611111111111,4,0.24989360036252645,0.0495646613661678,0.03477162825845382,0.029398050657468214,0.5859878874479304,0.017649776060148177,0.03273439584730493
88,Hani Anggraini,F,31,30-40,3,Staff,IT,Innovation,84.84,1,1,10,70.0,100.0,6,0.016834516180145982,0.021434328541174743,0.07147712957110093,0.25348052673645866,0.04029350568649999,0.19081565812676918,0.4056643351578505
88,Hani Anggraini,F,31,30-40,3,Staff,IT,Project,79.02,2,2,13,75.0,100.0,6,0.012043547748181633,0.021364413335224212,0.1115856543156141,0.0451867758937449,0.025844341153274435,0.10708490245778862,0.6768903650961721
88,Hani Anggraini,F,31,30-40,3,Staff,IT,Quality,69.28333333333335,3,3,4,85.0,81.50980392156865,1,0.031407813882946896,0.8826033702566264,0.02959416568509464,0.0082753532597152,0.024597583576458765,0.009418791878875607,0.014102921460282452
88,Hani Anggraini,F,31,30-40,3,Staff,IT,Technical,86.48,1,1,15,88.0,98.27272727272727,5,0.013827130081187631,0.02806607150519635,0.13618188734034722,0.040136707967883156,0.023263797036410037,0.6689043625105215,0.08962004355845413
88,Hani Anggraini,F,31,30-40,3,Staff,IT,Time Management,79.37,1,1,1,85.0,93.37647058823529,2,0.02450694990622989,0.08387853612831687,0.594852696212487,0.036426798172233606,0.03670217996411179,0.12872756356684065,0.09490527604978022
89,Dewi Hartono,M,27,20-30,2,Staff,Legal,Attendance,65.47,1,1,9,95.0,68.91578947368421,0,0.53776357784229,0.09870989276651915,0.057502385551153515,0.053539632135313917,0.16167171876850128,0.03744578693817976,0.05336700599804255
89,Dewi Hartono,M,27,20-30,2,Staff,Legal,Efficiency,78.28,1,1,2,80.0,97.85,3,0.044422037466502196,0.03714596109622443,0.07086780016702743,0.36796063802838996,0.15197929211547787,0.0682526045322099,0.2593716665941684
89,Dewi Hartono,M,27,20-30,2,Staff,Legal,Finance,66.95,1,1,3,90.0,74.38888888888889,0,0.831790854231442,0.04467866921418717,0.019634765836226597,0.0142813245095874,0.06260565675603094,0.01067997220670279,0.016328757245823135
89,Dewi Hartono,M,27,20-30,2,Staff,Legal,HR,72.74000000000001,2,1,7,90.0,80.82222222222224,0,0.4381390849878493,0.0992205808907751,0.051437070443394205,0.03285542780451084,0.31402903463540677,0.023377848347416904,0.04094095289064691
89,Dewi Hartono,M,27,20-30,2,Staff,Legal,Quality,81.24,1,1,4,85.0,95.57647058823528,2,0.015414446604889378,0.03344379526965785,0.47186894635474125,0.04389637488345039,0.03132184981917269,0.18797724939091237,0.21607733767717602
89,Dewi Hartono,M,27,20-30,2,Staff,Legal,Technical,68.39,1,1,15,88.0,77.7159090909091,1,0.06975824020338045,0.724455285448452,0.07213216704988738,0.021877856371373537,0.04971106532262641,0.027515471146663868,0.034549914457616245
90,Dewi Saputra,F,28,20-30,5,Staff,Finance,Efficiency,68.79,1,1,2,80.0,85.98750000000001,4,0.2690587037782825,0.06614326599080222,0.048573860329970416,0.046715703684886124,0.48695187447419697,0.02651026912744842,0.0560463226144134
90,Dewi Saputra,F,28,20-30,5,Staff,Finance,Innovation,70.82,1,1,10,70.0,100.0,6,0.0588771976678889,0.08012119841564513,0.1524586493373506,0.111259700789227,0.1281021601280678,0.09188359521908941,0.3772974984427312
90,Dewi Saputra,F,28,20-30,5,Staff,Finance,Performance,87.17,1,1,8,80.0,100.0,5,0.015604676328704497,0.021601853097706382,0.07786481447397892,0.15185961717093735,0.03354491571053172,0.47104991623305226,0.2284742069850889
90,Dewi Saputra,F,28,20-30,5,Staff,Finance,Quality,76.07333333333334,3,3,4,85.0,89.49803921568628,2,0.030280017723467563,0.12542824906909547,0.6246545857198638,0.030540824723305545,0.054423860566221866,0.049039290963620356,0.08563317123442535
90,Dewi Saputra,F,28,20-30,5,Staff,Finance,Teamwork,72.03666666666666,3,3,11,85.0,84.74901960784312,1,0.023001402899295066,0.8310003406530577,0.07110697424288315,0.011212940798224137,0.025588766994987307,0.01568265830981287,0.022406916101739758
91,Oky Maharani,F,37,30-40,9,Manager,Research & Development,Attendance,75.14,1,1,9,95.0,79.09473684210526,0,0.38532983613574967,0.058234976315854003,0.04665003476838762,0.06239695243310199,0.36486210537312874,0.031404148146218426,0.051121946827559675
91,Oky Maharani,F,37,30-40,9,Manager,Research & Development,HR,82.12,2,2,7,90.0,91.24444444444444,3,0.05018634042354047,0.05006175087386327,0.12145792124435884,0.2521221791696602,0.19972171890938284,0.09196569575243611,0.2344843936267583
91,Oky Maharani,F,37,30-40,9,Manager,Research & Development,Quality,86.14,3,3,4,85.0,100.0,5,0.0019329088398885184,0.0033027578512905553,0.01562546100633485,0.009075769752130994,0.003700023903011074,0.9426620361598547,0.02370104248748938
91,Oky Maharani,F,37,30-40,9,Manager,Research & Development,Time Management,72.21,1,1,1,85.0,84.95294117647057,1,0.04475765212276793,0.6049913851426172,0.17671379369409682,0.027159045107838356,0.047792119475523975,0.04537927761918432,0.05320672683797148
92,Umar Sulistyo,M,28,20-30,6,Senior Staff,Research & Development,Attendance,88.84,1,1,9,95.0,93.51578947368421,3,0.04752845729087401,0.03396258369901447,0.05655821664293169,0.5681196819332465,0.11552587753335507,0.07319453435093054,0.10511064854964779
92,Umar Sulistyo,M,28,20-30,6,Senior Staff,Research & Development,Development,84.605,2,2,6,85.0,99.53529411764706,3,0.015815582845880118,0.013199677067425461,0.025496136195063242,0.7949190358866851,0.04160844256069729,0.03591028445757575,0.07305084098667301
92,Umar Sulistyo,M,28,20-30,6,Senior Staff,Research & Development,Efficiency,80.63,1,1,2,80.0,100.0,3,0.028426509606071123,0.025554118925937445,0.05272746236944178,0.5339057678649543,0.08217616202858855,0.06405210027012997,0.21315787893487692
92,Umar Sulistyo,M,28,20-30,6,Senior Staff,Research & Development,Finance,81.64,1,1,3,90.0,90.71111111111111,4,0.05798503061614347,0.04621499043110656,0.0893690928790592,0.27750351353972336,0.28592225883996725,0.07037075868757513,0.17263435500642504
92,Umar Sulistyo,M,28,20-30,6,Senior Staff,Research & Development,HR,83.11500000000001,2,2,7,90.0,92.35,3,0.04048634161767445,0.04164230982058616,0.10841514452867376,0.32008082970013063,0.1437267805417358,0.0988073887115602,0.24684120507963891
92,Umar Sulistyo,M,28,20-30,6,Senior Staff,Research & Development,Performance,80.03,2,2,8,80.0,100.0,6,0.003106211047448258,0.004731767483978918,0.020045413975301032,0.01703599663373051,0.007322497853766213,0.025213040185272942,0.9225450728205022
92,Umar Sulistyo,M,28,20-30,6,Senior Staff,Research & Development,Project,77.855,2,2,13,75.0,100.0,6,0.014570290869646186,0.026346847786783773,0.13008453776902681,0.048454428015539945,0.031067460457276944,0.0991650805594268,0.6503113545422996
92,Umar Sulistyo,M,28,20-30,6,Senior Staff,Research & Development,Quality,65.19,1,1,4,85.0,76.69411764705882,1,0.17503654054293988,0.5406617962399922,0.0805385166441164,0.0320825551601503,0.09013387726674392,0.03401526821197442,0.04753144593408273
93,Fajar Wijaya,M,40,30-40,9,Senior Manager,Marketing,Attendance,86.68,1,1,9,95.0,91.2421052631579,3,0.0636789046457598,0.04085628191955838,0.0639562403969389,0.4733796695660082,0.17266596248792834,0.07213436535788428,0.11332857562592216
93,Fajar Wijaya,M,40,30-40,9,Senior Manager,Marketing,HR,82.4375,4,4,7,90.0,91.59722222222223,3,0.04700627043781413,0.04739324416567606,0.11796971641105977,0.2725128888142651,0.1800572351203456,0.09453404999218111,0.2405265950586582
93,Fajar Wijaya,M,40,30-40,9,Senior Manager,Marketing,Innovation,92.31,1,1,10,70.0,100.0,5,0.026736455646225468,0.03214226227620797,0.08538568880815219,0.3065529221672402,0.05387749030855059,0.3266450345853347,0.1686601462082888
93,Fajar Wijaya,M,40,30-40,9,Senior Manager,Marketing,Project,83.6,1,1,13,75.0,100.0,5,0.012124499405989255,0.019770029829023823,0.09789781108701147,0.06804002681601827,0.025593419371582195,0.42922189076285594,0.347352322727519
93,Fajar Wijaya,M,40,30-40,9,Senior Manager,Marketing,Teamwork,93.7,1,1,11,85.0,100.0,5,0.0211801790412479,0.03318391445789291,0.098416053599908,0.08332498688158678,0.035482536765855735,0.6235014956554552,0.10491083359805334
93,Fajar Wijaya,M,40,30-40,9,Senior Manager,Marketing,Technical,94.02,1,1,15,88.0,100.0,5,0.02587681066278035,0.04242398062564141,0.12121373863293264,0.08602335884538284,0.04147479276044379,0.5687560540094166,0.11423126446340237
93,Fajar Wijaya,M,40,30-40,9,Senior Manager,Marketing,Time Management,89.87,2,2,1,85.0,100.0,5,0.023215674778453967,0.04370585474830376,0.1446047749343041,0.06491841961426165,0.03656148037238986,0.5755791544925144,0.11141464105977228
94,Oky Wahyudi,M,29,20-30,6,Senior Staff,Operations,Finance,71.44,1,1,3,90.0,79.37777777777778,0,0.7883660776883129,0.03317170958686995,0.01779824416689436,0.01367469888590433,0.1223342275581917,0.009106120453974343,0.015548921659852314
94,Oky Wahyudi,M,29,20-30,6,Senior Staff,Operations,HR,73.19,2,2,7,90.0,81.32222222222222,0,0.3709075675635925,0.09975033817073348,0.055059300992338404,0.035392865079277976,0.3698342879502392,0.024851905705271633,0.04420373453854684
94,Oky Wahyudi,M,29,20-30,6,Senior Staff,Operations,Performance,79.1,1,1,8,80.0,98.87499999999999,6,0.0015024034296598425,0.0023494322140059517,0.010449143122627014,0.006966369258790023,0.0036651409602505352,0.009342668179511796,0.9657248428351549
94,Oky Wahyudi,M,29,20-30,6,Senior Staff,Operations,Quality,78.935,2,2,4,85.0,92.86470588235294,2,0.006800793001833185,0.01822777033488352,0.8679728849029269,0.012628822185241775,0.013677670584830348,0.02995174236109596,0.05074031662918823
94,Oky Wahyudi,M,29,20-30,6,Senior Staff,Operations,Teamwork,70.08,1,1,11,85.0,82.44705882352942,1,0.00025735932477220666,0.9987123914515063,0.00041747771057023484,9.336316221763407e-05,0.00023120473586505047,0.00011981038083221677,0.00016839323423626526
94,Oky Wahyudi,M,29,20-30,6,Senior Staff,Operations,Technical,78.59,1,1,15,88.0,89.30681818181819,2,0.022250067546380495,0.0998328516625403,0.6949843250228054,0.02557337274567716,0.03311609743652655,0.06283587740701135,0.06140740817905889
94,Oky Wahyudi,M,29,20-30,6,Senior Staff,Operations,Time Management,79.3,1,1,1,85.0,93.29411764705883,2,0.024533218694766323,0.0846714770846268,0.597453424082461,0.03616709022465459,0.036677519724854654,0.12639954026478709,0.09409772992384946
95,Oscar Hartono,F,27,20-30,5,Staff,Research & Development,Attendance,68.17,1,1,9,95.0,71.7578947368421,0,0.6091341034153761,0.07413597320932756,0.04491449791230423,0.0441550961944177,0.15588348020036308,0.029016536034695097,0.04276031303351629
95,Oscar Hartono,F,27,20-30,5,Staff,Research & Development,Efficiency,81.99,1,1,2,80.0,100.0,3,0.020642269759265797,0.018713907258356352,0.03944769596576437,0.6566811376235738,0.05817763154792134,0.05211431093562418,0.15422304690949415
95,Oscar Hartono,F,27,20-30,5,Staff,Research & Development,Finance,75.34,1,1,3,90.0,83.71111111111111,4,0.08649658864242933,0.027606801095962637,0.023435039335531437,0.02173746583411878,0.8050369620752407,0.012070856849979704,0.02361628616673726
95,Oscar Hartono,F,27,20-30,5,Staff,Research & Development,Innovation,76.72,1,1,10,70.0,100.0,6,0.01586273050029949,0.021413097469093458,0.06325045280437194,0.06841247637317581,0.040567238773960144,0.05238903724554322,0.738104966833556
95,Oscar Hartono,F,27,20-30,5,Staff,Research & Development,Performance,83.82,1,1,8,80.0,100.0,6,0.013188956030935648,0.019095514508204924,0.07831756978313248,0.10950168509195897,0.03001341877575995,0.24441295225914086,0.5054699035508673
95,Oscar Hartono,F,27,20-30,5,Staff,Research & Development,Project,72.32499999999999,2,2,13,75.0,96.43333333333332,6,0.04614556529729648,0.10206729062587742,0.28952948832624836,0.06791366161640511,0.09235604655334596,0.08893277979757021,0.3130551677832565
95,Oscar Hartono,F,27,20-30,5,Staff,Research & Development,Quality,66.52,1,1,4,85.0,78.25882352941177,1,0.1257066933439644,0.645883846311116,0.0678786388872777,0.024637048189204355,0.0713848101085459,0.02659419842082587,0.037914764739065916
95,Oscar Hartono,F,27,20-30,5,Staff,Research & Development,Time Management,83.6,1,1,1,85.0,98.3529411764706,5,0.024235486766650757,0.05665698209281442,0.281890567095432,0.05494984872047607,0.03848041563101999,0.40782955265902693,0.1359571470345798
96,Sari Saputra,M,28,20-30,6,Senior Staff,Human Resources,Attendance,67.09,1,1,9,95.0,70.62105263157895,0,0.5827551111446438,0.0836107593534269,0.04967581251567764,0.047652189870473094,0.15738987529531354,0.0321661473777798,0.046750104442685264
96,Sari Saputra,M,28,20-30,6,Senior Staff,Human Resources,HR,68.34,1,1,7,90.0,75.93333333333334,0,0.7976751334943688,0.061851622929418246,0.023436272621959985,0.014956750402281423,0.07223971857703812,0.011696784869565354,0.018143717105367975
96,Sari Saputra,M,28,20-30,6,Senior Staff,Human Resources,Innovation,73.3,1,1,10,70.0,100.0,6,0.04037917808579104,0.05506409923858824,0.1280287441890539,0.10415531560784848,0.09611851123551199,0.08364976934365767,0.4926043822995486
96,Sari Saputra,M,28,20-30,6,Senior Staff,Human Resources,Performance,74.07,1,1,8,80.0,92.58749999999999,2,0.05774014324702262,0.11011153605291049,0.2707252067998203,0.07266792585572765,0.15218373001289034,0.07188058119999151,0.26469087683163706
96,Sari Saputra,M,28,20-30,6,Senior Staff,Human Resources,Quality,79.62,1,1,4,85.0,93.67058823529412,2,0.009293072149256138,0.023174981165009483,0.7887241681090517,0.019760375243931854,0.018850254036530806,0.05395850658004779,0.08623864271617224
96,Sari Saputra,M,28,20-30,6,Senior Staff,Human Resources,Technical,70.48,1,1,15,88.0,80.0909090909091,1,0.03092629019720945,0.8488965576262224,0.047611431819004076,0.011633865382103023,0.025697164204442347,0.015642135759247857,0.019592555011770776
96,Sari Saputra,M,28,20-30,6,Senior Staff,Human Resources,Time Management,79.06,1,1,1,85.0,93.01176470588236,2,0.024686071043895513,0.08772527292330085,0.6049065952203405,0.03537221269924809,0.03667777321905041,0.11908096813036566,0.09155110676379917
97,Erik Anggraini,F,37,30-40,10,Manager,Legal,Attendance,91.27,1,1,9,95.0,96.07368421052631,3,0.04242250654958736,0.033172539355840525,0.05752972164415519,0.5802450318162046,0.09290866849056388,0.0852559006539369,0.10846563148971153
97,Erik Anggraini,F,37,30-40,10,Manager,Legal,Development,84.21,1,1,6,85.0,99.07058823529412,3,0.01618111183924537,0.013319886533399945,0.0255651837770555,0.7928091182896755,0.04376317886335402,0.03486331195542173,0.07349820874184806
97,Erik Anggraini,F,37,30-40,10,Manager,Legal,Efficiency,86.63,1,1,2,80.0,100.0,3,0.006845163934597042,0.006371022460873711,0.013746011873524337,0.891152406877794,0.017051027663302562,0.0235781194876567,0.041256247702251794
97,Erik Anggraini,F,37,30-40,10,Manager,Legal,Finance,83.92,1,1,3,90.0,93.24444444444444,3,0.03098804342908329,0.027718211097627243,0.062091761519260956,0.5462102905818468,0.10937528029680992,0.06741993167868712,0.15619648139668477
97,Erik Anggraini,F,37,30-40,10,Manager,Legal,HR,88.42,2,2,7,90.0,98.24444444444444,3,0.018195296997888296,0.02017873265075751,0.05431818496915532,0.5782779025588289,0.04319778824417209,0.13426343250067463,0.15156866207852313
97,Erik Anggraini,F,37,30-40,10,Manager,Legal,Performance,84.33,1,1,8,80.0,100.0,6,0.013991739965173642,0.020117253425841954,0.08120232316442574,0.12084038372155506,0.03159981481164318,0.28764201609081297,0.44460646882054755
97,Erik Anggraini,F,37,30-40,10,Manager,Legal,Project,74.59,1,1,13,75.0,99.45333333333333,6,0.02880118236026178,0.055288665578828985,0.20869487585166055,0.06614072864983025,0.059247152105977315,0.10162397824083937,0.4802034172126016
97,Erik Anggraini,F,37,30-40,10,Manager,Legal,Quality,83.13,2,2,4,85.0,97.8,5,0.013031733593423465,0.025028590934663728,0.18815797072208293,0.04879022935882236,0.025975448913432477,0.4832717379777251,0.21574428849984992
98,Fajar Maharani,F,28,20-30,1,Staff,IT,Attendance,77.65,2,1,9,95.0,81.73684210526316,4,0.2250348728985928,0.05433373766672443,0.05101888521748173,0.08460789238890902,0.48758025002162425,0.036320063860336906,0.0611042979463309
98,Fajar Maharani,F,28,20-30,1,Staff,IT,Efficiency,78.37,1,1,2,80.0,97.9625,3,0.04361605725999602,0.03662427986102783,0.07018505611719233,0.37429510931418847,0.14783367102098716,0.06827884877748357,0.2591669776491247
98,Fajar Maharani,F,28,20-30,1,Staff,IT,HR,82.88,1,1,7,90.0,92.08888888888889,3,0.042696612031336297,0.0436306448233632,0.11200103524251144,0.30293089662054656,0.1554968308068581,0.09751450887166875,0.2457294716037156
98,Fajar Maharani,F,28,20-30,1,Staff,IT,Project,71.21,1,1,13,75.0,94.94666666666666,2,0.057679251205894885,0.13871937322977798,0.29499896464798897,0.06676537490073446,0.11055073493183785,0.08227174770548733,0.24901455337827852
98,Fajar Maharani,F,28,20-30,1,Staff,IT,Quality,71.00999999999999,2,2,4,85.0,83.54117647058823,1,0.02753453293893177,0.8621867562886173,0.04354541082346486,0.009633185789485209,0.027701738442276518,0.011516715518662858,0.017881660198561525
98,Fajar Maharani,F,28,20-30,1,Staff,IT,Technical,71.12,2,2,15,88.0,80.81818181818181,1,0.025781313871723728,0.8630625671066747,0.04602249694772588,0.010381650195872186,0.022567608593369974,0.01430883759088942,0.01787552569374423
98,Fajar Maharani,F,28,20-30,1,Staff,IT,Time Management,77.09,2,2,1,85.0,90.69411764705882,2,0.030679322070307682,0.14449501032652742,0.5755571833368541,0.03444008064386306,0.0427177403866734,0.08847868795550798,0.0836319752802662
99,Marco Sulistyo,M,26,20-30,4,Staff,IT,Development,66.82,1,1,6,85.0,78.61176470588234,0,0.7377754594917227,0.043304302630525655,0.025536220636042658,0.02400233066516384,0.12887627130766413,0.01510694187444361,0.02539847339443747
99,Marco Sulistyo,M,26,20-30,4,Staff,IT,HR,71.16,1,1,7,90.0,79.06666666666666,0,0.6754667994871082,0.0767789795267213,0.03346056861744298,0.021155797530483633,0.15134325506900922,0.015672892185960394,0.026121707583274364
99,Marco Sulistyo,M,26,20-30,4,Staff,IT,Innovation,77.44,1,1,10,70.0,100.0,6,0.01177399208515734,0.01583456327558501,0.048615946701510905,0.057213493145686634,0.03030325920451396,0.04333430375169448,0.7929244418358516
99,Marco Sulistyo,M,26,20-30,4,Staff,IT,Quality,78.62666666666667,3,3,4,85.0,92.50196078431372,2,0.006469932338115937,0.017969722498498267,0.8824655628994118,0.011283295422805354,0.012937682487723806,0.025302772084894037,0.043571032268550906
99,Marco Sulistyo,M,26,20-30,4,Staff,IT,Teamwork,74.99,1,1,11,85.0,88.2235294117647,2,0.037006555791422334,0.2629704715488042,0.4895747861338149,0.03027884304382331,0.05414399282054548,0.051887672254251636,0.07413767840733816
100,Erik Hartono,F,24,20-30,4,Staff,Finance,Development,73.015,2,1,6,85.0,85.9,4,0.11725669514064982,0.029361399866588093,0.026854388673406088,0.03748703038622075,0.7374588103185298,0.016735441835656457,0.034846233778949
100,Erik Hartono,F,24,20-30,4,Staff,Finance,Efficiency,69.05,2,2,2,80.0,86.3125,4,0.24403447069662412,0.06389037535760879,0.04822024239826123,0.047145447999128176,0.5137623255742998,0.026374737916930666,0.056572400057147365
100,Erik Hartono,F,24,20-30,4,Staff,Finance,HR,86.9,1,1,7,90.0,96.55555555555556,3,0.01794828220580803,0.01967186506568247,0.054489936148408094,0.593451894432364,0.04653921680190239,0.10681714342193276,0.16108166192390225
100,Erik Hartono,F,24,20-30,4,Staff,Finance,Performance,76.09,1,1,8,80.0,95.1125,6,0.030344868455233386,0.052824655161225226,0.21105247029157692,0.06777018941444814,0.08100661683358162,0.07233037067530977,0.4846708291686251
100,Erik Hartono,F,24,20-30,4,Staff,Finance,Quality,67.00333333333333,3,3,4,85.0,78.82745098039216,1,0.10629942714167584,0.6898382605195542,0.06183913707068978,0.02160307271691037,0.06316303880944762,0.023496065557147623,0.03376099818457437
100,Erik Hartono,F,24,20-30,4,Staff,Finance,Technical,80.16000000000001,3,2,15,88.0,91.09090909090911,2,0.015551364919856583,0.05464159211806541,0.7548724162255731,0.022495979143907337,0.024508860775075265,0.07048328264888548,0.05744650416863694
100,Erik Hartono,F,24,20-30,4,Staff,Finance,Time Management,66.21,1,1,1,85.0,77.8941176470588,1,0.08922827064945621,0.6220241585829255,0.10056103202638994,0.03158931022945329,0.0654195040155501,0.04097244198566962,0.05020528251055554
